[2026-05-12T14:06:33.977+0000] {processor.py:161} INFO - Started process (PID=65) to work on /opt/airflow/dags/dag_1.py
[2026-05-12T14:06:33.989+0000] {processor.py:830} INFO - Processing file /opt/airflow/dags/dag_1.py for tasks to queue
[2026-05-12T14:06:34.003+0000] {logging_mixin.py:188} INFO - [2026-05-12T14:06:34.003+0000] {dagbag.py:540} INFO - Filling up the DagBag from /opt/airflow/dags/dag_1.py
[2026-05-12T14:06:34.216+0000] {processor.py:840} INFO - DAG(s) 'first_dag' retrieved from /opt/airflow/dags/dag_1.py
[2026-05-12T14:06:35.005+0000] {logging_mixin.py:188} INFO - [2026-05-12T14:06:35.005+0000] {override.py:1769} INFO - Created Permission View: can read on DAG:first_dag
[2026-05-12T14:06:35.039+0000] {logging_mixin.py:188} INFO - [2026-05-12T14:06:35.039+0000] {override.py:1769} INFO - Created Permission View: can edit on DAG:first_dag
[2026-05-12T14:06:35.055+0000] {logging_mixin.py:188} INFO - [2026-05-12T14:06:35.055+0000] {override.py:1769} INFO - Created Permission View: can delete on DAG:first_dag
[2026-05-12T14:06:35.056+0000] {logging_mixin.py:188} INFO - [2026-05-12T14:06:35.056+0000] {dag.py:3047} INFO - Sync 1 DAGs
[2026-05-12T14:06:35.087+0000] {logging_mixin.py:188} INFO - [2026-05-12T14:06:35.087+0000] {dag.py:3069} INFO - Creating ORM DAG for first_dag
[2026-05-12T14:06:35.122+0000] {logging_mixin.py:188} INFO - [2026-05-12T14:06:35.121+0000] {dag.py:3834} INFO - Setting next_dagrun for first_dag to 2026-04-01 00:00:00+00:00, run_after=2026-04-02 00:00:00+00:00
[2026-05-12T14:06:35.162+0000] {processor.py:183} INFO - Processing /opt/airflow/dags/dag_1.py took 1.214 seconds
[2026-05-12T14:07:05.488+0000] {processor.py:161} INFO - Started process (PID=72) to work on /opt/airflow/dags/dag_1.py
[2026-05-12T14:07:05.491+0000] {processor.py:830} INFO - Processing file /opt/airflow/dags/dag_1.py for tasks to queue
[2026-05-12T14:07:05.493+0000] {logging_mixin.py:188} INFO - [2026-05-12T14:07:05.493+0000] {dagbag.py:540} INFO - Filling up the DagBag from /opt/airflow/dags/dag_1.py
[2026-05-12T14:07:05.511+0000] {processor.py:840} INFO - DAG(s) 'first_dag' retrieved from /opt/airflow/dags/dag_1.py
[2026-05-12T14:07:05.577+0000] {logging_mixin.py:188} INFO - [2026-05-12T14:07:05.576+0000] {dag.py:3047} INFO - Sync 1 DAGs
[2026-05-12T14:07:05.597+0000] {logging_mixin.py:188} INFO - [2026-05-12T14:07:05.597+0000] {dag.py:3834} INFO - Setting next_dagrun for first_dag to 2026-04-01 00:00:00+00:00, run_after=2026-04-02 00:00:00+00:00
[2026-05-12T14:07:05.613+0000] {processor.py:183} INFO - Processing /opt/airflow/dags/dag_1.py took 0.129 seconds
[2026-05-12T14:07:35.679+0000] {processor.py:161} INFO - Started process (PID=79) to work on /opt/airflow/dags/dag_1.py
[2026-05-12T14:07:35.680+0000] {processor.py:830} INFO - Processing file /opt/airflow/dags/dag_1.py for tasks to queue
[2026-05-12T14:07:35.681+0000] {logging_mixin.py:188} INFO - [2026-05-12T14:07:35.681+0000] {dagbag.py:540} INFO - Filling up the DagBag from /opt/airflow/dags/dag_1.py
[2026-05-12T14:07:35.692+0000] {processor.py:840} INFO - DAG(s) 'first_dag' retrieved from /opt/airflow/dags/dag_1.py
[2026-05-12T14:07:35.718+0000] {logging_mixin.py:188} INFO - [2026-05-12T14:07:35.718+0000] {dag.py:3047} INFO - Sync 1 DAGs
[2026-05-12T14:07:35.738+0000] {logging_mixin.py:188} INFO - [2026-05-12T14:07:35.738+0000] {dag.py:3834} INFO - Setting next_dagrun for first_dag to 2026-04-01 00:00:00+00:00, run_after=2026-04-02 00:00:00+00:00
[2026-05-12T14:07:35.752+0000] {processor.py:183} INFO - Processing /opt/airflow/dags/dag_1.py took 0.077 seconds
[2026-05-12T14:08:05.877+0000] {processor.py:161} INFO - Started process (PID=86) to work on /opt/airflow/dags/dag_1.py
[2026-05-12T14:08:05.878+0000] {processor.py:830} INFO - Processing file /opt/airflow/dags/dag_1.py for tasks to queue
[2026-05-12T14:08:05.880+0000] {logging_mixin.py:188} INFO - [2026-05-12T14:08:05.879+0000] {dagbag.py:540} INFO - Filling up the DagBag from /opt/airflow/dags/dag_1.py
[2026-05-12T14:08:05.890+0000] {processor.py:840} INFO - DAG(s) 'first_dag' retrieved from /opt/airflow/dags/dag_1.py
[2026-05-12T14:08:05.931+0000] {logging_mixin.py:188} INFO - [2026-05-12T14:08:05.928+0000] {dag.py:3047} INFO - Sync 1 DAGs
[2026-05-12T14:08:05.967+0000] {logging_mixin.py:188} INFO - [2026-05-12T14:08:05.967+0000] {dag.py:3834} INFO - Setting next_dagrun for first_dag to 2026-04-01 00:00:00+00:00, run_after=2026-04-02 00:00:00+00:00
[2026-05-12T14:08:05.982+0000] {processor.py:183} INFO - Processing /opt/airflow/dags/dag_1.py took 0.109 seconds
[2026-05-12T14:08:36.036+0000] {processor.py:161} INFO - Started process (PID=92) to work on /opt/airflow/dags/dag_1.py
[2026-05-12T14:08:36.036+0000] {processor.py:830} INFO - Processing file /opt/airflow/dags/dag_1.py for tasks to queue
[2026-05-12T14:08:36.038+0000] {logging_mixin.py:188} INFO - [2026-05-12T14:08:36.038+0000] {dagbag.py:540} INFO - Filling up the DagBag from /opt/airflow/dags/dag_1.py
[2026-05-12T14:08:36.050+0000] {processor.py:840} INFO - DAG(s) 'first_dag' retrieved from /opt/airflow/dags/dag_1.py
[2026-05-12T14:08:36.076+0000] {logging_mixin.py:188} INFO - [2026-05-12T14:08:36.075+0000] {dag.py:3047} INFO - Sync 1 DAGs
[2026-05-12T14:08:36.096+0000] {logging_mixin.py:188} INFO - [2026-05-12T14:08:36.096+0000] {dag.py:3834} INFO - Setting next_dagrun for first_dag to 2026-04-01 00:00:00+00:00, run_after=2026-04-02 00:00:00+00:00
[2026-05-12T14:08:36.113+0000] {processor.py:183} INFO - Processing /opt/airflow/dags/dag_1.py took 0.081 seconds
[2026-05-12T14:09:06.260+0000] {processor.py:161} INFO - Started process (PID=99) to work on /opt/airflow/dags/dag_1.py
[2026-05-12T14:09:06.261+0000] {processor.py:830} INFO - Processing file /opt/airflow/dags/dag_1.py for tasks to queue
[2026-05-12T14:09:06.263+0000] {logging_mixin.py:188} INFO - [2026-05-12T14:09:06.263+0000] {dagbag.py:540} INFO - Filling up the DagBag from /opt/airflow/dags/dag_1.py
[2026-05-12T14:09:06.274+0000] {processor.py:840} INFO - DAG(s) 'first_dag' retrieved from /opt/airflow/dags/dag_1.py
[2026-05-12T14:09:06.297+0000] {logging_mixin.py:188} INFO - [2026-05-12T14:09:06.297+0000] {dag.py:3047} INFO - Sync 1 DAGs
[2026-05-12T14:09:06.315+0000] {logging_mixin.py:188} INFO - [2026-05-12T14:09:06.315+0000] {dag.py:3834} INFO - Setting next_dagrun for first_dag to 2026-04-01 00:00:00+00:00, run_after=2026-04-02 00:00:00+00:00
[2026-05-12T14:09:06.330+0000] {processor.py:183} INFO - Processing /opt/airflow/dags/dag_1.py took 0.074 seconds
[2026-05-12T14:09:36.424+0000] {processor.py:161} INFO - Started process (PID=106) to work on /opt/airflow/dags/dag_1.py
[2026-05-12T14:09:36.425+0000] {processor.py:830} INFO - Processing file /opt/airflow/dags/dag_1.py for tasks to queue
[2026-05-12T14:09:36.427+0000] {logging_mixin.py:188} INFO - [2026-05-12T14:09:36.426+0000] {dagbag.py:540} INFO - Filling up the DagBag from /opt/airflow/dags/dag_1.py
[2026-05-12T14:09:36.437+0000] {processor.py:840} INFO - DAG(s) 'first_dag' retrieved from /opt/airflow/dags/dag_1.py
[2026-05-12T14:09:36.463+0000] {logging_mixin.py:188} INFO - [2026-05-12T14:09:36.463+0000] {dag.py:3047} INFO - Sync 1 DAGs
[2026-05-12T14:09:36.489+0000] {logging_mixin.py:188} INFO - [2026-05-12T14:09:36.489+0000] {dag.py:3834} INFO - Setting next_dagrun for first_dag to 2026-04-01 00:00:00+00:00, run_after=2026-04-02 00:00:00+00:00
[2026-05-12T14:09:36.505+0000] {processor.py:183} INFO - Processing /opt/airflow/dags/dag_1.py took 0.085 seconds
[2026-05-12T14:10:06.611+0000] {processor.py:161} INFO - Started process (PID=113) to work on /opt/airflow/dags/dag_1.py
[2026-05-12T14:10:06.612+0000] {processor.py:830} INFO - Processing file /opt/airflow/dags/dag_1.py for tasks to queue
[2026-05-12T14:10:06.614+0000] {logging_mixin.py:188} INFO - [2026-05-12T14:10:06.613+0000] {dagbag.py:540} INFO - Filling up the DagBag from /opt/airflow/dags/dag_1.py
[2026-05-12T14:10:06.626+0000] {processor.py:840} INFO - DAG(s) 'first_dag' retrieved from /opt/airflow/dags/dag_1.py
[2026-05-12T14:10:06.649+0000] {logging_mixin.py:188} INFO - [2026-05-12T14:10:06.649+0000] {dag.py:3047} INFO - Sync 1 DAGs
[2026-05-12T14:10:06.669+0000] {logging_mixin.py:188} INFO - [2026-05-12T14:10:06.668+0000] {dag.py:3834} INFO - Setting next_dagrun for first_dag to 2026-04-01 00:00:00+00:00, run_after=2026-04-02 00:00:00+00:00
[2026-05-12T14:10:06.683+0000] {processor.py:183} INFO - Processing /opt/airflow/dags/dag_1.py took 0.076 seconds
[2026-05-12T14:10:36.855+0000] {processor.py:161} INFO - Started process (PID=120) to work on /opt/airflow/dags/dag_1.py
[2026-05-12T14:10:36.861+0000] {processor.py:830} INFO - Processing file /opt/airflow/dags/dag_1.py for tasks to queue
[2026-05-12T14:10:36.865+0000] {logging_mixin.py:188} INFO - [2026-05-12T14:10:36.865+0000] {dagbag.py:540} INFO - Filling up the DagBag from /opt/airflow/dags/dag_1.py
[2026-05-12T14:10:36.908+0000] {processor.py:840} INFO - DAG(s) 'first_dag' retrieved from /opt/airflow/dags/dag_1.py
[2026-05-12T14:10:37.000+0000] {logging_mixin.py:188} INFO - [2026-05-12T14:10:36.997+0000] {dag.py:3047} INFO - Sync 1 DAGs
[2026-05-12T14:10:37.060+0000] {logging_mixin.py:188} INFO - [2026-05-12T14:10:37.057+0000] {dag.py:3834} INFO - Setting next_dagrun for first_dag to 2026-04-01 00:00:00+00:00, run_after=2026-04-02 00:00:00+00:00
[2026-05-12T14:10:37.114+0000] {processor.py:183} INFO - Processing /opt/airflow/dags/dag_1.py took 0.268 seconds
[2026-05-12T14:11:07.299+0000] {processor.py:161} INFO - Started process (PID=127) to work on /opt/airflow/dags/dag_1.py
[2026-05-12T14:11:07.301+0000] {processor.py:830} INFO - Processing file /opt/airflow/dags/dag_1.py for tasks to queue
[2026-05-12T14:11:07.304+0000] {logging_mixin.py:188} INFO - [2026-05-12T14:11:07.304+0000] {dagbag.py:540} INFO - Filling up the DagBag from /opt/airflow/dags/dag_1.py
[2026-05-12T14:11:07.321+0000] {processor.py:840} INFO - DAG(s) 'first_dag' retrieved from /opt/airflow/dags/dag_1.py
[2026-05-12T14:11:07.366+0000] {logging_mixin.py:188} INFO - [2026-05-12T14:11:07.366+0000] {dag.py:3047} INFO - Sync 1 DAGs
[2026-05-12T14:11:07.406+0000] {logging_mixin.py:188} INFO - [2026-05-12T14:11:07.406+0000] {dag.py:3834} INFO - Setting next_dagrun for first_dag to 2026-04-01 00:00:00+00:00, run_after=2026-04-02 00:00:00+00:00
[2026-05-12T14:11:07.426+0000] {processor.py:183} INFO - Processing /opt/airflow/dags/dag_1.py took 0.133 seconds
[2026-05-12T14:11:37.574+0000] {processor.py:161} INFO - Started process (PID=134) to work on /opt/airflow/dags/dag_1.py
[2026-05-12T14:11:37.575+0000] {processor.py:830} INFO - Processing file /opt/airflow/dags/dag_1.py for tasks to queue
[2026-05-12T14:11:37.578+0000] {logging_mixin.py:188} INFO - [2026-05-12T14:11:37.577+0000] {dagbag.py:540} INFO - Filling up the DagBag from /opt/airflow/dags/dag_1.py
[2026-05-12T14:11:37.589+0000] {processor.py:840} INFO - DAG(s) 'first_dag' retrieved from /opt/airflow/dags/dag_1.py
[2026-05-12T14:11:37.613+0000] {logging_mixin.py:188} INFO - [2026-05-12T14:11:37.613+0000] {dag.py:3047} INFO - Sync 1 DAGs
[2026-05-12T14:11:37.632+0000] {logging_mixin.py:188} INFO - [2026-05-12T14:11:37.632+0000] {dag.py:3834} INFO - Setting next_dagrun for first_dag to 2026-04-01 00:00:00+00:00, run_after=2026-04-02 00:00:00+00:00
[2026-05-12T14:11:37.647+0000] {processor.py:183} INFO - Processing /opt/airflow/dags/dag_1.py took 0.076 seconds
[2026-05-12T14:12:07.715+0000] {processor.py:161} INFO - Started process (PID=141) to work on /opt/airflow/dags/dag_1.py
[2026-05-12T14:12:07.716+0000] {processor.py:830} INFO - Processing file /opt/airflow/dags/dag_1.py for tasks to queue
[2026-05-12T14:12:07.718+0000] {logging_mixin.py:188} INFO - [2026-05-12T14:12:07.718+0000] {dagbag.py:540} INFO - Filling up the DagBag from /opt/airflow/dags/dag_1.py
[2026-05-12T14:12:07.730+0000] {processor.py:840} INFO - DAG(s) 'first_dag' retrieved from /opt/airflow/dags/dag_1.py
[2026-05-12T14:12:07.755+0000] {logging_mixin.py:188} INFO - [2026-05-12T14:12:07.755+0000] {dag.py:3047} INFO - Sync 1 DAGs
[2026-05-12T14:12:07.776+0000] {logging_mixin.py:188} INFO - [2026-05-12T14:12:07.775+0000] {dag.py:3834} INFO - Setting next_dagrun for first_dag to 2026-04-01 00:00:00+00:00, run_after=2026-04-02 00:00:00+00:00
[2026-05-12T14:12:07.791+0000] {processor.py:183} INFO - Processing /opt/airflow/dags/dag_1.py took 0.079 seconds
[2026-05-12T14:12:37.936+0000] {processor.py:161} INFO - Started process (PID=148) to work on /opt/airflow/dags/dag_1.py
[2026-05-12T14:12:37.937+0000] {processor.py:830} INFO - Processing file /opt/airflow/dags/dag_1.py for tasks to queue
[2026-05-12T14:12:37.939+0000] {logging_mixin.py:188} INFO - [2026-05-12T14:12:37.938+0000] {dagbag.py:540} INFO - Filling up the DagBag from /opt/airflow/dags/dag_1.py
[2026-05-12T14:12:37.949+0000] {processor.py:840} INFO - DAG(s) 'first_dag' retrieved from /opt/airflow/dags/dag_1.py
[2026-05-12T14:12:37.980+0000] {logging_mixin.py:188} INFO - [2026-05-12T14:12:37.979+0000] {dag.py:3047} INFO - Sync 1 DAGs
[2026-05-12T14:12:38.011+0000] {logging_mixin.py:188} INFO - [2026-05-12T14:12:38.010+0000] {dag.py:3834} INFO - Setting next_dagrun for first_dag to 2026-04-01 00:00:00+00:00, run_after=2026-04-02 00:00:00+00:00
[2026-05-12T14:12:38.036+0000] {processor.py:183} INFO - Processing /opt/airflow/dags/dag_1.py took 0.104 seconds
[2026-05-12T14:13:08.086+0000] {processor.py:161} INFO - Started process (PID=155) to work on /opt/airflow/dags/dag_1.py
[2026-05-12T14:13:08.087+0000] {processor.py:830} INFO - Processing file /opt/airflow/dags/dag_1.py for tasks to queue
[2026-05-12T14:13:08.089+0000] {logging_mixin.py:188} INFO - [2026-05-12T14:13:08.089+0000] {dagbag.py:540} INFO - Filling up the DagBag from /opt/airflow/dags/dag_1.py
[2026-05-12T14:13:08.100+0000] {processor.py:840} INFO - DAG(s) 'first_dag' retrieved from /opt/airflow/dags/dag_1.py
[2026-05-12T14:13:08.127+0000] {logging_mixin.py:188} INFO - [2026-05-12T14:13:08.127+0000] {dag.py:3047} INFO - Sync 1 DAGs
[2026-05-12T14:13:08.147+0000] {logging_mixin.py:188} INFO - [2026-05-12T14:13:08.147+0000] {dag.py:3834} INFO - Setting next_dagrun for first_dag to 2026-04-01 00:00:00+00:00, run_after=2026-04-02 00:00:00+00:00
[2026-05-12T14:13:08.165+0000] {processor.py:183} INFO - Processing /opt/airflow/dags/dag_1.py took 0.082 seconds
[2026-05-12T14:13:38.268+0000] {processor.py:161} INFO - Started process (PID=162) to work on /opt/airflow/dags/dag_1.py
[2026-05-12T14:13:38.269+0000] {processor.py:830} INFO - Processing file /opt/airflow/dags/dag_1.py for tasks to queue
[2026-05-12T14:13:38.271+0000] {logging_mixin.py:188} INFO - [2026-05-12T14:13:38.271+0000] {dagbag.py:540} INFO - Filling up the DagBag from /opt/airflow/dags/dag_1.py
[2026-05-12T14:13:38.282+0000] {processor.py:840} INFO - DAG(s) 'first_dag' retrieved from /opt/airflow/dags/dag_1.py
[2026-05-12T14:13:38.310+0000] {logging_mixin.py:188} INFO - [2026-05-12T14:13:38.309+0000] {dag.py:3047} INFO - Sync 1 DAGs
[2026-05-12T14:13:38.329+0000] {logging_mixin.py:188} INFO - [2026-05-12T14:13:38.329+0000] {dag.py:3834} INFO - Setting next_dagrun for first_dag to 2026-04-01 00:00:00+00:00, run_after=2026-04-02 00:00:00+00:00
[2026-05-12T14:13:38.344+0000] {processor.py:183} INFO - Processing /opt/airflow/dags/dag_1.py took 0.079 seconds
[2026-05-12T14:14:08.464+0000] {processor.py:161} INFO - Started process (PID=169) to work on /opt/airflow/dags/dag_1.py
[2026-05-12T14:14:08.465+0000] {processor.py:830} INFO - Processing file /opt/airflow/dags/dag_1.py for tasks to queue
[2026-05-12T14:14:08.466+0000] {logging_mixin.py:188} INFO - [2026-05-12T14:14:08.466+0000] {dagbag.py:540} INFO - Filling up the DagBag from /opt/airflow/dags/dag_1.py
[2026-05-12T14:14:08.477+0000] {processor.py:840} INFO - DAG(s) 'first_dag' retrieved from /opt/airflow/dags/dag_1.py
[2026-05-12T14:14:08.501+0000] {logging_mixin.py:188} INFO - [2026-05-12T14:14:08.501+0000] {dag.py:3047} INFO - Sync 1 DAGs
[2026-05-12T14:14:08.525+0000] {logging_mixin.py:188} INFO - [2026-05-12T14:14:08.525+0000] {dag.py:3834} INFO - Setting next_dagrun for first_dag to 2026-04-01 00:00:00+00:00, run_after=2026-04-02 00:00:00+00:00
[2026-05-12T14:14:08.542+0000] {processor.py:183} INFO - Processing /opt/airflow/dags/dag_1.py took 0.082 seconds
[2026-05-12T14:14:38.634+0000] {processor.py:161} INFO - Started process (PID=176) to work on /opt/airflow/dags/dag_1.py
[2026-05-12T14:14:38.635+0000] {processor.py:830} INFO - Processing file /opt/airflow/dags/dag_1.py for tasks to queue
[2026-05-12T14:14:38.637+0000] {logging_mixin.py:188} INFO - [2026-05-12T14:14:38.637+0000] {dagbag.py:540} INFO - Filling up the DagBag from /opt/airflow/dags/dag_1.py
[2026-05-12T14:14:38.648+0000] {processor.py:840} INFO - DAG(s) 'first_dag' retrieved from /opt/airflow/dags/dag_1.py
[2026-05-12T14:14:38.675+0000] {logging_mixin.py:188} INFO - [2026-05-12T14:14:38.674+0000] {dag.py:3047} INFO - Sync 1 DAGs
[2026-05-12T14:14:38.694+0000] {logging_mixin.py:188} INFO - [2026-05-12T14:14:38.693+0000] {dag.py:3834} INFO - Setting next_dagrun for first_dag to 2026-04-01 00:00:00+00:00, run_after=2026-04-02 00:00:00+00:00
[2026-05-12T14:14:38.708+0000] {processor.py:183} INFO - Processing /opt/airflow/dags/dag_1.py took 0.078 seconds
[2026-05-12T14:15:08.820+0000] {processor.py:161} INFO - Started process (PID=183) to work on /opt/airflow/dags/dag_1.py
[2026-05-12T14:15:08.821+0000] {processor.py:830} INFO - Processing file /opt/airflow/dags/dag_1.py for tasks to queue
[2026-05-12T14:15:08.823+0000] {logging_mixin.py:188} INFO - [2026-05-12T14:15:08.823+0000] {dagbag.py:540} INFO - Filling up the DagBag from /opt/airflow/dags/dag_1.py
[2026-05-12T14:15:08.834+0000] {processor.py:840} INFO - DAG(s) 'first_dag' retrieved from /opt/airflow/dags/dag_1.py
[2026-05-12T14:15:08.859+0000] {logging_mixin.py:188} INFO - [2026-05-12T14:15:08.859+0000] {dag.py:3047} INFO - Sync 1 DAGs
[2026-05-12T14:15:08.878+0000] {logging_mixin.py:188} INFO - [2026-05-12T14:15:08.878+0000] {dag.py:3834} INFO - Setting next_dagrun for first_dag to 2026-04-01 00:00:00+00:00, run_after=2026-04-02 00:00:00+00:00
[2026-05-12T14:15:08.893+0000] {processor.py:183} INFO - Processing /opt/airflow/dags/dag_1.py took 0.076 seconds
[2026-05-12T14:15:39.029+0000] {processor.py:161} INFO - Started process (PID=190) to work on /opt/airflow/dags/dag_1.py
[2026-05-12T14:15:39.030+0000] {processor.py:830} INFO - Processing file /opt/airflow/dags/dag_1.py for tasks to queue
[2026-05-12T14:15:39.032+0000] {logging_mixin.py:188} INFO - [2026-05-12T14:15:39.031+0000] {dagbag.py:540} INFO - Filling up the DagBag from /opt/airflow/dags/dag_1.py
[2026-05-12T14:15:39.042+0000] {processor.py:840} INFO - DAG(s) 'first_dag' retrieved from /opt/airflow/dags/dag_1.py
[2026-05-12T14:15:39.066+0000] {logging_mixin.py:188} INFO - [2026-05-12T14:15:39.066+0000] {dag.py:3047} INFO - Sync 1 DAGs
[2026-05-12T14:15:39.086+0000] {logging_mixin.py:188} INFO - [2026-05-12T14:15:39.086+0000] {dag.py:3834} INFO - Setting next_dagrun for first_dag to 2026-04-01 00:00:00+00:00, run_after=2026-04-02 00:00:00+00:00
[2026-05-12T14:15:39.101+0000] {processor.py:183} INFO - Processing /opt/airflow/dags/dag_1.py took 0.076 seconds
[2026-05-12T14:16:09.184+0000] {processor.py:161} INFO - Started process (PID=197) to work on /opt/airflow/dags/dag_1.py
[2026-05-12T14:16:09.186+0000] {processor.py:830} INFO - Processing file /opt/airflow/dags/dag_1.py for tasks to queue
[2026-05-12T14:16:09.188+0000] {logging_mixin.py:188} INFO - [2026-05-12T14:16:09.188+0000] {dagbag.py:540} INFO - Filling up the DagBag from /opt/airflow/dags/dag_1.py
[2026-05-12T14:16:09.216+0000] {processor.py:840} INFO - DAG(s) 'first_dag' retrieved from /opt/airflow/dags/dag_1.py
[2026-05-12T14:16:09.260+0000] {logging_mixin.py:188} INFO - [2026-05-12T14:16:09.259+0000] {dag.py:3047} INFO - Sync 1 DAGs
[2026-05-12T14:16:09.291+0000] {logging_mixin.py:188} INFO - [2026-05-12T14:16:09.290+0000] {dag.py:3834} INFO - Setting next_dagrun for first_dag to 2026-04-01 00:00:00+00:00, run_after=2026-04-02 00:00:00+00:00
[2026-05-12T14:16:09.311+0000] {processor.py:183} INFO - Processing /opt/airflow/dags/dag_1.py took 0.132 seconds
[2026-05-12T14:16:39.399+0000] {processor.py:161} INFO - Started process (PID=203) to work on /opt/airflow/dags/dag_1.py
[2026-05-12T14:16:39.404+0000] {processor.py:830} INFO - Processing file /opt/airflow/dags/dag_1.py for tasks to queue
[2026-05-12T14:16:39.409+0000] {logging_mixin.py:188} INFO - [2026-05-12T14:16:39.409+0000] {dagbag.py:540} INFO - Filling up the DagBag from /opt/airflow/dags/dag_1.py
[2026-05-12T14:16:39.432+0000] {processor.py:840} INFO - DAG(s) 'first_dag' retrieved from /opt/airflow/dags/dag_1.py
[2026-05-12T14:16:39.495+0000] {logging_mixin.py:188} INFO - [2026-05-12T14:16:39.494+0000] {dag.py:3047} INFO - Sync 1 DAGs
[2026-05-12T14:16:39.522+0000] {logging_mixin.py:188} INFO - [2026-05-12T14:16:39.522+0000] {dag.py:3834} INFO - Setting next_dagrun for first_dag to 2026-04-01 00:00:00+00:00, run_after=2026-04-02 00:00:00+00:00
[2026-05-12T14:16:39.541+0000] {processor.py:183} INFO - Processing /opt/airflow/dags/dag_1.py took 0.148 seconds
[2026-05-12T14:17:09.597+0000] {processor.py:161} INFO - Started process (PID=210) to work on /opt/airflow/dags/dag_1.py
[2026-05-12T14:17:09.598+0000] {processor.py:830} INFO - Processing file /opt/airflow/dags/dag_1.py for tasks to queue
[2026-05-12T14:17:09.600+0000] {logging_mixin.py:188} INFO - [2026-05-12T14:17:09.599+0000] {dagbag.py:540} INFO - Filling up the DagBag from /opt/airflow/dags/dag_1.py
[2026-05-12T14:17:09.611+0000] {processor.py:840} INFO - DAG(s) 'first_dag' retrieved from /opt/airflow/dags/dag_1.py
[2026-05-12T14:17:09.635+0000] {logging_mixin.py:188} INFO - [2026-05-12T14:17:09.635+0000] {dag.py:3047} INFO - Sync 1 DAGs
[2026-05-12T14:17:09.654+0000] {logging_mixin.py:188} INFO - [2026-05-12T14:17:09.654+0000] {dag.py:3834} INFO - Setting next_dagrun for first_dag to 2026-04-01 00:00:00+00:00, run_after=2026-04-02 00:00:00+00:00
[2026-05-12T14:17:09.669+0000] {processor.py:183} INFO - Processing /opt/airflow/dags/dag_1.py took 0.076 seconds
[2026-05-12T14:17:39.753+0000] {processor.py:161} INFO - Started process (PID=217) to work on /opt/airflow/dags/dag_1.py
[2026-05-12T14:17:39.754+0000] {processor.py:830} INFO - Processing file /opt/airflow/dags/dag_1.py for tasks to queue
[2026-05-12T14:17:39.756+0000] {logging_mixin.py:188} INFO - [2026-05-12T14:17:39.756+0000] {dagbag.py:540} INFO - Filling up the DagBag from /opt/airflow/dags/dag_1.py
[2026-05-12T14:17:39.771+0000] {processor.py:840} INFO - DAG(s) 'first_dag' retrieved from /opt/airflow/dags/dag_1.py
[2026-05-12T14:17:39.805+0000] {logging_mixin.py:188} INFO - [2026-05-12T14:17:39.804+0000] {dag.py:3047} INFO - Sync 1 DAGs
[2026-05-12T14:17:39.825+0000] {logging_mixin.py:188} INFO - [2026-05-12T14:17:39.825+0000] {dag.py:3834} INFO - Setting next_dagrun for first_dag to 2026-04-01 00:00:00+00:00, run_after=2026-04-02 00:00:00+00:00
[2026-05-12T14:17:39.842+0000] {processor.py:183} INFO - Processing /opt/airflow/dags/dag_1.py took 0.092 seconds
[2026-05-12T14:18:09.958+0000] {processor.py:161} INFO - Started process (PID=224) to work on /opt/airflow/dags/dag_1.py
[2026-05-12T14:18:09.959+0000] {processor.py:830} INFO - Processing file /opt/airflow/dags/dag_1.py for tasks to queue
[2026-05-12T14:18:09.961+0000] {logging_mixin.py:188} INFO - [2026-05-12T14:18:09.961+0000] {dagbag.py:540} INFO - Filling up the DagBag from /opt/airflow/dags/dag_1.py
[2026-05-12T14:18:09.975+0000] {processor.py:840} INFO - DAG(s) 'first_dag' retrieved from /opt/airflow/dags/dag_1.py
[2026-05-12T14:18:10.005+0000] {logging_mixin.py:188} INFO - [2026-05-12T14:18:10.005+0000] {dag.py:3047} INFO - Sync 1 DAGs
[2026-05-12T14:18:10.031+0000] {logging_mixin.py:188} INFO - [2026-05-12T14:18:10.031+0000] {dag.py:3834} INFO - Setting next_dagrun for first_dag to 2026-04-01 00:00:00+00:00, run_after=2026-04-02 00:00:00+00:00
[2026-05-12T14:18:10.051+0000] {processor.py:183} INFO - Processing /opt/airflow/dags/dag_1.py took 0.097 seconds
[2026-05-12T14:18:40.121+0000] {processor.py:161} INFO - Started process (PID=231) to work on /opt/airflow/dags/dag_1.py
[2026-05-12T14:18:40.122+0000] {processor.py:830} INFO - Processing file /opt/airflow/dags/dag_1.py for tasks to queue
[2026-05-12T14:18:40.125+0000] {logging_mixin.py:188} INFO - [2026-05-12T14:18:40.125+0000] {dagbag.py:540} INFO - Filling up the DagBag from /opt/airflow/dags/dag_1.py
[2026-05-12T14:18:40.136+0000] {processor.py:840} INFO - DAG(s) 'first_dag' retrieved from /opt/airflow/dags/dag_1.py
[2026-05-12T14:18:40.162+0000] {logging_mixin.py:188} INFO - [2026-05-12T14:18:40.162+0000] {dag.py:3047} INFO - Sync 1 DAGs
[2026-05-12T14:18:40.184+0000] {logging_mixin.py:188} INFO - [2026-05-12T14:18:40.184+0000] {dag.py:3834} INFO - Setting next_dagrun for first_dag to 2026-04-01 00:00:00+00:00, run_after=2026-04-02 00:00:00+00:00
[2026-05-12T14:18:40.204+0000] {processor.py:183} INFO - Processing /opt/airflow/dags/dag_1.py took 0.086 seconds
[2026-05-12T14:19:10.365+0000] {processor.py:161} INFO - Started process (PID=238) to work on /opt/airflow/dags/dag_1.py
[2026-05-12T14:19:10.366+0000] {processor.py:830} INFO - Processing file /opt/airflow/dags/dag_1.py for tasks to queue
[2026-05-12T14:19:10.368+0000] {logging_mixin.py:188} INFO - [2026-05-12T14:19:10.368+0000] {dagbag.py:540} INFO - Filling up the DagBag from /opt/airflow/dags/dag_1.py
[2026-05-12T14:19:10.379+0000] {processor.py:840} INFO - DAG(s) 'first_dag' retrieved from /opt/airflow/dags/dag_1.py
[2026-05-12T14:19:10.405+0000] {logging_mixin.py:188} INFO - [2026-05-12T14:19:10.405+0000] {dag.py:3047} INFO - Sync 1 DAGs
[2026-05-12T14:19:10.427+0000] {logging_mixin.py:188} INFO - [2026-05-12T14:19:10.426+0000] {dag.py:3834} INFO - Setting next_dagrun for first_dag to 2026-04-01 00:00:00+00:00, run_after=2026-04-02 00:00:00+00:00
[2026-05-12T14:19:10.444+0000] {processor.py:183} INFO - Processing /opt/airflow/dags/dag_1.py took 0.084 seconds
[2026-05-12T14:19:40.512+0000] {processor.py:161} INFO - Started process (PID=245) to work on /opt/airflow/dags/dag_1.py
[2026-05-12T14:19:40.513+0000] {processor.py:830} INFO - Processing file /opt/airflow/dags/dag_1.py for tasks to queue
[2026-05-12T14:19:40.516+0000] {logging_mixin.py:188} INFO - [2026-05-12T14:19:40.515+0000] {dagbag.py:540} INFO - Filling up the DagBag from /opt/airflow/dags/dag_1.py
[2026-05-12T14:19:40.526+0000] {processor.py:840} INFO - DAG(s) 'first_dag' retrieved from /opt/airflow/dags/dag_1.py
[2026-05-12T14:19:40.553+0000] {logging_mixin.py:188} INFO - [2026-05-12T14:19:40.552+0000] {dag.py:3047} INFO - Sync 1 DAGs
[2026-05-12T14:19:40.574+0000] {logging_mixin.py:188} INFO - [2026-05-12T14:19:40.574+0000] {dag.py:3834} INFO - Setting next_dagrun for first_dag to 2026-04-01 00:00:00+00:00, run_after=2026-04-02 00:00:00+00:00
[2026-05-12T14:19:40.592+0000] {processor.py:183} INFO - Processing /opt/airflow/dags/dag_1.py took 0.084 seconds
[2026-05-12T14:20:10.728+0000] {processor.py:161} INFO - Started process (PID=252) to work on /opt/airflow/dags/dag_1.py
[2026-05-12T14:20:10.728+0000] {processor.py:830} INFO - Processing file /opt/airflow/dags/dag_1.py for tasks to queue
[2026-05-12T14:20:10.731+0000] {logging_mixin.py:188} INFO - [2026-05-12T14:20:10.730+0000] {dagbag.py:540} INFO - Filling up the DagBag from /opt/airflow/dags/dag_1.py
[2026-05-12T14:20:10.742+0000] {processor.py:840} INFO - DAG(s) 'first_dag' retrieved from /opt/airflow/dags/dag_1.py
[2026-05-12T14:20:10.768+0000] {logging_mixin.py:188} INFO - [2026-05-12T14:20:10.768+0000] {dag.py:3047} INFO - Sync 1 DAGs
[2026-05-12T14:20:10.789+0000] {logging_mixin.py:188} INFO - [2026-05-12T14:20:10.788+0000] {dag.py:3834} INFO - Setting next_dagrun for first_dag to 2026-04-01 00:00:00+00:00, run_after=2026-04-02 00:00:00+00:00
[2026-05-12T14:20:10.805+0000] {processor.py:183} INFO - Processing /opt/airflow/dags/dag_1.py took 0.081 seconds
[2026-05-12T14:20:40.880+0000] {processor.py:161} INFO - Started process (PID=259) to work on /opt/airflow/dags/dag_1.py
[2026-05-12T14:20:40.881+0000] {processor.py:830} INFO - Processing file /opt/airflow/dags/dag_1.py for tasks to queue
[2026-05-12T14:20:40.883+0000] {logging_mixin.py:188} INFO - [2026-05-12T14:20:40.883+0000] {dagbag.py:540} INFO - Filling up the DagBag from /opt/airflow/dags/dag_1.py
[2026-05-12T14:20:40.895+0000] {processor.py:840} INFO - DAG(s) 'first_dag' retrieved from /opt/airflow/dags/dag_1.py
[2026-05-12T14:20:40.922+0000] {logging_mixin.py:188} INFO - [2026-05-12T14:20:40.921+0000] {dag.py:3047} INFO - Sync 1 DAGs
[2026-05-12T14:20:40.945+0000] {logging_mixin.py:188} INFO - [2026-05-12T14:20:40.944+0000] {dag.py:3834} INFO - Setting next_dagrun for first_dag to 2026-04-01 00:00:00+00:00, run_after=2026-04-02 00:00:00+00:00
[2026-05-12T14:20:40.963+0000] {processor.py:183} INFO - Processing /opt/airflow/dags/dag_1.py took 0.086 seconds
[2026-05-12T14:21:11.089+0000] {processor.py:161} INFO - Started process (PID=266) to work on /opt/airflow/dags/dag_1.py
[2026-05-12T14:21:11.091+0000] {processor.py:830} INFO - Processing file /opt/airflow/dags/dag_1.py for tasks to queue
[2026-05-12T14:21:11.096+0000] {logging_mixin.py:188} INFO - [2026-05-12T14:21:11.096+0000] {dagbag.py:540} INFO - Filling up the DagBag from /opt/airflow/dags/dag_1.py
[2026-05-12T14:21:11.115+0000] {processor.py:840} INFO - DAG(s) 'first_dag' retrieved from /opt/airflow/dags/dag_1.py
[2026-05-12T14:21:11.153+0000] {logging_mixin.py:188} INFO - [2026-05-12T14:21:11.153+0000] {dag.py:3047} INFO - Sync 1 DAGs
[2026-05-12T14:21:11.190+0000] {logging_mixin.py:188} INFO - [2026-05-12T14:21:11.190+0000] {dag.py:3834} INFO - Setting next_dagrun for first_dag to 2026-04-01 00:00:00+00:00, run_after=2026-04-02 00:00:00+00:00
[2026-05-12T14:21:11.206+0000] {processor.py:183} INFO - Processing /opt/airflow/dags/dag_1.py took 0.121 seconds
[2026-05-12T14:21:41.259+0000] {processor.py:161} INFO - Started process (PID=280) to work on /opt/airflow/dags/dag_1.py
[2026-05-12T14:21:41.260+0000] {processor.py:830} INFO - Processing file /opt/airflow/dags/dag_1.py for tasks to queue
[2026-05-12T14:21:41.262+0000] {logging_mixin.py:188} INFO - [2026-05-12T14:21:41.262+0000] {dagbag.py:540} INFO - Filling up the DagBag from /opt/airflow/dags/dag_1.py
[2026-05-12T14:21:41.274+0000] {processor.py:840} INFO - DAG(s) 'first_dag' retrieved from /opt/airflow/dags/dag_1.py
[2026-05-12T14:21:41.307+0000] {logging_mixin.py:188} INFO - [2026-05-12T14:21:41.307+0000] {dag.py:3047} INFO - Sync 1 DAGs
[2026-05-12T14:21:41.330+0000] {logging_mixin.py:188} INFO - [2026-05-12T14:21:41.330+0000] {dag.py:3834} INFO - Setting next_dagrun for first_dag to 2026-04-01 00:00:00+00:00, run_after=2026-04-02 00:00:00+00:00
[2026-05-12T14:21:41.350+0000] {processor.py:183} INFO - Processing /opt/airflow/dags/dag_1.py took 0.095 seconds
[2026-05-12T14:22:11.507+0000] {processor.py:161} INFO - Started process (PID=287) to work on /opt/airflow/dags/dag_1.py
[2026-05-12T14:22:11.508+0000] {processor.py:830} INFO - Processing file /opt/airflow/dags/dag_1.py for tasks to queue
[2026-05-12T14:22:11.510+0000] {logging_mixin.py:188} INFO - [2026-05-12T14:22:11.510+0000] {dagbag.py:540} INFO - Filling up the DagBag from /opt/airflow/dags/dag_1.py
[2026-05-12T14:22:11.522+0000] {processor.py:840} INFO - DAG(s) 'first_dag' retrieved from /opt/airflow/dags/dag_1.py
[2026-05-12T14:22:11.550+0000] {logging_mixin.py:188} INFO - [2026-05-12T14:22:11.549+0000] {dag.py:3047} INFO - Sync 1 DAGs
[2026-05-12T14:22:11.572+0000] {logging_mixin.py:188} INFO - [2026-05-12T14:22:11.571+0000] {dag.py:3834} INFO - Setting next_dagrun for first_dag to 2026-04-01 00:00:00+00:00, run_after=2026-04-02 00:00:00+00:00
[2026-05-12T14:22:11.592+0000] {processor.py:183} INFO - Processing /opt/airflow/dags/dag_1.py took 0.089 seconds
[2026-05-12T14:22:41.668+0000] {processor.py:161} INFO - Started process (PID=294) to work on /opt/airflow/dags/dag_1.py
[2026-05-12T14:22:41.672+0000] {processor.py:830} INFO - Processing file /opt/airflow/dags/dag_1.py for tasks to queue
[2026-05-12T14:22:41.678+0000] {logging_mixin.py:188} INFO - [2026-05-12T14:22:41.677+0000] {dagbag.py:540} INFO - Filling up the DagBag from /opt/airflow/dags/dag_1.py
[2026-05-12T14:22:41.702+0000] {processor.py:840} INFO - DAG(s) 'first_dag' retrieved from /opt/airflow/dags/dag_1.py
[2026-05-12T14:22:41.745+0000] {logging_mixin.py:188} INFO - [2026-05-12T14:22:41.745+0000] {dag.py:3047} INFO - Sync 1 DAGs
[2026-05-12T14:22:41.782+0000] {logging_mixin.py:188} INFO - [2026-05-12T14:22:41.781+0000] {dag.py:3834} INFO - Setting next_dagrun for first_dag to 2026-04-01 00:00:00+00:00, run_after=2026-04-02 00:00:00+00:00
[2026-05-12T14:22:41.823+0000] {processor.py:183} INFO - Processing /opt/airflow/dags/dag_1.py took 0.163 seconds
[2026-05-12T14:23:11.884+0000] {processor.py:161} INFO - Started process (PID=301) to work on /opt/airflow/dags/dag_1.py
[2026-05-12T14:23:11.885+0000] {processor.py:830} INFO - Processing file /opt/airflow/dags/dag_1.py for tasks to queue
[2026-05-12T14:23:11.887+0000] {logging_mixin.py:188} INFO - [2026-05-12T14:23:11.887+0000] {dagbag.py:540} INFO - Filling up the DagBag from /opt/airflow/dags/dag_1.py
[2026-05-12T14:23:11.899+0000] {processor.py:840} INFO - DAG(s) 'first_dag' retrieved from /opt/airflow/dags/dag_1.py
[2026-05-12T14:23:11.926+0000] {logging_mixin.py:188} INFO - [2026-05-12T14:23:11.926+0000] {dag.py:3047} INFO - Sync 1 DAGs
[2026-05-12T14:23:11.951+0000] {logging_mixin.py:188} INFO - [2026-05-12T14:23:11.951+0000] {dag.py:3834} INFO - Setting next_dagrun for first_dag to 2026-04-01 00:00:00+00:00, run_after=2026-04-02 00:00:00+00:00
[2026-05-12T14:23:11.974+0000] {processor.py:183} INFO - Processing /opt/airflow/dags/dag_1.py took 0.094 seconds
[2026-05-12T14:23:42.084+0000] {processor.py:161} INFO - Started process (PID=308) to work on /opt/airflow/dags/dag_1.py
[2026-05-12T14:23:42.086+0000] {processor.py:830} INFO - Processing file /opt/airflow/dags/dag_1.py for tasks to queue
[2026-05-12T14:23:42.091+0000] {logging_mixin.py:188} INFO - [2026-05-12T14:23:42.091+0000] {dagbag.py:540} INFO - Filling up the DagBag from /opt/airflow/dags/dag_1.py
[2026-05-12T14:23:42.201+0000] {processor.py:840} INFO - DAG(s) 'first_dag' retrieved from /opt/airflow/dags/dag_1.py
[2026-05-12T14:23:42.306+0000] {logging_mixin.py:188} INFO - [2026-05-12T14:23:42.305+0000] {dag.py:3047} INFO - Sync 1 DAGs
[2026-05-12T14:23:42.342+0000] {logging_mixin.py:188} INFO - [2026-05-12T14:23:42.341+0000] {dag.py:3834} INFO - Setting next_dagrun for first_dag to 2026-04-01 00:00:00+00:00, run_after=2026-04-02 00:00:00+00:00
[2026-05-12T14:23:42.371+0000] {processor.py:183} INFO - Processing /opt/airflow/dags/dag_1.py took 0.303 seconds
[2026-05-12T14:24:12.515+0000] {processor.py:161} INFO - Started process (PID=315) to work on /opt/airflow/dags/dag_1.py
[2026-05-12T14:24:12.516+0000] {processor.py:830} INFO - Processing file /opt/airflow/dags/dag_1.py for tasks to queue
[2026-05-12T14:24:12.518+0000] {logging_mixin.py:188} INFO - [2026-05-12T14:24:12.518+0000] {dagbag.py:540} INFO - Filling up the DagBag from /opt/airflow/dags/dag_1.py
[2026-05-12T14:24:12.530+0000] {processor.py:840} INFO - DAG(s) 'first_dag' retrieved from /opt/airflow/dags/dag_1.py
[2026-05-12T14:24:12.558+0000] {logging_mixin.py:188} INFO - [2026-05-12T14:24:12.557+0000] {dag.py:3047} INFO - Sync 1 DAGs
[2026-05-12T14:24:12.590+0000] {logging_mixin.py:188} INFO - [2026-05-12T14:24:12.589+0000] {dag.py:3834} INFO - Setting next_dagrun for first_dag to 2026-04-01 00:00:00+00:00, run_after=2026-04-02 00:00:00+00:00
[2026-05-12T14:24:12.616+0000] {processor.py:183} INFO - Processing /opt/airflow/dags/dag_1.py took 0.104 seconds
[2026-05-12T14:24:42.661+0000] {processor.py:161} INFO - Started process (PID=321) to work on /opt/airflow/dags/dag_1.py
[2026-05-12T14:24:42.662+0000] {processor.py:830} INFO - Processing file /opt/airflow/dags/dag_1.py for tasks to queue
[2026-05-12T14:24:42.664+0000] {logging_mixin.py:188} INFO - [2026-05-12T14:24:42.664+0000] {dagbag.py:540} INFO - Filling up the DagBag from /opt/airflow/dags/dag_1.py
[2026-05-12T14:24:42.675+0000] {processor.py:840} INFO - DAG(s) 'first_dag' retrieved from /opt/airflow/dags/dag_1.py
[2026-05-12T14:24:42.703+0000] {logging_mixin.py:188} INFO - [2026-05-12T14:24:42.702+0000] {dag.py:3047} INFO - Sync 1 DAGs
[2026-05-12T14:24:42.727+0000] {logging_mixin.py:188} INFO - [2026-05-12T14:24:42.727+0000] {dag.py:3834} INFO - Setting next_dagrun for first_dag to 2026-04-01 00:00:00+00:00, run_after=2026-04-02 00:00:00+00:00
[2026-05-12T14:24:42.745+0000] {processor.py:183} INFO - Processing /opt/airflow/dags/dag_1.py took 0.088 seconds
[2026-05-12T14:25:12.834+0000] {processor.py:161} INFO - Started process (PID=328) to work on /opt/airflow/dags/dag_1.py
[2026-05-12T14:25:12.835+0000] {processor.py:830} INFO - Processing file /opt/airflow/dags/dag_1.py for tasks to queue
[2026-05-12T14:25:12.838+0000] {logging_mixin.py:188} INFO - [2026-05-12T14:25:12.837+0000] {dagbag.py:540} INFO - Filling up the DagBag from /opt/airflow/dags/dag_1.py
[2026-05-12T14:25:12.858+0000] {processor.py:840} INFO - DAG(s) 'first_dag' retrieved from /opt/airflow/dags/dag_1.py
[2026-05-12T14:25:12.887+0000] {logging_mixin.py:188} INFO - [2026-05-12T14:25:12.887+0000] {dag.py:3047} INFO - Sync 1 DAGs
[2026-05-12T14:25:12.908+0000] {logging_mixin.py:188} INFO - [2026-05-12T14:25:12.908+0000] {dag.py:3834} INFO - Setting next_dagrun for first_dag to 2026-04-01 00:00:00+00:00, run_after=2026-04-02 00:00:00+00:00
[2026-05-12T14:25:12.927+0000] {processor.py:183} INFO - Processing /opt/airflow/dags/dag_1.py took 0.098 seconds
[2026-05-12T14:25:43.028+0000] {processor.py:161} INFO - Started process (PID=335) to work on /opt/airflow/dags/dag_1.py
[2026-05-12T14:25:43.029+0000] {processor.py:830} INFO - Processing file /opt/airflow/dags/dag_1.py for tasks to queue
[2026-05-12T14:25:43.032+0000] {logging_mixin.py:188} INFO - [2026-05-12T14:25:43.032+0000] {dagbag.py:540} INFO - Filling up the DagBag from /opt/airflow/dags/dag_1.py
[2026-05-12T14:25:43.046+0000] {processor.py:840} INFO - DAG(s) 'first_dag' retrieved from /opt/airflow/dags/dag_1.py
[2026-05-12T14:25:43.091+0000] {logging_mixin.py:188} INFO - [2026-05-12T14:25:43.091+0000] {dag.py:3047} INFO - Sync 1 DAGs
[2026-05-12T14:25:43.123+0000] {logging_mixin.py:188} INFO - [2026-05-12T14:25:43.123+0000] {dag.py:3834} INFO - Setting next_dagrun for first_dag to 2026-04-01 00:00:00+00:00, run_after=2026-04-02 00:00:00+00:00
[2026-05-12T14:25:43.139+0000] {processor.py:183} INFO - Processing /opt/airflow/dags/dag_1.py took 0.114 seconds
[2026-05-12T14:26:13.220+0000] {processor.py:161} INFO - Started process (PID=342) to work on /opt/airflow/dags/dag_1.py
[2026-05-12T14:26:13.221+0000] {processor.py:830} INFO - Processing file /opt/airflow/dags/dag_1.py for tasks to queue
[2026-05-12T14:26:13.223+0000] {logging_mixin.py:188} INFO - [2026-05-12T14:26:13.223+0000] {dagbag.py:540} INFO - Filling up the DagBag from /opt/airflow/dags/dag_1.py
[2026-05-12T14:26:13.235+0000] {processor.py:840} INFO - DAG(s) 'first_dag' retrieved from /opt/airflow/dags/dag_1.py
[2026-05-12T14:26:13.261+0000] {logging_mixin.py:188} INFO - [2026-05-12T14:26:13.261+0000] {dag.py:3047} INFO - Sync 1 DAGs
[2026-05-12T14:26:13.285+0000] {logging_mixin.py:188} INFO - [2026-05-12T14:26:13.285+0000] {dag.py:3834} INFO - Setting next_dagrun for first_dag to 2026-04-01 00:00:00+00:00, run_after=2026-04-02 00:00:00+00:00
[2026-05-12T14:26:13.319+0000] {processor.py:183} INFO - Processing /opt/airflow/dags/dag_1.py took 0.104 seconds
[2026-05-12T14:26:43.432+0000] {processor.py:161} INFO - Started process (PID=349) to work on /opt/airflow/dags/dag_1.py
[2026-05-12T14:26:43.433+0000] {processor.py:830} INFO - Processing file /opt/airflow/dags/dag_1.py for tasks to queue
[2026-05-12T14:26:43.435+0000] {logging_mixin.py:188} INFO - [2026-05-12T14:26:43.435+0000] {dagbag.py:540} INFO - Filling up the DagBag from /opt/airflow/dags/dag_1.py
[2026-05-12T14:26:43.448+0000] {processor.py:840} INFO - DAG(s) 'first_dag' retrieved from /opt/airflow/dags/dag_1.py
[2026-05-12T14:26:43.480+0000] {logging_mixin.py:188} INFO - [2026-05-12T14:26:43.480+0000] {dag.py:3047} INFO - Sync 1 DAGs
[2026-05-12T14:26:43.500+0000] {logging_mixin.py:188} INFO - [2026-05-12T14:26:43.500+0000] {dag.py:3834} INFO - Setting next_dagrun for first_dag to 2026-04-01 00:00:00+00:00, run_after=2026-04-02 00:00:00+00:00
[2026-05-12T14:26:43.516+0000] {processor.py:183} INFO - Processing /opt/airflow/dags/dag_1.py took 0.088 seconds
[2026-05-12T14:27:13.615+0000] {processor.py:161} INFO - Started process (PID=356) to work on /opt/airflow/dags/dag_1.py
[2026-05-12T14:27:13.616+0000] {processor.py:830} INFO - Processing file /opt/airflow/dags/dag_1.py for tasks to queue
[2026-05-12T14:27:13.618+0000] {logging_mixin.py:188} INFO - [2026-05-12T14:27:13.618+0000] {dagbag.py:540} INFO - Filling up the DagBag from /opt/airflow/dags/dag_1.py
[2026-05-12T14:27:13.630+0000] {processor.py:840} INFO - DAG(s) 'first_dag' retrieved from /opt/airflow/dags/dag_1.py
[2026-05-12T14:27:13.655+0000] {logging_mixin.py:188} INFO - [2026-05-12T14:27:13.655+0000] {dag.py:3047} INFO - Sync 1 DAGs
[2026-05-12T14:27:13.676+0000] {logging_mixin.py:188} INFO - [2026-05-12T14:27:13.675+0000] {dag.py:3834} INFO - Setting next_dagrun for first_dag to 2026-04-01 00:00:00+00:00, run_after=2026-04-02 00:00:00+00:00
[2026-05-12T14:27:13.690+0000] {processor.py:183} INFO - Processing /opt/airflow/dags/dag_1.py took 0.078 seconds
[2026-05-12T14:27:43.791+0000] {processor.py:161} INFO - Started process (PID=363) to work on /opt/airflow/dags/dag_1.py
[2026-05-12T14:27:43.792+0000] {processor.py:830} INFO - Processing file /opt/airflow/dags/dag_1.py for tasks to queue
[2026-05-12T14:27:43.794+0000] {logging_mixin.py:188} INFO - [2026-05-12T14:27:43.793+0000] {dagbag.py:540} INFO - Filling up the DagBag from /opt/airflow/dags/dag_1.py
[2026-05-12T14:27:43.805+0000] {processor.py:840} INFO - DAG(s) 'first_dag' retrieved from /opt/airflow/dags/dag_1.py
[2026-05-12T14:27:43.831+0000] {logging_mixin.py:188} INFO - [2026-05-12T14:27:43.831+0000] {dag.py:3047} INFO - Sync 1 DAGs
[2026-05-12T14:27:43.851+0000] {logging_mixin.py:188} INFO - [2026-05-12T14:27:43.851+0000] {dag.py:3834} INFO - Setting next_dagrun for first_dag to 2026-04-01 00:00:00+00:00, run_after=2026-04-02 00:00:00+00:00
[2026-05-12T14:27:43.872+0000] {processor.py:183} INFO - Processing /opt/airflow/dags/dag_1.py took 0.085 seconds
[2026-05-12T14:28:13.975+0000] {processor.py:161} INFO - Started process (PID=370) to work on /opt/airflow/dags/dag_1.py
[2026-05-12T14:28:13.976+0000] {processor.py:830} INFO - Processing file /opt/airflow/dags/dag_1.py for tasks to queue
[2026-05-12T14:28:13.978+0000] {logging_mixin.py:188} INFO - [2026-05-12T14:28:13.977+0000] {dagbag.py:540} INFO - Filling up the DagBag from /opt/airflow/dags/dag_1.py
[2026-05-12T14:28:13.989+0000] {processor.py:840} INFO - DAG(s) 'first_dag' retrieved from /opt/airflow/dags/dag_1.py
[2026-05-12T14:28:14.016+0000] {logging_mixin.py:188} INFO - [2026-05-12T14:28:14.016+0000] {dag.py:3047} INFO - Sync 1 DAGs
[2026-05-12T14:28:14.036+0000] {logging_mixin.py:188} INFO - [2026-05-12T14:28:14.035+0000] {dag.py:3834} INFO - Setting next_dagrun for first_dag to 2026-04-01 00:00:00+00:00, run_after=2026-04-02 00:00:00+00:00
[2026-05-12T14:28:14.051+0000] {processor.py:183} INFO - Processing /opt/airflow/dags/dag_1.py took 0.079 seconds
[2026-05-12T14:28:44.179+0000] {processor.py:161} INFO - Started process (PID=377) to work on /opt/airflow/dags/dag_1.py
[2026-05-12T14:28:44.180+0000] {processor.py:830} INFO - Processing file /opt/airflow/dags/dag_1.py for tasks to queue
[2026-05-12T14:28:44.182+0000] {logging_mixin.py:188} INFO - [2026-05-12T14:28:44.182+0000] {dagbag.py:540} INFO - Filling up the DagBag from /opt/airflow/dags/dag_1.py
[2026-05-12T14:28:44.198+0000] {processor.py:840} INFO - DAG(s) 'first_dag' retrieved from /opt/airflow/dags/dag_1.py
[2026-05-12T14:28:44.226+0000] {logging_mixin.py:188} INFO - [2026-05-12T14:28:44.225+0000] {dag.py:3047} INFO - Sync 1 DAGs
[2026-05-12T14:28:44.245+0000] {logging_mixin.py:188} INFO - [2026-05-12T14:28:44.245+0000] {dag.py:3834} INFO - Setting next_dagrun for first_dag to 2026-04-01 00:00:00+00:00, run_after=2026-04-02 00:00:00+00:00
[2026-05-12T14:28:44.261+0000] {processor.py:183} INFO - Processing /opt/airflow/dags/dag_1.py took 0.086 seconds
[2026-05-12T14:29:14.351+0000] {processor.py:161} INFO - Started process (PID=384) to work on /opt/airflow/dags/dag_1.py
[2026-05-12T14:29:14.352+0000] {processor.py:830} INFO - Processing file /opt/airflow/dags/dag_1.py for tasks to queue
[2026-05-12T14:29:14.354+0000] {logging_mixin.py:188} INFO - [2026-05-12T14:29:14.354+0000] {dagbag.py:540} INFO - Filling up the DagBag from /opt/airflow/dags/dag_1.py
[2026-05-12T14:29:14.365+0000] {processor.py:840} INFO - DAG(s) 'first_dag' retrieved from /opt/airflow/dags/dag_1.py
[2026-05-12T14:29:14.397+0000] {logging_mixin.py:188} INFO - [2026-05-12T14:29:14.396+0000] {dag.py:3047} INFO - Sync 1 DAGs
[2026-05-12T14:29:14.416+0000] {logging_mixin.py:188} INFO - [2026-05-12T14:29:14.416+0000] {dag.py:3834} INFO - Setting next_dagrun for first_dag to 2026-04-01 00:00:00+00:00, run_after=2026-04-02 00:00:00+00:00
[2026-05-12T14:29:14.432+0000] {processor.py:183} INFO - Processing /opt/airflow/dags/dag_1.py took 0.084 seconds
[2026-05-12T14:29:44.589+0000] {processor.py:161} INFO - Started process (PID=391) to work on /opt/airflow/dags/dag_1.py
[2026-05-12T14:29:44.590+0000] {processor.py:830} INFO - Processing file /opt/airflow/dags/dag_1.py for tasks to queue
[2026-05-12T14:29:44.593+0000] {logging_mixin.py:188} INFO - [2026-05-12T14:29:44.592+0000] {dagbag.py:540} INFO - Filling up the DagBag from /opt/airflow/dags/dag_1.py
[2026-05-12T14:29:44.608+0000] {processor.py:840} INFO - DAG(s) 'first_dag' retrieved from /opt/airflow/dags/dag_1.py
[2026-05-12T14:29:44.639+0000] {logging_mixin.py:188} INFO - [2026-05-12T14:29:44.639+0000] {dag.py:3047} INFO - Sync 1 DAGs
[2026-05-12T14:29:44.667+0000] {logging_mixin.py:188} INFO - [2026-05-12T14:29:44.666+0000] {dag.py:3834} INFO - Setting next_dagrun for first_dag to 2026-04-01 00:00:00+00:00, run_after=2026-04-02 00:00:00+00:00
[2026-05-12T14:29:44.687+0000] {processor.py:183} INFO - Processing /opt/airflow/dags/dag_1.py took 0.105 seconds
[2026-05-12T14:30:14.741+0000] {processor.py:161} INFO - Started process (PID=398) to work on /opt/airflow/dags/dag_1.py
[2026-05-12T14:30:14.742+0000] {processor.py:830} INFO - Processing file /opt/airflow/dags/dag_1.py for tasks to queue
[2026-05-12T14:30:14.744+0000] {logging_mixin.py:188} INFO - [2026-05-12T14:30:14.744+0000] {dagbag.py:540} INFO - Filling up the DagBag from /opt/airflow/dags/dag_1.py
[2026-05-12T14:30:14.756+0000] {processor.py:840} INFO - DAG(s) 'first_dag' retrieved from /opt/airflow/dags/dag_1.py
[2026-05-12T14:30:14.781+0000] {logging_mixin.py:188} INFO - [2026-05-12T14:30:14.780+0000] {dag.py:3047} INFO - Sync 1 DAGs
[2026-05-12T14:30:14.801+0000] {logging_mixin.py:188} INFO - [2026-05-12T14:30:14.800+0000] {dag.py:3834} INFO - Setting next_dagrun for first_dag to 2026-04-01 00:00:00+00:00, run_after=2026-04-02 00:00:00+00:00
[2026-05-12T14:30:14.815+0000] {processor.py:183} INFO - Processing /opt/airflow/dags/dag_1.py took 0.078 seconds
[2026-05-12T14:30:44.973+0000] {processor.py:161} INFO - Started process (PID=405) to work on /opt/airflow/dags/dag_1.py
[2026-05-12T14:30:44.974+0000] {processor.py:830} INFO - Processing file /opt/airflow/dags/dag_1.py for tasks to queue
[2026-05-12T14:30:44.976+0000] {logging_mixin.py:188} INFO - [2026-05-12T14:30:44.975+0000] {dagbag.py:540} INFO - Filling up the DagBag from /opt/airflow/dags/dag_1.py
[2026-05-12T14:30:44.987+0000] {processor.py:840} INFO - DAG(s) 'first_dag' retrieved from /opt/airflow/dags/dag_1.py
[2026-05-12T14:30:45.011+0000] {logging_mixin.py:188} INFO - [2026-05-12T14:30:45.011+0000] {dag.py:3047} INFO - Sync 1 DAGs
[2026-05-12T14:30:45.032+0000] {logging_mixin.py:188} INFO - [2026-05-12T14:30:45.032+0000] {dag.py:3834} INFO - Setting next_dagrun for first_dag to 2026-04-01 00:00:00+00:00, run_after=2026-04-02 00:00:00+00:00
[2026-05-12T14:30:45.047+0000] {processor.py:183} INFO - Processing /opt/airflow/dags/dag_1.py took 0.078 seconds
[2026-05-12T14:31:15.122+0000] {processor.py:161} INFO - Started process (PID=411) to work on /opt/airflow/dags/dag_1.py
[2026-05-12T14:31:15.123+0000] {processor.py:830} INFO - Processing file /opt/airflow/dags/dag_1.py for tasks to queue
[2026-05-12T14:31:15.125+0000] {logging_mixin.py:188} INFO - [2026-05-12T14:31:15.124+0000] {dagbag.py:540} INFO - Filling up the DagBag from /opt/airflow/dags/dag_1.py
[2026-05-12T14:31:15.136+0000] {processor.py:840} INFO - DAG(s) 'first_dag' retrieved from /opt/airflow/dags/dag_1.py
[2026-05-12T14:31:15.163+0000] {logging_mixin.py:188} INFO - [2026-05-12T14:31:15.162+0000] {dag.py:3047} INFO - Sync 1 DAGs
[2026-05-12T14:31:15.184+0000] {logging_mixin.py:188} INFO - [2026-05-12T14:31:15.184+0000] {dag.py:3834} INFO - Setting next_dagrun for first_dag to 2026-04-01 00:00:00+00:00, run_after=2026-04-02 00:00:00+00:00
[2026-05-12T14:31:15.202+0000] {processor.py:183} INFO - Processing /opt/airflow/dags/dag_1.py took 0.084 seconds
[2026-05-12T14:31:45.349+0000] {processor.py:161} INFO - Started process (PID=419) to work on /opt/airflow/dags/dag_1.py
[2026-05-12T14:31:45.353+0000] {processor.py:830} INFO - Processing file /opt/airflow/dags/dag_1.py for tasks to queue
[2026-05-12T14:31:45.357+0000] {logging_mixin.py:188} INFO - [2026-05-12T14:31:45.357+0000] {dagbag.py:540} INFO - Filling up the DagBag from /opt/airflow/dags/dag_1.py
[2026-05-12T14:31:45.373+0000] {processor.py:840} INFO - DAG(s) 'first_dag' retrieved from /opt/airflow/dags/dag_1.py
[2026-05-12T14:31:45.408+0000] {logging_mixin.py:188} INFO - [2026-05-12T14:31:45.408+0000] {dag.py:3047} INFO - Sync 1 DAGs
[2026-05-12T14:31:45.442+0000] {logging_mixin.py:188} INFO - [2026-05-12T14:31:45.442+0000] {dag.py:3834} INFO - Setting next_dagrun for first_dag to 2026-04-01 00:00:00+00:00, run_after=2026-04-02 00:00:00+00:00
[2026-05-12T14:31:45.462+0000] {processor.py:183} INFO - Processing /opt/airflow/dags/dag_1.py took 0.120 seconds
[2026-05-12T14:32:15.502+0000] {processor.py:161} INFO - Started process (PID=426) to work on /opt/airflow/dags/dag_1.py
[2026-05-12T14:32:15.503+0000] {processor.py:830} INFO - Processing file /opt/airflow/dags/dag_1.py for tasks to queue
[2026-05-12T14:32:15.505+0000] {logging_mixin.py:188} INFO - [2026-05-12T14:32:15.505+0000] {dagbag.py:540} INFO - Filling up the DagBag from /opt/airflow/dags/dag_1.py
[2026-05-12T14:32:15.517+0000] {processor.py:840} INFO - DAG(s) 'first_dag' retrieved from /opt/airflow/dags/dag_1.py
[2026-05-12T14:32:15.543+0000] {logging_mixin.py:188} INFO - [2026-05-12T14:32:15.542+0000] {dag.py:3047} INFO - Sync 1 DAGs
[2026-05-12T14:32:15.562+0000] {logging_mixin.py:188} INFO - [2026-05-12T14:32:15.562+0000] {dag.py:3834} INFO - Setting next_dagrun for first_dag to 2026-04-01 00:00:00+00:00, run_after=2026-04-02 00:00:00+00:00
[2026-05-12T14:32:15.578+0000] {processor.py:183} INFO - Processing /opt/airflow/dags/dag_1.py took 0.080 seconds
[2026-05-12T14:32:45.662+0000] {processor.py:161} INFO - Started process (PID=433) to work on /opt/airflow/dags/dag_1.py
[2026-05-12T14:32:45.663+0000] {processor.py:830} INFO - Processing file /opt/airflow/dags/dag_1.py for tasks to queue
[2026-05-12T14:32:45.665+0000] {logging_mixin.py:188} INFO - [2026-05-12T14:32:45.665+0000] {dagbag.py:540} INFO - Filling up the DagBag from /opt/airflow/dags/dag_1.py
[2026-05-12T14:32:45.677+0000] {processor.py:840} INFO - DAG(s) 'first_dag' retrieved from /opt/airflow/dags/dag_1.py
[2026-05-12T14:32:45.702+0000] {logging_mixin.py:188} INFO - [2026-05-12T14:32:45.702+0000] {dag.py:3047} INFO - Sync 1 DAGs
[2026-05-12T14:32:45.725+0000] {logging_mixin.py:188} INFO - [2026-05-12T14:32:45.724+0000] {dag.py:3834} INFO - Setting next_dagrun for first_dag to 2026-04-01 00:00:00+00:00, run_after=2026-04-02 00:00:00+00:00
[2026-05-12T14:32:45.739+0000] {processor.py:183} INFO - Processing /opt/airflow/dags/dag_1.py took 0.080 seconds
[2026-05-12T14:33:15.873+0000] {processor.py:161} INFO - Started process (PID=440) to work on /opt/airflow/dags/dag_1.py
[2026-05-12T14:33:15.874+0000] {processor.py:830} INFO - Processing file /opt/airflow/dags/dag_1.py for tasks to queue
[2026-05-12T14:33:15.876+0000] {logging_mixin.py:188} INFO - [2026-05-12T14:33:15.876+0000] {dagbag.py:540} INFO - Filling up the DagBag from /opt/airflow/dags/dag_1.py
[2026-05-12T14:33:15.888+0000] {processor.py:840} INFO - DAG(s) 'first_dag' retrieved from /opt/airflow/dags/dag_1.py
[2026-05-12T14:33:15.912+0000] {logging_mixin.py:188} INFO - [2026-05-12T14:33:15.912+0000] {dag.py:3047} INFO - Sync 1 DAGs
[2026-05-12T14:33:15.934+0000] {logging_mixin.py:188} INFO - [2026-05-12T14:33:15.933+0000] {dag.py:3834} INFO - Setting next_dagrun for first_dag to 2026-04-01 00:00:00+00:00, run_after=2026-04-02 00:00:00+00:00
[2026-05-12T14:33:15.953+0000] {processor.py:183} INFO - Processing /opt/airflow/dags/dag_1.py took 0.088 seconds
[2026-05-12T14:33:46.037+0000] {processor.py:161} INFO - Started process (PID=447) to work on /opt/airflow/dags/dag_1.py
[2026-05-12T14:33:46.039+0000] {processor.py:830} INFO - Processing file /opt/airflow/dags/dag_1.py for tasks to queue
[2026-05-12T14:33:46.041+0000] {logging_mixin.py:188} INFO - [2026-05-12T14:33:46.040+0000] {dagbag.py:540} INFO - Filling up the DagBag from /opt/airflow/dags/dag_1.py
[2026-05-12T14:33:46.053+0000] {processor.py:840} INFO - DAG(s) 'first_dag' retrieved from /opt/airflow/dags/dag_1.py
[2026-05-12T14:33:46.082+0000] {logging_mixin.py:188} INFO - [2026-05-12T14:33:46.081+0000] {dag.py:3047} INFO - Sync 1 DAGs
[2026-05-12T14:33:46.104+0000] {logging_mixin.py:188} INFO - [2026-05-12T14:33:46.104+0000] {dag.py:3834} INFO - Setting next_dagrun for first_dag to 2026-04-01 00:00:00+00:00, run_after=2026-04-02 00:00:00+00:00
[2026-05-12T14:33:46.124+0000] {processor.py:183} INFO - Processing /opt/airflow/dags/dag_1.py took 0.090 seconds
[2026-05-12T14:34:16.268+0000] {processor.py:161} INFO - Started process (PID=454) to work on /opt/airflow/dags/dag_1.py
[2026-05-12T14:34:16.271+0000] {processor.py:830} INFO - Processing file /opt/airflow/dags/dag_1.py for tasks to queue
[2026-05-12T14:34:16.274+0000] {logging_mixin.py:188} INFO - [2026-05-12T14:34:16.274+0000] {dagbag.py:540} INFO - Filling up the DagBag from /opt/airflow/dags/dag_1.py
[2026-05-12T14:34:16.291+0000] {processor.py:840} INFO - DAG(s) 'first_dag' retrieved from /opt/airflow/dags/dag_1.py
[2026-05-12T14:34:16.318+0000] {logging_mixin.py:188} INFO - [2026-05-12T14:34:16.318+0000] {dag.py:3047} INFO - Sync 1 DAGs
[2026-05-12T14:34:16.339+0000] {logging_mixin.py:188} INFO - [2026-05-12T14:34:16.338+0000] {dag.py:3834} INFO - Setting next_dagrun for first_dag to 2026-04-01 00:00:00+00:00, run_after=2026-04-02 00:00:00+00:00
[2026-05-12T14:34:16.356+0000] {processor.py:183} INFO - Processing /opt/airflow/dags/dag_1.py took 0.095 seconds
[2026-05-12T14:34:46.432+0000] {processor.py:161} INFO - Started process (PID=461) to work on /opt/airflow/dags/dag_1.py
[2026-05-12T14:34:46.433+0000] {processor.py:830} INFO - Processing file /opt/airflow/dags/dag_1.py for tasks to queue
[2026-05-12T14:34:46.435+0000] {logging_mixin.py:188} INFO - [2026-05-12T14:34:46.435+0000] {dagbag.py:540} INFO - Filling up the DagBag from /opt/airflow/dags/dag_1.py
[2026-05-12T14:34:46.447+0000] {processor.py:840} INFO - DAG(s) 'first_dag' retrieved from /opt/airflow/dags/dag_1.py
[2026-05-12T14:34:46.473+0000] {logging_mixin.py:188} INFO - [2026-05-12T14:34:46.472+0000] {dag.py:3047} INFO - Sync 1 DAGs
[2026-05-12T14:34:46.512+0000] {logging_mixin.py:188} INFO - [2026-05-12T14:34:46.511+0000] {dag.py:3834} INFO - Setting next_dagrun for first_dag to 2026-04-01 00:00:00+00:00, run_after=2026-04-02 00:00:00+00:00
[2026-05-12T14:34:46.539+0000] {processor.py:183} INFO - Processing /opt/airflow/dags/dag_1.py took 0.111 seconds
[2026-05-12T14:35:16.644+0000] {processor.py:161} INFO - Started process (PID=468) to work on /opt/airflow/dags/dag_1.py
[2026-05-12T14:35:16.645+0000] {processor.py:830} INFO - Processing file /opt/airflow/dags/dag_1.py for tasks to queue
[2026-05-12T14:35:16.647+0000] {logging_mixin.py:188} INFO - [2026-05-12T14:35:16.647+0000] {dagbag.py:540} INFO - Filling up the DagBag from /opt/airflow/dags/dag_1.py
[2026-05-12T14:35:16.658+0000] {processor.py:840} INFO - DAG(s) 'first_dag' retrieved from /opt/airflow/dags/dag_1.py
[2026-05-12T14:35:16.685+0000] {logging_mixin.py:188} INFO - [2026-05-12T14:35:16.685+0000] {dag.py:3047} INFO - Sync 1 DAGs
[2026-05-12T14:35:16.707+0000] {logging_mixin.py:188} INFO - [2026-05-12T14:35:16.706+0000] {dag.py:3834} INFO - Setting next_dagrun for first_dag to 2026-04-01 00:00:00+00:00, run_after=2026-04-02 00:00:00+00:00
[2026-05-12T14:35:16.730+0000] {processor.py:183} INFO - Processing /opt/airflow/dags/dag_1.py took 0.089 seconds
[2026-05-12T14:35:46.867+0000] {processor.py:161} INFO - Started process (PID=475) to work on /opt/airflow/dags/dag_1.py
[2026-05-12T14:35:46.868+0000] {processor.py:830} INFO - Processing file /opt/airflow/dags/dag_1.py for tasks to queue
[2026-05-12T14:35:46.870+0000] {logging_mixin.py:188} INFO - [2026-05-12T14:35:46.870+0000] {dagbag.py:540} INFO - Filling up the DagBag from /opt/airflow/dags/dag_1.py
[2026-05-12T14:35:46.884+0000] {processor.py:840} INFO - DAG(s) 'first_dag' retrieved from /opt/airflow/dags/dag_1.py
[2026-05-12T14:35:46.909+0000] {logging_mixin.py:188} INFO - [2026-05-12T14:35:46.909+0000] {dag.py:3047} INFO - Sync 1 DAGs
[2026-05-12T14:35:46.931+0000] {logging_mixin.py:188} INFO - [2026-05-12T14:35:46.931+0000] {dag.py:3834} INFO - Setting next_dagrun for first_dag to 2026-04-01 00:00:00+00:00, run_after=2026-04-02 00:00:00+00:00
[2026-05-12T14:35:46.949+0000] {processor.py:183} INFO - Processing /opt/airflow/dags/dag_1.py took 0.086 seconds
[2026-05-12T14:36:17.072+0000] {processor.py:161} INFO - Started process (PID=481) to work on /opt/airflow/dags/dag_1.py
[2026-05-12T14:36:17.078+0000] {processor.py:830} INFO - Processing file /opt/airflow/dags/dag_1.py for tasks to queue
[2026-05-12T14:36:17.086+0000] {logging_mixin.py:188} INFO - [2026-05-12T14:36:17.085+0000] {dagbag.py:540} INFO - Filling up the DagBag from /opt/airflow/dags/dag_1.py
[2026-05-12T14:36:17.113+0000] {processor.py:840} INFO - DAG(s) 'first_dag' retrieved from /opt/airflow/dags/dag_1.py
[2026-05-12T14:36:17.150+0000] {logging_mixin.py:188} INFO - [2026-05-12T14:36:17.150+0000] {dag.py:3047} INFO - Sync 1 DAGs
[2026-05-12T14:36:17.192+0000] {logging_mixin.py:188} INFO - [2026-05-12T14:36:17.192+0000] {dag.py:3834} INFO - Setting next_dagrun for first_dag to 2026-04-01 00:00:00+00:00, run_after=2026-04-02 00:00:00+00:00
[2026-05-12T14:36:17.218+0000] {processor.py:183} INFO - Processing /opt/airflow/dags/dag_1.py took 0.162 seconds
[2026-05-12T14:36:47.256+0000] {processor.py:161} INFO - Started process (PID=488) to work on /opt/airflow/dags/dag_1.py
[2026-05-12T14:36:47.257+0000] {processor.py:830} INFO - Processing file /opt/airflow/dags/dag_1.py for tasks to queue
[2026-05-12T14:36:47.259+0000] {logging_mixin.py:188} INFO - [2026-05-12T14:36:47.259+0000] {dagbag.py:540} INFO - Filling up the DagBag from /opt/airflow/dags/dag_1.py
[2026-05-12T14:36:47.271+0000] {processor.py:840} INFO - DAG(s) 'first_dag' retrieved from /opt/airflow/dags/dag_1.py
[2026-05-12T14:36:47.298+0000] {logging_mixin.py:188} INFO - [2026-05-12T14:36:47.298+0000] {dag.py:3047} INFO - Sync 1 DAGs
[2026-05-12T14:36:47.318+0000] {logging_mixin.py:188} INFO - [2026-05-12T14:36:47.318+0000] {dag.py:3834} INFO - Setting next_dagrun for first_dag to 2026-04-01 00:00:00+00:00, run_after=2026-04-02 00:00:00+00:00
[2026-05-12T14:36:47.335+0000] {processor.py:183} INFO - Processing /opt/airflow/dags/dag_1.py took 0.082 seconds
[2026-05-12T14:37:17.428+0000] {processor.py:161} INFO - Started process (PID=495) to work on /opt/airflow/dags/dag_1.py
[2026-05-12T14:37:17.429+0000] {processor.py:830} INFO - Processing file /opt/airflow/dags/dag_1.py for tasks to queue
[2026-05-12T14:37:17.431+0000] {logging_mixin.py:188} INFO - [2026-05-12T14:37:17.431+0000] {dagbag.py:540} INFO - Filling up the DagBag from /opt/airflow/dags/dag_1.py
[2026-05-12T14:37:17.445+0000] {processor.py:840} INFO - DAG(s) 'first_dag' retrieved from /opt/airflow/dags/dag_1.py
[2026-05-12T14:37:17.472+0000] {logging_mixin.py:188} INFO - [2026-05-12T14:37:17.472+0000] {dag.py:3047} INFO - Sync 1 DAGs
[2026-05-12T14:37:17.496+0000] {logging_mixin.py:188} INFO - [2026-05-12T14:37:17.495+0000] {dag.py:3834} INFO - Setting next_dagrun for first_dag to 2026-04-01 00:00:00+00:00, run_after=2026-04-02 00:00:00+00:00
[2026-05-12T14:37:17.515+0000] {processor.py:183} INFO - Processing /opt/airflow/dags/dag_1.py took 0.091 seconds
[2026-05-12T14:37:47.641+0000] {processor.py:161} INFO - Started process (PID=502) to work on /opt/airflow/dags/dag_1.py
[2026-05-12T14:37:47.643+0000] {processor.py:830} INFO - Processing file /opt/airflow/dags/dag_1.py for tasks to queue
[2026-05-12T14:37:47.662+0000] {logging_mixin.py:188} INFO - [2026-05-12T14:37:47.661+0000] {dagbag.py:540} INFO - Filling up the DagBag from /opt/airflow/dags/dag_1.py
[2026-05-12T14:37:47.679+0000] {processor.py:840} INFO - DAG(s) 'first_dag' retrieved from /opt/airflow/dags/dag_1.py
[2026-05-12T14:37:47.713+0000] {logging_mixin.py:188} INFO - [2026-05-12T14:37:47.713+0000] {dag.py:3047} INFO - Sync 1 DAGs
[2026-05-12T14:37:47.737+0000] {logging_mixin.py:188} INFO - [2026-05-12T14:37:47.737+0000] {dag.py:3834} INFO - Setting next_dagrun for first_dag to 2026-04-01 00:00:00+00:00, run_after=2026-04-02 00:00:00+00:00
[2026-05-12T14:37:47.753+0000] {processor.py:183} INFO - Processing /opt/airflow/dags/dag_1.py took 0.119 seconds
[2026-05-12T14:38:17.831+0000] {processor.py:161} INFO - Started process (PID=509) to work on /opt/airflow/dags/dag_1.py
[2026-05-12T14:38:17.833+0000] {processor.py:830} INFO - Processing file /opt/airflow/dags/dag_1.py for tasks to queue
[2026-05-12T14:38:17.835+0000] {logging_mixin.py:188} INFO - [2026-05-12T14:38:17.835+0000] {dagbag.py:540} INFO - Filling up the DagBag from /opt/airflow/dags/dag_1.py
[2026-05-12T14:38:17.849+0000] {processor.py:840} INFO - DAG(s) 'first_dag' retrieved from /opt/airflow/dags/dag_1.py
[2026-05-12T14:38:17.877+0000] {logging_mixin.py:188} INFO - [2026-05-12T14:38:17.876+0000] {dag.py:3047} INFO - Sync 1 DAGs
[2026-05-12T14:38:17.899+0000] {logging_mixin.py:188} INFO - [2026-05-12T14:38:17.898+0000] {dag.py:3834} INFO - Setting next_dagrun for first_dag to 2026-04-01 00:00:00+00:00, run_after=2026-04-02 00:00:00+00:00
[2026-05-12T14:38:17.920+0000] {processor.py:183} INFO - Processing /opt/airflow/dags/dag_1.py took 0.093 seconds
[2026-05-12T14:38:48.068+0000] {processor.py:161} INFO - Started process (PID=516) to work on /opt/airflow/dags/dag_1.py
[2026-05-12T14:38:48.069+0000] {processor.py:830} INFO - Processing file /opt/airflow/dags/dag_1.py for tasks to queue
[2026-05-12T14:38:48.071+0000] {logging_mixin.py:188} INFO - [2026-05-12T14:38:48.071+0000] {dagbag.py:540} INFO - Filling up the DagBag from /opt/airflow/dags/dag_1.py
[2026-05-12T14:38:48.082+0000] {processor.py:840} INFO - DAG(s) 'first_dag' retrieved from /opt/airflow/dags/dag_1.py
[2026-05-12T14:38:48.107+0000] {logging_mixin.py:188} INFO - [2026-05-12T14:38:48.106+0000] {dag.py:3047} INFO - Sync 1 DAGs
[2026-05-12T14:38:48.128+0000] {logging_mixin.py:188} INFO - [2026-05-12T14:38:48.128+0000] {dag.py:3834} INFO - Setting next_dagrun for first_dag to 2026-04-01 00:00:00+00:00, run_after=2026-04-02 00:00:00+00:00
[2026-05-12T14:38:48.144+0000] {processor.py:183} INFO - Processing /opt/airflow/dags/dag_1.py took 0.080 seconds
[2026-05-12T14:39:18.228+0000] {processor.py:161} INFO - Started process (PID=523) to work on /opt/airflow/dags/dag_1.py
[2026-05-12T14:39:18.230+0000] {processor.py:830} INFO - Processing file /opt/airflow/dags/dag_1.py for tasks to queue
[2026-05-12T14:39:18.232+0000] {logging_mixin.py:188} INFO - [2026-05-12T14:39:18.232+0000] {dagbag.py:540} INFO - Filling up the DagBag from /opt/airflow/dags/dag_1.py
[2026-05-12T14:39:18.271+0000] {processor.py:840} INFO - DAG(s) 'first_dag' retrieved from /opt/airflow/dags/dag_1.py
[2026-05-12T14:39:18.362+0000] {logging_mixin.py:188} INFO - [2026-05-12T14:39:18.362+0000] {dag.py:3047} INFO - Sync 1 DAGs
[2026-05-12T14:39:18.394+0000] {logging_mixin.py:188} INFO - [2026-05-12T14:39:18.393+0000] {dag.py:3834} INFO - Setting next_dagrun for first_dag to 2026-04-01 00:00:00+00:00, run_after=2026-04-02 00:00:00+00:00
[2026-05-12T14:39:18.421+0000] {processor.py:183} INFO - Processing /opt/airflow/dags/dag_1.py took 0.198 seconds
[2026-05-12T14:39:48.493+0000] {processor.py:161} INFO - Started process (PID=530) to work on /opt/airflow/dags/dag_1.py
[2026-05-12T14:39:48.495+0000] {processor.py:830} INFO - Processing file /opt/airflow/dags/dag_1.py for tasks to queue
[2026-05-12T14:39:48.497+0000] {logging_mixin.py:188} INFO - [2026-05-12T14:39:48.496+0000] {dagbag.py:540} INFO - Filling up the DagBag from /opt/airflow/dags/dag_1.py
[2026-05-12T14:39:48.509+0000] {processor.py:840} INFO - DAG(s) 'first_dag' retrieved from /opt/airflow/dags/dag_1.py
[2026-05-12T14:39:48.538+0000] {logging_mixin.py:188} INFO - [2026-05-12T14:39:48.537+0000] {dag.py:3047} INFO - Sync 1 DAGs
[2026-05-12T14:39:48.561+0000] {logging_mixin.py:188} INFO - [2026-05-12T14:39:48.561+0000] {dag.py:3834} INFO - Setting next_dagrun for first_dag to 2026-04-01 00:00:00+00:00, run_after=2026-04-02 00:00:00+00:00
[2026-05-12T14:39:48.583+0000] {processor.py:183} INFO - Processing /opt/airflow/dags/dag_1.py took 0.093 seconds
[2026-05-12T14:40:18.703+0000] {processor.py:161} INFO - Started process (PID=537) to work on /opt/airflow/dags/dag_1.py
[2026-05-12T14:40:18.704+0000] {processor.py:830} INFO - Processing file /opt/airflow/dags/dag_1.py for tasks to queue
[2026-05-12T14:40:18.706+0000] {logging_mixin.py:188} INFO - [2026-05-12T14:40:18.706+0000] {dagbag.py:540} INFO - Filling up the DagBag from /opt/airflow/dags/dag_1.py
[2026-05-12T14:40:18.719+0000] {processor.py:840} INFO - DAG(s) 'first_dag' retrieved from /opt/airflow/dags/dag_1.py
[2026-05-12T14:40:18.747+0000] {logging_mixin.py:188} INFO - [2026-05-12T14:40:18.746+0000] {dag.py:3047} INFO - Sync 1 DAGs
[2026-05-12T14:40:18.769+0000] {logging_mixin.py:188} INFO - [2026-05-12T14:40:18.768+0000] {dag.py:3834} INFO - Setting next_dagrun for first_dag to 2026-04-01 00:00:00+00:00, run_after=2026-04-02 00:00:00+00:00
[2026-05-12T14:40:18.788+0000] {processor.py:183} INFO - Processing /opt/airflow/dags/dag_1.py took 0.088 seconds
[2026-05-12T14:40:48.901+0000] {processor.py:161} INFO - Started process (PID=544) to work on /opt/airflow/dags/dag_1.py
[2026-05-12T14:40:48.903+0000] {processor.py:830} INFO - Processing file /opt/airflow/dags/dag_1.py for tasks to queue
[2026-05-12T14:40:48.905+0000] {logging_mixin.py:188} INFO - [2026-05-12T14:40:48.905+0000] {dagbag.py:540} INFO - Filling up the DagBag from /opt/airflow/dags/dag_1.py
[2026-05-12T14:40:48.918+0000] {processor.py:840} INFO - DAG(s) 'first_dag' retrieved from /opt/airflow/dags/dag_1.py
[2026-05-12T14:40:48.943+0000] {logging_mixin.py:188} INFO - [2026-05-12T14:40:48.943+0000] {dag.py:3047} INFO - Sync 1 DAGs
[2026-05-12T14:40:48.965+0000] {logging_mixin.py:188} INFO - [2026-05-12T14:40:48.965+0000] {dag.py:3834} INFO - Setting next_dagrun for first_dag to 2026-04-01 00:00:00+00:00, run_after=2026-04-02 00:00:00+00:00
[2026-05-12T14:40:48.983+0000] {processor.py:183} INFO - Processing /opt/airflow/dags/dag_1.py took 0.092 seconds
[2026-05-12T14:41:19.056+0000] {processor.py:161} INFO - Started process (PID=551) to work on /opt/airflow/dags/dag_1.py
[2026-05-12T14:41:19.057+0000] {processor.py:830} INFO - Processing file /opt/airflow/dags/dag_1.py for tasks to queue
[2026-05-12T14:41:19.059+0000] {logging_mixin.py:188} INFO - [2026-05-12T14:41:19.059+0000] {dagbag.py:540} INFO - Filling up the DagBag from /opt/airflow/dags/dag_1.py
[2026-05-12T14:41:19.071+0000] {processor.py:840} INFO - DAG(s) 'first_dag' retrieved from /opt/airflow/dags/dag_1.py
[2026-05-12T14:41:19.097+0000] {logging_mixin.py:188} INFO - [2026-05-12T14:41:19.097+0000] {dag.py:3047} INFO - Sync 1 DAGs
[2026-05-12T14:41:19.120+0000] {logging_mixin.py:188} INFO - [2026-05-12T14:41:19.119+0000] {dag.py:3834} INFO - Setting next_dagrun for first_dag to 2026-04-01 00:00:00+00:00, run_after=2026-04-02 00:00:00+00:00
[2026-05-12T14:41:19.139+0000] {processor.py:183} INFO - Processing /opt/airflow/dags/dag_1.py took 0.087 seconds
[2026-05-12T14:41:49.270+0000] {processor.py:161} INFO - Started process (PID=557) to work on /opt/airflow/dags/dag_1.py
[2026-05-12T14:41:49.271+0000] {processor.py:830} INFO - Processing file /opt/airflow/dags/dag_1.py for tasks to queue
[2026-05-12T14:41:49.274+0000] {logging_mixin.py:188} INFO - [2026-05-12T14:41:49.273+0000] {dagbag.py:540} INFO - Filling up the DagBag from /opt/airflow/dags/dag_1.py
[2026-05-12T14:41:49.285+0000] {processor.py:840} INFO - DAG(s) 'first_dag' retrieved from /opt/airflow/dags/dag_1.py
[2026-05-12T14:41:49.310+0000] {logging_mixin.py:188} INFO - [2026-05-12T14:41:49.310+0000] {dag.py:3047} INFO - Sync 1 DAGs
[2026-05-12T14:41:49.331+0000] {logging_mixin.py:188} INFO - [2026-05-12T14:41:49.331+0000] {dag.py:3834} INFO - Setting next_dagrun for first_dag to 2026-04-01 00:00:00+00:00, run_after=2026-04-02 00:00:00+00:00
[2026-05-12T14:41:49.347+0000] {processor.py:183} INFO - Processing /opt/airflow/dags/dag_1.py took 0.081 seconds
[2026-05-12T14:42:19.453+0000] {processor.py:161} INFO - Started process (PID=564) to work on /opt/airflow/dags/dag_1.py
[2026-05-12T14:42:19.455+0000] {processor.py:830} INFO - Processing file /opt/airflow/dags/dag_1.py for tasks to queue
[2026-05-12T14:42:19.460+0000] {logging_mixin.py:188} INFO - [2026-05-12T14:42:19.460+0000] {dagbag.py:540} INFO - Filling up the DagBag from /opt/airflow/dags/dag_1.py
[2026-05-12T14:42:19.477+0000] {processor.py:840} INFO - DAG(s) 'first_dag' retrieved from /opt/airflow/dags/dag_1.py
[2026-05-12T14:42:19.538+0000] {logging_mixin.py:188} INFO - [2026-05-12T14:42:19.538+0000] {dag.py:3047} INFO - Sync 1 DAGs
[2026-05-12T14:42:19.580+0000] {logging_mixin.py:188} INFO - [2026-05-12T14:42:19.580+0000] {dag.py:3834} INFO - Setting next_dagrun for first_dag to 2026-04-01 00:00:00+00:00, run_after=2026-04-02 00:00:00+00:00
[2026-05-12T14:42:19.596+0000] {processor.py:183} INFO - Processing /opt/airflow/dags/dag_1.py took 0.148 seconds
[2026-05-12T14:42:49.689+0000] {processor.py:161} INFO - Started process (PID=571) to work on /opt/airflow/dags/dag_1.py
[2026-05-12T14:42:49.692+0000] {processor.py:830} INFO - Processing file /opt/airflow/dags/dag_1.py for tasks to queue
[2026-05-12T14:42:49.699+0000] {logging_mixin.py:188} INFO - [2026-05-12T14:42:49.699+0000] {dagbag.py:540} INFO - Filling up the DagBag from /opt/airflow/dags/dag_1.py
[2026-05-12T14:42:49.719+0000] {processor.py:840} INFO - DAG(s) 'first_dag' retrieved from /opt/airflow/dags/dag_1.py
[2026-05-12T14:42:49.783+0000] {logging_mixin.py:188} INFO - [2026-05-12T14:42:49.782+0000] {dag.py:3047} INFO - Sync 1 DAGs
[2026-05-12T14:42:49.814+0000] {logging_mixin.py:188} INFO - [2026-05-12T14:42:49.813+0000] {dag.py:3834} INFO - Setting next_dagrun for first_dag to 2026-04-01 00:00:00+00:00, run_after=2026-04-02 00:00:00+00:00
[2026-05-12T14:42:49.852+0000] {processor.py:183} INFO - Processing /opt/airflow/dags/dag_1.py took 0.169 seconds
[2026-05-12T14:43:19.922+0000] {processor.py:161} INFO - Started process (PID=578) to work on /opt/airflow/dags/dag_1.py
[2026-05-12T14:43:19.923+0000] {processor.py:830} INFO - Processing file /opt/airflow/dags/dag_1.py for tasks to queue
[2026-05-12T14:43:19.927+0000] {logging_mixin.py:188} INFO - [2026-05-12T14:43:19.926+0000] {dagbag.py:540} INFO - Filling up the DagBag from /opt/airflow/dags/dag_1.py
[2026-05-12T14:43:19.945+0000] {processor.py:840} INFO - DAG(s) 'first_dag' retrieved from /opt/airflow/dags/dag_1.py
[2026-05-12T14:43:19.986+0000] {logging_mixin.py:188} INFO - [2026-05-12T14:43:19.985+0000] {dag.py:3047} INFO - Sync 1 DAGs
[2026-05-12T14:43:20.022+0000] {logging_mixin.py:188} INFO - [2026-05-12T14:43:20.021+0000] {dag.py:3834} INFO - Setting next_dagrun for first_dag to 2026-04-01 00:00:00+00:00, run_after=2026-04-02 00:00:00+00:00
[2026-05-12T14:43:20.046+0000] {processor.py:183} INFO - Processing /opt/airflow/dags/dag_1.py took 0.127 seconds
[2026-05-12T14:43:50.189+0000] {processor.py:161} INFO - Started process (PID=585) to work on /opt/airflow/dags/dag_1.py
[2026-05-12T14:43:50.190+0000] {processor.py:830} INFO - Processing file /opt/airflow/dags/dag_1.py for tasks to queue
[2026-05-12T14:43:50.193+0000] {logging_mixin.py:188} INFO - [2026-05-12T14:43:50.193+0000] {dagbag.py:540} INFO - Filling up the DagBag from /opt/airflow/dags/dag_1.py
[2026-05-12T14:43:50.205+0000] {processor.py:840} INFO - DAG(s) 'first_dag' retrieved from /opt/airflow/dags/dag_1.py
[2026-05-12T14:43:50.232+0000] {logging_mixin.py:188} INFO - [2026-05-12T14:43:50.231+0000] {dag.py:3047} INFO - Sync 1 DAGs
[2026-05-12T14:43:50.254+0000] {logging_mixin.py:188} INFO - [2026-05-12T14:43:50.254+0000] {dag.py:3834} INFO - Setting next_dagrun for first_dag to 2026-04-01 00:00:00+00:00, run_after=2026-04-02 00:00:00+00:00
[2026-05-12T14:43:50.270+0000] {processor.py:183} INFO - Processing /opt/airflow/dags/dag_1.py took 0.085 seconds
[2026-05-12T14:44:20.424+0000] {processor.py:161} INFO - Started process (PID=592) to work on /opt/airflow/dags/dag_1.py
[2026-05-12T14:44:20.425+0000] {processor.py:830} INFO - Processing file /opt/airflow/dags/dag_1.py for tasks to queue
[2026-05-12T14:44:20.429+0000] {logging_mixin.py:188} INFO - [2026-05-12T14:44:20.428+0000] {dagbag.py:540} INFO - Filling up the DagBag from /opt/airflow/dags/dag_1.py
[2026-05-12T14:44:20.441+0000] {processor.py:840} INFO - DAG(s) 'first_dag' retrieved from /opt/airflow/dags/dag_1.py
[2026-05-12T14:44:20.466+0000] {logging_mixin.py:188} INFO - [2026-05-12T14:44:20.465+0000] {dag.py:3047} INFO - Sync 1 DAGs
[2026-05-12T14:44:20.494+0000] {logging_mixin.py:188} INFO - [2026-05-12T14:44:20.492+0000] {dag.py:3834} INFO - Setting next_dagrun for first_dag to 2026-04-01 00:00:00+00:00, run_after=2026-04-02 00:00:00+00:00
[2026-05-12T14:44:20.511+0000] {processor.py:183} INFO - Processing /opt/airflow/dags/dag_1.py took 0.091 seconds
[2026-05-12T14:44:50.621+0000] {processor.py:161} INFO - Started process (PID=599) to work on /opt/airflow/dags/dag_1.py
[2026-05-12T14:44:50.622+0000] {processor.py:830} INFO - Processing file /opt/airflow/dags/dag_1.py for tasks to queue
[2026-05-12T14:44:50.624+0000] {logging_mixin.py:188} INFO - [2026-05-12T14:44:50.623+0000] {dagbag.py:540} INFO - Filling up the DagBag from /opt/airflow/dags/dag_1.py
[2026-05-12T14:44:50.635+0000] {processor.py:840} INFO - DAG(s) 'first_dag' retrieved from /opt/airflow/dags/dag_1.py
[2026-05-12T14:44:50.663+0000] {logging_mixin.py:188} INFO - [2026-05-12T14:44:50.663+0000] {dag.py:3047} INFO - Sync 1 DAGs
[2026-05-12T14:44:50.686+0000] {logging_mixin.py:188} INFO - [2026-05-12T14:44:50.686+0000] {dag.py:3834} INFO - Setting next_dagrun for first_dag to 2026-04-01 00:00:00+00:00, run_after=2026-04-02 00:00:00+00:00
[2026-05-12T14:44:50.702+0000] {processor.py:183} INFO - Processing /opt/airflow/dags/dag_1.py took 0.086 seconds
[2026-05-12T14:45:20.837+0000] {processor.py:161} INFO - Started process (PID=606) to work on /opt/airflow/dags/dag_1.py
[2026-05-12T14:45:20.838+0000] {processor.py:830} INFO - Processing file /opt/airflow/dags/dag_1.py for tasks to queue
[2026-05-12T14:45:20.841+0000] {logging_mixin.py:188} INFO - [2026-05-12T14:45:20.840+0000] {dagbag.py:540} INFO - Filling up the DagBag from /opt/airflow/dags/dag_1.py
[2026-05-12T14:45:20.856+0000] {processor.py:840} INFO - DAG(s) 'first_dag' retrieved from /opt/airflow/dags/dag_1.py
[2026-05-12T14:45:20.880+0000] {logging_mixin.py:188} INFO - [2026-05-12T14:45:20.880+0000] {dag.py:3047} INFO - Sync 1 DAGs
[2026-05-12T14:45:20.899+0000] {logging_mixin.py:188} INFO - [2026-05-12T14:45:20.899+0000] {dag.py:3834} INFO - Setting next_dagrun for first_dag to 2026-04-01 00:00:00+00:00, run_after=2026-04-02 00:00:00+00:00
[2026-05-12T14:45:20.915+0000] {processor.py:183} INFO - Processing /opt/airflow/dags/dag_1.py took 0.082 seconds
[2026-05-12T14:45:51.024+0000] {processor.py:161} INFO - Started process (PID=613) to work on /opt/airflow/dags/dag_1.py
[2026-05-12T14:45:51.025+0000] {processor.py:830} INFO - Processing file /opt/airflow/dags/dag_1.py for tasks to queue
[2026-05-12T14:45:51.028+0000] {logging_mixin.py:188} INFO - [2026-05-12T14:45:51.027+0000] {dagbag.py:540} INFO - Filling up the DagBag from /opt/airflow/dags/dag_1.py
[2026-05-12T14:45:51.042+0000] {processor.py:840} INFO - DAG(s) 'first_dag' retrieved from /opt/airflow/dags/dag_1.py
[2026-05-12T14:45:51.087+0000] {logging_mixin.py:188} INFO - [2026-05-12T14:45:51.086+0000] {dag.py:3047} INFO - Sync 1 DAGs
[2026-05-12T14:45:51.119+0000] {logging_mixin.py:188} INFO - [2026-05-12T14:45:51.118+0000] {dag.py:3834} INFO - Setting next_dagrun for first_dag to 2026-04-01 00:00:00+00:00, run_after=2026-04-02 00:00:00+00:00
[2026-05-12T14:45:51.142+0000] {processor.py:183} INFO - Processing /opt/airflow/dags/dag_1.py took 0.122 seconds
[2026-05-12T14:46:21.227+0000] {processor.py:161} INFO - Started process (PID=620) to work on /opt/airflow/dags/dag_1.py
[2026-05-12T14:46:21.228+0000] {processor.py:830} INFO - Processing file /opt/airflow/dags/dag_1.py for tasks to queue
[2026-05-12T14:46:21.230+0000] {logging_mixin.py:188} INFO - [2026-05-12T14:46:21.230+0000] {dagbag.py:540} INFO - Filling up the DagBag from /opt/airflow/dags/dag_1.py
[2026-05-12T14:46:21.242+0000] {processor.py:840} INFO - DAG(s) 'first_dag' retrieved from /opt/airflow/dags/dag_1.py
[2026-05-12T14:46:21.270+0000] {logging_mixin.py:188} INFO - [2026-05-12T14:46:21.269+0000] {dag.py:3047} INFO - Sync 1 DAGs
[2026-05-12T14:46:21.290+0000] {logging_mixin.py:188} INFO - [2026-05-12T14:46:21.290+0000] {dag.py:3834} INFO - Setting next_dagrun for first_dag to 2026-04-01 00:00:00+00:00, run_after=2026-04-02 00:00:00+00:00
[2026-05-12T14:46:21.308+0000] {processor.py:183} INFO - Processing /opt/airflow/dags/dag_1.py took 0.084 seconds
[2026-05-12T14:46:51.441+0000] {processor.py:161} INFO - Started process (PID=627) to work on /opt/airflow/dags/dag_1.py
[2026-05-12T14:46:51.442+0000] {processor.py:830} INFO - Processing file /opt/airflow/dags/dag_1.py for tasks to queue
[2026-05-12T14:46:51.444+0000] {logging_mixin.py:188} INFO - [2026-05-12T14:46:51.444+0000] {dagbag.py:540} INFO - Filling up the DagBag from /opt/airflow/dags/dag_1.py
[2026-05-12T14:46:51.457+0000] {processor.py:840} INFO - DAG(s) 'first_dag' retrieved from /opt/airflow/dags/dag_1.py
[2026-05-12T14:46:51.484+0000] {logging_mixin.py:188} INFO - [2026-05-12T14:46:51.484+0000] {dag.py:3047} INFO - Sync 1 DAGs
[2026-05-12T14:46:51.506+0000] {logging_mixin.py:188} INFO - [2026-05-12T14:46:51.505+0000] {dag.py:3834} INFO - Setting next_dagrun for first_dag to 2026-04-01 00:00:00+00:00, run_after=2026-04-02 00:00:00+00:00
[2026-05-12T14:46:51.525+0000] {processor.py:183} INFO - Processing /opt/airflow/dags/dag_1.py took 0.088 seconds
[2026-05-12T14:49:13.911+0000] {processor.py:161} INFO - Started process (PID=62) to work on /opt/airflow/dags/dag_1.py
[2026-05-12T14:49:13.919+0000] {processor.py:830} INFO - Processing file /opt/airflow/dags/dag_1.py for tasks to queue
[2026-05-12T14:49:13.942+0000] {logging_mixin.py:188} INFO - [2026-05-12T14:49:13.937+0000] {dagbag.py:540} INFO - Filling up the DagBag from /opt/airflow/dags/dag_1.py
[2026-05-12T14:49:14.038+0000] {processor.py:840} INFO - DAG(s) 'first_dag' retrieved from /opt/airflow/dags/dag_1.py
[2026-05-12T14:49:14.451+0000] {logging_mixin.py:188} INFO - [2026-05-12T14:49:14.450+0000] {dag.py:3047} INFO - Sync 1 DAGs
[2026-05-12T14:49:14.496+0000] {logging_mixin.py:188} INFO - [2026-05-12T14:49:14.496+0000] {dag.py:3834} INFO - Setting next_dagrun for first_dag to 2026-04-01 00:00:00+00:00, run_after=2026-04-02 00:00:00+00:00
[2026-05-12T14:49:14.556+0000] {processor.py:183} INFO - Processing /opt/airflow/dags/dag_1.py took 0.678 seconds
[2026-05-12T14:49:44.814+0000] {processor.py:161} INFO - Started process (PID=68) to work on /opt/airflow/dags/dag_1.py
[2026-05-12T14:49:44.817+0000] {processor.py:830} INFO - Processing file /opt/airflow/dags/dag_1.py for tasks to queue
[2026-05-12T14:49:44.819+0000] {logging_mixin.py:188} INFO - [2026-05-12T14:49:44.818+0000] {dagbag.py:540} INFO - Filling up the DagBag from /opt/airflow/dags/dag_1.py
[2026-05-12T14:49:44.836+0000] {processor.py:840} INFO - DAG(s) 'first_dag' retrieved from /opt/airflow/dags/dag_1.py
[2026-05-12T14:49:44.871+0000] {logging_mixin.py:188} INFO - [2026-05-12T14:49:44.870+0000] {dag.py:3047} INFO - Sync 1 DAGs
[2026-05-12T14:49:44.896+0000] {logging_mixin.py:188} INFO - [2026-05-12T14:49:44.895+0000] {dag.py:3834} INFO - Setting next_dagrun for first_dag to 2026-04-01 00:00:00+00:00, run_after=2026-04-02 00:00:00+00:00
[2026-05-12T14:49:44.914+0000] {processor.py:183} INFO - Processing /opt/airflow/dags/dag_1.py took 0.103 seconds
[2026-05-12T14:50:15.006+0000] {processor.py:161} INFO - Started process (PID=75) to work on /opt/airflow/dags/dag_1.py
[2026-05-12T14:50:15.007+0000] {processor.py:830} INFO - Processing file /opt/airflow/dags/dag_1.py for tasks to queue
[2026-05-12T14:50:15.009+0000] {logging_mixin.py:188} INFO - [2026-05-12T14:50:15.009+0000] {dagbag.py:540} INFO - Filling up the DagBag from /opt/airflow/dags/dag_1.py
[2026-05-12T14:50:15.022+0000] {processor.py:840} INFO - DAG(s) 'first_dag' retrieved from /opt/airflow/dags/dag_1.py
[2026-05-12T14:50:15.049+0000] {logging_mixin.py:188} INFO - [2026-05-12T14:50:15.049+0000] {dag.py:3047} INFO - Sync 1 DAGs
[2026-05-12T14:50:15.073+0000] {logging_mixin.py:188} INFO - [2026-05-12T14:50:15.073+0000] {dag.py:3834} INFO - Setting next_dagrun for first_dag to 2026-04-01 00:00:00+00:00, run_after=2026-04-02 00:00:00+00:00
[2026-05-12T14:50:15.091+0000] {processor.py:183} INFO - Processing /opt/airflow/dags/dag_1.py took 0.089 seconds
[2026-05-12T14:50:45.254+0000] {processor.py:161} INFO - Started process (PID=82) to work on /opt/airflow/dags/dag_1.py
[2026-05-12T14:50:45.259+0000] {processor.py:830} INFO - Processing file /opt/airflow/dags/dag_1.py for tasks to queue
[2026-05-12T14:50:45.267+0000] {logging_mixin.py:188} INFO - [2026-05-12T14:50:45.266+0000] {dagbag.py:540} INFO - Filling up the DagBag from /opt/airflow/dags/dag_1.py
[2026-05-12T14:50:45.307+0000] {processor.py:840} INFO - DAG(s) 'first_dag' retrieved from /opt/airflow/dags/dag_1.py
[2026-05-12T14:50:45.384+0000] {logging_mixin.py:188} INFO - [2026-05-12T14:50:45.383+0000] {dag.py:3047} INFO - Sync 1 DAGs
[2026-05-12T14:50:45.473+0000] {logging_mixin.py:188} INFO - [2026-05-12T14:50:45.469+0000] {dag.py:3834} INFO - Setting next_dagrun for first_dag to 2026-04-01 00:00:00+00:00, run_after=2026-04-02 00:00:00+00:00
[2026-05-12T14:50:45.548+0000] {processor.py:183} INFO - Processing /opt/airflow/dags/dag_1.py took 0.305 seconds
[2026-05-12T14:51:15.711+0000] {processor.py:161} INFO - Started process (PID=89) to work on /opt/airflow/dags/dag_1.py
[2026-05-12T14:51:15.712+0000] {processor.py:830} INFO - Processing file /opt/airflow/dags/dag_1.py for tasks to queue
[2026-05-12T14:51:15.714+0000] {logging_mixin.py:188} INFO - [2026-05-12T14:51:15.714+0000] {dagbag.py:540} INFO - Filling up the DagBag from /opt/airflow/dags/dag_1.py
[2026-05-12T14:51:15.725+0000] {processor.py:840} INFO - DAG(s) 'first_dag' retrieved from /opt/airflow/dags/dag_1.py
[2026-05-12T14:51:15.753+0000] {logging_mixin.py:188} INFO - [2026-05-12T14:51:15.753+0000] {dag.py:3047} INFO - Sync 1 DAGs
[2026-05-12T14:51:15.775+0000] {logging_mixin.py:188} INFO - [2026-05-12T14:51:15.775+0000] {dag.py:3834} INFO - Setting next_dagrun for first_dag to 2026-04-01 00:00:00+00:00, run_after=2026-04-02 00:00:00+00:00
[2026-05-12T14:51:15.796+0000] {processor.py:183} INFO - Processing /opt/airflow/dags/dag_1.py took 0.089 seconds
[2026-05-12T14:51:45.896+0000] {processor.py:161} INFO - Started process (PID=96) to work on /opt/airflow/dags/dag_1.py
[2026-05-12T14:51:45.897+0000] {processor.py:830} INFO - Processing file /opt/airflow/dags/dag_1.py for tasks to queue
[2026-05-12T14:51:45.899+0000] {logging_mixin.py:188} INFO - [2026-05-12T14:51:45.898+0000] {dagbag.py:540} INFO - Filling up the DagBag from /opt/airflow/dags/dag_1.py
[2026-05-12T14:51:45.910+0000] {processor.py:840} INFO - DAG(s) 'first_dag' retrieved from /opt/airflow/dags/dag_1.py
[2026-05-12T14:51:45.942+0000] {logging_mixin.py:188} INFO - [2026-05-12T14:51:45.941+0000] {dag.py:3047} INFO - Sync 1 DAGs
[2026-05-12T14:51:45.965+0000] {logging_mixin.py:188} INFO - [2026-05-12T14:51:45.964+0000] {dag.py:3834} INFO - Setting next_dagrun for first_dag to 2026-04-01 00:00:00+00:00, run_after=2026-04-02 00:00:00+00:00
[2026-05-12T14:51:45.983+0000] {processor.py:183} INFO - Processing /opt/airflow/dags/dag_1.py took 0.091 seconds
[2026-05-12T14:52:16.174+0000] {processor.py:161} INFO - Started process (PID=103) to work on /opt/airflow/dags/dag_1.py
[2026-05-12T14:52:16.175+0000] {processor.py:830} INFO - Processing file /opt/airflow/dags/dag_1.py for tasks to queue
[2026-05-12T14:52:16.177+0000] {logging_mixin.py:188} INFO - [2026-05-12T14:52:16.176+0000] {dagbag.py:540} INFO - Filling up the DagBag from /opt/airflow/dags/dag_1.py
[2026-05-12T14:52:16.188+0000] {processor.py:840} INFO - DAG(s) 'first_dag' retrieved from /opt/airflow/dags/dag_1.py
[2026-05-12T14:52:16.213+0000] {logging_mixin.py:188} INFO - [2026-05-12T14:52:16.212+0000] {dag.py:3047} INFO - Sync 1 DAGs
[2026-05-12T14:52:16.240+0000] {logging_mixin.py:188} INFO - [2026-05-12T14:52:16.239+0000] {dag.py:3834} INFO - Setting next_dagrun for first_dag to 2026-04-01 00:00:00+00:00, run_after=2026-04-02 00:00:00+00:00
[2026-05-12T14:52:16.257+0000] {processor.py:183} INFO - Processing /opt/airflow/dags/dag_1.py took 0.088 seconds
[2026-05-12T14:52:46.335+0000] {processor.py:161} INFO - Started process (PID=110) to work on /opt/airflow/dags/dag_1.py
[2026-05-12T14:52:46.336+0000] {processor.py:830} INFO - Processing file /opt/airflow/dags/dag_1.py for tasks to queue
[2026-05-12T14:52:46.338+0000] {logging_mixin.py:188} INFO - [2026-05-12T14:52:46.338+0000] {dagbag.py:540} INFO - Filling up the DagBag from /opt/airflow/dags/dag_1.py
[2026-05-12T14:52:46.349+0000] {processor.py:840} INFO - DAG(s) 'first_dag' retrieved from /opt/airflow/dags/dag_1.py
[2026-05-12T14:52:46.376+0000] {logging_mixin.py:188} INFO - [2026-05-12T14:52:46.376+0000] {dag.py:3047} INFO - Sync 1 DAGs
[2026-05-12T14:52:46.397+0000] {logging_mixin.py:188} INFO - [2026-05-12T14:52:46.397+0000] {dag.py:3834} INFO - Setting next_dagrun for first_dag to 2026-04-01 00:00:00+00:00, run_after=2026-04-02 00:00:00+00:00
[2026-05-12T14:52:46.418+0000] {processor.py:183} INFO - Processing /opt/airflow/dags/dag_1.py took 0.086 seconds
[2026-05-12T14:53:16.543+0000] {processor.py:161} INFO - Started process (PID=117) to work on /opt/airflow/dags/dag_1.py
[2026-05-12T14:53:16.544+0000] {processor.py:830} INFO - Processing file /opt/airflow/dags/dag_1.py for tasks to queue
[2026-05-12T14:53:16.546+0000] {logging_mixin.py:188} INFO - [2026-05-12T14:53:16.546+0000] {dagbag.py:540} INFO - Filling up the DagBag from /opt/airflow/dags/dag_1.py
[2026-05-12T14:53:16.557+0000] {processor.py:840} INFO - DAG(s) 'first_dag' retrieved from /opt/airflow/dags/dag_1.py
[2026-05-12T14:53:16.583+0000] {logging_mixin.py:188} INFO - [2026-05-12T14:53:16.583+0000] {dag.py:3047} INFO - Sync 1 DAGs
[2026-05-12T14:53:16.605+0000] {logging_mixin.py:188} INFO - [2026-05-12T14:53:16.604+0000] {dag.py:3834} INFO - Setting next_dagrun for first_dag to 2026-04-01 00:00:00+00:00, run_after=2026-04-02 00:00:00+00:00
[2026-05-12T14:53:16.623+0000] {processor.py:183} INFO - Processing /opt/airflow/dags/dag_1.py took 0.085 seconds
[2026-05-12T14:53:46.727+0000] {processor.py:161} INFO - Started process (PID=124) to work on /opt/airflow/dags/dag_1.py
[2026-05-12T14:53:46.728+0000] {processor.py:830} INFO - Processing file /opt/airflow/dags/dag_1.py for tasks to queue
[2026-05-12T14:53:46.729+0000] {logging_mixin.py:188} INFO - [2026-05-12T14:53:46.729+0000] {dagbag.py:540} INFO - Filling up the DagBag from /opt/airflow/dags/dag_1.py
[2026-05-12T14:53:46.741+0000] {processor.py:840} INFO - DAG(s) 'first_dag' retrieved from /opt/airflow/dags/dag_1.py
[2026-05-12T14:53:46.767+0000] {logging_mixin.py:188} INFO - [2026-05-12T14:53:46.766+0000] {dag.py:3047} INFO - Sync 1 DAGs
[2026-05-12T14:53:46.788+0000] {logging_mixin.py:188} INFO - [2026-05-12T14:53:46.788+0000] {dag.py:3834} INFO - Setting next_dagrun for first_dag to 2026-04-01 00:00:00+00:00, run_after=2026-04-02 00:00:00+00:00
[2026-05-12T14:53:46.806+0000] {processor.py:183} INFO - Processing /opt/airflow/dags/dag_1.py took 0.082 seconds
[2026-05-12T14:54:16.948+0000] {processor.py:161} INFO - Started process (PID=131) to work on /opt/airflow/dags/dag_1.py
[2026-05-12T14:54:16.949+0000] {processor.py:830} INFO - Processing file /opt/airflow/dags/dag_1.py for tasks to queue
[2026-05-12T14:54:16.951+0000] {logging_mixin.py:188} INFO - [2026-05-12T14:54:16.951+0000] {dagbag.py:540} INFO - Filling up the DagBag from /opt/airflow/dags/dag_1.py
[2026-05-12T14:54:16.962+0000] {processor.py:840} INFO - DAG(s) 'first_dag' retrieved from /opt/airflow/dags/dag_1.py
[2026-05-12T14:54:16.987+0000] {logging_mixin.py:188} INFO - [2026-05-12T14:54:16.987+0000] {dag.py:3047} INFO - Sync 1 DAGs
[2026-05-12T14:54:17.008+0000] {logging_mixin.py:188} INFO - [2026-05-12T14:54:17.008+0000] {dag.py:3834} INFO - Setting next_dagrun for first_dag to 2026-04-01 00:00:00+00:00, run_after=2026-04-02 00:00:00+00:00
[2026-05-12T14:54:17.026+0000] {processor.py:183} INFO - Processing /opt/airflow/dags/dag_1.py took 0.082 seconds
[2026-05-12T14:54:47.145+0000] {processor.py:161} INFO - Started process (PID=137) to work on /opt/airflow/dags/dag_1.py
[2026-05-12T14:54:47.146+0000] {processor.py:830} INFO - Processing file /opt/airflow/dags/dag_1.py for tasks to queue
[2026-05-12T14:54:47.148+0000] {logging_mixin.py:188} INFO - [2026-05-12T14:54:47.148+0000] {dagbag.py:540} INFO - Filling up the DagBag from /opt/airflow/dags/dag_1.py
[2026-05-12T14:54:47.165+0000] {processor.py:840} INFO - DAG(s) 'first_dag' retrieved from /opt/airflow/dags/dag_1.py
[2026-05-12T14:54:47.211+0000] {logging_mixin.py:188} INFO - [2026-05-12T14:54:47.210+0000] {dag.py:3047} INFO - Sync 1 DAGs
[2026-05-12T14:54:47.247+0000] {logging_mixin.py:188} INFO - [2026-05-12T14:54:47.246+0000] {dag.py:3834} INFO - Setting next_dagrun for first_dag to 2026-04-01 00:00:00+00:00, run_after=2026-04-02 00:00:00+00:00
[2026-05-12T14:54:47.292+0000] {processor.py:183} INFO - Processing /opt/airflow/dags/dag_1.py took 0.151 seconds
[2026-05-12T14:55:17.341+0000] {processor.py:161} INFO - Started process (PID=144) to work on /opt/airflow/dags/dag_1.py
[2026-05-12T14:55:17.342+0000] {processor.py:830} INFO - Processing file /opt/airflow/dags/dag_1.py for tasks to queue
[2026-05-12T14:55:17.344+0000] {logging_mixin.py:188} INFO - [2026-05-12T14:55:17.344+0000] {dagbag.py:540} INFO - Filling up the DagBag from /opt/airflow/dags/dag_1.py
[2026-05-12T14:55:17.355+0000] {processor.py:840} INFO - DAG(s) 'first_dag' retrieved from /opt/airflow/dags/dag_1.py
[2026-05-12T14:55:17.387+0000] {logging_mixin.py:188} INFO - [2026-05-12T14:55:17.387+0000] {dag.py:3047} INFO - Sync 1 DAGs
[2026-05-12T14:55:17.408+0000] {logging_mixin.py:188} INFO - [2026-05-12T14:55:17.408+0000] {dag.py:3834} INFO - Setting next_dagrun for first_dag to 2026-04-01 00:00:00+00:00, run_after=2026-04-02 00:00:00+00:00
[2026-05-12T14:55:17.426+0000] {processor.py:183} INFO - Processing /opt/airflow/dags/dag_1.py took 0.089 seconds
[2026-05-12T14:55:47.532+0000] {processor.py:161} INFO - Started process (PID=150) to work on /opt/airflow/dags/dag_1.py
[2026-05-12T14:55:47.537+0000] {processor.py:830} INFO - Processing file /opt/airflow/dags/dag_1.py for tasks to queue
[2026-05-12T14:55:47.541+0000] {logging_mixin.py:188} INFO - [2026-05-12T14:55:47.540+0000] {dagbag.py:540} INFO - Filling up the DagBag from /opt/airflow/dags/dag_1.py
[2026-05-12T14:55:47.559+0000] {processor.py:840} INFO - DAG(s) 'first_dag' retrieved from /opt/airflow/dags/dag_1.py
[2026-05-12T14:55:47.612+0000] {logging_mixin.py:188} INFO - [2026-05-12T14:55:47.612+0000] {dag.py:3047} INFO - Sync 1 DAGs
[2026-05-12T14:55:47.643+0000] {logging_mixin.py:188} INFO - [2026-05-12T14:55:47.643+0000] {dag.py:3834} INFO - Setting next_dagrun for first_dag to 2026-04-01 00:00:00+00:00, run_after=2026-04-02 00:00:00+00:00
[2026-05-12T14:55:47.672+0000] {processor.py:183} INFO - Processing /opt/airflow/dags/dag_1.py took 0.152 seconds
[2026-05-12T14:56:17.761+0000] {processor.py:161} INFO - Started process (PID=157) to work on /opt/airflow/dags/dag_1.py
[2026-05-12T14:56:17.772+0000] {processor.py:830} INFO - Processing file /opt/airflow/dags/dag_1.py for tasks to queue
[2026-05-12T14:56:17.789+0000] {logging_mixin.py:188} INFO - [2026-05-12T14:56:17.787+0000] {dagbag.py:540} INFO - Filling up the DagBag from /opt/airflow/dags/dag_1.py
[2026-05-12T14:56:17.810+0000] {processor.py:840} INFO - DAG(s) 'first_dag' retrieved from /opt/airflow/dags/dag_1.py
[2026-05-12T14:56:17.850+0000] {logging_mixin.py:188} INFO - [2026-05-12T14:56:17.850+0000] {dag.py:3047} INFO - Sync 1 DAGs
[2026-05-12T14:56:17.905+0000] {logging_mixin.py:188} INFO - [2026-05-12T14:56:17.904+0000] {dag.py:3834} INFO - Setting next_dagrun for first_dag to 2026-04-01 00:00:00+00:00, run_after=2026-04-02 00:00:00+00:00
[2026-05-12T14:56:17.926+0000] {processor.py:183} INFO - Processing /opt/airflow/dags/dag_1.py took 0.182 seconds
[2026-05-12T14:56:48.033+0000] {processor.py:161} INFO - Started process (PID=164) to work on /opt/airflow/dags/dag_1.py
[2026-05-12T14:56:48.035+0000] {processor.py:830} INFO - Processing file /opt/airflow/dags/dag_1.py for tasks to queue
[2026-05-12T14:56:48.038+0000] {logging_mixin.py:188} INFO - [2026-05-12T14:56:48.038+0000] {dagbag.py:540} INFO - Filling up the DagBag from /opt/airflow/dags/dag_1.py
[2026-05-12T14:56:48.053+0000] {processor.py:840} INFO - DAG(s) 'first_dag' retrieved from /opt/airflow/dags/dag_1.py
[2026-05-12T14:56:48.089+0000] {logging_mixin.py:188} INFO - [2026-05-12T14:56:48.089+0000] {dag.py:3047} INFO - Sync 1 DAGs
[2026-05-12T14:56:48.151+0000] {logging_mixin.py:188} INFO - [2026-05-12T14:56:48.151+0000] {dag.py:3834} INFO - Setting next_dagrun for first_dag to 2026-04-01 00:00:00+00:00, run_after=2026-04-02 00:00:00+00:00
[2026-05-12T14:56:48.191+0000] {processor.py:183} INFO - Processing /opt/airflow/dags/dag_1.py took 0.167 seconds
[2026-05-12T14:57:18.280+0000] {processor.py:161} INFO - Started process (PID=172) to work on /opt/airflow/dags/dag_1.py
[2026-05-12T14:57:18.280+0000] {processor.py:830} INFO - Processing file /opt/airflow/dags/dag_1.py for tasks to queue
[2026-05-12T14:57:18.283+0000] {logging_mixin.py:188} INFO - [2026-05-12T14:57:18.282+0000] {dagbag.py:540} INFO - Filling up the DagBag from /opt/airflow/dags/dag_1.py
[2026-05-12T14:57:18.317+0000] {processor.py:840} INFO - DAG(s) 'first_dag' retrieved from /opt/airflow/dags/dag_1.py
[2026-05-12T14:57:18.408+0000] {logging_mixin.py:188} INFO - [2026-05-12T14:57:18.408+0000] {dag.py:3047} INFO - Sync 1 DAGs
[2026-05-12T14:57:18.453+0000] {logging_mixin.py:188} INFO - [2026-05-12T14:57:18.452+0000] {dag.py:3834} INFO - Setting next_dagrun for first_dag to 2026-04-01 00:00:00+00:00, run_after=2026-04-02 00:00:00+00:00
[2026-05-12T14:57:18.469+0000] {processor.py:183} INFO - Processing /opt/airflow/dags/dag_1.py took 0.195 seconds
[2026-05-12T14:57:48.563+0000] {processor.py:161} INFO - Started process (PID=178) to work on /opt/airflow/dags/dag_1.py
[2026-05-12T14:57:48.564+0000] {processor.py:830} INFO - Processing file /opt/airflow/dags/dag_1.py for tasks to queue
[2026-05-12T14:57:48.566+0000] {logging_mixin.py:188} INFO - [2026-05-12T14:57:48.565+0000] {dagbag.py:540} INFO - Filling up the DagBag from /opt/airflow/dags/dag_1.py
[2026-05-12T14:57:48.581+0000] {processor.py:840} INFO - DAG(s) 'first_dag' retrieved from /opt/airflow/dags/dag_1.py
[2026-05-12T14:57:48.608+0000] {logging_mixin.py:188} INFO - [2026-05-12T14:57:48.608+0000] {dag.py:3047} INFO - Sync 1 DAGs
[2026-05-12T14:57:48.628+0000] {logging_mixin.py:188} INFO - [2026-05-12T14:57:48.628+0000] {dag.py:3834} INFO - Setting next_dagrun for first_dag to 2026-04-01 00:00:00+00:00, run_after=2026-04-02 00:00:00+00:00
[2026-05-12T14:57:48.644+0000] {processor.py:183} INFO - Processing /opt/airflow/dags/dag_1.py took 0.086 seconds
[2026-05-12T14:58:18.780+0000] {processor.py:161} INFO - Started process (PID=185) to work on /opt/airflow/dags/dag_1.py
[2026-05-12T14:58:18.781+0000] {processor.py:830} INFO - Processing file /opt/airflow/dags/dag_1.py for tasks to queue
[2026-05-12T14:58:18.782+0000] {logging_mixin.py:188} INFO - [2026-05-12T14:58:18.782+0000] {dagbag.py:540} INFO - Filling up the DagBag from /opt/airflow/dags/dag_1.py
[2026-05-12T14:58:18.795+0000] {processor.py:840} INFO - DAG(s) 'first_dag' retrieved from /opt/airflow/dags/dag_1.py
[2026-05-12T14:58:18.821+0000] {logging_mixin.py:188} INFO - [2026-05-12T14:58:18.821+0000] {dag.py:3047} INFO - Sync 1 DAGs
[2026-05-12T14:58:18.843+0000] {logging_mixin.py:188} INFO - [2026-05-12T14:58:18.843+0000] {dag.py:3834} INFO - Setting next_dagrun for first_dag to 2026-04-01 00:00:00+00:00, run_after=2026-04-02 00:00:00+00:00
[2026-05-12T14:58:18.867+0000] {processor.py:183} INFO - Processing /opt/airflow/dags/dag_1.py took 0.090 seconds
[2026-05-12T14:58:48.947+0000] {processor.py:161} INFO - Started process (PID=192) to work on /opt/airflow/dags/dag_1.py
[2026-05-12T14:58:48.948+0000] {processor.py:830} INFO - Processing file /opt/airflow/dags/dag_1.py for tasks to queue
[2026-05-12T14:58:48.949+0000] {logging_mixin.py:188} INFO - [2026-05-12T14:58:48.949+0000] {dagbag.py:540} INFO - Filling up the DagBag from /opt/airflow/dags/dag_1.py
[2026-05-12T14:58:48.960+0000] {processor.py:840} INFO - DAG(s) 'first_dag' retrieved from /opt/airflow/dags/dag_1.py
[2026-05-12T14:58:48.986+0000] {logging_mixin.py:188} INFO - [2026-05-12T14:58:48.986+0000] {dag.py:3047} INFO - Sync 1 DAGs
[2026-05-12T14:58:49.007+0000] {logging_mixin.py:188} INFO - [2026-05-12T14:58:49.006+0000] {dag.py:3834} INFO - Setting next_dagrun for first_dag to 2026-04-01 00:00:00+00:00, run_after=2026-04-02 00:00:00+00:00
[2026-05-12T14:58:49.023+0000] {processor.py:183} INFO - Processing /opt/airflow/dags/dag_1.py took 0.080 seconds
[2026-05-12T14:59:19.173+0000] {processor.py:161} INFO - Started process (PID=199) to work on /opt/airflow/dags/dag_1.py
[2026-05-12T14:59:19.174+0000] {processor.py:830} INFO - Processing file /opt/airflow/dags/dag_1.py for tasks to queue
[2026-05-12T14:59:19.176+0000] {logging_mixin.py:188} INFO - [2026-05-12T14:59:19.175+0000] {dagbag.py:540} INFO - Filling up the DagBag from /opt/airflow/dags/dag_1.py
[2026-05-12T14:59:19.187+0000] {processor.py:840} INFO - DAG(s) 'first_dag' retrieved from /opt/airflow/dags/dag_1.py
[2026-05-12T14:59:19.216+0000] {logging_mixin.py:188} INFO - [2026-05-12T14:59:19.215+0000] {dag.py:3047} INFO - Sync 1 DAGs
[2026-05-12T14:59:19.235+0000] {logging_mixin.py:188} INFO - [2026-05-12T14:59:19.235+0000] {dag.py:3834} INFO - Setting next_dagrun for first_dag to 2026-04-01 00:00:00+00:00, run_after=2026-04-02 00:00:00+00:00
[2026-05-12T14:59:19.253+0000] {processor.py:183} INFO - Processing /opt/airflow/dags/dag_1.py took 0.085 seconds
[2026-05-12T14:59:49.325+0000] {processor.py:161} INFO - Started process (PID=206) to work on /opt/airflow/dags/dag_1.py
[2026-05-12T14:59:49.326+0000] {processor.py:830} INFO - Processing file /opt/airflow/dags/dag_1.py for tasks to queue
[2026-05-12T14:59:49.328+0000] {logging_mixin.py:188} INFO - [2026-05-12T14:59:49.327+0000] {dagbag.py:540} INFO - Filling up the DagBag from /opt/airflow/dags/dag_1.py
[2026-05-12T14:59:49.339+0000] {processor.py:840} INFO - DAG(s) 'first_dag' retrieved from /opt/airflow/dags/dag_1.py
[2026-05-12T14:59:49.383+0000] {logging_mixin.py:188} INFO - [2026-05-12T14:59:49.377+0000] {dag.py:3047} INFO - Sync 1 DAGs
[2026-05-12T14:59:49.416+0000] {logging_mixin.py:188} INFO - [2026-05-12T14:59:49.416+0000] {dag.py:3834} INFO - Setting next_dagrun for first_dag to 2026-04-01 00:00:00+00:00, run_after=2026-04-02 00:00:00+00:00
[2026-05-12T14:59:49.431+0000] {processor.py:183} INFO - Processing /opt/airflow/dags/dag_1.py took 0.110 seconds
[2026-05-12T15:00:19.546+0000] {processor.py:161} INFO - Started process (PID=213) to work on /opt/airflow/dags/dag_1.py
[2026-05-12T15:00:19.547+0000] {processor.py:830} INFO - Processing file /opt/airflow/dags/dag_1.py for tasks to queue
[2026-05-12T15:00:19.549+0000] {logging_mixin.py:188} INFO - [2026-05-12T15:00:19.548+0000] {dagbag.py:540} INFO - Filling up the DagBag from /opt/airflow/dags/dag_1.py
[2026-05-12T15:00:19.561+0000] {processor.py:840} INFO - DAG(s) 'first_dag' retrieved from /opt/airflow/dags/dag_1.py
[2026-05-12T15:00:19.595+0000] {logging_mixin.py:188} INFO - [2026-05-12T15:00:19.595+0000] {dag.py:3047} INFO - Sync 1 DAGs
[2026-05-12T15:00:19.615+0000] {logging_mixin.py:188} INFO - [2026-05-12T15:00:19.614+0000] {dag.py:3834} INFO - Setting next_dagrun for first_dag to 2026-04-01 00:00:00+00:00, run_after=2026-04-02 00:00:00+00:00
[2026-05-12T15:00:19.634+0000] {processor.py:183} INFO - Processing /opt/airflow/dags/dag_1.py took 0.091 seconds
[2026-05-12T15:00:49.719+0000] {processor.py:161} INFO - Started process (PID=220) to work on /opt/airflow/dags/dag_1.py
[2026-05-12T15:00:49.720+0000] {processor.py:830} INFO - Processing file /opt/airflow/dags/dag_1.py for tasks to queue
[2026-05-12T15:00:49.723+0000] {logging_mixin.py:188} INFO - [2026-05-12T15:00:49.722+0000] {dagbag.py:540} INFO - Filling up the DagBag from /opt/airflow/dags/dag_1.py
[2026-05-12T15:00:49.733+0000] {processor.py:840} INFO - DAG(s) 'first_dag' retrieved from /opt/airflow/dags/dag_1.py
[2026-05-12T15:00:49.760+0000] {logging_mixin.py:188} INFO - [2026-05-12T15:00:49.759+0000] {dag.py:3047} INFO - Sync 1 DAGs
[2026-05-12T15:00:49.788+0000] {logging_mixin.py:188} INFO - [2026-05-12T15:00:49.788+0000] {dag.py:3834} INFO - Setting next_dagrun for first_dag to 2026-04-01 00:00:00+00:00, run_after=2026-04-02 00:00:00+00:00
[2026-05-12T15:00:49.805+0000] {processor.py:183} INFO - Processing /opt/airflow/dags/dag_1.py took 0.089 seconds
[2026-05-12T15:01:19.982+0000] {processor.py:161} INFO - Started process (PID=227) to work on /opt/airflow/dags/dag_1.py
[2026-05-12T15:01:19.983+0000] {processor.py:830} INFO - Processing file /opt/airflow/dags/dag_1.py for tasks to queue
[2026-05-12T15:01:19.985+0000] {logging_mixin.py:188} INFO - [2026-05-12T15:01:19.985+0000] {dagbag.py:540} INFO - Filling up the DagBag from /opt/airflow/dags/dag_1.py
[2026-05-12T15:01:19.997+0000] {processor.py:840} INFO - DAG(s) 'first_dag' retrieved from /opt/airflow/dags/dag_1.py
[2026-05-12T15:01:20.024+0000] {logging_mixin.py:188} INFO - [2026-05-12T15:01:20.023+0000] {dag.py:3047} INFO - Sync 1 DAGs
[2026-05-12T15:01:20.049+0000] {logging_mixin.py:188} INFO - [2026-05-12T15:01:20.048+0000] {dag.py:3834} INFO - Setting next_dagrun for first_dag to 2026-04-01 00:00:00+00:00, run_after=2026-04-02 00:00:00+00:00
[2026-05-12T15:01:20.074+0000] {processor.py:183} INFO - Processing /opt/airflow/dags/dag_1.py took 0.102 seconds
[2026-05-12T15:01:50.213+0000] {processor.py:161} INFO - Started process (PID=234) to work on /opt/airflow/dags/dag_1.py
[2026-05-12T15:01:50.220+0000] {processor.py:830} INFO - Processing file /opt/airflow/dags/dag_1.py for tasks to queue
[2026-05-12T15:01:50.229+0000] {logging_mixin.py:188} INFO - [2026-05-12T15:01:50.229+0000] {dagbag.py:540} INFO - Filling up the DagBag from /opt/airflow/dags/dag_1.py
[2026-05-12T15:01:50.298+0000] {processor.py:840} INFO - DAG(s) 'first_dag' retrieved from /opt/airflow/dags/dag_1.py
[2026-05-12T15:01:50.390+0000] {logging_mixin.py:188} INFO - [2026-05-12T15:01:50.390+0000] {dag.py:3047} INFO - Sync 1 DAGs
[2026-05-12T15:01:50.511+0000] {logging_mixin.py:188} INFO - [2026-05-12T15:01:50.506+0000] {dag.py:3834} INFO - Setting next_dagrun for first_dag to 2026-04-01 00:00:00+00:00, run_after=2026-04-02 00:00:00+00:00
[2026-05-12T15:01:50.586+0000] {processor.py:183} INFO - Processing /opt/airflow/dags/dag_1.py took 0.388 seconds
[2026-05-12T15:02:20.762+0000] {processor.py:161} INFO - Started process (PID=241) to work on /opt/airflow/dags/dag_1.py
[2026-05-12T15:02:20.764+0000] {processor.py:830} INFO - Processing file /opt/airflow/dags/dag_1.py for tasks to queue
[2026-05-12T15:02:20.767+0000] {logging_mixin.py:188} INFO - [2026-05-12T15:02:20.766+0000] {dagbag.py:540} INFO - Filling up the DagBag from /opt/airflow/dags/dag_1.py
[2026-05-12T15:02:20.782+0000] {processor.py:840} INFO - DAG(s) 'first_dag' retrieved from /opt/airflow/dags/dag_1.py
[2026-05-12T15:02:20.810+0000] {logging_mixin.py:188} INFO - [2026-05-12T15:02:20.810+0000] {dag.py:3047} INFO - Sync 1 DAGs
[2026-05-12T15:02:20.837+0000] {logging_mixin.py:188} INFO - [2026-05-12T15:02:20.836+0000] {dag.py:3834} INFO - Setting next_dagrun for first_dag to 2026-04-01 00:00:00+00:00, run_after=2026-04-02 00:00:00+00:00
[2026-05-12T15:02:20.861+0000] {processor.py:183} INFO - Processing /opt/airflow/dags/dag_1.py took 0.103 seconds
[2026-05-12T15:02:50.926+0000] {processor.py:161} INFO - Started process (PID=248) to work on /opt/airflow/dags/dag_1.py
[2026-05-12T15:02:50.927+0000] {processor.py:830} INFO - Processing file /opt/airflow/dags/dag_1.py for tasks to queue
[2026-05-12T15:02:50.929+0000] {logging_mixin.py:188} INFO - [2026-05-12T15:02:50.929+0000] {dagbag.py:540} INFO - Filling up the DagBag from /opt/airflow/dags/dag_1.py
[2026-05-12T15:02:50.941+0000] {processor.py:840} INFO - DAG(s) 'first_dag' retrieved from /opt/airflow/dags/dag_1.py
[2026-05-12T15:02:50.972+0000] {logging_mixin.py:188} INFO - [2026-05-12T15:02:50.971+0000] {dag.py:3047} INFO - Sync 1 DAGs
[2026-05-12T15:02:50.996+0000] {logging_mixin.py:188} INFO - [2026-05-12T15:02:50.995+0000] {dag.py:3834} INFO - Setting next_dagrun for first_dag to 2026-04-01 00:00:00+00:00, run_after=2026-04-02 00:00:00+00:00
[2026-05-12T15:02:51.014+0000] {processor.py:183} INFO - Processing /opt/airflow/dags/dag_1.py took 0.092 seconds
[2026-05-12T15:03:21.174+0000] {processor.py:161} INFO - Started process (PID=255) to work on /opt/airflow/dags/dag_1.py
[2026-05-12T15:03:21.175+0000] {processor.py:830} INFO - Processing file /opt/airflow/dags/dag_1.py for tasks to queue
[2026-05-12T15:03:21.178+0000] {logging_mixin.py:188} INFO - [2026-05-12T15:03:21.177+0000] {dagbag.py:540} INFO - Filling up the DagBag from /opt/airflow/dags/dag_1.py
[2026-05-12T15:03:21.193+0000] {processor.py:840} INFO - DAG(s) 'first_dag' retrieved from /opt/airflow/dags/dag_1.py
[2026-05-12T15:03:21.237+0000] {logging_mixin.py:188} INFO - [2026-05-12T15:03:21.237+0000] {dag.py:3047} INFO - Sync 1 DAGs
[2026-05-12T15:03:21.260+0000] {logging_mixin.py:188} INFO - [2026-05-12T15:03:21.259+0000] {dag.py:3834} INFO - Setting next_dagrun for first_dag to 2026-04-01 00:00:00+00:00, run_after=2026-04-02 00:00:00+00:00
[2026-05-12T15:03:21.280+0000] {processor.py:183} INFO - Processing /opt/airflow/dags/dag_1.py took 0.116 seconds
[2026-05-12T15:03:51.337+0000] {processor.py:161} INFO - Started process (PID=262) to work on /opt/airflow/dags/dag_1.py
[2026-05-12T15:03:51.338+0000] {processor.py:830} INFO - Processing file /opt/airflow/dags/dag_1.py for tasks to queue
[2026-05-12T15:03:51.340+0000] {logging_mixin.py:188} INFO - [2026-05-12T15:03:51.340+0000] {dagbag.py:540} INFO - Filling up the DagBag from /opt/airflow/dags/dag_1.py
[2026-05-12T15:03:51.356+0000] {processor.py:840} INFO - DAG(s) 'first_dag' retrieved from /opt/airflow/dags/dag_1.py
[2026-05-12T15:03:51.396+0000] {logging_mixin.py:188} INFO - [2026-05-12T15:03:51.395+0000] {dag.py:3047} INFO - Sync 1 DAGs
[2026-05-12T15:03:51.432+0000] {logging_mixin.py:188} INFO - [2026-05-12T15:03:51.432+0000] {dag.py:3834} INFO - Setting next_dagrun for first_dag to 2026-04-01 00:00:00+00:00, run_after=2026-04-02 00:00:00+00:00
[2026-05-12T15:03:51.458+0000] {processor.py:183} INFO - Processing /opt/airflow/dags/dag_1.py took 0.126 seconds
[2026-05-12T15:04:21.590+0000] {processor.py:161} INFO - Started process (PID=269) to work on /opt/airflow/dags/dag_1.py
[2026-05-12T15:04:21.591+0000] {processor.py:830} INFO - Processing file /opt/airflow/dags/dag_1.py for tasks to queue
[2026-05-12T15:04:21.593+0000] {logging_mixin.py:188} INFO - [2026-05-12T15:04:21.592+0000] {dagbag.py:540} INFO - Filling up the DagBag from /opt/airflow/dags/dag_1.py
[2026-05-12T15:04:21.604+0000] {processor.py:840} INFO - DAG(s) 'first_dag' retrieved from /opt/airflow/dags/dag_1.py
[2026-05-12T15:04:21.631+0000] {logging_mixin.py:188} INFO - [2026-05-12T15:04:21.631+0000] {dag.py:3047} INFO - Sync 1 DAGs
[2026-05-12T15:04:21.653+0000] {logging_mixin.py:188} INFO - [2026-05-12T15:04:21.653+0000] {dag.py:3834} INFO - Setting next_dagrun for first_dag to 2026-04-01 00:00:00+00:00, run_after=2026-04-02 00:00:00+00:00
[2026-05-12T15:04:21.674+0000] {processor.py:183} INFO - Processing /opt/airflow/dags/dag_1.py took 0.088 seconds
[2026-05-12T15:04:51.816+0000] {processor.py:161} INFO - Started process (PID=276) to work on /opt/airflow/dags/dag_1.py
[2026-05-12T15:04:51.817+0000] {processor.py:830} INFO - Processing file /opt/airflow/dags/dag_1.py for tasks to queue
[2026-05-12T15:04:51.820+0000] {logging_mixin.py:188} INFO - [2026-05-12T15:04:51.819+0000] {dagbag.py:540} INFO - Filling up the DagBag from /opt/airflow/dags/dag_1.py
[2026-05-12T15:04:51.831+0000] {processor.py:840} INFO - DAG(s) 'first_dag' retrieved from /opt/airflow/dags/dag_1.py
[2026-05-12T15:04:51.856+0000] {logging_mixin.py:188} INFO - [2026-05-12T15:04:51.856+0000] {dag.py:3047} INFO - Sync 1 DAGs
[2026-05-12T15:04:51.887+0000] {logging_mixin.py:188} INFO - [2026-05-12T15:04:51.887+0000] {dag.py:3834} INFO - Setting next_dagrun for first_dag to 2026-04-01 00:00:00+00:00, run_after=2026-04-02 00:00:00+00:00
[2026-05-12T15:04:51.904+0000] {processor.py:183} INFO - Processing /opt/airflow/dags/dag_1.py took 0.093 seconds
[2026-05-12T15:05:21.991+0000] {processor.py:161} INFO - Started process (PID=283) to work on /opt/airflow/dags/dag_1.py
[2026-05-12T15:05:21.992+0000] {processor.py:830} INFO - Processing file /opt/airflow/dags/dag_1.py for tasks to queue
[2026-05-12T15:05:21.994+0000] {logging_mixin.py:188} INFO - [2026-05-12T15:05:21.994+0000] {dagbag.py:540} INFO - Filling up the DagBag from /opt/airflow/dags/dag_1.py
[2026-05-12T15:05:22.013+0000] {processor.py:840} INFO - DAG(s) 'first_dag' retrieved from /opt/airflow/dags/dag_1.py
[2026-05-12T15:05:22.052+0000] {logging_mixin.py:188} INFO - [2026-05-12T15:05:22.052+0000] {dag.py:3047} INFO - Sync 1 DAGs
[2026-05-12T15:05:22.083+0000] {logging_mixin.py:188} INFO - [2026-05-12T15:05:22.082+0000] {dag.py:3834} INFO - Setting next_dagrun for first_dag to 2026-04-01 00:00:00+00:00, run_after=2026-04-02 00:00:00+00:00
[2026-05-12T15:05:22.104+0000] {processor.py:183} INFO - Processing /opt/airflow/dags/dag_1.py took 0.118 seconds
[2026-05-12T15:05:52.226+0000] {processor.py:161} INFO - Started process (PID=290) to work on /opt/airflow/dags/dag_1.py
[2026-05-12T15:05:52.226+0000] {processor.py:830} INFO - Processing file /opt/airflow/dags/dag_1.py for tasks to queue
[2026-05-12T15:05:52.229+0000] {logging_mixin.py:188} INFO - [2026-05-12T15:05:52.228+0000] {dagbag.py:540} INFO - Filling up the DagBag from /opt/airflow/dags/dag_1.py
[2026-05-12T15:05:52.240+0000] {processor.py:840} INFO - DAG(s) 'first_dag' retrieved from /opt/airflow/dags/dag_1.py
[2026-05-12T15:05:52.268+0000] {logging_mixin.py:188} INFO - [2026-05-12T15:05:52.268+0000] {dag.py:3047} INFO - Sync 1 DAGs
[2026-05-12T15:05:52.292+0000] {logging_mixin.py:188} INFO - [2026-05-12T15:05:52.292+0000] {dag.py:3834} INFO - Setting next_dagrun for first_dag to 2026-04-01 00:00:00+00:00, run_after=2026-04-02 00:00:00+00:00
[2026-05-12T15:05:52.311+0000] {processor.py:183} INFO - Processing /opt/airflow/dags/dag_1.py took 0.089 seconds
[2026-05-12T15:06:22.413+0000] {processor.py:161} INFO - Started process (PID=297) to work on /opt/airflow/dags/dag_1.py
[2026-05-12T15:06:22.414+0000] {processor.py:830} INFO - Processing file /opt/airflow/dags/dag_1.py for tasks to queue
[2026-05-12T15:06:22.417+0000] {logging_mixin.py:188} INFO - [2026-05-12T15:06:22.416+0000] {dagbag.py:540} INFO - Filling up the DagBag from /opt/airflow/dags/dag_1.py
[2026-05-12T15:06:22.431+0000] {processor.py:840} INFO - DAG(s) 'first_dag' retrieved from /opt/airflow/dags/dag_1.py
[2026-05-12T15:06:22.496+0000] {logging_mixin.py:188} INFO - [2026-05-12T15:06:22.494+0000] {dag.py:3047} INFO - Sync 1 DAGs
[2026-05-12T15:06:22.534+0000] {logging_mixin.py:188} INFO - [2026-05-12T15:06:22.533+0000] {dag.py:3834} INFO - Setting next_dagrun for first_dag to 2026-04-01 00:00:00+00:00, run_after=2026-04-02 00:00:00+00:00
[2026-05-12T15:06:22.556+0000] {processor.py:183} INFO - Processing /opt/airflow/dags/dag_1.py took 0.146 seconds
[2026-05-12T15:06:52.608+0000] {processor.py:161} INFO - Started process (PID=304) to work on /opt/airflow/dags/dag_1.py
[2026-05-12T15:06:52.609+0000] {processor.py:830} INFO - Processing file /opt/airflow/dags/dag_1.py for tasks to queue
[2026-05-12T15:06:52.611+0000] {logging_mixin.py:188} INFO - [2026-05-12T15:06:52.611+0000] {dagbag.py:540} INFO - Filling up the DagBag from /opt/airflow/dags/dag_1.py
[2026-05-12T15:06:52.627+0000] {processor.py:840} INFO - DAG(s) 'first_dag' retrieved from /opt/airflow/dags/dag_1.py
[2026-05-12T15:06:52.656+0000] {logging_mixin.py:188} INFO - [2026-05-12T15:06:52.656+0000] {dag.py:3047} INFO - Sync 1 DAGs
[2026-05-12T15:06:52.684+0000] {logging_mixin.py:188} INFO - [2026-05-12T15:06:52.683+0000] {dag.py:3834} INFO - Setting next_dagrun for first_dag to 2026-04-01 00:00:00+00:00, run_after=2026-04-02 00:00:00+00:00
[2026-05-12T15:06:52.701+0000] {processor.py:183} INFO - Processing /opt/airflow/dags/dag_1.py took 0.096 seconds
[2026-05-12T15:07:22.779+0000] {processor.py:161} INFO - Started process (PID=311) to work on /opt/airflow/dags/dag_1.py
[2026-05-12T15:07:22.780+0000] {processor.py:830} INFO - Processing file /opt/airflow/dags/dag_1.py for tasks to queue
[2026-05-12T15:07:22.784+0000] {logging_mixin.py:188} INFO - [2026-05-12T15:07:22.783+0000] {dagbag.py:540} INFO - Filling up the DagBag from /opt/airflow/dags/dag_1.py
[2026-05-12T15:07:22.807+0000] {processor.py:840} INFO - DAG(s) 'first_dag' retrieved from /opt/airflow/dags/dag_1.py
[2026-05-12T15:07:22.883+0000] {logging_mixin.py:188} INFO - [2026-05-12T15:07:22.883+0000] {dag.py:3047} INFO - Sync 1 DAGs
[2026-05-12T15:07:22.970+0000] {logging_mixin.py:188} INFO - [2026-05-12T15:07:22.969+0000] {dag.py:3834} INFO - Setting next_dagrun for first_dag to 2026-04-01 00:00:00+00:00, run_after=2026-04-02 00:00:00+00:00
[2026-05-12T15:07:23.009+0000] {processor.py:183} INFO - Processing /opt/airflow/dags/dag_1.py took 0.236 seconds
[2026-05-12T15:07:53.191+0000] {processor.py:161} INFO - Started process (PID=317) to work on /opt/airflow/dags/dag_1.py
[2026-05-12T15:07:53.193+0000] {processor.py:830} INFO - Processing file /opt/airflow/dags/dag_1.py for tasks to queue
[2026-05-12T15:07:53.195+0000] {logging_mixin.py:188} INFO - [2026-05-12T15:07:53.194+0000] {dagbag.py:540} INFO - Filling up the DagBag from /opt/airflow/dags/dag_1.py
[2026-05-12T15:07:53.206+0000] {processor.py:840} INFO - DAG(s) 'first_dag' retrieved from /opt/airflow/dags/dag_1.py
[2026-05-12T15:07:53.241+0000] {logging_mixin.py:188} INFO - [2026-05-12T15:07:53.241+0000] {dag.py:3047} INFO - Sync 1 DAGs
[2026-05-12T15:07:53.264+0000] {logging_mixin.py:188} INFO - [2026-05-12T15:07:53.263+0000] {dag.py:3834} INFO - Setting next_dagrun for first_dag to 2026-04-01 00:00:00+00:00, run_after=2026-04-02 00:00:00+00:00
[2026-05-12T15:07:53.282+0000] {processor.py:183} INFO - Processing /opt/airflow/dags/dag_1.py took 0.094 seconds
[2026-05-12T15:08:23.338+0000] {processor.py:161} INFO - Started process (PID=324) to work on /opt/airflow/dags/dag_1.py
[2026-05-12T15:08:23.339+0000] {processor.py:830} INFO - Processing file /opt/airflow/dags/dag_1.py for tasks to queue
[2026-05-12T15:08:23.341+0000] {logging_mixin.py:188} INFO - [2026-05-12T15:08:23.340+0000] {dagbag.py:540} INFO - Filling up the DagBag from /opt/airflow/dags/dag_1.py
[2026-05-12T15:08:23.352+0000] {processor.py:840} INFO - DAG(s) 'first_dag' retrieved from /opt/airflow/dags/dag_1.py
[2026-05-12T15:08:23.384+0000] {logging_mixin.py:188} INFO - [2026-05-12T15:08:23.384+0000] {dag.py:3047} INFO - Sync 1 DAGs
[2026-05-12T15:08:23.405+0000] {logging_mixin.py:188} INFO - [2026-05-12T15:08:23.405+0000] {dag.py:3834} INFO - Setting next_dagrun for first_dag to 2026-04-01 00:00:00+00:00, run_after=2026-04-02 00:00:00+00:00
[2026-05-12T15:08:23.426+0000] {processor.py:183} INFO - Processing /opt/airflow/dags/dag_1.py took 0.092 seconds
[2026-05-12T15:08:53.606+0000] {processor.py:161} INFO - Started process (PID=331) to work on /opt/airflow/dags/dag_1.py
[2026-05-12T15:08:53.607+0000] {processor.py:830} INFO - Processing file /opt/airflow/dags/dag_1.py for tasks to queue
[2026-05-12T15:08:53.609+0000] {logging_mixin.py:188} INFO - [2026-05-12T15:08:53.609+0000] {dagbag.py:540} INFO - Filling up the DagBag from /opt/airflow/dags/dag_1.py
[2026-05-12T15:08:53.620+0000] {processor.py:840} INFO - DAG(s) 'first_dag' retrieved from /opt/airflow/dags/dag_1.py
[2026-05-12T15:08:53.645+0000] {logging_mixin.py:188} INFO - [2026-05-12T15:08:53.644+0000] {dag.py:3047} INFO - Sync 1 DAGs
[2026-05-12T15:08:53.665+0000] {logging_mixin.py:188} INFO - [2026-05-12T15:08:53.665+0000] {dag.py:3834} INFO - Setting next_dagrun for first_dag to 2026-04-01 00:00:00+00:00, run_after=2026-04-02 00:00:00+00:00
[2026-05-12T15:08:53.682+0000] {processor.py:183} INFO - Processing /opt/airflow/dags/dag_1.py took 0.080 seconds
[2026-05-12T15:09:23.794+0000] {processor.py:161} INFO - Started process (PID=338) to work on /opt/airflow/dags/dag_1.py
[2026-05-12T15:09:23.795+0000] {processor.py:830} INFO - Processing file /opt/airflow/dags/dag_1.py for tasks to queue
[2026-05-12T15:09:23.796+0000] {logging_mixin.py:188} INFO - [2026-05-12T15:09:23.796+0000] {dagbag.py:540} INFO - Filling up the DagBag from /opt/airflow/dags/dag_1.py
[2026-05-12T15:09:23.807+0000] {processor.py:840} INFO - DAG(s) 'first_dag' retrieved from /opt/airflow/dags/dag_1.py
[2026-05-12T15:09:23.837+0000] {logging_mixin.py:188} INFO - [2026-05-12T15:09:23.837+0000] {dag.py:3047} INFO - Sync 1 DAGs
[2026-05-12T15:09:23.860+0000] {logging_mixin.py:188} INFO - [2026-05-12T15:09:23.860+0000] {dag.py:3834} INFO - Setting next_dagrun for first_dag to 2026-04-01 00:00:00+00:00, run_after=2026-04-02 00:00:00+00:00
[2026-05-12T15:09:23.881+0000] {processor.py:183} INFO - Processing /opt/airflow/dags/dag_1.py took 0.090 seconds
[2026-05-12T15:09:54.000+0000] {processor.py:161} INFO - Started process (PID=344) to work on /opt/airflow/dags/dag_1.py
[2026-05-12T15:09:54.001+0000] {processor.py:830} INFO - Processing file /opt/airflow/dags/dag_1.py for tasks to queue
[2026-05-12T15:09:54.003+0000] {logging_mixin.py:188} INFO - [2026-05-12T15:09:54.003+0000] {dagbag.py:540} INFO - Filling up the DagBag from /opt/airflow/dags/dag_1.py
[2026-05-12T15:09:54.015+0000] {processor.py:840} INFO - DAG(s) 'first_dag' retrieved from /opt/airflow/dags/dag_1.py
[2026-05-12T15:09:54.041+0000] {logging_mixin.py:188} INFO - [2026-05-12T15:09:54.040+0000] {dag.py:3047} INFO - Sync 1 DAGs
[2026-05-12T15:09:54.062+0000] {logging_mixin.py:188} INFO - [2026-05-12T15:09:54.062+0000] {dag.py:3834} INFO - Setting next_dagrun for first_dag to 2026-04-01 00:00:00+00:00, run_after=2026-04-02 00:00:00+00:00
[2026-05-12T15:09:54.086+0000] {processor.py:183} INFO - Processing /opt/airflow/dags/dag_1.py took 0.090 seconds
[2026-05-12T15:10:24.157+0000] {processor.py:161} INFO - Started process (PID=351) to work on /opt/airflow/dags/dag_1.py
[2026-05-12T15:10:24.158+0000] {processor.py:830} INFO - Processing file /opt/airflow/dags/dag_1.py for tasks to queue
[2026-05-12T15:10:24.160+0000] {logging_mixin.py:188} INFO - [2026-05-12T15:10:24.159+0000] {dagbag.py:540} INFO - Filling up the DagBag from /opt/airflow/dags/dag_1.py
[2026-05-12T15:10:24.175+0000] {processor.py:840} INFO - DAG(s) 'first_dag' retrieved from /opt/airflow/dags/dag_1.py
[2026-05-12T15:10:24.202+0000] {logging_mixin.py:188} INFO - [2026-05-12T15:10:24.202+0000] {dag.py:3047} INFO - Sync 1 DAGs
[2026-05-12T15:10:24.224+0000] {logging_mixin.py:188} INFO - [2026-05-12T15:10:24.224+0000] {dag.py:3834} INFO - Setting next_dagrun for first_dag to 2026-04-01 00:00:00+00:00, run_after=2026-04-02 00:00:00+00:00
[2026-05-12T15:10:24.240+0000] {processor.py:183} INFO - Processing /opt/airflow/dags/dag_1.py took 0.087 seconds
[2026-05-12T15:10:54.394+0000] {processor.py:161} INFO - Started process (PID=358) to work on /opt/airflow/dags/dag_1.py
[2026-05-12T15:10:54.401+0000] {processor.py:830} INFO - Processing file /opt/airflow/dags/dag_1.py for tasks to queue
[2026-05-12T15:10:54.403+0000] {logging_mixin.py:188} INFO - [2026-05-12T15:10:54.403+0000] {dagbag.py:540} INFO - Filling up the DagBag from /opt/airflow/dags/dag_1.py
[2026-05-12T15:10:54.421+0000] {processor.py:840} INFO - DAG(s) 'first_dag' retrieved from /opt/airflow/dags/dag_1.py
[2026-05-12T15:10:54.458+0000] {logging_mixin.py:188} INFO - [2026-05-12T15:10:54.458+0000] {dag.py:3047} INFO - Sync 1 DAGs
[2026-05-12T15:10:54.489+0000] {logging_mixin.py:188} INFO - [2026-05-12T15:10:54.489+0000] {dag.py:3834} INFO - Setting next_dagrun for first_dag to 2026-04-01 00:00:00+00:00, run_after=2026-04-02 00:00:00+00:00
[2026-05-12T15:10:54.513+0000] {processor.py:183} INFO - Processing /opt/airflow/dags/dag_1.py took 0.127 seconds
[2026-05-12T15:11:24.549+0000] {processor.py:161} INFO - Started process (PID=365) to work on /opt/airflow/dags/dag_1.py
[2026-05-12T15:11:24.550+0000] {processor.py:830} INFO - Processing file /opt/airflow/dags/dag_1.py for tasks to queue
[2026-05-12T15:11:24.552+0000] {logging_mixin.py:188} INFO - [2026-05-12T15:11:24.552+0000] {dagbag.py:540} INFO - Filling up the DagBag from /opt/airflow/dags/dag_1.py
[2026-05-12T15:11:24.565+0000] {processor.py:840} INFO - DAG(s) 'first_dag' retrieved from /opt/airflow/dags/dag_1.py
[2026-05-12T15:11:24.595+0000] {logging_mixin.py:188} INFO - [2026-05-12T15:11:24.595+0000] {dag.py:3047} INFO - Sync 1 DAGs
[2026-05-12T15:11:24.615+0000] {logging_mixin.py:188} INFO - [2026-05-12T15:11:24.615+0000] {dag.py:3834} INFO - Setting next_dagrun for first_dag to 2026-04-01 00:00:00+00:00, run_after=2026-04-02 00:00:00+00:00
[2026-05-12T15:11:24.632+0000] {processor.py:183} INFO - Processing /opt/airflow/dags/dag_1.py took 0.086 seconds
[2026-05-12T15:11:54.696+0000] {processor.py:161} INFO - Started process (PID=372) to work on /opt/airflow/dags/dag_1.py
[2026-05-12T15:11:54.697+0000] {processor.py:830} INFO - Processing file /opt/airflow/dags/dag_1.py for tasks to queue
[2026-05-12T15:11:54.699+0000] {logging_mixin.py:188} INFO - [2026-05-12T15:11:54.698+0000] {dagbag.py:540} INFO - Filling up the DagBag from /opt/airflow/dags/dag_1.py
[2026-05-12T15:11:54.711+0000] {processor.py:840} INFO - DAG(s) 'first_dag' retrieved from /opt/airflow/dags/dag_1.py
[2026-05-12T15:11:54.735+0000] {logging_mixin.py:188} INFO - [2026-05-12T15:11:54.735+0000] {dag.py:3047} INFO - Sync 1 DAGs
[2026-05-12T15:11:54.754+0000] {logging_mixin.py:188} INFO - [2026-05-12T15:11:54.754+0000] {dag.py:3834} INFO - Setting next_dagrun for first_dag to 2026-04-01 00:00:00+00:00, run_after=2026-04-02 00:00:00+00:00
[2026-05-12T15:11:54.779+0000] {processor.py:183} INFO - Processing /opt/airflow/dags/dag_1.py took 0.087 seconds
[2026-05-12T15:12:24.952+0000] {processor.py:161} INFO - Started process (PID=379) to work on /opt/airflow/dags/dag_1.py
[2026-05-12T15:12:24.953+0000] {processor.py:830} INFO - Processing file /opt/airflow/dags/dag_1.py for tasks to queue
[2026-05-12T15:12:24.956+0000] {logging_mixin.py:188} INFO - [2026-05-12T15:12:24.955+0000] {dagbag.py:540} INFO - Filling up the DagBag from /opt/airflow/dags/dag_1.py
[2026-05-12T15:12:24.967+0000] {processor.py:840} INFO - DAG(s) 'first_dag' retrieved from /opt/airflow/dags/dag_1.py
[2026-05-12T15:12:24.991+0000] {logging_mixin.py:188} INFO - [2026-05-12T15:12:24.990+0000] {dag.py:3047} INFO - Sync 1 DAGs
[2026-05-12T15:12:25.014+0000] {logging_mixin.py:188} INFO - [2026-05-12T15:12:25.014+0000] {dag.py:3834} INFO - Setting next_dagrun for first_dag to 2026-04-01 00:00:00+00:00, run_after=2026-04-02 00:00:00+00:00
[2026-05-12T15:12:25.034+0000] {processor.py:183} INFO - Processing /opt/airflow/dags/dag_1.py took 0.088 seconds
[2026-05-12T15:12:55.127+0000] {processor.py:161} INFO - Started process (PID=386) to work on /opt/airflow/dags/dag_1.py
[2026-05-12T15:12:55.128+0000] {processor.py:830} INFO - Processing file /opt/airflow/dags/dag_1.py for tasks to queue
[2026-05-12T15:12:55.130+0000] {logging_mixin.py:188} INFO - [2026-05-12T15:12:55.130+0000] {dagbag.py:540} INFO - Filling up the DagBag from /opt/airflow/dags/dag_1.py
[2026-05-12T15:12:55.145+0000] {processor.py:840} INFO - DAG(s) 'first_dag' retrieved from /opt/airflow/dags/dag_1.py
[2026-05-12T15:12:55.175+0000] {logging_mixin.py:188} INFO - [2026-05-12T15:12:55.175+0000] {dag.py:3047} INFO - Sync 1 DAGs
[2026-05-12T15:12:55.196+0000] {logging_mixin.py:188} INFO - [2026-05-12T15:12:55.196+0000] {dag.py:3834} INFO - Setting next_dagrun for first_dag to 2026-04-01 00:00:00+00:00, run_after=2026-04-02 00:00:00+00:00
[2026-05-12T15:12:55.212+0000] {processor.py:183} INFO - Processing /opt/airflow/dags/dag_1.py took 0.091 seconds
[2026-05-12T15:13:25.306+0000] {processor.py:161} INFO - Started process (PID=393) to work on /opt/airflow/dags/dag_1.py
[2026-05-12T15:13:25.307+0000] {processor.py:830} INFO - Processing file /opt/airflow/dags/dag_1.py for tasks to queue
[2026-05-12T15:13:25.309+0000] {logging_mixin.py:188} INFO - [2026-05-12T15:13:25.309+0000] {dagbag.py:540} INFO - Filling up the DagBag from /opt/airflow/dags/dag_1.py
[2026-05-12T15:13:25.320+0000] {processor.py:840} INFO - DAG(s) 'first_dag' retrieved from /opt/airflow/dags/dag_1.py
[2026-05-12T15:13:25.346+0000] {logging_mixin.py:188} INFO - [2026-05-12T15:13:25.346+0000] {dag.py:3047} INFO - Sync 1 DAGs
[2026-05-12T15:13:25.376+0000] {logging_mixin.py:188} INFO - [2026-05-12T15:13:25.375+0000] {dag.py:3834} INFO - Setting next_dagrun for first_dag to 2026-04-01 00:00:00+00:00, run_after=2026-04-02 00:00:00+00:00
[2026-05-12T15:13:25.406+0000] {processor.py:183} INFO - Processing /opt/airflow/dags/dag_1.py took 0.103 seconds
[2026-05-12T15:13:55.523+0000] {processor.py:161} INFO - Started process (PID=400) to work on /opt/airflow/dags/dag_1.py
[2026-05-12T15:13:55.524+0000] {processor.py:830} INFO - Processing file /opt/airflow/dags/dag_1.py for tasks to queue
[2026-05-12T15:13:55.527+0000] {logging_mixin.py:188} INFO - [2026-05-12T15:13:55.526+0000] {dagbag.py:540} INFO - Filling up the DagBag from /opt/airflow/dags/dag_1.py
[2026-05-12T15:13:55.543+0000] {processor.py:840} INFO - DAG(s) 'first_dag' retrieved from /opt/airflow/dags/dag_1.py
[2026-05-12T15:13:55.584+0000] {logging_mixin.py:188} INFO - [2026-05-12T15:13:55.583+0000] {dag.py:3047} INFO - Sync 1 DAGs
[2026-05-12T15:13:55.619+0000] {logging_mixin.py:188} INFO - [2026-05-12T15:13:55.618+0000] {dag.py:3834} INFO - Setting next_dagrun for first_dag to 2026-04-01 00:00:00+00:00, run_after=2026-04-02 00:00:00+00:00
[2026-05-12T15:13:55.639+0000] {processor.py:183} INFO - Processing /opt/airflow/dags/dag_1.py took 0.120 seconds
[2026-05-12T15:14:25.736+0000] {processor.py:161} INFO - Started process (PID=406) to work on /opt/airflow/dags/dag_1.py
[2026-05-12T15:14:25.737+0000] {processor.py:830} INFO - Processing file /opt/airflow/dags/dag_1.py for tasks to queue
[2026-05-12T15:14:25.739+0000] {logging_mixin.py:188} INFO - [2026-05-12T15:14:25.739+0000] {dagbag.py:540} INFO - Filling up the DagBag from /opt/airflow/dags/dag_1.py
[2026-05-12T15:14:25.751+0000] {processor.py:840} INFO - DAG(s) 'first_dag' retrieved from /opt/airflow/dags/dag_1.py
[2026-05-12T15:14:25.782+0000] {logging_mixin.py:188} INFO - [2026-05-12T15:14:25.782+0000] {dag.py:3047} INFO - Sync 1 DAGs
[2026-05-12T15:14:25.806+0000] {logging_mixin.py:188} INFO - [2026-05-12T15:14:25.806+0000] {dag.py:3834} INFO - Setting next_dagrun for first_dag to 2026-04-01 00:00:00+00:00, run_after=2026-04-02 00:00:00+00:00
[2026-05-12T15:14:25.825+0000] {processor.py:183} INFO - Processing /opt/airflow/dags/dag_1.py took 0.092 seconds
[2026-05-12T15:14:55.904+0000] {processor.py:161} INFO - Started process (PID=412) to work on /opt/airflow/dags/dag_1.py
[2026-05-12T15:14:55.905+0000] {processor.py:830} INFO - Processing file /opt/airflow/dags/dag_1.py for tasks to queue
[2026-05-12T15:14:55.907+0000] {logging_mixin.py:188} INFO - [2026-05-12T15:14:55.906+0000] {dagbag.py:540} INFO - Filling up the DagBag from /opt/airflow/dags/dag_1.py
[2026-05-12T15:14:55.918+0000] {processor.py:840} INFO - DAG(s) 'first_dag' retrieved from /opt/airflow/dags/dag_1.py
[2026-05-12T15:14:55.953+0000] {logging_mixin.py:188} INFO - [2026-05-12T15:14:55.952+0000] {dag.py:3047} INFO - Sync 1 DAGs
[2026-05-12T15:14:55.987+0000] {logging_mixin.py:188} INFO - [2026-05-12T15:14:55.987+0000] {dag.py:3834} INFO - Setting next_dagrun for first_dag to 2026-04-01 00:00:00+00:00, run_after=2026-04-02 00:00:00+00:00
[2026-05-12T15:14:56.012+0000] {processor.py:183} INFO - Processing /opt/airflow/dags/dag_1.py took 0.112 seconds
[2026-05-12T15:15:26.154+0000] {processor.py:161} INFO - Started process (PID=419) to work on /opt/airflow/dags/dag_1.py
[2026-05-12T15:15:26.155+0000] {processor.py:830} INFO - Processing file /opt/airflow/dags/dag_1.py for tasks to queue
[2026-05-12T15:15:26.156+0000] {logging_mixin.py:188} INFO - [2026-05-12T15:15:26.156+0000] {dagbag.py:540} INFO - Filling up the DagBag from /opt/airflow/dags/dag_1.py
[2026-05-12T15:15:26.175+0000] {processor.py:840} INFO - DAG(s) 'first_dag' retrieved from /opt/airflow/dags/dag_1.py
[2026-05-12T15:15:26.201+0000] {logging_mixin.py:188} INFO - [2026-05-12T15:15:26.201+0000] {dag.py:3047} INFO - Sync 1 DAGs
[2026-05-12T15:15:26.220+0000] {logging_mixin.py:188} INFO - [2026-05-12T15:15:26.220+0000] {dag.py:3834} INFO - Setting next_dagrun for first_dag to 2026-04-01 00:00:00+00:00, run_after=2026-04-02 00:00:00+00:00
[2026-05-12T15:15:26.236+0000] {processor.py:183} INFO - Processing /opt/airflow/dags/dag_1.py took 0.086 seconds
[2026-05-12T15:15:56.393+0000] {processor.py:161} INFO - Started process (PID=426) to work on /opt/airflow/dags/dag_1.py
[2026-05-12T15:15:56.394+0000] {processor.py:830} INFO - Processing file /opt/airflow/dags/dag_1.py for tasks to queue
[2026-05-12T15:15:56.396+0000] {logging_mixin.py:188} INFO - [2026-05-12T15:15:56.395+0000] {dagbag.py:540} INFO - Filling up the DagBag from /opt/airflow/dags/dag_1.py
[2026-05-12T15:15:56.409+0000] {processor.py:840} INFO - DAG(s) 'first_dag' retrieved from /opt/airflow/dags/dag_1.py
[2026-05-12T15:15:56.434+0000] {logging_mixin.py:188} INFO - [2026-05-12T15:15:56.433+0000] {dag.py:3047} INFO - Sync 1 DAGs
[2026-05-12T15:15:56.454+0000] {logging_mixin.py:188} INFO - [2026-05-12T15:15:56.453+0000] {dag.py:3834} INFO - Setting next_dagrun for first_dag to 2026-04-01 00:00:00+00:00, run_after=2026-04-02 00:00:00+00:00
[2026-05-12T15:15:56.475+0000] {processor.py:183} INFO - Processing /opt/airflow/dags/dag_1.py took 0.085 seconds
[2026-05-12T15:16:26.557+0000] {processor.py:161} INFO - Started process (PID=433) to work on /opt/airflow/dags/dag_1.py
[2026-05-12T15:16:26.558+0000] {processor.py:830} INFO - Processing file /opt/airflow/dags/dag_1.py for tasks to queue
[2026-05-12T15:16:26.560+0000] {logging_mixin.py:188} INFO - [2026-05-12T15:16:26.560+0000] {dagbag.py:540} INFO - Filling up the DagBag from /opt/airflow/dags/dag_1.py
[2026-05-12T15:16:26.574+0000] {processor.py:840} INFO - DAG(s) 'first_dag' retrieved from /opt/airflow/dags/dag_1.py
[2026-05-12T15:16:26.601+0000] {logging_mixin.py:188} INFO - [2026-05-12T15:16:26.601+0000] {dag.py:3047} INFO - Sync 1 DAGs
[2026-05-12T15:16:26.623+0000] {logging_mixin.py:188} INFO - [2026-05-12T15:16:26.622+0000] {dag.py:3834} INFO - Setting next_dagrun for first_dag to 2026-04-01 00:00:00+00:00, run_after=2026-04-02 00:00:00+00:00
[2026-05-12T15:16:26.640+0000] {processor.py:183} INFO - Processing /opt/airflow/dags/dag_1.py took 0.086 seconds
[2026-05-12T15:16:56.792+0000] {processor.py:161} INFO - Started process (PID=440) to work on /opt/airflow/dags/dag_1.py
[2026-05-12T15:16:56.793+0000] {processor.py:830} INFO - Processing file /opt/airflow/dags/dag_1.py for tasks to queue
[2026-05-12T15:16:56.795+0000] {logging_mixin.py:188} INFO - [2026-05-12T15:16:56.795+0000] {dagbag.py:540} INFO - Filling up the DagBag from /opt/airflow/dags/dag_1.py
[2026-05-12T15:16:56.805+0000] {processor.py:840} INFO - DAG(s) 'first_dag' retrieved from /opt/airflow/dags/dag_1.py
[2026-05-12T15:16:56.828+0000] {logging_mixin.py:188} INFO - [2026-05-12T15:16:56.828+0000] {dag.py:3047} INFO - Sync 1 DAGs
[2026-05-12T15:16:56.848+0000] {logging_mixin.py:188} INFO - [2026-05-12T15:16:56.847+0000] {dag.py:3834} INFO - Setting next_dagrun for first_dag to 2026-04-01 00:00:00+00:00, run_after=2026-04-02 00:00:00+00:00
[2026-05-12T15:16:56.864+0000] {processor.py:183} INFO - Processing /opt/airflow/dags/dag_1.py took 0.076 seconds
[2026-05-12T15:17:27.000+0000] {processor.py:161} INFO - Started process (PID=446) to work on /opt/airflow/dags/dag_1.py
[2026-05-12T15:17:27.003+0000] {processor.py:830} INFO - Processing file /opt/airflow/dags/dag_1.py for tasks to queue
[2026-05-12T15:17:27.009+0000] {logging_mixin.py:188} INFO - [2026-05-12T15:17:27.009+0000] {dagbag.py:540} INFO - Filling up the DagBag from /opt/airflow/dags/dag_1.py
[2026-05-12T15:17:27.025+0000] {processor.py:840} INFO - DAG(s) 'first_dag' retrieved from /opt/airflow/dags/dag_1.py
[2026-05-12T15:17:27.071+0000] {logging_mixin.py:188} INFO - [2026-05-12T15:17:27.070+0000] {dag.py:3047} INFO - Sync 1 DAGs
[2026-05-12T15:17:27.106+0000] {logging_mixin.py:188} INFO - [2026-05-12T15:17:27.105+0000] {dag.py:3834} INFO - Setting next_dagrun for first_dag to 2026-04-01 00:00:00+00:00, run_after=2026-04-02 00:00:00+00:00
[2026-05-12T15:17:27.130+0000] {processor.py:183} INFO - Processing /opt/airflow/dags/dag_1.py took 0.140 seconds
[2026-05-12T15:18:51.996+0000] {processor.py:161} INFO - Started process (PID=63) to work on /opt/airflow/dags/dag_1.py
[2026-05-12T15:18:52.010+0000] {processor.py:830} INFO - Processing file /opt/airflow/dags/dag_1.py for tasks to queue
[2026-05-12T15:18:52.031+0000] {logging_mixin.py:188} INFO - [2026-05-12T15:18:52.030+0000] {dagbag.py:540} INFO - Filling up the DagBag from /opt/airflow/dags/dag_1.py
[2026-05-12T15:18:52.204+0000] {processor.py:840} INFO - DAG(s) 'first_dag' retrieved from /opt/airflow/dags/dag_1.py
[2026-05-12T15:18:52.773+0000] {logging_mixin.py:188} INFO - [2026-05-12T15:18:52.773+0000] {dag.py:3047} INFO - Sync 1 DAGs
[2026-05-12T15:18:52.850+0000] {logging_mixin.py:188} INFO - [2026-05-12T15:18:52.850+0000] {dag.py:3834} INFO - Setting next_dagrun for first_dag to 2026-04-01 00:00:00+00:00, run_after=2026-04-02 00:00:00+00:00
[2026-05-12T15:18:52.947+0000] {processor.py:183} INFO - Processing /opt/airflow/dags/dag_1.py took 1.004 seconds
[2026-05-12T15:19:23.230+0000] {processor.py:161} INFO - Started process (PID=71) to work on /opt/airflow/dags/dag_1.py
[2026-05-12T15:19:23.235+0000] {processor.py:830} INFO - Processing file /opt/airflow/dags/dag_1.py for tasks to queue
[2026-05-12T15:19:23.237+0000] {logging_mixin.py:188} INFO - [2026-05-12T15:19:23.237+0000] {dagbag.py:540} INFO - Filling up the DagBag from /opt/airflow/dags/dag_1.py
[2026-05-12T15:19:23.258+0000] {processor.py:840} INFO - DAG(s) 'first_dag' retrieved from /opt/airflow/dags/dag_1.py
[2026-05-12T15:19:23.297+0000] {logging_mixin.py:188} INFO - [2026-05-12T15:19:23.297+0000] {dag.py:3047} INFO - Sync 1 DAGs
[2026-05-12T15:19:23.321+0000] {logging_mixin.py:188} INFO - [2026-05-12T15:19:23.321+0000] {dag.py:3834} INFO - Setting next_dagrun for first_dag to 2026-04-01 00:00:00+00:00, run_after=2026-04-02 00:00:00+00:00
[2026-05-12T15:19:23.340+0000] {processor.py:183} INFO - Processing /opt/airflow/dags/dag_1.py took 0.114 seconds
[2026-05-12T15:19:53.505+0000] {processor.py:161} INFO - Started process (PID=78) to work on /opt/airflow/dags/dag_1.py
[2026-05-12T15:19:53.511+0000] {processor.py:830} INFO - Processing file /opt/airflow/dags/dag_1.py for tasks to queue
[2026-05-12T15:19:53.520+0000] {logging_mixin.py:188} INFO - [2026-05-12T15:19:53.520+0000] {dagbag.py:540} INFO - Filling up the DagBag from /opt/airflow/dags/dag_1.py
[2026-05-12T15:19:53.624+0000] {processor.py:840} INFO - DAG(s) 'first_dag' retrieved from /opt/airflow/dags/dag_1.py
[2026-05-12T15:19:53.794+0000] {logging_mixin.py:188} INFO - [2026-05-12T15:19:53.792+0000] {dag.py:3047} INFO - Sync 1 DAGs
[2026-05-12T15:19:53.977+0000] {logging_mixin.py:188} INFO - [2026-05-12T15:19:53.974+0000] {dag.py:3834} INFO - Setting next_dagrun for first_dag to 2026-04-01 00:00:00+00:00, run_after=2026-04-02 00:00:00+00:00
[2026-05-12T15:19:54.114+0000] {processor.py:183} INFO - Processing /opt/airflow/dags/dag_1.py took 0.623 seconds
[2026-05-12T15:20:24.342+0000] {processor.py:161} INFO - Started process (PID=85) to work on /opt/airflow/dags/dag_1.py
[2026-05-12T15:20:24.347+0000] {processor.py:830} INFO - Processing file /opt/airflow/dags/dag_1.py for tasks to queue
[2026-05-12T15:20:24.350+0000] {logging_mixin.py:188} INFO - [2026-05-12T15:20:24.350+0000] {dagbag.py:540} INFO - Filling up the DagBag from /opt/airflow/dags/dag_1.py
[2026-05-12T15:20:24.391+0000] {processor.py:840} INFO - DAG(s) 'first_dag' retrieved from /opt/airflow/dags/dag_1.py
[2026-05-12T15:20:24.438+0000] {logging_mixin.py:188} INFO - [2026-05-12T15:20:24.438+0000] {dag.py:3047} INFO - Sync 1 DAGs
[2026-05-12T15:20:24.483+0000] {logging_mixin.py:188} INFO - [2026-05-12T15:20:24.483+0000] {dag.py:3834} INFO - Setting next_dagrun for first_dag to 2026-04-01 00:00:00+00:00, run_after=2026-04-02 00:00:00+00:00
[2026-05-12T15:20:24.498+0000] {processor.py:183} INFO - Processing /opt/airflow/dags/dag_1.py took 0.159 seconds
[2026-05-12T15:20:54.573+0000] {processor.py:161} INFO - Started process (PID=92) to work on /opt/airflow/dags/dag_1.py
[2026-05-12T15:20:54.574+0000] {processor.py:830} INFO - Processing file /opt/airflow/dags/dag_1.py for tasks to queue
[2026-05-12T15:20:54.577+0000] {logging_mixin.py:188} INFO - [2026-05-12T15:20:54.576+0000] {dagbag.py:540} INFO - Filling up the DagBag from /opt/airflow/dags/dag_1.py
[2026-05-12T15:20:54.589+0000] {processor.py:840} INFO - DAG(s) 'first_dag' retrieved from /opt/airflow/dags/dag_1.py
[2026-05-12T15:20:54.615+0000] {logging_mixin.py:188} INFO - [2026-05-12T15:20:54.614+0000] {dag.py:3047} INFO - Sync 1 DAGs
[2026-05-12T15:20:54.635+0000] {logging_mixin.py:188} INFO - [2026-05-12T15:20:54.634+0000] {dag.py:3834} INFO - Setting next_dagrun for first_dag to 2026-04-01 00:00:00+00:00, run_after=2026-04-02 00:00:00+00:00
[2026-05-12T15:20:54.650+0000] {processor.py:183} INFO - Processing /opt/airflow/dags/dag_1.py took 0.081 seconds
[2026-05-12T15:21:24.752+0000] {processor.py:161} INFO - Started process (PID=99) to work on /opt/airflow/dags/dag_1.py
[2026-05-12T15:21:24.753+0000] {processor.py:830} INFO - Processing file /opt/airflow/dags/dag_1.py for tasks to queue
[2026-05-12T15:21:24.755+0000] {logging_mixin.py:188} INFO - [2026-05-12T15:21:24.755+0000] {dagbag.py:540} INFO - Filling up the DagBag from /opt/airflow/dags/dag_1.py
[2026-05-12T15:21:24.772+0000] {processor.py:840} INFO - DAG(s) 'first_dag' retrieved from /opt/airflow/dags/dag_1.py
[2026-05-12T15:21:24.811+0000] {logging_mixin.py:188} INFO - [2026-05-12T15:21:24.810+0000] {dag.py:3047} INFO - Sync 1 DAGs
[2026-05-12T15:21:24.832+0000] {logging_mixin.py:188} INFO - [2026-05-12T15:21:24.831+0000] {dag.py:3834} INFO - Setting next_dagrun for first_dag to 2026-04-01 00:00:00+00:00, run_after=2026-04-02 00:00:00+00:00
[2026-05-12T15:21:24.847+0000] {processor.py:183} INFO - Processing /opt/airflow/dags/dag_1.py took 0.099 seconds
