[2026-04-28T12:11:58.550+0000] {processor.py:161} INFO - Started process (PID=99) to work on /home/airflow/.local/lib/python3.8/site-packages/airflow/example_dags/example_xcom.py
[2026-04-28T12:11:58.551+0000] {processor.py:830} INFO - Processing file /home/airflow/.local/lib/python3.8/site-packages/airflow/example_dags/example_xcom.py for tasks to queue
[2026-04-28T12:11:58.562+0000] {logging_mixin.py:188} INFO - [2026-04-28T12:11:58.555+0000] {dagbag.py:540} INFO - Filling up the DagBag from /home/airflow/.local/lib/python3.8/site-packages/airflow/example_dags/example_xcom.py
[2026-04-28T12:11:58.601+0000] {processor.py:840} INFO - DAG(s) 'example_xcom' retrieved from /home/airflow/.local/lib/python3.8/site-packages/airflow/example_dags/example_xcom.py
[2026-04-28T12:11:58.922+0000] {logging_mixin.py:188} INFO - [2026-04-28T12:11:58.918+0000] {dag.py:3047} INFO - Sync 1 DAGs
[2026-04-28T12:11:58.987+0000] {logging_mixin.py:188} INFO - [2026-04-28T12:11:58.985+0000] {dag.py:3834} INFO - Setting next_dagrun for example_xcom to 2021-01-01 00:00:00+00:00, run_after=2021-01-01 00:00:00+00:00
[2026-04-28T12:11:59.172+0000] {processor.py:183} INFO - Processing /home/airflow/.local/lib/python3.8/site-packages/airflow/example_dags/example_xcom.py took 0.635 seconds
[2026-04-28T12:12:29.825+0000] {processor.py:161} INFO - Started process (PID=154) to work on /home/airflow/.local/lib/python3.8/site-packages/airflow/example_dags/example_xcom.py
[2026-04-28T12:12:29.830+0000] {processor.py:830} INFO - Processing file /home/airflow/.local/lib/python3.8/site-packages/airflow/example_dags/example_xcom.py for tasks to queue
[2026-04-28T12:12:29.835+0000] {logging_mixin.py:188} INFO - [2026-04-28T12:12:29.834+0000] {dagbag.py:540} INFO - Filling up the DagBag from /home/airflow/.local/lib/python3.8/site-packages/airflow/example_dags/example_xcom.py
[2026-04-28T12:12:29.860+0000] {processor.py:840} INFO - DAG(s) 'example_xcom' retrieved from /home/airflow/.local/lib/python3.8/site-packages/airflow/example_dags/example_xcom.py
[2026-04-28T12:12:29.894+0000] {logging_mixin.py:188} INFO - [2026-04-28T12:12:29.893+0000] {dag.py:3047} INFO - Sync 1 DAGs
[2026-04-28T12:12:29.924+0000] {logging_mixin.py:188} INFO - [2026-04-28T12:12:29.923+0000] {dag.py:3834} INFO - Setting next_dagrun for example_xcom to 2021-01-01 00:00:00+00:00, run_after=2021-01-01 00:00:00+00:00
[2026-04-28T12:12:29.981+0000] {processor.py:183} INFO - Processing /home/airflow/.local/lib/python3.8/site-packages/airflow/example_dags/example_xcom.py took 0.167 seconds
[2026-04-28T12:13:00.922+0000] {processor.py:161} INFO - Started process (PID=215) to work on /home/airflow/.local/lib/python3.8/site-packages/airflow/example_dags/example_xcom.py
[2026-04-28T12:13:00.923+0000] {processor.py:830} INFO - Processing file /home/airflow/.local/lib/python3.8/site-packages/airflow/example_dags/example_xcom.py for tasks to queue
[2026-04-28T12:13:00.925+0000] {logging_mixin.py:188} INFO - [2026-04-28T12:13:00.925+0000] {dagbag.py:540} INFO - Filling up the DagBag from /home/airflow/.local/lib/python3.8/site-packages/airflow/example_dags/example_xcom.py
[2026-04-28T12:13:00.933+0000] {processor.py:840} INFO - DAG(s) 'example_xcom' retrieved from /home/airflow/.local/lib/python3.8/site-packages/airflow/example_dags/example_xcom.py
[2026-04-28T12:13:00.957+0000] {logging_mixin.py:188} INFO - [2026-04-28T12:13:00.957+0000] {dag.py:3047} INFO - Sync 1 DAGs
[2026-04-28T12:13:00.989+0000] {logging_mixin.py:188} INFO - [2026-04-28T12:13:00.989+0000] {dag.py:3834} INFO - Setting next_dagrun for example_xcom to 2021-01-01 00:00:00+00:00, run_after=2021-01-01 00:00:00+00:00
[2026-04-28T12:13:01.028+0000] {processor.py:183} INFO - Processing /home/airflow/.local/lib/python3.8/site-packages/airflow/example_dags/example_xcom.py took 0.110 seconds
[2026-04-28T12:13:31.407+0000] {processor.py:161} INFO - Started process (PID=270) to work on /home/airflow/.local/lib/python3.8/site-packages/airflow/example_dags/example_xcom.py
[2026-04-28T12:13:31.409+0000] {processor.py:830} INFO - Processing file /home/airflow/.local/lib/python3.8/site-packages/airflow/example_dags/example_xcom.py for tasks to queue
[2026-04-28T12:13:31.411+0000] {logging_mixin.py:188} INFO - [2026-04-28T12:13:31.411+0000] {dagbag.py:540} INFO - Filling up the DagBag from /home/airflow/.local/lib/python3.8/site-packages/airflow/example_dags/example_xcom.py
[2026-04-28T12:13:31.420+0000] {processor.py:840} INFO - DAG(s) 'example_xcom' retrieved from /home/airflow/.local/lib/python3.8/site-packages/airflow/example_dags/example_xcom.py
[2026-04-28T12:13:31.443+0000] {logging_mixin.py:188} INFO - [2026-04-28T12:13:31.443+0000] {dag.py:3047} INFO - Sync 1 DAGs
[2026-04-28T12:13:31.474+0000] {logging_mixin.py:188} INFO - [2026-04-28T12:13:31.473+0000] {dag.py:3834} INFO - Setting next_dagrun for example_xcom to 2021-01-01 00:00:00+00:00, run_after=2021-01-01 00:00:00+00:00
[2026-04-28T12:13:31.530+0000] {processor.py:183} INFO - Processing /home/airflow/.local/lib/python3.8/site-packages/airflow/example_dags/example_xcom.py took 0.127 seconds
[2026-04-28T12:14:01.984+0000] {processor.py:161} INFO - Started process (PID=325) to work on /home/airflow/.local/lib/python3.8/site-packages/airflow/example_dags/example_xcom.py
[2026-04-28T12:14:01.985+0000] {processor.py:830} INFO - Processing file /home/airflow/.local/lib/python3.8/site-packages/airflow/example_dags/example_xcom.py for tasks to queue
[2026-04-28T12:14:01.987+0000] {logging_mixin.py:188} INFO - [2026-04-28T12:14:01.987+0000] {dagbag.py:540} INFO - Filling up the DagBag from /home/airflow/.local/lib/python3.8/site-packages/airflow/example_dags/example_xcom.py
[2026-04-28T12:14:01.996+0000] {processor.py:840} INFO - DAG(s) 'example_xcom' retrieved from /home/airflow/.local/lib/python3.8/site-packages/airflow/example_dags/example_xcom.py
[2026-04-28T12:14:02.018+0000] {logging_mixin.py:188} INFO - [2026-04-28T12:14:02.018+0000] {dag.py:3047} INFO - Sync 1 DAGs
[2026-04-28T12:14:02.044+0000] {logging_mixin.py:188} INFO - [2026-04-28T12:14:02.044+0000] {dag.py:3834} INFO - Setting next_dagrun for example_xcom to 2021-01-01 00:00:00+00:00, run_after=2021-01-01 00:00:00+00:00
[2026-04-28T12:14:02.062+0000] {processor.py:183} INFO - Processing /home/airflow/.local/lib/python3.8/site-packages/airflow/example_dags/example_xcom.py took 0.082 seconds
[2026-04-28T12:14:32.539+0000] {processor.py:161} INFO - Started process (PID=380) to work on /home/airflow/.local/lib/python3.8/site-packages/airflow/example_dags/example_xcom.py
[2026-04-28T12:14:32.541+0000] {processor.py:830} INFO - Processing file /home/airflow/.local/lib/python3.8/site-packages/airflow/example_dags/example_xcom.py for tasks to queue
[2026-04-28T12:14:32.543+0000] {logging_mixin.py:188} INFO - [2026-04-28T12:14:32.543+0000] {dagbag.py:540} INFO - Filling up the DagBag from /home/airflow/.local/lib/python3.8/site-packages/airflow/example_dags/example_xcom.py
[2026-04-28T12:14:32.552+0000] {processor.py:840} INFO - DAG(s) 'example_xcom' retrieved from /home/airflow/.local/lib/python3.8/site-packages/airflow/example_dags/example_xcom.py
[2026-04-28T12:14:32.575+0000] {logging_mixin.py:188} INFO - [2026-04-28T12:14:32.575+0000] {dag.py:3047} INFO - Sync 1 DAGs
[2026-04-28T12:14:32.599+0000] {logging_mixin.py:188} INFO - [2026-04-28T12:14:32.598+0000] {dag.py:3834} INFO - Setting next_dagrun for example_xcom to 2021-01-01 00:00:00+00:00, run_after=2021-01-01 00:00:00+00:00
[2026-04-28T12:14:32.624+0000] {processor.py:183} INFO - Processing /home/airflow/.local/lib/python3.8/site-packages/airflow/example_dags/example_xcom.py took 0.088 seconds
[2026-04-28T12:15:03.327+0000] {processor.py:161} INFO - Started process (PID=435) to work on /home/airflow/.local/lib/python3.8/site-packages/airflow/example_dags/example_xcom.py
[2026-04-28T12:15:03.329+0000] {processor.py:830} INFO - Processing file /home/airflow/.local/lib/python3.8/site-packages/airflow/example_dags/example_xcom.py for tasks to queue
[2026-04-28T12:15:03.331+0000] {logging_mixin.py:188} INFO - [2026-04-28T12:15:03.331+0000] {dagbag.py:540} INFO - Filling up the DagBag from /home/airflow/.local/lib/python3.8/site-packages/airflow/example_dags/example_xcom.py
[2026-04-28T12:15:03.340+0000] {processor.py:840} INFO - DAG(s) 'example_xcom' retrieved from /home/airflow/.local/lib/python3.8/site-packages/airflow/example_dags/example_xcom.py
[2026-04-28T12:15:03.365+0000] {logging_mixin.py:188} INFO - [2026-04-28T12:15:03.365+0000] {dag.py:3047} INFO - Sync 1 DAGs
[2026-04-28T12:15:03.389+0000] {logging_mixin.py:188} INFO - [2026-04-28T12:15:03.389+0000] {dag.py:3834} INFO - Setting next_dagrun for example_xcom to 2021-01-01 00:00:00+00:00, run_after=2021-01-01 00:00:00+00:00
[2026-04-28T12:15:03.406+0000] {processor.py:183} INFO - Processing /home/airflow/.local/lib/python3.8/site-packages/airflow/example_dags/example_xcom.py took 0.083 seconds
[2026-04-28T12:15:33.764+0000] {processor.py:161} INFO - Started process (PID=489) to work on /home/airflow/.local/lib/python3.8/site-packages/airflow/example_dags/example_xcom.py
[2026-04-28T12:15:33.765+0000] {processor.py:830} INFO - Processing file /home/airflow/.local/lib/python3.8/site-packages/airflow/example_dags/example_xcom.py for tasks to queue
[2026-04-28T12:15:33.767+0000] {logging_mixin.py:188} INFO - [2026-04-28T12:15:33.767+0000] {dagbag.py:540} INFO - Filling up the DagBag from /home/airflow/.local/lib/python3.8/site-packages/airflow/example_dags/example_xcom.py
[2026-04-28T12:15:33.776+0000] {processor.py:840} INFO - DAG(s) 'example_xcom' retrieved from /home/airflow/.local/lib/python3.8/site-packages/airflow/example_dags/example_xcom.py
[2026-04-28T12:15:33.800+0000] {logging_mixin.py:188} INFO - [2026-04-28T12:15:33.800+0000] {dag.py:3047} INFO - Sync 1 DAGs
[2026-04-28T12:15:33.823+0000] {logging_mixin.py:188} INFO - [2026-04-28T12:15:33.823+0000] {dag.py:3834} INFO - Setting next_dagrun for example_xcom to 2021-01-01 00:00:00+00:00, run_after=2021-01-01 00:00:00+00:00
[2026-04-28T12:15:33.841+0000] {processor.py:183} INFO - Processing /home/airflow/.local/lib/python3.8/site-packages/airflow/example_dags/example_xcom.py took 0.081 seconds
[2026-04-28T12:16:04.780+0000] {processor.py:161} INFO - Started process (PID=544) to work on /home/airflow/.local/lib/python3.8/site-packages/airflow/example_dags/example_xcom.py
[2026-04-28T12:16:04.781+0000] {processor.py:830} INFO - Processing file /home/airflow/.local/lib/python3.8/site-packages/airflow/example_dags/example_xcom.py for tasks to queue
[2026-04-28T12:16:04.783+0000] {logging_mixin.py:188} INFO - [2026-04-28T12:16:04.783+0000] {dagbag.py:540} INFO - Filling up the DagBag from /home/airflow/.local/lib/python3.8/site-packages/airflow/example_dags/example_xcom.py
[2026-04-28T12:16:04.792+0000] {processor.py:840} INFO - DAG(s) 'example_xcom' retrieved from /home/airflow/.local/lib/python3.8/site-packages/airflow/example_dags/example_xcom.py
[2026-04-28T12:16:04.818+0000] {logging_mixin.py:188} INFO - [2026-04-28T12:16:04.817+0000] {dag.py:3047} INFO - Sync 1 DAGs
[2026-04-28T12:16:04.841+0000] {logging_mixin.py:188} INFO - [2026-04-28T12:16:04.841+0000] {dag.py:3834} INFO - Setting next_dagrun for example_xcom to 2021-01-01 00:00:00+00:00, run_after=2021-01-01 00:00:00+00:00
[2026-04-28T12:16:04.860+0000] {processor.py:183} INFO - Processing /home/airflow/.local/lib/python3.8/site-packages/airflow/example_dags/example_xcom.py took 0.083 seconds
[2026-04-28T12:16:35.055+0000] {processor.py:161} INFO - Started process (PID=599) to work on /home/airflow/.local/lib/python3.8/site-packages/airflow/example_dags/example_xcom.py
[2026-04-28T12:16:35.057+0000] {processor.py:830} INFO - Processing file /home/airflow/.local/lib/python3.8/site-packages/airflow/example_dags/example_xcom.py for tasks to queue
[2026-04-28T12:16:35.060+0000] {logging_mixin.py:188} INFO - [2026-04-28T12:16:35.059+0000] {dagbag.py:540} INFO - Filling up the DagBag from /home/airflow/.local/lib/python3.8/site-packages/airflow/example_dags/example_xcom.py
[2026-04-28T12:16:35.070+0000] {processor.py:840} INFO - DAG(s) 'example_xcom' retrieved from /home/airflow/.local/lib/python3.8/site-packages/airflow/example_dags/example_xcom.py
[2026-04-28T12:16:35.099+0000] {logging_mixin.py:188} INFO - [2026-04-28T12:16:35.099+0000] {dag.py:3047} INFO - Sync 1 DAGs
[2026-04-28T12:16:35.123+0000] {logging_mixin.py:188} INFO - [2026-04-28T12:16:35.122+0000] {dag.py:3834} INFO - Setting next_dagrun for example_xcom to 2021-01-01 00:00:00+00:00, run_after=2021-01-01 00:00:00+00:00
[2026-04-28T12:16:35.140+0000] {processor.py:183} INFO - Processing /home/airflow/.local/lib/python3.8/site-packages/airflow/example_dags/example_xcom.py took 0.089 seconds
[2026-04-28T12:17:05.726+0000] {processor.py:161} INFO - Started process (PID=654) to work on /home/airflow/.local/lib/python3.8/site-packages/airflow/example_dags/example_xcom.py
[2026-04-28T12:17:05.730+0000] {processor.py:830} INFO - Processing file /home/airflow/.local/lib/python3.8/site-packages/airflow/example_dags/example_xcom.py for tasks to queue
[2026-04-28T12:17:05.732+0000] {logging_mixin.py:188} INFO - [2026-04-28T12:17:05.731+0000] {dagbag.py:540} INFO - Filling up the DagBag from /home/airflow/.local/lib/python3.8/site-packages/airflow/example_dags/example_xcom.py
[2026-04-28T12:17:05.745+0000] {processor.py:840} INFO - DAG(s) 'example_xcom' retrieved from /home/airflow/.local/lib/python3.8/site-packages/airflow/example_dags/example_xcom.py
[2026-04-28T12:17:05.779+0000] {logging_mixin.py:188} INFO - [2026-04-28T12:17:05.779+0000] {dag.py:3047} INFO - Sync 1 DAGs
[2026-04-28T12:17:05.807+0000] {logging_mixin.py:188} INFO - [2026-04-28T12:17:05.807+0000] {dag.py:3834} INFO - Setting next_dagrun for example_xcom to 2021-01-01 00:00:00+00:00, run_after=2021-01-01 00:00:00+00:00
[2026-04-28T12:17:05.827+0000] {processor.py:183} INFO - Processing /home/airflow/.local/lib/python3.8/site-packages/airflow/example_dags/example_xcom.py took 0.109 seconds
[2026-04-28T12:17:35.998+0000] {processor.py:161} INFO - Started process (PID=709) to work on /home/airflow/.local/lib/python3.8/site-packages/airflow/example_dags/example_xcom.py
[2026-04-28T12:17:35.999+0000] {processor.py:830} INFO - Processing file /home/airflow/.local/lib/python3.8/site-packages/airflow/example_dags/example_xcom.py for tasks to queue
[2026-04-28T12:17:36.001+0000] {logging_mixin.py:188} INFO - [2026-04-28T12:17:36.001+0000] {dagbag.py:540} INFO - Filling up the DagBag from /home/airflow/.local/lib/python3.8/site-packages/airflow/example_dags/example_xcom.py
[2026-04-28T12:17:36.010+0000] {processor.py:840} INFO - DAG(s) 'example_xcom' retrieved from /home/airflow/.local/lib/python3.8/site-packages/airflow/example_dags/example_xcom.py
[2026-04-28T12:17:36.036+0000] {logging_mixin.py:188} INFO - [2026-04-28T12:17:36.036+0000] {dag.py:3047} INFO - Sync 1 DAGs
[2026-04-28T12:17:36.060+0000] {logging_mixin.py:188} INFO - [2026-04-28T12:17:36.060+0000] {dag.py:3834} INFO - Setting next_dagrun for example_xcom to 2021-01-01 00:00:00+00:00, run_after=2021-01-01 00:00:00+00:00
[2026-04-28T12:17:36.078+0000] {processor.py:183} INFO - Processing /home/airflow/.local/lib/python3.8/site-packages/airflow/example_dags/example_xcom.py took 0.083 seconds
[2026-04-28T12:18:06.625+0000] {processor.py:161} INFO - Started process (PID=764) to work on /home/airflow/.local/lib/python3.8/site-packages/airflow/example_dags/example_xcom.py
[2026-04-28T12:18:06.630+0000] {processor.py:830} INFO - Processing file /home/airflow/.local/lib/python3.8/site-packages/airflow/example_dags/example_xcom.py for tasks to queue
[2026-04-28T12:18:06.636+0000] {logging_mixin.py:188} INFO - [2026-04-28T12:18:06.636+0000] {dagbag.py:540} INFO - Filling up the DagBag from /home/airflow/.local/lib/python3.8/site-packages/airflow/example_dags/example_xcom.py
[2026-04-28T12:18:06.656+0000] {processor.py:840} INFO - DAG(s) 'example_xcom' retrieved from /home/airflow/.local/lib/python3.8/site-packages/airflow/example_dags/example_xcom.py
[2026-04-28T12:18:06.698+0000] {logging_mixin.py:188} INFO - [2026-04-28T12:18:06.698+0000] {dag.py:3047} INFO - Sync 1 DAGs
[2026-04-28T12:18:06.753+0000] {logging_mixin.py:188} INFO - [2026-04-28T12:18:06.753+0000] {dag.py:3834} INFO - Setting next_dagrun for example_xcom to 2021-01-01 00:00:00+00:00, run_after=2021-01-01 00:00:00+00:00
[2026-04-28T12:18:06.789+0000] {processor.py:183} INFO - Processing /home/airflow/.local/lib/python3.8/site-packages/airflow/example_dags/example_xcom.py took 0.172 seconds
[2026-04-28T12:18:37.593+0000] {processor.py:161} INFO - Started process (PID=819) to work on /home/airflow/.local/lib/python3.8/site-packages/airflow/example_dags/example_xcom.py
[2026-04-28T12:18:37.598+0000] {processor.py:830} INFO - Processing file /home/airflow/.local/lib/python3.8/site-packages/airflow/example_dags/example_xcom.py for tasks to queue
[2026-04-28T12:18:37.604+0000] {logging_mixin.py:188} INFO - [2026-04-28T12:18:37.603+0000] {dagbag.py:540} INFO - Filling up the DagBag from /home/airflow/.local/lib/python3.8/site-packages/airflow/example_dags/example_xcom.py
[2026-04-28T12:18:37.630+0000] {processor.py:840} INFO - DAG(s) 'example_xcom' retrieved from /home/airflow/.local/lib/python3.8/site-packages/airflow/example_dags/example_xcom.py
[2026-04-28T12:18:37.678+0000] {logging_mixin.py:188} INFO - [2026-04-28T12:18:37.678+0000] {dag.py:3047} INFO - Sync 1 DAGs
[2026-04-28T12:18:37.712+0000] {logging_mixin.py:188} INFO - [2026-04-28T12:18:37.710+0000] {dag.py:3834} INFO - Setting next_dagrun for example_xcom to 2021-01-01 00:00:00+00:00, run_after=2021-01-01 00:00:00+00:00
[2026-04-28T12:18:37.775+0000] {processor.py:183} INFO - Processing /home/airflow/.local/lib/python3.8/site-packages/airflow/example_dags/example_xcom.py took 0.191 seconds
[2026-04-28T12:19:07.881+0000] {processor.py:161} INFO - Started process (PID=874) to work on /home/airflow/.local/lib/python3.8/site-packages/airflow/example_dags/example_xcom.py
[2026-04-28T12:19:07.882+0000] {processor.py:830} INFO - Processing file /home/airflow/.local/lib/python3.8/site-packages/airflow/example_dags/example_xcom.py for tasks to queue
[2026-04-28T12:19:07.884+0000] {logging_mixin.py:188} INFO - [2026-04-28T12:19:07.883+0000] {dagbag.py:540} INFO - Filling up the DagBag from /home/airflow/.local/lib/python3.8/site-packages/airflow/example_dags/example_xcom.py
[2026-04-28T12:19:07.892+0000] {processor.py:840} INFO - DAG(s) 'example_xcom' retrieved from /home/airflow/.local/lib/python3.8/site-packages/airflow/example_dags/example_xcom.py
[2026-04-28T12:19:07.917+0000] {logging_mixin.py:188} INFO - [2026-04-28T12:19:07.916+0000] {dag.py:3047} INFO - Sync 1 DAGs
[2026-04-28T12:19:07.940+0000] {logging_mixin.py:188} INFO - [2026-04-28T12:19:07.940+0000] {dag.py:3834} INFO - Setting next_dagrun for example_xcom to 2021-01-01 00:00:00+00:00, run_after=2021-01-01 00:00:00+00:00
[2026-04-28T12:19:07.958+0000] {processor.py:183} INFO - Processing /home/airflow/.local/lib/python3.8/site-packages/airflow/example_dags/example_xcom.py took 0.081 seconds
[2026-04-28T12:19:38.869+0000] {processor.py:161} INFO - Started process (PID=929) to work on /home/airflow/.local/lib/python3.8/site-packages/airflow/example_dags/example_xcom.py
[2026-04-28T12:19:38.872+0000] {processor.py:830} INFO - Processing file /home/airflow/.local/lib/python3.8/site-packages/airflow/example_dags/example_xcom.py for tasks to queue
[2026-04-28T12:19:38.877+0000] {logging_mixin.py:188} INFO - [2026-04-28T12:19:38.876+0000] {dagbag.py:540} INFO - Filling up the DagBag from /home/airflow/.local/lib/python3.8/site-packages/airflow/example_dags/example_xcom.py
[2026-04-28T12:19:38.898+0000] {processor.py:840} INFO - DAG(s) 'example_xcom' retrieved from /home/airflow/.local/lib/python3.8/site-packages/airflow/example_dags/example_xcom.py
[2026-04-28T12:19:39.049+0000] {logging_mixin.py:188} INFO - [2026-04-28T12:19:39.047+0000] {dag.py:3047} INFO - Sync 1 DAGs
[2026-04-28T12:19:39.098+0000] {logging_mixin.py:188} INFO - [2026-04-28T12:19:39.098+0000] {dag.py:3834} INFO - Setting next_dagrun for example_xcom to 2021-01-01 00:00:00+00:00, run_after=2021-01-01 00:00:00+00:00
[2026-04-28T12:19:39.137+0000] {processor.py:183} INFO - Processing /home/airflow/.local/lib/python3.8/site-packages/airflow/example_dags/example_xcom.py took 0.282 seconds
[2026-04-28T12:20:09.418+0000] {processor.py:161} INFO - Started process (PID=982) to work on /home/airflow/.local/lib/python3.8/site-packages/airflow/example_dags/example_xcom.py
[2026-04-28T12:20:09.419+0000] {processor.py:830} INFO - Processing file /home/airflow/.local/lib/python3.8/site-packages/airflow/example_dags/example_xcom.py for tasks to queue
[2026-04-28T12:20:09.421+0000] {logging_mixin.py:188} INFO - [2026-04-28T12:20:09.421+0000] {dagbag.py:540} INFO - Filling up the DagBag from /home/airflow/.local/lib/python3.8/site-packages/airflow/example_dags/example_xcom.py
[2026-04-28T12:20:09.430+0000] {processor.py:840} INFO - DAG(s) 'example_xcom' retrieved from /home/airflow/.local/lib/python3.8/site-packages/airflow/example_dags/example_xcom.py
[2026-04-28T12:20:09.450+0000] {logging_mixin.py:188} INFO - [2026-04-28T12:20:09.450+0000] {dag.py:3047} INFO - Sync 1 DAGs
[2026-04-28T12:20:09.487+0000] {logging_mixin.py:188} INFO - [2026-04-28T12:20:09.487+0000] {dag.py:3834} INFO - Setting next_dagrun for example_xcom to 2021-01-01 00:00:00+00:00, run_after=2021-01-01 00:00:00+00:00
[2026-04-28T12:20:09.503+0000] {processor.py:183} INFO - Processing /home/airflow/.local/lib/python3.8/site-packages/airflow/example_dags/example_xcom.py took 0.090 seconds
[2026-04-28T12:20:39.552+0000] {processor.py:161} INFO - Started process (PID=1037) to work on /home/airflow/.local/lib/python3.8/site-packages/airflow/example_dags/example_xcom.py
[2026-04-28T12:20:39.553+0000] {processor.py:830} INFO - Processing file /home/airflow/.local/lib/python3.8/site-packages/airflow/example_dags/example_xcom.py for tasks to queue
[2026-04-28T12:20:39.555+0000] {logging_mixin.py:188} INFO - [2026-04-28T12:20:39.554+0000] {dagbag.py:540} INFO - Filling up the DagBag from /home/airflow/.local/lib/python3.8/site-packages/airflow/example_dags/example_xcom.py
[2026-04-28T12:20:39.563+0000] {processor.py:840} INFO - DAG(s) 'example_xcom' retrieved from /home/airflow/.local/lib/python3.8/site-packages/airflow/example_dags/example_xcom.py
[2026-04-28T12:20:39.585+0000] {logging_mixin.py:188} INFO - [2026-04-28T12:20:39.585+0000] {dag.py:3047} INFO - Sync 1 DAGs
[2026-04-28T12:20:39.621+0000] {logging_mixin.py:188} INFO - [2026-04-28T12:20:39.621+0000] {dag.py:3834} INFO - Setting next_dagrun for example_xcom to 2021-01-01 00:00:00+00:00, run_after=2021-01-01 00:00:00+00:00
[2026-04-28T12:20:39.655+0000] {processor.py:183} INFO - Processing /home/airflow/.local/lib/python3.8/site-packages/airflow/example_dags/example_xcom.py took 0.107 seconds
[2026-04-28T12:21:10.248+0000] {processor.py:161} INFO - Started process (PID=1092) to work on /home/airflow/.local/lib/python3.8/site-packages/airflow/example_dags/example_xcom.py
[2026-04-28T12:21:10.249+0000] {processor.py:830} INFO - Processing file /home/airflow/.local/lib/python3.8/site-packages/airflow/example_dags/example_xcom.py for tasks to queue
[2026-04-28T12:21:10.251+0000] {logging_mixin.py:188} INFO - [2026-04-28T12:21:10.251+0000] {dagbag.py:540} INFO - Filling up the DagBag from /home/airflow/.local/lib/python3.8/site-packages/airflow/example_dags/example_xcom.py
[2026-04-28T12:21:10.260+0000] {processor.py:840} INFO - DAG(s) 'example_xcom' retrieved from /home/airflow/.local/lib/python3.8/site-packages/airflow/example_dags/example_xcom.py
[2026-04-28T12:21:10.285+0000] {logging_mixin.py:188} INFO - [2026-04-28T12:21:10.285+0000] {dag.py:3047} INFO - Sync 1 DAGs
[2026-04-28T12:21:10.308+0000] {logging_mixin.py:188} INFO - [2026-04-28T12:21:10.308+0000] {dag.py:3834} INFO - Setting next_dagrun for example_xcom to 2021-01-01 00:00:00+00:00, run_after=2021-01-01 00:00:00+00:00
[2026-04-28T12:21:10.327+0000] {processor.py:183} INFO - Processing /home/airflow/.local/lib/python3.8/site-packages/airflow/example_dags/example_xcom.py took 0.083 seconds
[2026-04-28T12:21:40.424+0000] {processor.py:161} INFO - Started process (PID=1147) to work on /home/airflow/.local/lib/python3.8/site-packages/airflow/example_dags/example_xcom.py
[2026-04-28T12:21:40.424+0000] {processor.py:830} INFO - Processing file /home/airflow/.local/lib/python3.8/site-packages/airflow/example_dags/example_xcom.py for tasks to queue
[2026-04-28T12:21:40.426+0000] {logging_mixin.py:188} INFO - [2026-04-28T12:21:40.425+0000] {dagbag.py:540} INFO - Filling up the DagBag from /home/airflow/.local/lib/python3.8/site-packages/airflow/example_dags/example_xcom.py
[2026-04-28T12:21:40.432+0000] {processor.py:840} INFO - DAG(s) 'example_xcom' retrieved from /home/airflow/.local/lib/python3.8/site-packages/airflow/example_dags/example_xcom.py
[2026-04-28T12:21:40.448+0000] {logging_mixin.py:188} INFO - [2026-04-28T12:21:40.448+0000] {dag.py:3047} INFO - Sync 1 DAGs
[2026-04-28T12:21:40.464+0000] {logging_mixin.py:188} INFO - [2026-04-28T12:21:40.464+0000] {dag.py:3834} INFO - Setting next_dagrun for example_xcom to 2021-01-01 00:00:00+00:00, run_after=2021-01-01 00:00:00+00:00
[2026-04-28T12:21:40.478+0000] {processor.py:183} INFO - Processing /home/airflow/.local/lib/python3.8/site-packages/airflow/example_dags/example_xcom.py took 0.057 seconds
[2026-04-28T12:22:11.149+0000] {processor.py:161} INFO - Started process (PID=1202) to work on /home/airflow/.local/lib/python3.8/site-packages/airflow/example_dags/example_xcom.py
[2026-04-28T12:22:11.150+0000] {processor.py:830} INFO - Processing file /home/airflow/.local/lib/python3.8/site-packages/airflow/example_dags/example_xcom.py for tasks to queue
[2026-04-28T12:22:11.152+0000] {logging_mixin.py:188} INFO - [2026-04-28T12:22:11.152+0000] {dagbag.py:540} INFO - Filling up the DagBag from /home/airflow/.local/lib/python3.8/site-packages/airflow/example_dags/example_xcom.py
[2026-04-28T12:22:11.161+0000] {processor.py:840} INFO - DAG(s) 'example_xcom' retrieved from /home/airflow/.local/lib/python3.8/site-packages/airflow/example_dags/example_xcom.py
[2026-04-28T12:22:11.182+0000] {logging_mixin.py:188} INFO - [2026-04-28T12:22:11.181+0000] {dag.py:3047} INFO - Sync 1 DAGs
[2026-04-28T12:22:11.204+0000] {logging_mixin.py:188} INFO - [2026-04-28T12:22:11.204+0000] {dag.py:3834} INFO - Setting next_dagrun for example_xcom to 2021-01-01 00:00:00+00:00, run_after=2021-01-01 00:00:00+00:00
[2026-04-28T12:22:11.223+0000] {processor.py:183} INFO - Processing /home/airflow/.local/lib/python3.8/site-packages/airflow/example_dags/example_xcom.py took 0.079 seconds
[2026-04-28T12:22:41.378+0000] {processor.py:161} INFO - Started process (PID=1257) to work on /home/airflow/.local/lib/python3.8/site-packages/airflow/example_dags/example_xcom.py
[2026-04-28T12:22:41.379+0000] {processor.py:830} INFO - Processing file /home/airflow/.local/lib/python3.8/site-packages/airflow/example_dags/example_xcom.py for tasks to queue
[2026-04-28T12:22:41.381+0000] {logging_mixin.py:188} INFO - [2026-04-28T12:22:41.381+0000] {dagbag.py:540} INFO - Filling up the DagBag from /home/airflow/.local/lib/python3.8/site-packages/airflow/example_dags/example_xcom.py
[2026-04-28T12:22:41.389+0000] {processor.py:840} INFO - DAG(s) 'example_xcom' retrieved from /home/airflow/.local/lib/python3.8/site-packages/airflow/example_dags/example_xcom.py
[2026-04-28T12:22:41.413+0000] {logging_mixin.py:188} INFO - [2026-04-28T12:22:41.412+0000] {dag.py:3047} INFO - Sync 1 DAGs
[2026-04-28T12:22:41.435+0000] {logging_mixin.py:188} INFO - [2026-04-28T12:22:41.435+0000] {dag.py:3834} INFO - Setting next_dagrun for example_xcom to 2021-01-01 00:00:00+00:00, run_after=2021-01-01 00:00:00+00:00
[2026-04-28T12:22:41.452+0000] {processor.py:183} INFO - Processing /home/airflow/.local/lib/python3.8/site-packages/airflow/example_dags/example_xcom.py took 0.078 seconds
[2026-04-28T12:23:11.848+0000] {processor.py:161} INFO - Started process (PID=1312) to work on /home/airflow/.local/lib/python3.8/site-packages/airflow/example_dags/example_xcom.py
[2026-04-28T12:23:11.850+0000] {processor.py:830} INFO - Processing file /home/airflow/.local/lib/python3.8/site-packages/airflow/example_dags/example_xcom.py for tasks to queue
[2026-04-28T12:23:11.852+0000] {logging_mixin.py:188} INFO - [2026-04-28T12:23:11.852+0000] {dagbag.py:540} INFO - Filling up the DagBag from /home/airflow/.local/lib/python3.8/site-packages/airflow/example_dags/example_xcom.py
[2026-04-28T12:23:11.861+0000] {processor.py:840} INFO - DAG(s) 'example_xcom' retrieved from /home/airflow/.local/lib/python3.8/site-packages/airflow/example_dags/example_xcom.py
[2026-04-28T12:23:11.882+0000] {logging_mixin.py:188} INFO - [2026-04-28T12:23:11.882+0000] {dag.py:3047} INFO - Sync 1 DAGs
[2026-04-28T12:23:11.905+0000] {logging_mixin.py:188} INFO - [2026-04-28T12:23:11.905+0000] {dag.py:3834} INFO - Setting next_dagrun for example_xcom to 2021-01-01 00:00:00+00:00, run_after=2021-01-01 00:00:00+00:00
[2026-04-28T12:23:11.924+0000] {processor.py:183} INFO - Processing /home/airflow/.local/lib/python3.8/site-packages/airflow/example_dags/example_xcom.py took 0.082 seconds
[2026-04-28T12:23:42.110+0000] {processor.py:161} INFO - Started process (PID=1367) to work on /home/airflow/.local/lib/python3.8/site-packages/airflow/example_dags/example_xcom.py
[2026-04-28T12:23:42.111+0000] {processor.py:830} INFO - Processing file /home/airflow/.local/lib/python3.8/site-packages/airflow/example_dags/example_xcom.py for tasks to queue
[2026-04-28T12:23:42.113+0000] {logging_mixin.py:188} INFO - [2026-04-28T12:23:42.112+0000] {dagbag.py:540} INFO - Filling up the DagBag from /home/airflow/.local/lib/python3.8/site-packages/airflow/example_dags/example_xcom.py
[2026-04-28T12:23:42.121+0000] {processor.py:840} INFO - DAG(s) 'example_xcom' retrieved from /home/airflow/.local/lib/python3.8/site-packages/airflow/example_dags/example_xcom.py
[2026-04-28T12:23:42.144+0000] {logging_mixin.py:188} INFO - [2026-04-28T12:23:42.143+0000] {dag.py:3047} INFO - Sync 1 DAGs
[2026-04-28T12:23:42.170+0000] {logging_mixin.py:188} INFO - [2026-04-28T12:23:42.170+0000] {dag.py:3834} INFO - Setting next_dagrun for example_xcom to 2021-01-01 00:00:00+00:00, run_after=2021-01-01 00:00:00+00:00
[2026-04-28T12:23:42.188+0000] {processor.py:183} INFO - Processing /home/airflow/.local/lib/python3.8/site-packages/airflow/example_dags/example_xcom.py took 0.082 seconds
[2026-04-28T12:24:12.835+0000] {processor.py:161} INFO - Started process (PID=1422) to work on /home/airflow/.local/lib/python3.8/site-packages/airflow/example_dags/example_xcom.py
[2026-04-28T12:24:12.836+0000] {processor.py:830} INFO - Processing file /home/airflow/.local/lib/python3.8/site-packages/airflow/example_dags/example_xcom.py for tasks to queue
[2026-04-28T12:24:12.839+0000] {logging_mixin.py:188} INFO - [2026-04-28T12:24:12.838+0000] {dagbag.py:540} INFO - Filling up the DagBag from /home/airflow/.local/lib/python3.8/site-packages/airflow/example_dags/example_xcom.py
[2026-04-28T12:24:12.847+0000] {processor.py:840} INFO - DAG(s) 'example_xcom' retrieved from /home/airflow/.local/lib/python3.8/site-packages/airflow/example_dags/example_xcom.py
[2026-04-28T12:24:12.869+0000] {logging_mixin.py:188} INFO - [2026-04-28T12:24:12.869+0000] {dag.py:3047} INFO - Sync 1 DAGs
[2026-04-28T12:24:12.894+0000] {logging_mixin.py:188} INFO - [2026-04-28T12:24:12.894+0000] {dag.py:3834} INFO - Setting next_dagrun for example_xcom to 2021-01-01 00:00:00+00:00, run_after=2021-01-01 00:00:00+00:00
[2026-04-28T12:24:12.911+0000] {processor.py:183} INFO - Processing /home/airflow/.local/lib/python3.8/site-packages/airflow/example_dags/example_xcom.py took 0.082 seconds
[2026-04-28T12:24:43.049+0000] {processor.py:161} INFO - Started process (PID=1477) to work on /home/airflow/.local/lib/python3.8/site-packages/airflow/example_dags/example_xcom.py
[2026-04-28T12:24:43.050+0000] {processor.py:830} INFO - Processing file /home/airflow/.local/lib/python3.8/site-packages/airflow/example_dags/example_xcom.py for tasks to queue
[2026-04-28T12:24:43.052+0000] {logging_mixin.py:188} INFO - [2026-04-28T12:24:43.052+0000] {dagbag.py:540} INFO - Filling up the DagBag from /home/airflow/.local/lib/python3.8/site-packages/airflow/example_dags/example_xcom.py
[2026-04-28T12:24:43.064+0000] {processor.py:840} INFO - DAG(s) 'example_xcom' retrieved from /home/airflow/.local/lib/python3.8/site-packages/airflow/example_dags/example_xcom.py
[2026-04-28T12:24:43.092+0000] {logging_mixin.py:188} INFO - [2026-04-28T12:24:43.092+0000] {dag.py:3047} INFO - Sync 1 DAGs
[2026-04-28T12:24:43.114+0000] {logging_mixin.py:188} INFO - [2026-04-28T12:24:43.114+0000] {dag.py:3834} INFO - Setting next_dagrun for example_xcom to 2021-01-01 00:00:00+00:00, run_after=2021-01-01 00:00:00+00:00
[2026-04-28T12:24:43.131+0000] {processor.py:183} INFO - Processing /home/airflow/.local/lib/python3.8/site-packages/airflow/example_dags/example_xcom.py took 0.086 seconds
[2026-04-28T12:25:13.333+0000] {processor.py:161} INFO - Started process (PID=1532) to work on /home/airflow/.local/lib/python3.8/site-packages/airflow/example_dags/example_xcom.py
[2026-04-28T12:25:13.334+0000] {processor.py:830} INFO - Processing file /home/airflow/.local/lib/python3.8/site-packages/airflow/example_dags/example_xcom.py for tasks to queue
[2026-04-28T12:25:13.336+0000] {logging_mixin.py:188} INFO - [2026-04-28T12:25:13.336+0000] {dagbag.py:540} INFO - Filling up the DagBag from /home/airflow/.local/lib/python3.8/site-packages/airflow/example_dags/example_xcom.py
[2026-04-28T12:25:13.360+0000] {processor.py:840} INFO - DAG(s) 'example_xcom' retrieved from /home/airflow/.local/lib/python3.8/site-packages/airflow/example_dags/example_xcom.py
[2026-04-28T12:25:13.418+0000] {logging_mixin.py:188} INFO - [2026-04-28T12:25:13.417+0000] {dag.py:3047} INFO - Sync 1 DAGs
[2026-04-28T12:25:13.440+0000] {logging_mixin.py:188} INFO - [2026-04-28T12:25:13.439+0000] {dag.py:3834} INFO - Setting next_dagrun for example_xcom to 2021-01-01 00:00:00+00:00, run_after=2021-01-01 00:00:00+00:00
[2026-04-28T12:25:13.457+0000] {processor.py:183} INFO - Processing /home/airflow/.local/lib/python3.8/site-packages/airflow/example_dags/example_xcom.py took 0.128 seconds
[2026-04-28T12:25:43.617+0000] {processor.py:161} INFO - Started process (PID=1587) to work on /home/airflow/.local/lib/python3.8/site-packages/airflow/example_dags/example_xcom.py
[2026-04-28T12:25:43.618+0000] {processor.py:830} INFO - Processing file /home/airflow/.local/lib/python3.8/site-packages/airflow/example_dags/example_xcom.py for tasks to queue
[2026-04-28T12:25:43.620+0000] {logging_mixin.py:188} INFO - [2026-04-28T12:25:43.620+0000] {dagbag.py:540} INFO - Filling up the DagBag from /home/airflow/.local/lib/python3.8/site-packages/airflow/example_dags/example_xcom.py
[2026-04-28T12:25:43.629+0000] {processor.py:840} INFO - DAG(s) 'example_xcom' retrieved from /home/airflow/.local/lib/python3.8/site-packages/airflow/example_dags/example_xcom.py
[2026-04-28T12:25:43.652+0000] {logging_mixin.py:188} INFO - [2026-04-28T12:25:43.652+0000] {dag.py:3047} INFO - Sync 1 DAGs
[2026-04-28T12:25:43.675+0000] {logging_mixin.py:188} INFO - [2026-04-28T12:25:43.674+0000] {dag.py:3834} INFO - Setting next_dagrun for example_xcom to 2021-01-01 00:00:00+00:00, run_after=2021-01-01 00:00:00+00:00
[2026-04-28T12:25:43.695+0000] {processor.py:183} INFO - Processing /home/airflow/.local/lib/python3.8/site-packages/airflow/example_dags/example_xcom.py took 0.082 seconds
[2026-04-28T12:26:14.418+0000] {processor.py:161} INFO - Started process (PID=1642) to work on /home/airflow/.local/lib/python3.8/site-packages/airflow/example_dags/example_xcom.py
[2026-04-28T12:26:14.419+0000] {processor.py:830} INFO - Processing file /home/airflow/.local/lib/python3.8/site-packages/airflow/example_dags/example_xcom.py for tasks to queue
[2026-04-28T12:26:14.421+0000] {logging_mixin.py:188} INFO - [2026-04-28T12:26:14.421+0000] {dagbag.py:540} INFO - Filling up the DagBag from /home/airflow/.local/lib/python3.8/site-packages/airflow/example_dags/example_xcom.py
[2026-04-28T12:26:14.430+0000] {processor.py:840} INFO - DAG(s) 'example_xcom' retrieved from /home/airflow/.local/lib/python3.8/site-packages/airflow/example_dags/example_xcom.py
[2026-04-28T12:26:14.467+0000] {logging_mixin.py:188} INFO - [2026-04-28T12:26:14.467+0000] {dag.py:3047} INFO - Sync 1 DAGs
[2026-04-28T12:26:14.490+0000] {logging_mixin.py:188} INFO - [2026-04-28T12:26:14.490+0000] {dag.py:3834} INFO - Setting next_dagrun for example_xcom to 2021-01-01 00:00:00+00:00, run_after=2021-01-01 00:00:00+00:00
[2026-04-28T12:26:14.506+0000] {processor.py:183} INFO - Processing /home/airflow/.local/lib/python3.8/site-packages/airflow/example_dags/example_xcom.py took 0.092 seconds
[2026-04-28T12:26:45.306+0000] {processor.py:161} INFO - Started process (PID=1698) to work on /home/airflow/.local/lib/python3.8/site-packages/airflow/example_dags/example_xcom.py
[2026-04-28T12:26:45.307+0000] {processor.py:830} INFO - Processing file /home/airflow/.local/lib/python3.8/site-packages/airflow/example_dags/example_xcom.py for tasks to queue
[2026-04-28T12:26:45.309+0000] {logging_mixin.py:188} INFO - [2026-04-28T12:26:45.309+0000] {dagbag.py:540} INFO - Filling up the DagBag from /home/airflow/.local/lib/python3.8/site-packages/airflow/example_dags/example_xcom.py
[2026-04-28T12:26:45.318+0000] {processor.py:840} INFO - DAG(s) 'example_xcom' retrieved from /home/airflow/.local/lib/python3.8/site-packages/airflow/example_dags/example_xcom.py
[2026-04-28T12:26:45.343+0000] {logging_mixin.py:188} INFO - [2026-04-28T12:26:45.343+0000] {dag.py:3047} INFO - Sync 1 DAGs
[2026-04-28T12:26:45.366+0000] {logging_mixin.py:188} INFO - [2026-04-28T12:26:45.366+0000] {dag.py:3834} INFO - Setting next_dagrun for example_xcom to 2021-01-01 00:00:00+00:00, run_after=2021-01-01 00:00:00+00:00
[2026-04-28T12:26:45.383+0000] {processor.py:183} INFO - Processing /home/airflow/.local/lib/python3.8/site-packages/airflow/example_dags/example_xcom.py took 0.083 seconds
[2026-04-28T12:27:15.413+0000] {processor.py:161} INFO - Started process (PID=1753) to work on /home/airflow/.local/lib/python3.8/site-packages/airflow/example_dags/example_xcom.py
[2026-04-28T12:27:15.414+0000] {processor.py:830} INFO - Processing file /home/airflow/.local/lib/python3.8/site-packages/airflow/example_dags/example_xcom.py for tasks to queue
[2026-04-28T12:27:15.421+0000] {logging_mixin.py:188} INFO - [2026-04-28T12:27:15.420+0000] {dagbag.py:540} INFO - Filling up the DagBag from /home/airflow/.local/lib/python3.8/site-packages/airflow/example_dags/example_xcom.py
[2026-04-28T12:27:15.437+0000] {processor.py:840} INFO - DAG(s) 'example_xcom' retrieved from /home/airflow/.local/lib/python3.8/site-packages/airflow/example_dags/example_xcom.py
[2026-04-28T12:27:15.522+0000] {logging_mixin.py:188} INFO - [2026-04-28T12:27:15.522+0000] {dag.py:3047} INFO - Sync 1 DAGs
[2026-04-28T12:27:15.582+0000] {logging_mixin.py:188} INFO - [2026-04-28T12:27:15.580+0000] {dag.py:3834} INFO - Setting next_dagrun for example_xcom to 2021-01-01 00:00:00+00:00, run_after=2021-01-01 00:00:00+00:00
[2026-04-28T12:27:15.620+0000] {processor.py:183} INFO - Processing /home/airflow/.local/lib/python3.8/site-packages/airflow/example_dags/example_xcom.py took 0.210 seconds
[2026-04-28T12:27:45.919+0000] {processor.py:161} INFO - Started process (PID=1809) to work on /home/airflow/.local/lib/python3.8/site-packages/airflow/example_dags/example_xcom.py
[2026-04-28T12:27:45.920+0000] {processor.py:830} INFO - Processing file /home/airflow/.local/lib/python3.8/site-packages/airflow/example_dags/example_xcom.py for tasks to queue
[2026-04-28T12:27:45.921+0000] {logging_mixin.py:188} INFO - [2026-04-28T12:27:45.921+0000] {dagbag.py:540} INFO - Filling up the DagBag from /home/airflow/.local/lib/python3.8/site-packages/airflow/example_dags/example_xcom.py
[2026-04-28T12:27:45.927+0000] {processor.py:840} INFO - DAG(s) 'example_xcom' retrieved from /home/airflow/.local/lib/python3.8/site-packages/airflow/example_dags/example_xcom.py
[2026-04-28T12:27:45.943+0000] {logging_mixin.py:188} INFO - [2026-04-28T12:27:45.943+0000] {dag.py:3047} INFO - Sync 1 DAGs
[2026-04-28T12:27:45.959+0000] {logging_mixin.py:188} INFO - [2026-04-28T12:27:45.959+0000] {dag.py:3834} INFO - Setting next_dagrun for example_xcom to 2021-01-01 00:00:00+00:00, run_after=2021-01-01 00:00:00+00:00
[2026-04-28T12:27:45.972+0000] {processor.py:183} INFO - Processing /home/airflow/.local/lib/python3.8/site-packages/airflow/example_dags/example_xcom.py took 0.055 seconds
[2026-04-28T12:28:16.731+0000] {processor.py:161} INFO - Started process (PID=1865) to work on /home/airflow/.local/lib/python3.8/site-packages/airflow/example_dags/example_xcom.py
[2026-04-28T12:28:16.732+0000] {processor.py:830} INFO - Processing file /home/airflow/.local/lib/python3.8/site-packages/airflow/example_dags/example_xcom.py for tasks to queue
[2026-04-28T12:28:16.734+0000] {logging_mixin.py:188} INFO - [2026-04-28T12:28:16.734+0000] {dagbag.py:540} INFO - Filling up the DagBag from /home/airflow/.local/lib/python3.8/site-packages/airflow/example_dags/example_xcom.py
[2026-04-28T12:28:16.742+0000] {processor.py:840} INFO - DAG(s) 'example_xcom' retrieved from /home/airflow/.local/lib/python3.8/site-packages/airflow/example_dags/example_xcom.py
[2026-04-28T12:28:16.766+0000] {logging_mixin.py:188} INFO - [2026-04-28T12:28:16.766+0000] {dag.py:3047} INFO - Sync 1 DAGs
[2026-04-28T12:28:16.789+0000] {logging_mixin.py:188} INFO - [2026-04-28T12:28:16.789+0000] {dag.py:3834} INFO - Setting next_dagrun for example_xcom to 2021-01-01 00:00:00+00:00, run_after=2021-01-01 00:00:00+00:00
[2026-04-28T12:28:16.807+0000] {processor.py:183} INFO - Processing /home/airflow/.local/lib/python3.8/site-packages/airflow/example_dags/example_xcom.py took 0.079 seconds
[2026-04-28T12:28:47.432+0000] {processor.py:161} INFO - Started process (PID=1921) to work on /home/airflow/.local/lib/python3.8/site-packages/airflow/example_dags/example_xcom.py
[2026-04-28T12:28:47.433+0000] {processor.py:830} INFO - Processing file /home/airflow/.local/lib/python3.8/site-packages/airflow/example_dags/example_xcom.py for tasks to queue
[2026-04-28T12:28:47.435+0000] {logging_mixin.py:188} INFO - [2026-04-28T12:28:47.434+0000] {dagbag.py:540} INFO - Filling up the DagBag from /home/airflow/.local/lib/python3.8/site-packages/airflow/example_dags/example_xcom.py
[2026-04-28T12:28:47.441+0000] {processor.py:840} INFO - DAG(s) 'example_xcom' retrieved from /home/airflow/.local/lib/python3.8/site-packages/airflow/example_dags/example_xcom.py
[2026-04-28T12:28:47.457+0000] {logging_mixin.py:188} INFO - [2026-04-28T12:28:47.457+0000] {dag.py:3047} INFO - Sync 1 DAGs
[2026-04-28T12:28:47.473+0000] {logging_mixin.py:188} INFO - [2026-04-28T12:28:47.473+0000] {dag.py:3834} INFO - Setting next_dagrun for example_xcom to 2021-01-01 00:00:00+00:00, run_after=2021-01-01 00:00:00+00:00
[2026-04-28T12:28:47.501+0000] {processor.py:183} INFO - Processing /home/airflow/.local/lib/python3.8/site-packages/airflow/example_dags/example_xcom.py took 0.072 seconds
[2026-04-28T12:29:18.162+0000] {processor.py:161} INFO - Started process (PID=1977) to work on /home/airflow/.local/lib/python3.8/site-packages/airflow/example_dags/example_xcom.py
[2026-04-28T12:29:18.165+0000] {processor.py:830} INFO - Processing file /home/airflow/.local/lib/python3.8/site-packages/airflow/example_dags/example_xcom.py for tasks to queue
[2026-04-28T12:29:18.168+0000] {logging_mixin.py:188} INFO - [2026-04-28T12:29:18.167+0000] {dagbag.py:540} INFO - Filling up the DagBag from /home/airflow/.local/lib/python3.8/site-packages/airflow/example_dags/example_xcom.py
[2026-04-28T12:29:18.179+0000] {processor.py:840} INFO - DAG(s) 'example_xcom' retrieved from /home/airflow/.local/lib/python3.8/site-packages/airflow/example_dags/example_xcom.py
[2026-04-28T12:29:18.201+0000] {logging_mixin.py:188} INFO - [2026-04-28T12:29:18.201+0000] {dag.py:3047} INFO - Sync 1 DAGs
[2026-04-28T12:29:18.226+0000] {logging_mixin.py:188} INFO - [2026-04-28T12:29:18.225+0000] {dag.py:3834} INFO - Setting next_dagrun for example_xcom to 2021-01-01 00:00:00+00:00, run_after=2021-01-01 00:00:00+00:00
[2026-04-28T12:29:18.253+0000] {processor.py:183} INFO - Processing /home/airflow/.local/lib/python3.8/site-packages/airflow/example_dags/example_xcom.py took 0.098 seconds
[2026-04-28T12:29:48.428+0000] {processor.py:161} INFO - Started process (PID=2033) to work on /home/airflow/.local/lib/python3.8/site-packages/airflow/example_dags/example_xcom.py
[2026-04-28T12:29:48.429+0000] {processor.py:830} INFO - Processing file /home/airflow/.local/lib/python3.8/site-packages/airflow/example_dags/example_xcom.py for tasks to queue
[2026-04-28T12:29:48.431+0000] {logging_mixin.py:188} INFO - [2026-04-28T12:29:48.430+0000] {dagbag.py:540} INFO - Filling up the DagBag from /home/airflow/.local/lib/python3.8/site-packages/airflow/example_dags/example_xcom.py
[2026-04-28T12:29:48.437+0000] {processor.py:840} INFO - DAG(s) 'example_xcom' retrieved from /home/airflow/.local/lib/python3.8/site-packages/airflow/example_dags/example_xcom.py
[2026-04-28T12:29:48.453+0000] {logging_mixin.py:188} INFO - [2026-04-28T12:29:48.453+0000] {dag.py:3047} INFO - Sync 1 DAGs
[2026-04-28T12:29:48.469+0000] {logging_mixin.py:188} INFO - [2026-04-28T12:29:48.469+0000] {dag.py:3834} INFO - Setting next_dagrun for example_xcom to 2021-01-01 00:00:00+00:00, run_after=2021-01-01 00:00:00+00:00
[2026-04-28T12:29:48.483+0000] {processor.py:183} INFO - Processing /home/airflow/.local/lib/python3.8/site-packages/airflow/example_dags/example_xcom.py took 0.058 seconds
[2026-04-28T12:30:18.976+0000] {processor.py:161} INFO - Started process (PID=2089) to work on /home/airflow/.local/lib/python3.8/site-packages/airflow/example_dags/example_xcom.py
[2026-04-28T12:30:18.977+0000] {processor.py:830} INFO - Processing file /home/airflow/.local/lib/python3.8/site-packages/airflow/example_dags/example_xcom.py for tasks to queue
[2026-04-28T12:30:18.978+0000] {logging_mixin.py:188} INFO - [2026-04-28T12:30:18.978+0000] {dagbag.py:540} INFO - Filling up the DagBag from /home/airflow/.local/lib/python3.8/site-packages/airflow/example_dags/example_xcom.py
[2026-04-28T12:30:18.984+0000] {processor.py:840} INFO - DAG(s) 'example_xcom' retrieved from /home/airflow/.local/lib/python3.8/site-packages/airflow/example_dags/example_xcom.py
[2026-04-28T12:30:19.000+0000] {logging_mixin.py:188} INFO - [2026-04-28T12:30:19.000+0000] {dag.py:3047} INFO - Sync 1 DAGs
[2026-04-28T12:30:19.016+0000] {logging_mixin.py:188} INFO - [2026-04-28T12:30:19.016+0000] {dag.py:3834} INFO - Setting next_dagrun for example_xcom to 2021-01-01 00:00:00+00:00, run_after=2021-01-01 00:00:00+00:00
[2026-04-28T12:30:19.029+0000] {processor.py:183} INFO - Processing /home/airflow/.local/lib/python3.8/site-packages/airflow/example_dags/example_xcom.py took 0.056 seconds
[2026-04-28T12:30:49.755+0000] {processor.py:161} INFO - Started process (PID=2145) to work on /home/airflow/.local/lib/python3.8/site-packages/airflow/example_dags/example_xcom.py
[2026-04-28T12:30:49.755+0000] {processor.py:830} INFO - Processing file /home/airflow/.local/lib/python3.8/site-packages/airflow/example_dags/example_xcom.py for tasks to queue
[2026-04-28T12:30:49.757+0000] {logging_mixin.py:188} INFO - [2026-04-28T12:30:49.757+0000] {dagbag.py:540} INFO - Filling up the DagBag from /home/airflow/.local/lib/python3.8/site-packages/airflow/example_dags/example_xcom.py
[2026-04-28T12:30:49.763+0000] {processor.py:840} INFO - DAG(s) 'example_xcom' retrieved from /home/airflow/.local/lib/python3.8/site-packages/airflow/example_dags/example_xcom.py
[2026-04-28T12:30:49.779+0000] {logging_mixin.py:188} INFO - [2026-04-28T12:30:49.779+0000] {dag.py:3047} INFO - Sync 1 DAGs
[2026-04-28T12:30:49.795+0000] {logging_mixin.py:188} INFO - [2026-04-28T12:30:49.795+0000] {dag.py:3834} INFO - Setting next_dagrun for example_xcom to 2021-01-01 00:00:00+00:00, run_after=2021-01-01 00:00:00+00:00
[2026-04-28T12:30:49.808+0000] {processor.py:183} INFO - Processing /home/airflow/.local/lib/python3.8/site-packages/airflow/example_dags/example_xcom.py took 0.056 seconds
[2026-04-28T12:31:20.346+0000] {processor.py:161} INFO - Started process (PID=2201) to work on /home/airflow/.local/lib/python3.8/site-packages/airflow/example_dags/example_xcom.py
[2026-04-28T12:31:20.347+0000] {processor.py:830} INFO - Processing file /home/airflow/.local/lib/python3.8/site-packages/airflow/example_dags/example_xcom.py for tasks to queue
[2026-04-28T12:31:20.349+0000] {logging_mixin.py:188} INFO - [2026-04-28T12:31:20.349+0000] {dagbag.py:540} INFO - Filling up the DagBag from /home/airflow/.local/lib/python3.8/site-packages/airflow/example_dags/example_xcom.py
[2026-04-28T12:31:20.520+0000] {processor.py:840} INFO - DAG(s) 'example_xcom' retrieved from /home/airflow/.local/lib/python3.8/site-packages/airflow/example_dags/example_xcom.py
[2026-04-28T12:31:20.540+0000] {logging_mixin.py:188} INFO - [2026-04-28T12:31:20.540+0000] {dag.py:3047} INFO - Sync 1 DAGs
[2026-04-28T12:31:20.562+0000] {logging_mixin.py:188} INFO - [2026-04-28T12:31:20.561+0000] {dag.py:3834} INFO - Setting next_dagrun for example_xcom to 2021-01-01 00:00:00+00:00, run_after=2021-01-01 00:00:00+00:00
[2026-04-28T12:31:20.578+0000] {processor.py:183} INFO - Processing /home/airflow/.local/lib/python3.8/site-packages/airflow/example_dags/example_xcom.py took 0.236 seconds
[2026-04-28T12:31:51.505+0000] {processor.py:161} INFO - Started process (PID=2256) to work on /home/airflow/.local/lib/python3.8/site-packages/airflow/example_dags/example_xcom.py
[2026-04-28T12:31:51.508+0000] {processor.py:830} INFO - Processing file /home/airflow/.local/lib/python3.8/site-packages/airflow/example_dags/example_xcom.py for tasks to queue
[2026-04-28T12:31:51.510+0000] {logging_mixin.py:188} INFO - [2026-04-28T12:31:51.510+0000] {dagbag.py:540} INFO - Filling up the DagBag from /home/airflow/.local/lib/python3.8/site-packages/airflow/example_dags/example_xcom.py
[2026-04-28T12:31:51.522+0000] {processor.py:840} INFO - DAG(s) 'example_xcom' retrieved from /home/airflow/.local/lib/python3.8/site-packages/airflow/example_dags/example_xcom.py
[2026-04-28T12:31:51.546+0000] {logging_mixin.py:188} INFO - [2026-04-28T12:31:51.546+0000] {dag.py:3047} INFO - Sync 1 DAGs
[2026-04-28T12:31:51.571+0000] {logging_mixin.py:188} INFO - [2026-04-28T12:31:51.571+0000] {dag.py:3834} INFO - Setting next_dagrun for example_xcom to 2021-01-01 00:00:00+00:00, run_after=2021-01-01 00:00:00+00:00
[2026-04-28T12:31:51.591+0000] {processor.py:183} INFO - Processing /home/airflow/.local/lib/python3.8/site-packages/airflow/example_dags/example_xcom.py took 0.089 seconds
[2026-04-28T12:32:22.094+0000] {processor.py:161} INFO - Started process (PID=2312) to work on /home/airflow/.local/lib/python3.8/site-packages/airflow/example_dags/example_xcom.py
[2026-04-28T12:32:22.098+0000] {processor.py:830} INFO - Processing file /home/airflow/.local/lib/python3.8/site-packages/airflow/example_dags/example_xcom.py for tasks to queue
[2026-04-28T12:32:22.100+0000] {logging_mixin.py:188} INFO - [2026-04-28T12:32:22.100+0000] {dagbag.py:540} INFO - Filling up the DagBag from /home/airflow/.local/lib/python3.8/site-packages/airflow/example_dags/example_xcom.py
[2026-04-28T12:32:22.113+0000] {processor.py:840} INFO - DAG(s) 'example_xcom' retrieved from /home/airflow/.local/lib/python3.8/site-packages/airflow/example_dags/example_xcom.py
[2026-04-28T12:32:22.153+0000] {logging_mixin.py:188} INFO - [2026-04-28T12:32:22.153+0000] {dag.py:3047} INFO - Sync 1 DAGs
[2026-04-28T12:32:22.183+0000] {logging_mixin.py:188} INFO - [2026-04-28T12:32:22.182+0000] {dag.py:3834} INFO - Setting next_dagrun for example_xcom to 2021-01-01 00:00:00+00:00, run_after=2021-01-01 00:00:00+00:00
[2026-04-28T12:32:22.200+0000] {processor.py:183} INFO - Processing /home/airflow/.local/lib/python3.8/site-packages/airflow/example_dags/example_xcom.py took 0.114 seconds
[2026-04-28T12:32:52.988+0000] {processor.py:161} INFO - Started process (PID=2370) to work on /home/airflow/.local/lib/python3.8/site-packages/airflow/example_dags/example_xcom.py
[2026-04-28T12:32:52.993+0000] {processor.py:830} INFO - Processing file /home/airflow/.local/lib/python3.8/site-packages/airflow/example_dags/example_xcom.py for tasks to queue
[2026-04-28T12:32:52.999+0000] {logging_mixin.py:188} INFO - [2026-04-28T12:32:52.999+0000] {dagbag.py:540} INFO - Filling up the DagBag from /home/airflow/.local/lib/python3.8/site-packages/airflow/example_dags/example_xcom.py
[2026-04-28T12:32:53.012+0000] {processor.py:840} INFO - DAG(s) 'example_xcom' retrieved from /home/airflow/.local/lib/python3.8/site-packages/airflow/example_dags/example_xcom.py
[2026-04-28T12:32:53.037+0000] {logging_mixin.py:188} INFO - [2026-04-28T12:32:53.037+0000] {dag.py:3047} INFO - Sync 1 DAGs
[2026-04-28T12:32:53.064+0000] {logging_mixin.py:188} INFO - [2026-04-28T12:32:53.063+0000] {dag.py:3834} INFO - Setting next_dagrun for example_xcom to 2021-01-01 00:00:00+00:00, run_after=2021-01-01 00:00:00+00:00
[2026-04-28T12:32:53.092+0000] {processor.py:183} INFO - Processing /home/airflow/.local/lib/python3.8/site-packages/airflow/example_dags/example_xcom.py took 0.109 seconds
[2026-04-28T12:33:23.244+0000] {processor.py:161} INFO - Started process (PID=2426) to work on /home/airflow/.local/lib/python3.8/site-packages/airflow/example_dags/example_xcom.py
[2026-04-28T12:33:23.245+0000] {processor.py:830} INFO - Processing file /home/airflow/.local/lib/python3.8/site-packages/airflow/example_dags/example_xcom.py for tasks to queue
[2026-04-28T12:33:23.249+0000] {logging_mixin.py:188} INFO - [2026-04-28T12:33:23.249+0000] {dagbag.py:540} INFO - Filling up the DagBag from /home/airflow/.local/lib/python3.8/site-packages/airflow/example_dags/example_xcom.py
[2026-04-28T12:33:23.263+0000] {processor.py:840} INFO - DAG(s) 'example_xcom' retrieved from /home/airflow/.local/lib/python3.8/site-packages/airflow/example_dags/example_xcom.py
[2026-04-28T12:33:23.289+0000] {logging_mixin.py:188} INFO - [2026-04-28T12:33:23.288+0000] {dag.py:3047} INFO - Sync 1 DAGs
[2026-04-28T12:33:23.312+0000] {logging_mixin.py:188} INFO - [2026-04-28T12:33:23.311+0000] {dag.py:3834} INFO - Setting next_dagrun for example_xcom to 2021-01-01 00:00:00+00:00, run_after=2021-01-01 00:00:00+00:00
[2026-04-28T12:33:23.333+0000] {processor.py:183} INFO - Processing /home/airflow/.local/lib/python3.8/site-packages/airflow/example_dags/example_xcom.py took 0.093 seconds
[2026-04-28T12:33:54.242+0000] {processor.py:161} INFO - Started process (PID=2482) to work on /home/airflow/.local/lib/python3.8/site-packages/airflow/example_dags/example_xcom.py
[2026-04-28T12:33:54.247+0000] {processor.py:830} INFO - Processing file /home/airflow/.local/lib/python3.8/site-packages/airflow/example_dags/example_xcom.py for tasks to queue
[2026-04-28T12:33:54.251+0000] {logging_mixin.py:188} INFO - [2026-04-28T12:33:54.250+0000] {dagbag.py:540} INFO - Filling up the DagBag from /home/airflow/.local/lib/python3.8/site-packages/airflow/example_dags/example_xcom.py
[2026-04-28T12:33:54.269+0000] {processor.py:840} INFO - DAG(s) 'example_xcom' retrieved from /home/airflow/.local/lib/python3.8/site-packages/airflow/example_dags/example_xcom.py
[2026-04-28T12:33:54.310+0000] {logging_mixin.py:188} INFO - [2026-04-28T12:33:54.310+0000] {dag.py:3047} INFO - Sync 1 DAGs
[2026-04-28T12:33:54.333+0000] {logging_mixin.py:188} INFO - [2026-04-28T12:33:54.333+0000] {dag.py:3834} INFO - Setting next_dagrun for example_xcom to 2021-01-01 00:00:00+00:00, run_after=2021-01-01 00:00:00+00:00
[2026-04-28T12:33:54.351+0000] {processor.py:183} INFO - Processing /home/airflow/.local/lib/python3.8/site-packages/airflow/example_dags/example_xcom.py took 0.116 seconds
[2026-04-28T12:34:24.564+0000] {processor.py:161} INFO - Started process (PID=2538) to work on /home/airflow/.local/lib/python3.8/site-packages/airflow/example_dags/example_xcom.py
[2026-04-28T12:34:24.574+0000] {processor.py:830} INFO - Processing file /home/airflow/.local/lib/python3.8/site-packages/airflow/example_dags/example_xcom.py for tasks to queue
[2026-04-28T12:34:24.581+0000] {logging_mixin.py:188} INFO - [2026-04-28T12:34:24.581+0000] {dagbag.py:540} INFO - Filling up the DagBag from /home/airflow/.local/lib/python3.8/site-packages/airflow/example_dags/example_xcom.py
[2026-04-28T12:34:24.611+0000] {processor.py:840} INFO - DAG(s) 'example_xcom' retrieved from /home/airflow/.local/lib/python3.8/site-packages/airflow/example_dags/example_xcom.py
[2026-04-28T12:34:24.685+0000] {logging_mixin.py:188} INFO - [2026-04-28T12:34:24.684+0000] {dag.py:3047} INFO - Sync 1 DAGs
[2026-04-28T12:34:24.760+0000] {logging_mixin.py:188} INFO - [2026-04-28T12:34:24.760+0000] {dag.py:3834} INFO - Setting next_dagrun for example_xcom to 2021-01-01 00:00:00+00:00, run_after=2021-01-01 00:00:00+00:00
[2026-04-28T12:34:24.873+0000] {processor.py:183} INFO - Processing /home/airflow/.local/lib/python3.8/site-packages/airflow/example_dags/example_xcom.py took 0.322 seconds
[2026-04-28T12:34:55.369+0000] {processor.py:161} INFO - Started process (PID=2594) to work on /home/airflow/.local/lib/python3.8/site-packages/airflow/example_dags/example_xcom.py
[2026-04-28T12:34:55.370+0000] {processor.py:830} INFO - Processing file /home/airflow/.local/lib/python3.8/site-packages/airflow/example_dags/example_xcom.py for tasks to queue
[2026-04-28T12:34:55.372+0000] {logging_mixin.py:188} INFO - [2026-04-28T12:34:55.372+0000] {dagbag.py:540} INFO - Filling up the DagBag from /home/airflow/.local/lib/python3.8/site-packages/airflow/example_dags/example_xcom.py
[2026-04-28T12:34:55.382+0000] {processor.py:840} INFO - DAG(s) 'example_xcom' retrieved from /home/airflow/.local/lib/python3.8/site-packages/airflow/example_dags/example_xcom.py
[2026-04-28T12:34:55.404+0000] {logging_mixin.py:188} INFO - [2026-04-28T12:34:55.403+0000] {dag.py:3047} INFO - Sync 1 DAGs
[2026-04-28T12:34:55.427+0000] {logging_mixin.py:188} INFO - [2026-04-28T12:34:55.427+0000] {dag.py:3834} INFO - Setting next_dagrun for example_xcom to 2021-01-01 00:00:00+00:00, run_after=2021-01-01 00:00:00+00:00
[2026-04-28T12:34:55.446+0000] {processor.py:183} INFO - Processing /home/airflow/.local/lib/python3.8/site-packages/airflow/example_dags/example_xcom.py took 0.081 seconds
[2026-04-28T12:35:26.067+0000] {processor.py:161} INFO - Started process (PID=2650) to work on /home/airflow/.local/lib/python3.8/site-packages/airflow/example_dags/example_xcom.py
[2026-04-28T12:35:26.068+0000] {processor.py:830} INFO - Processing file /home/airflow/.local/lib/python3.8/site-packages/airflow/example_dags/example_xcom.py for tasks to queue
[2026-04-28T12:35:26.071+0000] {logging_mixin.py:188} INFO - [2026-04-28T12:35:26.070+0000] {dagbag.py:540} INFO - Filling up the DagBag from /home/airflow/.local/lib/python3.8/site-packages/airflow/example_dags/example_xcom.py
[2026-04-28T12:35:26.080+0000] {processor.py:840} INFO - DAG(s) 'example_xcom' retrieved from /home/airflow/.local/lib/python3.8/site-packages/airflow/example_dags/example_xcom.py
[2026-04-28T12:35:26.103+0000] {logging_mixin.py:188} INFO - [2026-04-28T12:35:26.103+0000] {dag.py:3047} INFO - Sync 1 DAGs
[2026-04-28T12:35:26.127+0000] {logging_mixin.py:188} INFO - [2026-04-28T12:35:26.127+0000] {dag.py:3834} INFO - Setting next_dagrun for example_xcom to 2021-01-01 00:00:00+00:00, run_after=2021-01-01 00:00:00+00:00
[2026-04-28T12:35:26.144+0000] {processor.py:183} INFO - Processing /home/airflow/.local/lib/python3.8/site-packages/airflow/example_dags/example_xcom.py took 0.080 seconds
[2026-04-28T12:35:56.827+0000] {processor.py:161} INFO - Started process (PID=2705) to work on /home/airflow/.local/lib/python3.8/site-packages/airflow/example_dags/example_xcom.py
[2026-04-28T12:35:56.832+0000] {processor.py:830} INFO - Processing file /home/airflow/.local/lib/python3.8/site-packages/airflow/example_dags/example_xcom.py for tasks to queue
[2026-04-28T12:35:56.838+0000] {logging_mixin.py:188} INFO - [2026-04-28T12:35:56.837+0000] {dagbag.py:540} INFO - Filling up the DagBag from /home/airflow/.local/lib/python3.8/site-packages/airflow/example_dags/example_xcom.py
[2026-04-28T12:35:56.865+0000] {processor.py:840} INFO - DAG(s) 'example_xcom' retrieved from /home/airflow/.local/lib/python3.8/site-packages/airflow/example_dags/example_xcom.py
[2026-04-28T12:35:56.902+0000] {logging_mixin.py:188} INFO - [2026-04-28T12:35:56.902+0000] {dag.py:3047} INFO - Sync 1 DAGs
[2026-04-28T12:35:56.935+0000] {logging_mixin.py:188} INFO - [2026-04-28T12:35:56.934+0000] {dag.py:3834} INFO - Setting next_dagrun for example_xcom to 2021-01-01 00:00:00+00:00, run_after=2021-01-01 00:00:00+00:00
[2026-04-28T12:35:56.959+0000] {processor.py:183} INFO - Processing /home/airflow/.local/lib/python3.8/site-packages/airflow/example_dags/example_xcom.py took 0.146 seconds
[2026-04-28T12:36:27.047+0000] {processor.py:161} INFO - Started process (PID=2761) to work on /home/airflow/.local/lib/python3.8/site-packages/airflow/example_dags/example_xcom.py
[2026-04-28T12:36:27.048+0000] {processor.py:830} INFO - Processing file /home/airflow/.local/lib/python3.8/site-packages/airflow/example_dags/example_xcom.py for tasks to queue
[2026-04-28T12:36:27.050+0000] {logging_mixin.py:188} INFO - [2026-04-28T12:36:27.050+0000] {dagbag.py:540} INFO - Filling up the DagBag from /home/airflow/.local/lib/python3.8/site-packages/airflow/example_dags/example_xcom.py
[2026-04-28T12:36:27.059+0000] {processor.py:840} INFO - DAG(s) 'example_xcom' retrieved from /home/airflow/.local/lib/python3.8/site-packages/airflow/example_dags/example_xcom.py
[2026-04-28T12:36:27.083+0000] {logging_mixin.py:188} INFO - [2026-04-28T12:36:27.082+0000] {dag.py:3047} INFO - Sync 1 DAGs
[2026-04-28T12:36:27.145+0000] {logging_mixin.py:188} INFO - [2026-04-28T12:36:27.144+0000] {dag.py:3834} INFO - Setting next_dagrun for example_xcom to 2021-01-01 00:00:00+00:00, run_after=2021-01-01 00:00:00+00:00
[2026-04-28T12:36:27.171+0000] {processor.py:183} INFO - Processing /home/airflow/.local/lib/python3.8/site-packages/airflow/example_dags/example_xcom.py took 0.128 seconds
[2026-04-28T12:36:57.502+0000] {processor.py:161} INFO - Started process (PID=2817) to work on /home/airflow/.local/lib/python3.8/site-packages/airflow/example_dags/example_xcom.py
[2026-04-28T12:36:57.505+0000] {processor.py:830} INFO - Processing file /home/airflow/.local/lib/python3.8/site-packages/airflow/example_dags/example_xcom.py for tasks to queue
[2026-04-28T12:36:57.507+0000] {logging_mixin.py:188} INFO - [2026-04-28T12:36:57.506+0000] {dagbag.py:540} INFO - Filling up the DagBag from /home/airflow/.local/lib/python3.8/site-packages/airflow/example_dags/example_xcom.py
[2026-04-28T12:36:57.523+0000] {processor.py:840} INFO - DAG(s) 'example_xcom' retrieved from /home/airflow/.local/lib/python3.8/site-packages/airflow/example_dags/example_xcom.py
[2026-04-28T12:36:57.573+0000] {logging_mixin.py:188} INFO - [2026-04-28T12:36:57.573+0000] {dag.py:3047} INFO - Sync 1 DAGs
[2026-04-28T12:36:57.618+0000] {logging_mixin.py:188} INFO - [2026-04-28T12:36:57.618+0000] {dag.py:3834} INFO - Setting next_dagrun for example_xcom to 2021-01-01 00:00:00+00:00, run_after=2021-01-01 00:00:00+00:00
[2026-04-28T12:36:57.654+0000] {processor.py:183} INFO - Processing /home/airflow/.local/lib/python3.8/site-packages/airflow/example_dags/example_xcom.py took 0.160 seconds
[2026-04-28T12:37:28.217+0000] {processor.py:161} INFO - Started process (PID=2873) to work on /home/airflow/.local/lib/python3.8/site-packages/airflow/example_dags/example_xcom.py
[2026-04-28T12:37:28.221+0000] {processor.py:830} INFO - Processing file /home/airflow/.local/lib/python3.8/site-packages/airflow/example_dags/example_xcom.py for tasks to queue
[2026-04-28T12:37:28.225+0000] {logging_mixin.py:188} INFO - [2026-04-28T12:37:28.225+0000] {dagbag.py:540} INFO - Filling up the DagBag from /home/airflow/.local/lib/python3.8/site-packages/airflow/example_dags/example_xcom.py
[2026-04-28T12:37:28.242+0000] {processor.py:840} INFO - DAG(s) 'example_xcom' retrieved from /home/airflow/.local/lib/python3.8/site-packages/airflow/example_dags/example_xcom.py
[2026-04-28T12:37:28.281+0000] {logging_mixin.py:188} INFO - [2026-04-28T12:37:28.281+0000] {dag.py:3047} INFO - Sync 1 DAGs
[2026-04-28T12:37:28.327+0000] {logging_mixin.py:188} INFO - [2026-04-28T12:37:28.327+0000] {dag.py:3834} INFO - Setting next_dagrun for example_xcom to 2021-01-01 00:00:00+00:00, run_after=2021-01-01 00:00:00+00:00
[2026-04-28T12:37:28.358+0000] {processor.py:183} INFO - Processing /home/airflow/.local/lib/python3.8/site-packages/airflow/example_dags/example_xcom.py took 0.153 seconds
[2026-04-28T12:37:59.067+0000] {processor.py:161} INFO - Started process (PID=2929) to work on /home/airflow/.local/lib/python3.8/site-packages/airflow/example_dags/example_xcom.py
[2026-04-28T12:37:59.070+0000] {processor.py:830} INFO - Processing file /home/airflow/.local/lib/python3.8/site-packages/airflow/example_dags/example_xcom.py for tasks to queue
[2026-04-28T12:37:59.073+0000] {logging_mixin.py:188} INFO - [2026-04-28T12:37:59.072+0000] {dagbag.py:540} INFO - Filling up the DagBag from /home/airflow/.local/lib/python3.8/site-packages/airflow/example_dags/example_xcom.py
[2026-04-28T12:37:59.082+0000] {processor.py:840} INFO - DAG(s) 'example_xcom' retrieved from /home/airflow/.local/lib/python3.8/site-packages/airflow/example_dags/example_xcom.py
[2026-04-28T12:37:59.103+0000] {logging_mixin.py:188} INFO - [2026-04-28T12:37:59.103+0000] {dag.py:3047} INFO - Sync 1 DAGs
[2026-04-28T12:37:59.129+0000] {logging_mixin.py:188} INFO - [2026-04-28T12:37:59.128+0000] {dag.py:3834} INFO - Setting next_dagrun for example_xcom to 2021-01-01 00:00:00+00:00, run_after=2021-01-01 00:00:00+00:00
[2026-04-28T12:37:59.146+0000] {processor.py:183} INFO - Processing /home/airflow/.local/lib/python3.8/site-packages/airflow/example_dags/example_xcom.py took 0.084 seconds
[2026-04-28T12:38:29.666+0000] {processor.py:161} INFO - Started process (PID=2985) to work on /home/airflow/.local/lib/python3.8/site-packages/airflow/example_dags/example_xcom.py
[2026-04-28T12:38:29.667+0000] {processor.py:830} INFO - Processing file /home/airflow/.local/lib/python3.8/site-packages/airflow/example_dags/example_xcom.py for tasks to queue
[2026-04-28T12:38:29.669+0000] {logging_mixin.py:188} INFO - [2026-04-28T12:38:29.669+0000] {dagbag.py:540} INFO - Filling up the DagBag from /home/airflow/.local/lib/python3.8/site-packages/airflow/example_dags/example_xcom.py
[2026-04-28T12:38:29.678+0000] {processor.py:840} INFO - DAG(s) 'example_xcom' retrieved from /home/airflow/.local/lib/python3.8/site-packages/airflow/example_dags/example_xcom.py
[2026-04-28T12:38:29.701+0000] {logging_mixin.py:188} INFO - [2026-04-28T12:38:29.700+0000] {dag.py:3047} INFO - Sync 1 DAGs
[2026-04-28T12:38:29.724+0000] {logging_mixin.py:188} INFO - [2026-04-28T12:38:29.724+0000] {dag.py:3834} INFO - Setting next_dagrun for example_xcom to 2021-01-01 00:00:00+00:00, run_after=2021-01-01 00:00:00+00:00
[2026-04-28T12:38:29.743+0000] {processor.py:183} INFO - Processing /home/airflow/.local/lib/python3.8/site-packages/airflow/example_dags/example_xcom.py took 0.080 seconds
[2026-04-28T12:39:00.170+0000] {processor.py:161} INFO - Started process (PID=3041) to work on /home/airflow/.local/lib/python3.8/site-packages/airflow/example_dags/example_xcom.py
[2026-04-28T12:39:00.171+0000] {processor.py:830} INFO - Processing file /home/airflow/.local/lib/python3.8/site-packages/airflow/example_dags/example_xcom.py for tasks to queue
[2026-04-28T12:39:00.173+0000] {logging_mixin.py:188} INFO - [2026-04-28T12:39:00.172+0000] {dagbag.py:540} INFO - Filling up the DagBag from /home/airflow/.local/lib/python3.8/site-packages/airflow/example_dags/example_xcom.py
[2026-04-28T12:39:00.181+0000] {processor.py:840} INFO - DAG(s) 'example_xcom' retrieved from /home/airflow/.local/lib/python3.8/site-packages/airflow/example_dags/example_xcom.py
[2026-04-28T12:39:00.204+0000] {logging_mixin.py:188} INFO - [2026-04-28T12:39:00.204+0000] {dag.py:3047} INFO - Sync 1 DAGs
[2026-04-28T12:39:00.227+0000] {logging_mixin.py:188} INFO - [2026-04-28T12:39:00.227+0000] {dag.py:3834} INFO - Setting next_dagrun for example_xcom to 2021-01-01 00:00:00+00:00, run_after=2021-01-01 00:00:00+00:00
[2026-04-28T12:39:00.244+0000] {processor.py:183} INFO - Processing /home/airflow/.local/lib/python3.8/site-packages/airflow/example_dags/example_xcom.py took 0.081 seconds
[2026-04-28T12:39:30.585+0000] {processor.py:161} INFO - Started process (PID=3097) to work on /home/airflow/.local/lib/python3.8/site-packages/airflow/example_dags/example_xcom.py
[2026-04-28T12:39:30.586+0000] {processor.py:830} INFO - Processing file /home/airflow/.local/lib/python3.8/site-packages/airflow/example_dags/example_xcom.py for tasks to queue
[2026-04-28T12:39:30.588+0000] {logging_mixin.py:188} INFO - [2026-04-28T12:39:30.588+0000] {dagbag.py:540} INFO - Filling up the DagBag from /home/airflow/.local/lib/python3.8/site-packages/airflow/example_dags/example_xcom.py
[2026-04-28T12:39:30.602+0000] {processor.py:840} INFO - DAG(s) 'example_xcom' retrieved from /home/airflow/.local/lib/python3.8/site-packages/airflow/example_dags/example_xcom.py
[2026-04-28T12:39:30.625+0000] {logging_mixin.py:188} INFO - [2026-04-28T12:39:30.625+0000] {dag.py:3047} INFO - Sync 1 DAGs
[2026-04-28T12:39:30.648+0000] {logging_mixin.py:188} INFO - [2026-04-28T12:39:30.648+0000] {dag.py:3834} INFO - Setting next_dagrun for example_xcom to 2021-01-01 00:00:00+00:00, run_after=2021-01-01 00:00:00+00:00
[2026-04-28T12:39:30.668+0000] {processor.py:183} INFO - Processing /home/airflow/.local/lib/python3.8/site-packages/airflow/example_dags/example_xcom.py took 0.086 seconds
[2026-04-28T12:40:01.172+0000] {processor.py:161} INFO - Started process (PID=3153) to work on /home/airflow/.local/lib/python3.8/site-packages/airflow/example_dags/example_xcom.py
[2026-04-28T12:40:01.173+0000] {processor.py:830} INFO - Processing file /home/airflow/.local/lib/python3.8/site-packages/airflow/example_dags/example_xcom.py for tasks to queue
[2026-04-28T12:40:01.175+0000] {logging_mixin.py:188} INFO - [2026-04-28T12:40:01.174+0000] {dagbag.py:540} INFO - Filling up the DagBag from /home/airflow/.local/lib/python3.8/site-packages/airflow/example_dags/example_xcom.py
[2026-04-28T12:40:01.184+0000] {processor.py:840} INFO - DAG(s) 'example_xcom' retrieved from /home/airflow/.local/lib/python3.8/site-packages/airflow/example_dags/example_xcom.py
[2026-04-28T12:40:01.206+0000] {logging_mixin.py:188} INFO - [2026-04-28T12:40:01.206+0000] {dag.py:3047} INFO - Sync 1 DAGs
[2026-04-28T12:40:01.233+0000] {logging_mixin.py:188} INFO - [2026-04-28T12:40:01.233+0000] {dag.py:3834} INFO - Setting next_dagrun for example_xcom to 2021-01-01 00:00:00+00:00, run_after=2021-01-01 00:00:00+00:00
[2026-04-28T12:40:01.250+0000] {processor.py:183} INFO - Processing /home/airflow/.local/lib/python3.8/site-packages/airflow/example_dags/example_xcom.py took 0.083 seconds
[2026-04-28T12:40:31.632+0000] {processor.py:161} INFO - Started process (PID=3209) to work on /home/airflow/.local/lib/python3.8/site-packages/airflow/example_dags/example_xcom.py
[2026-04-28T12:40:31.634+0000] {processor.py:830} INFO - Processing file /home/airflow/.local/lib/python3.8/site-packages/airflow/example_dags/example_xcom.py for tasks to queue
[2026-04-28T12:40:31.637+0000] {logging_mixin.py:188} INFO - [2026-04-28T12:40:31.636+0000] {dagbag.py:540} INFO - Filling up the DagBag from /home/airflow/.local/lib/python3.8/site-packages/airflow/example_dags/example_xcom.py
[2026-04-28T12:40:31.646+0000] {processor.py:840} INFO - DAG(s) 'example_xcom' retrieved from /home/airflow/.local/lib/python3.8/site-packages/airflow/example_dags/example_xcom.py
[2026-04-28T12:40:31.667+0000] {logging_mixin.py:188} INFO - [2026-04-28T12:40:31.667+0000] {dag.py:3047} INFO - Sync 1 DAGs
[2026-04-28T12:40:31.699+0000] {logging_mixin.py:188} INFO - [2026-04-28T12:40:31.699+0000] {dag.py:3834} INFO - Setting next_dagrun for example_xcom to 2021-01-01 00:00:00+00:00, run_after=2021-01-01 00:00:00+00:00
[2026-04-28T12:40:31.715+0000] {processor.py:183} INFO - Processing /home/airflow/.local/lib/python3.8/site-packages/airflow/example_dags/example_xcom.py took 0.089 seconds
[2026-04-28T12:41:01.752+0000] {processor.py:161} INFO - Started process (PID=3265) to work on /home/airflow/.local/lib/python3.8/site-packages/airflow/example_dags/example_xcom.py
[2026-04-28T12:41:01.753+0000] {processor.py:830} INFO - Processing file /home/airflow/.local/lib/python3.8/site-packages/airflow/example_dags/example_xcom.py for tasks to queue
[2026-04-28T12:41:01.755+0000] {logging_mixin.py:188} INFO - [2026-04-28T12:41:01.755+0000] {dagbag.py:540} INFO - Filling up the DagBag from /home/airflow/.local/lib/python3.8/site-packages/airflow/example_dags/example_xcom.py
[2026-04-28T12:41:01.764+0000] {processor.py:840} INFO - DAG(s) 'example_xcom' retrieved from /home/airflow/.local/lib/python3.8/site-packages/airflow/example_dags/example_xcom.py
[2026-04-28T12:41:01.787+0000] {logging_mixin.py:188} INFO - [2026-04-28T12:41:01.787+0000] {dag.py:3047} INFO - Sync 1 DAGs
[2026-04-28T12:41:01.819+0000] {logging_mixin.py:188} INFO - [2026-04-28T12:41:01.818+0000] {dag.py:3834} INFO - Setting next_dagrun for example_xcom to 2021-01-01 00:00:00+00:00, run_after=2021-01-01 00:00:00+00:00
[2026-04-28T12:41:01.837+0000] {processor.py:183} INFO - Processing /home/airflow/.local/lib/python3.8/site-packages/airflow/example_dags/example_xcom.py took 0.089 seconds
[2026-04-28T12:41:32.015+0000] {processor.py:161} INFO - Started process (PID=3321) to work on /home/airflow/.local/lib/python3.8/site-packages/airflow/example_dags/example_xcom.py
[2026-04-28T12:41:32.017+0000] {processor.py:830} INFO - Processing file /home/airflow/.local/lib/python3.8/site-packages/airflow/example_dags/example_xcom.py for tasks to queue
[2026-04-28T12:41:32.019+0000] {logging_mixin.py:188} INFO - [2026-04-28T12:41:32.019+0000] {dagbag.py:540} INFO - Filling up the DagBag from /home/airflow/.local/lib/python3.8/site-packages/airflow/example_dags/example_xcom.py
[2026-04-28T12:41:32.028+0000] {processor.py:840} INFO - DAG(s) 'example_xcom' retrieved from /home/airflow/.local/lib/python3.8/site-packages/airflow/example_dags/example_xcom.py
[2026-04-28T12:41:32.050+0000] {logging_mixin.py:188} INFO - [2026-04-28T12:41:32.050+0000] {dag.py:3047} INFO - Sync 1 DAGs
[2026-04-28T12:41:32.073+0000] {logging_mixin.py:188} INFO - [2026-04-28T12:41:32.073+0000] {dag.py:3834} INFO - Setting next_dagrun for example_xcom to 2021-01-01 00:00:00+00:00, run_after=2021-01-01 00:00:00+00:00
[2026-04-28T12:41:32.091+0000] {processor.py:183} INFO - Processing /home/airflow/.local/lib/python3.8/site-packages/airflow/example_dags/example_xcom.py took 0.080 seconds
[2026-04-28T12:42:02.455+0000] {processor.py:161} INFO - Started process (PID=3377) to work on /home/airflow/.local/lib/python3.8/site-packages/airflow/example_dags/example_xcom.py
[2026-04-28T12:42:02.461+0000] {processor.py:830} INFO - Processing file /home/airflow/.local/lib/python3.8/site-packages/airflow/example_dags/example_xcom.py for tasks to queue
[2026-04-28T12:42:02.464+0000] {logging_mixin.py:188} INFO - [2026-04-28T12:42:02.463+0000] {dagbag.py:540} INFO - Filling up the DagBag from /home/airflow/.local/lib/python3.8/site-packages/airflow/example_dags/example_xcom.py
[2026-04-28T12:42:02.475+0000] {processor.py:840} INFO - DAG(s) 'example_xcom' retrieved from /home/airflow/.local/lib/python3.8/site-packages/airflow/example_dags/example_xcom.py
[2026-04-28T12:42:02.500+0000] {logging_mixin.py:188} INFO - [2026-04-28T12:42:02.500+0000] {dag.py:3047} INFO - Sync 1 DAGs
[2026-04-28T12:42:02.523+0000] {logging_mixin.py:188} INFO - [2026-04-28T12:42:02.523+0000] {dag.py:3834} INFO - Setting next_dagrun for example_xcom to 2021-01-01 00:00:00+00:00, run_after=2021-01-01 00:00:00+00:00
[2026-04-28T12:42:02.540+0000] {processor.py:183} INFO - Processing /home/airflow/.local/lib/python3.8/site-packages/airflow/example_dags/example_xcom.py took 0.090 seconds
[2026-04-28T12:42:32.915+0000] {processor.py:161} INFO - Started process (PID=3433) to work on /home/airflow/.local/lib/python3.8/site-packages/airflow/example_dags/example_xcom.py
[2026-04-28T12:42:32.917+0000] {processor.py:830} INFO - Processing file /home/airflow/.local/lib/python3.8/site-packages/airflow/example_dags/example_xcom.py for tasks to queue
[2026-04-28T12:42:32.919+0000] {logging_mixin.py:188} INFO - [2026-04-28T12:42:32.919+0000] {dagbag.py:540} INFO - Filling up the DagBag from /home/airflow/.local/lib/python3.8/site-packages/airflow/example_dags/example_xcom.py
[2026-04-28T12:42:32.928+0000] {processor.py:840} INFO - DAG(s) 'example_xcom' retrieved from /home/airflow/.local/lib/python3.8/site-packages/airflow/example_dags/example_xcom.py
[2026-04-28T12:42:32.950+0000] {logging_mixin.py:188} INFO - [2026-04-28T12:42:32.949+0000] {dag.py:3047} INFO - Sync 1 DAGs
[2026-04-28T12:42:32.985+0000] {logging_mixin.py:188} INFO - [2026-04-28T12:42:32.984+0000] {dag.py:3834} INFO - Setting next_dagrun for example_xcom to 2021-01-01 00:00:00+00:00, run_after=2021-01-01 00:00:00+00:00
[2026-04-28T12:42:33.022+0000] {processor.py:183} INFO - Processing /home/airflow/.local/lib/python3.8/site-packages/airflow/example_dags/example_xcom.py took 0.112 seconds
[2026-04-28T12:43:03.980+0000] {processor.py:161} INFO - Started process (PID=3489) to work on /home/airflow/.local/lib/python3.8/site-packages/airflow/example_dags/example_xcom.py
[2026-04-28T12:43:03.981+0000] {processor.py:830} INFO - Processing file /home/airflow/.local/lib/python3.8/site-packages/airflow/example_dags/example_xcom.py for tasks to queue
[2026-04-28T12:43:03.985+0000] {logging_mixin.py:188} INFO - [2026-04-28T12:43:03.985+0000] {dagbag.py:540} INFO - Filling up the DagBag from /home/airflow/.local/lib/python3.8/site-packages/airflow/example_dags/example_xcom.py
[2026-04-28T12:43:04.002+0000] {processor.py:840} INFO - DAG(s) 'example_xcom' retrieved from /home/airflow/.local/lib/python3.8/site-packages/airflow/example_dags/example_xcom.py
[2026-04-28T12:43:04.038+0000] {logging_mixin.py:188} INFO - [2026-04-28T12:43:04.038+0000] {dag.py:3047} INFO - Sync 1 DAGs
[2026-04-28T12:43:04.082+0000] {logging_mixin.py:188} INFO - [2026-04-28T12:43:04.081+0000] {dag.py:3834} INFO - Setting next_dagrun for example_xcom to 2021-01-01 00:00:00+00:00, run_after=2021-01-01 00:00:00+00:00
[2026-04-28T12:43:04.115+0000] {processor.py:183} INFO - Processing /home/airflow/.local/lib/python3.8/site-packages/airflow/example_dags/example_xcom.py took 0.146 seconds
[2026-04-28T12:43:34.413+0000] {processor.py:161} INFO - Started process (PID=3545) to work on /home/airflow/.local/lib/python3.8/site-packages/airflow/example_dags/example_xcom.py
[2026-04-28T12:43:34.415+0000] {processor.py:830} INFO - Processing file /home/airflow/.local/lib/python3.8/site-packages/airflow/example_dags/example_xcom.py for tasks to queue
[2026-04-28T12:43:34.418+0000] {logging_mixin.py:188} INFO - [2026-04-28T12:43:34.417+0000] {dagbag.py:540} INFO - Filling up the DagBag from /home/airflow/.local/lib/python3.8/site-packages/airflow/example_dags/example_xcom.py
[2026-04-28T12:43:34.439+0000] {processor.py:840} INFO - DAG(s) 'example_xcom' retrieved from /home/airflow/.local/lib/python3.8/site-packages/airflow/example_dags/example_xcom.py
[2026-04-28T12:43:34.491+0000] {logging_mixin.py:188} INFO - [2026-04-28T12:43:34.487+0000] {dag.py:3047} INFO - Sync 1 DAGs
[2026-04-28T12:43:34.572+0000] {logging_mixin.py:188} INFO - [2026-04-28T12:43:34.572+0000] {dag.py:3834} INFO - Setting next_dagrun for example_xcom to 2021-01-01 00:00:00+00:00, run_after=2021-01-01 00:00:00+00:00
[2026-04-28T12:43:34.608+0000] {processor.py:183} INFO - Processing /home/airflow/.local/lib/python3.8/site-packages/airflow/example_dags/example_xcom.py took 0.200 seconds
[2026-04-28T12:44:05.496+0000] {processor.py:161} INFO - Started process (PID=3606) to work on /home/airflow/.local/lib/python3.8/site-packages/airflow/example_dags/example_xcom.py
[2026-04-28T12:44:05.498+0000] {processor.py:830} INFO - Processing file /home/airflow/.local/lib/python3.8/site-packages/airflow/example_dags/example_xcom.py for tasks to queue
[2026-04-28T12:44:05.500+0000] {logging_mixin.py:188} INFO - [2026-04-28T12:44:05.499+0000] {dagbag.py:540} INFO - Filling up the DagBag from /home/airflow/.local/lib/python3.8/site-packages/airflow/example_dags/example_xcom.py
[2026-04-28T12:44:05.508+0000] {processor.py:840} INFO - DAG(s) 'example_xcom' retrieved from /home/airflow/.local/lib/python3.8/site-packages/airflow/example_dags/example_xcom.py
[2026-04-28T12:44:05.530+0000] {logging_mixin.py:188} INFO - [2026-04-28T12:44:05.530+0000] {dag.py:3047} INFO - Sync 1 DAGs
[2026-04-28T12:44:05.554+0000] {logging_mixin.py:188} INFO - [2026-04-28T12:44:05.554+0000] {dag.py:3834} INFO - Setting next_dagrun for example_xcom to 2021-01-01 00:00:00+00:00, run_after=2021-01-01 00:00:00+00:00
[2026-04-28T12:44:05.573+0000] {processor.py:183} INFO - Processing /home/airflow/.local/lib/python3.8/site-packages/airflow/example_dags/example_xcom.py took 0.082 seconds
[2026-04-28T12:44:36.333+0000] {processor.py:161} INFO - Started process (PID=3662) to work on /home/airflow/.local/lib/python3.8/site-packages/airflow/example_dags/example_xcom.py
[2026-04-28T12:44:36.334+0000] {processor.py:830} INFO - Processing file /home/airflow/.local/lib/python3.8/site-packages/airflow/example_dags/example_xcom.py for tasks to queue
[2026-04-28T12:44:36.336+0000] {logging_mixin.py:188} INFO - [2026-04-28T12:44:36.336+0000] {dagbag.py:540} INFO - Filling up the DagBag from /home/airflow/.local/lib/python3.8/site-packages/airflow/example_dags/example_xcom.py
[2026-04-28T12:44:36.346+0000] {processor.py:840} INFO - DAG(s) 'example_xcom' retrieved from /home/airflow/.local/lib/python3.8/site-packages/airflow/example_dags/example_xcom.py
[2026-04-28T12:44:36.369+0000] {logging_mixin.py:188} INFO - [2026-04-28T12:44:36.369+0000] {dag.py:3047} INFO - Sync 1 DAGs
[2026-04-28T12:44:36.394+0000] {logging_mixin.py:188} INFO - [2026-04-28T12:44:36.394+0000] {dag.py:3834} INFO - Setting next_dagrun for example_xcom to 2021-01-01 00:00:00+00:00, run_after=2021-01-01 00:00:00+00:00
[2026-04-28T12:44:36.415+0000] {processor.py:183} INFO - Processing /home/airflow/.local/lib/python3.8/site-packages/airflow/example_dags/example_xcom.py took 0.086 seconds
[2026-04-28T12:45:07.261+0000] {processor.py:161} INFO - Started process (PID=3717) to work on /home/airflow/.local/lib/python3.8/site-packages/airflow/example_dags/example_xcom.py
[2026-04-28T12:45:07.262+0000] {processor.py:830} INFO - Processing file /home/airflow/.local/lib/python3.8/site-packages/airflow/example_dags/example_xcom.py for tasks to queue
[2026-04-28T12:45:07.265+0000] {logging_mixin.py:188} INFO - [2026-04-28T12:45:07.265+0000] {dagbag.py:540} INFO - Filling up the DagBag from /home/airflow/.local/lib/python3.8/site-packages/airflow/example_dags/example_xcom.py
[2026-04-28T12:45:07.274+0000] {processor.py:840} INFO - DAG(s) 'example_xcom' retrieved from /home/airflow/.local/lib/python3.8/site-packages/airflow/example_dags/example_xcom.py
[2026-04-28T12:45:07.296+0000] {logging_mixin.py:188} INFO - [2026-04-28T12:45:07.296+0000] {dag.py:3047} INFO - Sync 1 DAGs
[2026-04-28T12:45:07.319+0000] {logging_mixin.py:188} INFO - [2026-04-28T12:45:07.319+0000] {dag.py:3834} INFO - Setting next_dagrun for example_xcom to 2021-01-01 00:00:00+00:00, run_after=2021-01-01 00:00:00+00:00
[2026-04-28T12:45:07.339+0000] {processor.py:183} INFO - Processing /home/airflow/.local/lib/python3.8/site-packages/airflow/example_dags/example_xcom.py took 0.083 seconds
[2026-04-28T12:45:38.220+0000] {processor.py:161} INFO - Started process (PID=3773) to work on /home/airflow/.local/lib/python3.8/site-packages/airflow/example_dags/example_xcom.py
[2026-04-28T12:45:38.221+0000] {processor.py:830} INFO - Processing file /home/airflow/.local/lib/python3.8/site-packages/airflow/example_dags/example_xcom.py for tasks to queue
[2026-04-28T12:45:38.223+0000] {logging_mixin.py:188} INFO - [2026-04-28T12:45:38.222+0000] {dagbag.py:540} INFO - Filling up the DagBag from /home/airflow/.local/lib/python3.8/site-packages/airflow/example_dags/example_xcom.py
[2026-04-28T12:45:38.232+0000] {processor.py:840} INFO - DAG(s) 'example_xcom' retrieved from /home/airflow/.local/lib/python3.8/site-packages/airflow/example_dags/example_xcom.py
[2026-04-28T12:45:38.256+0000] {logging_mixin.py:188} INFO - [2026-04-28T12:45:38.255+0000] {dag.py:3047} INFO - Sync 1 DAGs
[2026-04-28T12:45:38.279+0000] {logging_mixin.py:188} INFO - [2026-04-28T12:45:38.279+0000] {dag.py:3834} INFO - Setting next_dagrun for example_xcom to 2021-01-01 00:00:00+00:00, run_after=2021-01-01 00:00:00+00:00
[2026-04-28T12:45:38.296+0000] {processor.py:183} INFO - Processing /home/airflow/.local/lib/python3.8/site-packages/airflow/example_dags/example_xcom.py took 0.081 seconds
[2026-04-28T12:46:09.249+0000] {processor.py:161} INFO - Started process (PID=3829) to work on /home/airflow/.local/lib/python3.8/site-packages/airflow/example_dags/example_xcom.py
[2026-04-28T12:46:09.254+0000] {processor.py:830} INFO - Processing file /home/airflow/.local/lib/python3.8/site-packages/airflow/example_dags/example_xcom.py for tasks to queue
[2026-04-28T12:46:09.260+0000] {logging_mixin.py:188} INFO - [2026-04-28T12:46:09.260+0000] {dagbag.py:540} INFO - Filling up the DagBag from /home/airflow/.local/lib/python3.8/site-packages/airflow/example_dags/example_xcom.py
[2026-04-28T12:46:09.280+0000] {processor.py:840} INFO - DAG(s) 'example_xcom' retrieved from /home/airflow/.local/lib/python3.8/site-packages/airflow/example_dags/example_xcom.py
[2026-04-28T12:46:09.324+0000] {logging_mixin.py:188} INFO - [2026-04-28T12:46:09.324+0000] {dag.py:3047} INFO - Sync 1 DAGs
[2026-04-28T12:46:09.406+0000] {logging_mixin.py:188} INFO - [2026-04-28T12:46:09.406+0000] {dag.py:3834} INFO - Setting next_dagrun for example_xcom to 2021-01-01 00:00:00+00:00, run_after=2021-01-01 00:00:00+00:00
[2026-04-28T12:46:09.457+0000] {processor.py:183} INFO - Processing /home/airflow/.local/lib/python3.8/site-packages/airflow/example_dags/example_xcom.py took 0.217 seconds
[2026-04-28T12:46:40.420+0000] {processor.py:161} INFO - Started process (PID=3885) to work on /home/airflow/.local/lib/python3.8/site-packages/airflow/example_dags/example_xcom.py
[2026-04-28T12:46:40.423+0000] {processor.py:830} INFO - Processing file /home/airflow/.local/lib/python3.8/site-packages/airflow/example_dags/example_xcom.py for tasks to queue
[2026-04-28T12:46:40.430+0000] {logging_mixin.py:188} INFO - [2026-04-28T12:46:40.429+0000] {dagbag.py:540} INFO - Filling up the DagBag from /home/airflow/.local/lib/python3.8/site-packages/airflow/example_dags/example_xcom.py
[2026-04-28T12:46:40.457+0000] {processor.py:840} INFO - DAG(s) 'example_xcom' retrieved from /home/airflow/.local/lib/python3.8/site-packages/airflow/example_dags/example_xcom.py
[2026-04-28T12:46:40.494+0000] {logging_mixin.py:188} INFO - [2026-04-28T12:46:40.493+0000] {dag.py:3047} INFO - Sync 1 DAGs
[2026-04-28T12:46:40.517+0000] {logging_mixin.py:188} INFO - [2026-04-28T12:46:40.516+0000] {dag.py:3834} INFO - Setting next_dagrun for example_xcom to 2021-01-01 00:00:00+00:00, run_after=2021-01-01 00:00:00+00:00
[2026-04-28T12:46:40.544+0000] {processor.py:183} INFO - Processing /home/airflow/.local/lib/python3.8/site-packages/airflow/example_dags/example_xcom.py took 0.141 seconds
[2026-04-28T12:47:10.588+0000] {processor.py:161} INFO - Started process (PID=3941) to work on /home/airflow/.local/lib/python3.8/site-packages/airflow/example_dags/example_xcom.py
[2026-04-28T12:47:10.589+0000] {processor.py:830} INFO - Processing file /home/airflow/.local/lib/python3.8/site-packages/airflow/example_dags/example_xcom.py for tasks to queue
[2026-04-28T12:47:10.591+0000] {logging_mixin.py:188} INFO - [2026-04-28T12:47:10.591+0000] {dagbag.py:540} INFO - Filling up the DagBag from /home/airflow/.local/lib/python3.8/site-packages/airflow/example_dags/example_xcom.py
[2026-04-28T12:47:10.600+0000] {processor.py:840} INFO - DAG(s) 'example_xcom' retrieved from /home/airflow/.local/lib/python3.8/site-packages/airflow/example_dags/example_xcom.py
[2026-04-28T12:47:10.624+0000] {logging_mixin.py:188} INFO - [2026-04-28T12:47:10.623+0000] {dag.py:3047} INFO - Sync 1 DAGs
[2026-04-28T12:47:10.647+0000] {logging_mixin.py:188} INFO - [2026-04-28T12:47:10.647+0000] {dag.py:3834} INFO - Setting next_dagrun for example_xcom to 2021-01-01 00:00:00+00:00, run_after=2021-01-01 00:00:00+00:00
[2026-04-28T12:47:10.665+0000] {processor.py:183} INFO - Processing /home/airflow/.local/lib/python3.8/site-packages/airflow/example_dags/example_xcom.py took 0.081 seconds
[2026-04-28T12:47:40.912+0000] {processor.py:161} INFO - Started process (PID=3997) to work on /home/airflow/.local/lib/python3.8/site-packages/airflow/example_dags/example_xcom.py
[2026-04-28T12:47:40.914+0000] {processor.py:830} INFO - Processing file /home/airflow/.local/lib/python3.8/site-packages/airflow/example_dags/example_xcom.py for tasks to queue
[2026-04-28T12:47:40.916+0000] {logging_mixin.py:188} INFO - [2026-04-28T12:47:40.916+0000] {dagbag.py:540} INFO - Filling up the DagBag from /home/airflow/.local/lib/python3.8/site-packages/airflow/example_dags/example_xcom.py
[2026-04-28T12:47:40.925+0000] {processor.py:840} INFO - DAG(s) 'example_xcom' retrieved from /home/airflow/.local/lib/python3.8/site-packages/airflow/example_dags/example_xcom.py
[2026-04-28T12:47:40.949+0000] {logging_mixin.py:188} INFO - [2026-04-28T12:47:40.949+0000] {dag.py:3047} INFO - Sync 1 DAGs
[2026-04-28T12:47:40.975+0000] {logging_mixin.py:188} INFO - [2026-04-28T12:47:40.975+0000] {dag.py:3834} INFO - Setting next_dagrun for example_xcom to 2021-01-01 00:00:00+00:00, run_after=2021-01-01 00:00:00+00:00
[2026-04-28T12:47:40.995+0000] {processor.py:183} INFO - Processing /home/airflow/.local/lib/python3.8/site-packages/airflow/example_dags/example_xcom.py took 0.087 seconds
[2026-04-28T12:48:11.817+0000] {processor.py:161} INFO - Started process (PID=4053) to work on /home/airflow/.local/lib/python3.8/site-packages/airflow/example_dags/example_xcom.py
[2026-04-28T12:48:11.818+0000] {processor.py:830} INFO - Processing file /home/airflow/.local/lib/python3.8/site-packages/airflow/example_dags/example_xcom.py for tasks to queue
[2026-04-28T12:48:11.821+0000] {logging_mixin.py:188} INFO - [2026-04-28T12:48:11.820+0000] {dagbag.py:540} INFO - Filling up the DagBag from /home/airflow/.local/lib/python3.8/site-packages/airflow/example_dags/example_xcom.py
[2026-04-28T12:48:11.829+0000] {processor.py:840} INFO - DAG(s) 'example_xcom' retrieved from /home/airflow/.local/lib/python3.8/site-packages/airflow/example_dags/example_xcom.py
[2026-04-28T12:48:11.852+0000] {logging_mixin.py:188} INFO - [2026-04-28T12:48:11.852+0000] {dag.py:3047} INFO - Sync 1 DAGs
[2026-04-28T12:48:11.888+0000] {logging_mixin.py:188} INFO - [2026-04-28T12:48:11.888+0000] {dag.py:3834} INFO - Setting next_dagrun for example_xcom to 2021-01-01 00:00:00+00:00, run_after=2021-01-01 00:00:00+00:00
[2026-04-28T12:48:11.903+0000] {processor.py:183} INFO - Processing /home/airflow/.local/lib/python3.8/site-packages/airflow/example_dags/example_xcom.py took 0.090 seconds
[2026-04-28T12:48:41.954+0000] {processor.py:161} INFO - Started process (PID=4109) to work on /home/airflow/.local/lib/python3.8/site-packages/airflow/example_dags/example_xcom.py
[2026-04-28T12:48:41.957+0000] {processor.py:830} INFO - Processing file /home/airflow/.local/lib/python3.8/site-packages/airflow/example_dags/example_xcom.py for tasks to queue
[2026-04-28T12:48:41.959+0000] {logging_mixin.py:188} INFO - [2026-04-28T12:48:41.959+0000] {dagbag.py:540} INFO - Filling up the DagBag from /home/airflow/.local/lib/python3.8/site-packages/airflow/example_dags/example_xcom.py
[2026-04-28T12:48:41.975+0000] {processor.py:840} INFO - DAG(s) 'example_xcom' retrieved from /home/airflow/.local/lib/python3.8/site-packages/airflow/example_dags/example_xcom.py
[2026-04-28T12:48:42.029+0000] {logging_mixin.py:188} INFO - [2026-04-28T12:48:42.029+0000] {dag.py:3047} INFO - Sync 1 DAGs
[2026-04-28T12:48:42.091+0000] {logging_mixin.py:188} INFO - [2026-04-28T12:48:42.089+0000] {dag.py:3834} INFO - Setting next_dagrun for example_xcom to 2021-01-01 00:00:00+00:00, run_after=2021-01-01 00:00:00+00:00
[2026-04-28T12:48:42.128+0000] {processor.py:183} INFO - Processing /home/airflow/.local/lib/python3.8/site-packages/airflow/example_dags/example_xcom.py took 0.182 seconds
[2026-04-28T12:49:12.170+0000] {processor.py:161} INFO - Started process (PID=4165) to work on /home/airflow/.local/lib/python3.8/site-packages/airflow/example_dags/example_xcom.py
[2026-04-28T12:49:12.171+0000] {processor.py:830} INFO - Processing file /home/airflow/.local/lib/python3.8/site-packages/airflow/example_dags/example_xcom.py for tasks to queue
[2026-04-28T12:49:12.173+0000] {logging_mixin.py:188} INFO - [2026-04-28T12:49:12.173+0000] {dagbag.py:540} INFO - Filling up the DagBag from /home/airflow/.local/lib/python3.8/site-packages/airflow/example_dags/example_xcom.py
[2026-04-28T12:49:12.183+0000] {processor.py:840} INFO - DAG(s) 'example_xcom' retrieved from /home/airflow/.local/lib/python3.8/site-packages/airflow/example_dags/example_xcom.py
[2026-04-28T12:49:12.235+0000] {logging_mixin.py:188} INFO - [2026-04-28T12:49:12.235+0000] {dag.py:3047} INFO - Sync 1 DAGs
[2026-04-28T12:49:12.282+0000] {logging_mixin.py:188} INFO - [2026-04-28T12:49:12.282+0000] {dag.py:3834} INFO - Setting next_dagrun for example_xcom to 2021-01-01 00:00:00+00:00, run_after=2021-01-01 00:00:00+00:00
[2026-04-28T12:49:12.301+0000] {processor.py:183} INFO - Processing /home/airflow/.local/lib/python3.8/site-packages/airflow/example_dags/example_xcom.py took 0.135 seconds
[2026-04-28T12:49:42.519+0000] {processor.py:161} INFO - Started process (PID=4221) to work on /home/airflow/.local/lib/python3.8/site-packages/airflow/example_dags/example_xcom.py
[2026-04-28T12:49:42.520+0000] {processor.py:830} INFO - Processing file /home/airflow/.local/lib/python3.8/site-packages/airflow/example_dags/example_xcom.py for tasks to queue
[2026-04-28T12:49:42.522+0000] {logging_mixin.py:188} INFO - [2026-04-28T12:49:42.522+0000] {dagbag.py:540} INFO - Filling up the DagBag from /home/airflow/.local/lib/python3.8/site-packages/airflow/example_dags/example_xcom.py
[2026-04-28T12:49:42.536+0000] {processor.py:840} INFO - DAG(s) 'example_xcom' retrieved from /home/airflow/.local/lib/python3.8/site-packages/airflow/example_dags/example_xcom.py
[2026-04-28T12:49:42.558+0000] {logging_mixin.py:188} INFO - [2026-04-28T12:49:42.558+0000] {dag.py:3047} INFO - Sync 1 DAGs
[2026-04-28T12:49:42.581+0000] {logging_mixin.py:188} INFO - [2026-04-28T12:49:42.581+0000] {dag.py:3834} INFO - Setting next_dagrun for example_xcom to 2021-01-01 00:00:00+00:00, run_after=2021-01-01 00:00:00+00:00
[2026-04-28T12:49:42.600+0000] {processor.py:183} INFO - Processing /home/airflow/.local/lib/python3.8/site-packages/airflow/example_dags/example_xcom.py took 0.085 seconds
[2026-04-28T12:50:12.901+0000] {processor.py:161} INFO - Started process (PID=4277) to work on /home/airflow/.local/lib/python3.8/site-packages/airflow/example_dags/example_xcom.py
[2026-04-28T12:50:12.902+0000] {processor.py:830} INFO - Processing file /home/airflow/.local/lib/python3.8/site-packages/airflow/example_dags/example_xcom.py for tasks to queue
[2026-04-28T12:50:12.904+0000] {logging_mixin.py:188} INFO - [2026-04-28T12:50:12.904+0000] {dagbag.py:540} INFO - Filling up the DagBag from /home/airflow/.local/lib/python3.8/site-packages/airflow/example_dags/example_xcom.py
[2026-04-28T12:50:12.913+0000] {processor.py:840} INFO - DAG(s) 'example_xcom' retrieved from /home/airflow/.local/lib/python3.8/site-packages/airflow/example_dags/example_xcom.py
[2026-04-28T12:50:12.940+0000] {logging_mixin.py:188} INFO - [2026-04-28T12:50:12.940+0000] {dag.py:3047} INFO - Sync 1 DAGs
[2026-04-28T12:50:12.964+0000] {logging_mixin.py:188} INFO - [2026-04-28T12:50:12.963+0000] {dag.py:3834} INFO - Setting next_dagrun for example_xcom to 2021-01-01 00:00:00+00:00, run_after=2021-01-01 00:00:00+00:00
[2026-04-28T12:50:12.981+0000] {processor.py:183} INFO - Processing /home/airflow/.local/lib/python3.8/site-packages/airflow/example_dags/example_xcom.py took 0.084 seconds
[2026-04-28T12:50:43.093+0000] {processor.py:161} INFO - Started process (PID=4333) to work on /home/airflow/.local/lib/python3.8/site-packages/airflow/example_dags/example_xcom.py
[2026-04-28T12:50:43.094+0000] {processor.py:830} INFO - Processing file /home/airflow/.local/lib/python3.8/site-packages/airflow/example_dags/example_xcom.py for tasks to queue
[2026-04-28T12:50:43.096+0000] {logging_mixin.py:188} INFO - [2026-04-28T12:50:43.095+0000] {dagbag.py:540} INFO - Filling up the DagBag from /home/airflow/.local/lib/python3.8/site-packages/airflow/example_dags/example_xcom.py
[2026-04-28T12:50:43.105+0000] {processor.py:840} INFO - DAG(s) 'example_xcom' retrieved from /home/airflow/.local/lib/python3.8/site-packages/airflow/example_dags/example_xcom.py
[2026-04-28T12:50:43.144+0000] {logging_mixin.py:188} INFO - [2026-04-28T12:50:43.144+0000] {dag.py:3047} INFO - Sync 1 DAGs
[2026-04-28T12:50:43.174+0000] {logging_mixin.py:188} INFO - [2026-04-28T12:50:43.174+0000] {dag.py:3834} INFO - Setting next_dagrun for example_xcom to 2021-01-01 00:00:00+00:00, run_after=2021-01-01 00:00:00+00:00
[2026-04-28T12:50:43.209+0000] {processor.py:183} INFO - Processing /home/airflow/.local/lib/python3.8/site-packages/airflow/example_dags/example_xcom.py took 0.120 seconds
[2026-04-28T12:51:13.294+0000] {processor.py:161} INFO - Started process (PID=4389) to work on /home/airflow/.local/lib/python3.8/site-packages/airflow/example_dags/example_xcom.py
[2026-04-28T12:51:13.297+0000] {processor.py:830} INFO - Processing file /home/airflow/.local/lib/python3.8/site-packages/airflow/example_dags/example_xcom.py for tasks to queue
[2026-04-28T12:51:13.299+0000] {logging_mixin.py:188} INFO - [2026-04-28T12:51:13.298+0000] {dagbag.py:540} INFO - Filling up the DagBag from /home/airflow/.local/lib/python3.8/site-packages/airflow/example_dags/example_xcom.py
[2026-04-28T12:51:13.307+0000] {processor.py:840} INFO - DAG(s) 'example_xcom' retrieved from /home/airflow/.local/lib/python3.8/site-packages/airflow/example_dags/example_xcom.py
[2026-04-28T12:51:13.329+0000] {logging_mixin.py:188} INFO - [2026-04-28T12:51:13.329+0000] {dag.py:3047} INFO - Sync 1 DAGs
[2026-04-28T12:51:13.353+0000] {logging_mixin.py:188} INFO - [2026-04-28T12:51:13.352+0000] {dag.py:3834} INFO - Setting next_dagrun for example_xcom to 2021-01-01 00:00:00+00:00, run_after=2021-01-01 00:00:00+00:00
[2026-04-28T12:51:13.371+0000] {processor.py:183} INFO - Processing /home/airflow/.local/lib/python3.8/site-packages/airflow/example_dags/example_xcom.py took 0.082 seconds
[2026-04-28T12:51:44.111+0000] {processor.py:161} INFO - Started process (PID=4445) to work on /home/airflow/.local/lib/python3.8/site-packages/airflow/example_dags/example_xcom.py
[2026-04-28T12:51:44.113+0000] {processor.py:830} INFO - Processing file /home/airflow/.local/lib/python3.8/site-packages/airflow/example_dags/example_xcom.py for tasks to queue
[2026-04-28T12:51:44.115+0000] {logging_mixin.py:188} INFO - [2026-04-28T12:51:44.115+0000] {dagbag.py:540} INFO - Filling up the DagBag from /home/airflow/.local/lib/python3.8/site-packages/airflow/example_dags/example_xcom.py
[2026-04-28T12:51:44.124+0000] {processor.py:840} INFO - DAG(s) 'example_xcom' retrieved from /home/airflow/.local/lib/python3.8/site-packages/airflow/example_dags/example_xcom.py
[2026-04-28T12:51:44.146+0000] {logging_mixin.py:188} INFO - [2026-04-28T12:51:44.145+0000] {dag.py:3047} INFO - Sync 1 DAGs
[2026-04-28T12:51:44.171+0000] {logging_mixin.py:188} INFO - [2026-04-28T12:51:44.171+0000] {dag.py:3834} INFO - Setting next_dagrun for example_xcom to 2021-01-01 00:00:00+00:00, run_after=2021-01-01 00:00:00+00:00
[2026-04-28T12:51:44.200+0000] {processor.py:183} INFO - Processing /home/airflow/.local/lib/python3.8/site-packages/airflow/example_dags/example_xcom.py took 0.095 seconds
[2026-04-28T12:52:15.061+0000] {processor.py:161} INFO - Started process (PID=4501) to work on /home/airflow/.local/lib/python3.8/site-packages/airflow/example_dags/example_xcom.py
[2026-04-28T12:52:15.061+0000] {processor.py:830} INFO - Processing file /home/airflow/.local/lib/python3.8/site-packages/airflow/example_dags/example_xcom.py for tasks to queue
[2026-04-28T12:52:15.063+0000] {logging_mixin.py:188} INFO - [2026-04-28T12:52:15.063+0000] {dagbag.py:540} INFO - Filling up the DagBag from /home/airflow/.local/lib/python3.8/site-packages/airflow/example_dags/example_xcom.py
[2026-04-28T12:52:15.073+0000] {processor.py:840} INFO - DAG(s) 'example_xcom' retrieved from /home/airflow/.local/lib/python3.8/site-packages/airflow/example_dags/example_xcom.py
[2026-04-28T12:52:15.094+0000] {logging_mixin.py:188} INFO - [2026-04-28T12:52:15.094+0000] {dag.py:3047} INFO - Sync 1 DAGs
[2026-04-28T12:52:15.117+0000] {logging_mixin.py:188} INFO - [2026-04-28T12:52:15.117+0000] {dag.py:3834} INFO - Setting next_dagrun for example_xcom to 2021-01-01 00:00:00+00:00, run_after=2021-01-01 00:00:00+00:00
[2026-04-28T12:52:15.134+0000] {processor.py:183} INFO - Processing /home/airflow/.local/lib/python3.8/site-packages/airflow/example_dags/example_xcom.py took 0.080 seconds
[2026-04-28T12:52:45.805+0000] {processor.py:161} INFO - Started process (PID=4557) to work on /home/airflow/.local/lib/python3.8/site-packages/airflow/example_dags/example_xcom.py
[2026-04-28T12:52:45.806+0000] {processor.py:830} INFO - Processing file /home/airflow/.local/lib/python3.8/site-packages/airflow/example_dags/example_xcom.py for tasks to queue
[2026-04-28T12:52:45.808+0000] {logging_mixin.py:188} INFO - [2026-04-28T12:52:45.808+0000] {dagbag.py:540} INFO - Filling up the DagBag from /home/airflow/.local/lib/python3.8/site-packages/airflow/example_dags/example_xcom.py
[2026-04-28T12:52:45.818+0000] {processor.py:840} INFO - DAG(s) 'example_xcom' retrieved from /home/airflow/.local/lib/python3.8/site-packages/airflow/example_dags/example_xcom.py
[2026-04-28T12:52:45.843+0000] {logging_mixin.py:188} INFO - [2026-04-28T12:52:45.843+0000] {dag.py:3047} INFO - Sync 1 DAGs
[2026-04-28T12:52:45.871+0000] {logging_mixin.py:188} INFO - [2026-04-28T12:52:45.870+0000] {dag.py:3834} INFO - Setting next_dagrun for example_xcom to 2021-01-01 00:00:00+00:00, run_after=2021-01-01 00:00:00+00:00
[2026-04-28T12:52:45.887+0000] {processor.py:183} INFO - Processing /home/airflow/.local/lib/python3.8/site-packages/airflow/example_dags/example_xcom.py took 0.086 seconds
[2026-04-28T12:53:15.940+0000] {processor.py:161} INFO - Started process (PID=4613) to work on /home/airflow/.local/lib/python3.8/site-packages/airflow/example_dags/example_xcom.py
[2026-04-28T12:53:15.941+0000] {processor.py:830} INFO - Processing file /home/airflow/.local/lib/python3.8/site-packages/airflow/example_dags/example_xcom.py for tasks to queue
[2026-04-28T12:53:15.943+0000] {logging_mixin.py:188} INFO - [2026-04-28T12:53:15.943+0000] {dagbag.py:540} INFO - Filling up the DagBag from /home/airflow/.local/lib/python3.8/site-packages/airflow/example_dags/example_xcom.py
[2026-04-28T12:53:15.957+0000] {processor.py:840} INFO - DAG(s) 'example_xcom' retrieved from /home/airflow/.local/lib/python3.8/site-packages/airflow/example_dags/example_xcom.py
[2026-04-28T12:53:15.990+0000] {logging_mixin.py:188} INFO - [2026-04-28T12:53:15.990+0000] {dag.py:3047} INFO - Sync 1 DAGs
[2026-04-28T12:53:16.033+0000] {logging_mixin.py:188} INFO - [2026-04-28T12:53:16.032+0000] {dag.py:3834} INFO - Setting next_dagrun for example_xcom to 2021-01-01 00:00:00+00:00, run_after=2021-01-01 00:00:00+00:00
[2026-04-28T12:53:16.053+0000] {processor.py:183} INFO - Processing /home/airflow/.local/lib/python3.8/site-packages/airflow/example_dags/example_xcom.py took 0.117 seconds
[2026-04-28T12:53:46.123+0000] {processor.py:161} INFO - Started process (PID=4669) to work on /home/airflow/.local/lib/python3.8/site-packages/airflow/example_dags/example_xcom.py
[2026-04-28T12:53:46.124+0000] {processor.py:830} INFO - Processing file /home/airflow/.local/lib/python3.8/site-packages/airflow/example_dags/example_xcom.py for tasks to queue
[2026-04-28T12:53:46.127+0000] {logging_mixin.py:188} INFO - [2026-04-28T12:53:46.127+0000] {dagbag.py:540} INFO - Filling up the DagBag from /home/airflow/.local/lib/python3.8/site-packages/airflow/example_dags/example_xcom.py
[2026-04-28T12:53:46.147+0000] {processor.py:840} INFO - DAG(s) 'example_xcom' retrieved from /home/airflow/.local/lib/python3.8/site-packages/airflow/example_dags/example_xcom.py
[2026-04-28T12:53:46.170+0000] {logging_mixin.py:188} INFO - [2026-04-28T12:53:46.170+0000] {dag.py:3047} INFO - Sync 1 DAGs
[2026-04-28T12:53:46.193+0000] {logging_mixin.py:188} INFO - [2026-04-28T12:53:46.192+0000] {dag.py:3834} INFO - Setting next_dagrun for example_xcom to 2021-01-01 00:00:00+00:00, run_after=2021-01-01 00:00:00+00:00
[2026-04-28T12:53:46.214+0000] {processor.py:183} INFO - Processing /home/airflow/.local/lib/python3.8/site-packages/airflow/example_dags/example_xcom.py took 0.098 seconds
[2026-04-28T12:54:16.345+0000] {processor.py:161} INFO - Started process (PID=4725) to work on /home/airflow/.local/lib/python3.8/site-packages/airflow/example_dags/example_xcom.py
[2026-04-28T12:54:16.346+0000] {processor.py:830} INFO - Processing file /home/airflow/.local/lib/python3.8/site-packages/airflow/example_dags/example_xcom.py for tasks to queue
[2026-04-28T12:54:16.348+0000] {logging_mixin.py:188} INFO - [2026-04-28T12:54:16.348+0000] {dagbag.py:540} INFO - Filling up the DagBag from /home/airflow/.local/lib/python3.8/site-packages/airflow/example_dags/example_xcom.py
[2026-04-28T12:54:16.357+0000] {processor.py:840} INFO - DAG(s) 'example_xcom' retrieved from /home/airflow/.local/lib/python3.8/site-packages/airflow/example_dags/example_xcom.py
[2026-04-28T12:54:16.384+0000] {logging_mixin.py:188} INFO - [2026-04-28T12:54:16.384+0000] {dag.py:3047} INFO - Sync 1 DAGs
[2026-04-28T12:54:16.415+0000] {logging_mixin.py:188} INFO - [2026-04-28T12:54:16.415+0000] {dag.py:3834} INFO - Setting next_dagrun for example_xcom to 2021-01-01 00:00:00+00:00, run_after=2021-01-01 00:00:00+00:00
[2026-04-28T12:54:16.433+0000] {processor.py:183} INFO - Processing /home/airflow/.local/lib/python3.8/site-packages/airflow/example_dags/example_xcom.py took 0.092 seconds
[2026-04-28T12:54:46.936+0000] {processor.py:161} INFO - Started process (PID=4781) to work on /home/airflow/.local/lib/python3.8/site-packages/airflow/example_dags/example_xcom.py
[2026-04-28T12:54:46.937+0000] {processor.py:830} INFO - Processing file /home/airflow/.local/lib/python3.8/site-packages/airflow/example_dags/example_xcom.py for tasks to queue
[2026-04-28T12:54:46.939+0000] {logging_mixin.py:188} INFO - [2026-04-28T12:54:46.939+0000] {dagbag.py:540} INFO - Filling up the DagBag from /home/airflow/.local/lib/python3.8/site-packages/airflow/example_dags/example_xcom.py
[2026-04-28T12:54:46.948+0000] {processor.py:840} INFO - DAG(s) 'example_xcom' retrieved from /home/airflow/.local/lib/python3.8/site-packages/airflow/example_dags/example_xcom.py
[2026-04-28T12:54:46.971+0000] {logging_mixin.py:188} INFO - [2026-04-28T12:54:46.971+0000] {dag.py:3047} INFO - Sync 1 DAGs
[2026-04-28T12:54:46.994+0000] {logging_mixin.py:188} INFO - [2026-04-28T12:54:46.994+0000] {dag.py:3834} INFO - Setting next_dagrun for example_xcom to 2021-01-01 00:00:00+00:00, run_after=2021-01-01 00:00:00+00:00
[2026-04-28T12:54:47.011+0000] {processor.py:183} INFO - Processing /home/airflow/.local/lib/python3.8/site-packages/airflow/example_dags/example_xcom.py took 0.078 seconds
[2026-04-28T12:55:17.737+0000] {processor.py:161} INFO - Started process (PID=4837) to work on /home/airflow/.local/lib/python3.8/site-packages/airflow/example_dags/example_xcom.py
[2026-04-28T12:55:17.738+0000] {processor.py:830} INFO - Processing file /home/airflow/.local/lib/python3.8/site-packages/airflow/example_dags/example_xcom.py for tasks to queue
[2026-04-28T12:55:17.740+0000] {logging_mixin.py:188} INFO - [2026-04-28T12:55:17.740+0000] {dagbag.py:540} INFO - Filling up the DagBag from /home/airflow/.local/lib/python3.8/site-packages/airflow/example_dags/example_xcom.py
[2026-04-28T12:55:17.749+0000] {processor.py:840} INFO - DAG(s) 'example_xcom' retrieved from /home/airflow/.local/lib/python3.8/site-packages/airflow/example_dags/example_xcom.py
[2026-04-28T12:55:17.772+0000] {logging_mixin.py:188} INFO - [2026-04-28T12:55:17.772+0000] {dag.py:3047} INFO - Sync 1 DAGs
[2026-04-28T12:55:17.795+0000] {logging_mixin.py:188} INFO - [2026-04-28T12:55:17.795+0000] {dag.py:3834} INFO - Setting next_dagrun for example_xcom to 2021-01-01 00:00:00+00:00, run_after=2021-01-01 00:00:00+00:00
[2026-04-28T12:55:17.812+0000] {processor.py:183} INFO - Processing /home/airflow/.local/lib/python3.8/site-packages/airflow/example_dags/example_xcom.py took 0.079 seconds
[2026-04-28T12:55:48.625+0000] {processor.py:161} INFO - Started process (PID=4893) to work on /home/airflow/.local/lib/python3.8/site-packages/airflow/example_dags/example_xcom.py
[2026-04-28T12:55:48.628+0000] {processor.py:830} INFO - Processing file /home/airflow/.local/lib/python3.8/site-packages/airflow/example_dags/example_xcom.py for tasks to queue
[2026-04-28T12:55:48.630+0000] {logging_mixin.py:188} INFO - [2026-04-28T12:55:48.629+0000] {dagbag.py:540} INFO - Filling up the DagBag from /home/airflow/.local/lib/python3.8/site-packages/airflow/example_dags/example_xcom.py
[2026-04-28T12:55:48.645+0000] {processor.py:840} INFO - DAG(s) 'example_xcom' retrieved from /home/airflow/.local/lib/python3.8/site-packages/airflow/example_dags/example_xcom.py
[2026-04-28T12:55:48.694+0000] {logging_mixin.py:188} INFO - [2026-04-28T12:55:48.694+0000] {dag.py:3047} INFO - Sync 1 DAGs
[2026-04-28T12:55:48.735+0000] {logging_mixin.py:188} INFO - [2026-04-28T12:55:48.734+0000] {dag.py:3834} INFO - Setting next_dagrun for example_xcom to 2021-01-01 00:00:00+00:00, run_after=2021-01-01 00:00:00+00:00
[2026-04-28T12:55:48.767+0000] {processor.py:183} INFO - Processing /home/airflow/.local/lib/python3.8/site-packages/airflow/example_dags/example_xcom.py took 0.147 seconds
[2026-04-28T12:56:18.964+0000] {processor.py:161} INFO - Started process (PID=4948) to work on /home/airflow/.local/lib/python3.8/site-packages/airflow/example_dags/example_xcom.py
[2026-04-28T12:56:18.969+0000] {processor.py:830} INFO - Processing file /home/airflow/.local/lib/python3.8/site-packages/airflow/example_dags/example_xcom.py for tasks to queue
[2026-04-28T12:56:18.979+0000] {logging_mixin.py:188} INFO - [2026-04-28T12:56:18.977+0000] {dagbag.py:540} INFO - Filling up the DagBag from /home/airflow/.local/lib/python3.8/site-packages/airflow/example_dags/example_xcom.py
[2026-04-28T12:56:18.993+0000] {processor.py:840} INFO - DAG(s) 'example_xcom' retrieved from /home/airflow/.local/lib/python3.8/site-packages/airflow/example_dags/example_xcom.py
[2026-04-28T12:56:19.021+0000] {logging_mixin.py:188} INFO - [2026-04-28T12:56:19.020+0000] {dag.py:3047} INFO - Sync 1 DAGs
[2026-04-28T12:56:19.043+0000] {logging_mixin.py:188} INFO - [2026-04-28T12:56:19.042+0000] {dag.py:3834} INFO - Setting next_dagrun for example_xcom to 2021-01-01 00:00:00+00:00, run_after=2021-01-01 00:00:00+00:00
[2026-04-28T12:56:19.056+0000] {processor.py:183} INFO - Processing /home/airflow/.local/lib/python3.8/site-packages/airflow/example_dags/example_xcom.py took 0.107 seconds
[2026-04-28T12:56:49.108+0000] {processor.py:161} INFO - Started process (PID=5004) to work on /home/airflow/.local/lib/python3.8/site-packages/airflow/example_dags/example_xcom.py
[2026-04-28T12:56:49.109+0000] {processor.py:830} INFO - Processing file /home/airflow/.local/lib/python3.8/site-packages/airflow/example_dags/example_xcom.py for tasks to queue
[2026-04-28T12:56:49.111+0000] {logging_mixin.py:188} INFO - [2026-04-28T12:56:49.110+0000] {dagbag.py:540} INFO - Filling up the DagBag from /home/airflow/.local/lib/python3.8/site-packages/airflow/example_dags/example_xcom.py
[2026-04-28T12:56:49.119+0000] {processor.py:840} INFO - DAG(s) 'example_xcom' retrieved from /home/airflow/.local/lib/python3.8/site-packages/airflow/example_dags/example_xcom.py
[2026-04-28T12:56:49.142+0000] {logging_mixin.py:188} INFO - [2026-04-28T12:56:49.142+0000] {dag.py:3047} INFO - Sync 1 DAGs
[2026-04-28T12:56:49.165+0000] {logging_mixin.py:188} INFO - [2026-04-28T12:56:49.165+0000] {dag.py:3834} INFO - Setting next_dagrun for example_xcom to 2021-01-01 00:00:00+00:00, run_after=2021-01-01 00:00:00+00:00
[2026-04-28T12:56:49.182+0000] {processor.py:183} INFO - Processing /home/airflow/.local/lib/python3.8/site-packages/airflow/example_dags/example_xcom.py took 0.078 seconds
[2026-04-28T12:57:19.278+0000] {processor.py:161} INFO - Started process (PID=5060) to work on /home/airflow/.local/lib/python3.8/site-packages/airflow/example_dags/example_xcom.py
[2026-04-28T12:57:19.279+0000] {processor.py:830} INFO - Processing file /home/airflow/.local/lib/python3.8/site-packages/airflow/example_dags/example_xcom.py for tasks to queue
[2026-04-28T12:57:19.281+0000] {logging_mixin.py:188} INFO - [2026-04-28T12:57:19.281+0000] {dagbag.py:540} INFO - Filling up the DagBag from /home/airflow/.local/lib/python3.8/site-packages/airflow/example_dags/example_xcom.py
[2026-04-28T12:57:19.290+0000] {processor.py:840} INFO - DAG(s) 'example_xcom' retrieved from /home/airflow/.local/lib/python3.8/site-packages/airflow/example_dags/example_xcom.py
[2026-04-28T12:57:19.313+0000] {logging_mixin.py:188} INFO - [2026-04-28T12:57:19.312+0000] {dag.py:3047} INFO - Sync 1 DAGs
[2026-04-28T12:57:19.336+0000] {logging_mixin.py:188} INFO - [2026-04-28T12:57:19.335+0000] {dag.py:3834} INFO - Setting next_dagrun for example_xcom to 2021-01-01 00:00:00+00:00, run_after=2021-01-01 00:00:00+00:00
[2026-04-28T12:57:19.374+0000] {processor.py:183} INFO - Processing /home/airflow/.local/lib/python3.8/site-packages/airflow/example_dags/example_xcom.py took 0.100 seconds
[2026-04-28T12:57:49.524+0000] {processor.py:161} INFO - Started process (PID=5116) to work on /home/airflow/.local/lib/python3.8/site-packages/airflow/example_dags/example_xcom.py
[2026-04-28T12:57:49.525+0000] {processor.py:830} INFO - Processing file /home/airflow/.local/lib/python3.8/site-packages/airflow/example_dags/example_xcom.py for tasks to queue
[2026-04-28T12:57:49.527+0000] {logging_mixin.py:188} INFO - [2026-04-28T12:57:49.527+0000] {dagbag.py:540} INFO - Filling up the DagBag from /home/airflow/.local/lib/python3.8/site-packages/airflow/example_dags/example_xcom.py
[2026-04-28T12:57:49.536+0000] {processor.py:840} INFO - DAG(s) 'example_xcom' retrieved from /home/airflow/.local/lib/python3.8/site-packages/airflow/example_dags/example_xcom.py
[2026-04-28T12:57:49.559+0000] {logging_mixin.py:188} INFO - [2026-04-28T12:57:49.559+0000] {dag.py:3047} INFO - Sync 1 DAGs
[2026-04-28T12:57:49.583+0000] {logging_mixin.py:188} INFO - [2026-04-28T12:57:49.583+0000] {dag.py:3834} INFO - Setting next_dagrun for example_xcom to 2021-01-01 00:00:00+00:00, run_after=2021-01-01 00:00:00+00:00
[2026-04-28T12:57:49.601+0000] {processor.py:183} INFO - Processing /home/airflow/.local/lib/python3.8/site-packages/airflow/example_dags/example_xcom.py took 0.081 seconds
[2026-04-28T12:58:19.750+0000] {processor.py:161} INFO - Started process (PID=5171) to work on /home/airflow/.local/lib/python3.8/site-packages/airflow/example_dags/example_xcom.py
[2026-04-28T12:58:19.752+0000] {processor.py:830} INFO - Processing file /home/airflow/.local/lib/python3.8/site-packages/airflow/example_dags/example_xcom.py for tasks to queue
[2026-04-28T12:58:19.755+0000] {logging_mixin.py:188} INFO - [2026-04-28T12:58:19.755+0000] {dagbag.py:540} INFO - Filling up the DagBag from /home/airflow/.local/lib/python3.8/site-packages/airflow/example_dags/example_xcom.py
[2026-04-28T12:58:19.774+0000] {processor.py:840} INFO - DAG(s) 'example_xcom' retrieved from /home/airflow/.local/lib/python3.8/site-packages/airflow/example_dags/example_xcom.py
[2026-04-28T12:58:19.804+0000] {logging_mixin.py:188} INFO - [2026-04-28T12:58:19.803+0000] {dag.py:3047} INFO - Sync 1 DAGs
[2026-04-28T12:58:19.855+0000] {logging_mixin.py:188} INFO - [2026-04-28T12:58:19.854+0000] {dag.py:3834} INFO - Setting next_dagrun for example_xcom to 2021-01-01 00:00:00+00:00, run_after=2021-01-01 00:00:00+00:00
[2026-04-28T12:58:19.871+0000] {processor.py:183} INFO - Processing /home/airflow/.local/lib/python3.8/site-packages/airflow/example_dags/example_xcom.py took 0.125 seconds
[2026-04-28T12:58:50.596+0000] {processor.py:161} INFO - Started process (PID=5225) to work on /home/airflow/.local/lib/python3.8/site-packages/airflow/example_dags/example_xcom.py
[2026-04-28T12:58:50.597+0000] {processor.py:830} INFO - Processing file /home/airflow/.local/lib/python3.8/site-packages/airflow/example_dags/example_xcom.py for tasks to queue
[2026-04-28T12:58:50.600+0000] {logging_mixin.py:188} INFO - [2026-04-28T12:58:50.599+0000] {dagbag.py:540} INFO - Filling up the DagBag from /home/airflow/.local/lib/python3.8/site-packages/airflow/example_dags/example_xcom.py
[2026-04-28T12:58:50.609+0000] {processor.py:840} INFO - DAG(s) 'example_xcom' retrieved from /home/airflow/.local/lib/python3.8/site-packages/airflow/example_dags/example_xcom.py
[2026-04-28T12:58:50.636+0000] {logging_mixin.py:188} INFO - [2026-04-28T12:58:50.636+0000] {dag.py:3047} INFO - Sync 1 DAGs
[2026-04-28T12:58:50.666+0000] {logging_mixin.py:188} INFO - [2026-04-28T12:58:50.666+0000] {dag.py:3834} INFO - Setting next_dagrun for example_xcom to 2021-01-01 00:00:00+00:00, run_after=2021-01-01 00:00:00+00:00
[2026-04-28T12:58:50.682+0000] {processor.py:183} INFO - Processing /home/airflow/.local/lib/python3.8/site-packages/airflow/example_dags/example_xcom.py took 0.090 seconds
[2026-04-28T12:59:21.301+0000] {processor.py:161} INFO - Started process (PID=5281) to work on /home/airflow/.local/lib/python3.8/site-packages/airflow/example_dags/example_xcom.py
[2026-04-28T12:59:21.304+0000] {processor.py:830} INFO - Processing file /home/airflow/.local/lib/python3.8/site-packages/airflow/example_dags/example_xcom.py for tasks to queue
[2026-04-28T12:59:21.309+0000] {logging_mixin.py:188} INFO - [2026-04-28T12:59:21.308+0000] {dagbag.py:540} INFO - Filling up the DagBag from /home/airflow/.local/lib/python3.8/site-packages/airflow/example_dags/example_xcom.py
[2026-04-28T12:59:21.330+0000] {processor.py:840} INFO - DAG(s) 'example_xcom' retrieved from /home/airflow/.local/lib/python3.8/site-packages/airflow/example_dags/example_xcom.py
[2026-04-28T12:59:21.387+0000] {logging_mixin.py:188} INFO - [2026-04-28T12:59:21.384+0000] {dag.py:3047} INFO - Sync 1 DAGs
[2026-04-28T12:59:21.436+0000] {logging_mixin.py:188} INFO - [2026-04-28T12:59:21.436+0000] {dag.py:3834} INFO - Setting next_dagrun for example_xcom to 2021-01-01 00:00:00+00:00, run_after=2021-01-01 00:00:00+00:00
[2026-04-28T12:59:21.470+0000] {processor.py:183} INFO - Processing /home/airflow/.local/lib/python3.8/site-packages/airflow/example_dags/example_xcom.py took 0.178 seconds
[2026-04-28T12:59:51.886+0000] {processor.py:161} INFO - Started process (PID=5337) to work on /home/airflow/.local/lib/python3.8/site-packages/airflow/example_dags/example_xcom.py
[2026-04-28T12:59:51.887+0000] {processor.py:830} INFO - Processing file /home/airflow/.local/lib/python3.8/site-packages/airflow/example_dags/example_xcom.py for tasks to queue
[2026-04-28T12:59:51.889+0000] {logging_mixin.py:188} INFO - [2026-04-28T12:59:51.889+0000] {dagbag.py:540} INFO - Filling up the DagBag from /home/airflow/.local/lib/python3.8/site-packages/airflow/example_dags/example_xcom.py
[2026-04-28T12:59:51.898+0000] {processor.py:840} INFO - DAG(s) 'example_xcom' retrieved from /home/airflow/.local/lib/python3.8/site-packages/airflow/example_dags/example_xcom.py
[2026-04-28T12:59:51.934+0000] {logging_mixin.py:188} INFO - [2026-04-28T12:59:51.934+0000] {dag.py:3047} INFO - Sync 1 DAGs
[2026-04-28T12:59:51.960+0000] {logging_mixin.py:188} INFO - [2026-04-28T12:59:51.960+0000] {dag.py:3834} INFO - Setting next_dagrun for example_xcom to 2021-01-01 00:00:00+00:00, run_after=2021-01-01 00:00:00+00:00
[2026-04-28T12:59:51.980+0000] {processor.py:183} INFO - Processing /home/airflow/.local/lib/python3.8/site-packages/airflow/example_dags/example_xcom.py took 0.098 seconds
[2026-04-28T13:00:22.386+0000] {processor.py:161} INFO - Started process (PID=5393) to work on /home/airflow/.local/lib/python3.8/site-packages/airflow/example_dags/example_xcom.py
[2026-04-28T13:00:22.387+0000] {processor.py:830} INFO - Processing file /home/airflow/.local/lib/python3.8/site-packages/airflow/example_dags/example_xcom.py for tasks to queue
[2026-04-28T13:00:22.389+0000] {logging_mixin.py:188} INFO - [2026-04-28T13:00:22.389+0000] {dagbag.py:540} INFO - Filling up the DagBag from /home/airflow/.local/lib/python3.8/site-packages/airflow/example_dags/example_xcom.py
[2026-04-28T13:00:22.398+0000] {processor.py:840} INFO - DAG(s) 'example_xcom' retrieved from /home/airflow/.local/lib/python3.8/site-packages/airflow/example_dags/example_xcom.py
[2026-04-28T13:00:22.421+0000] {logging_mixin.py:188} INFO - [2026-04-28T13:00:22.421+0000] {dag.py:3047} INFO - Sync 1 DAGs
[2026-04-28T13:00:22.444+0000] {logging_mixin.py:188} INFO - [2026-04-28T13:00:22.444+0000] {dag.py:3834} INFO - Setting next_dagrun for example_xcom to 2021-01-01 00:00:00+00:00, run_after=2021-01-01 00:00:00+00:00
[2026-04-28T13:00:22.461+0000] {processor.py:183} INFO - Processing /home/airflow/.local/lib/python3.8/site-packages/airflow/example_dags/example_xcom.py took 0.080 seconds
[2026-04-28T13:00:53.283+0000] {processor.py:161} INFO - Started process (PID=5448) to work on /home/airflow/.local/lib/python3.8/site-packages/airflow/example_dags/example_xcom.py
[2026-04-28T13:00:53.284+0000] {processor.py:830} INFO - Processing file /home/airflow/.local/lib/python3.8/site-packages/airflow/example_dags/example_xcom.py for tasks to queue
[2026-04-28T13:00:53.286+0000] {logging_mixin.py:188} INFO - [2026-04-28T13:00:53.286+0000] {dagbag.py:540} INFO - Filling up the DagBag from /home/airflow/.local/lib/python3.8/site-packages/airflow/example_dags/example_xcom.py
[2026-04-28T13:00:53.295+0000] {processor.py:840} INFO - DAG(s) 'example_xcom' retrieved from /home/airflow/.local/lib/python3.8/site-packages/airflow/example_dags/example_xcom.py
[2026-04-28T13:00:53.318+0000] {logging_mixin.py:188} INFO - [2026-04-28T13:00:53.318+0000] {dag.py:3047} INFO - Sync 1 DAGs
[2026-04-28T13:00:53.342+0000] {logging_mixin.py:188} INFO - [2026-04-28T13:00:53.341+0000] {dag.py:3834} INFO - Setting next_dagrun for example_xcom to 2021-01-01 00:00:00+00:00, run_after=2021-01-01 00:00:00+00:00
[2026-04-28T13:00:53.360+0000] {processor.py:183} INFO - Processing /home/airflow/.local/lib/python3.8/site-packages/airflow/example_dags/example_xcom.py took 0.080 seconds
[2026-04-28T13:01:23.560+0000] {processor.py:161} INFO - Started process (PID=5504) to work on /home/airflow/.local/lib/python3.8/site-packages/airflow/example_dags/example_xcom.py
[2026-04-28T13:01:23.561+0000] {processor.py:830} INFO - Processing file /home/airflow/.local/lib/python3.8/site-packages/airflow/example_dags/example_xcom.py for tasks to queue
[2026-04-28T13:01:23.564+0000] {logging_mixin.py:188} INFO - [2026-04-28T13:01:23.563+0000] {dagbag.py:540} INFO - Filling up the DagBag from /home/airflow/.local/lib/python3.8/site-packages/airflow/example_dags/example_xcom.py
[2026-04-28T13:01:23.573+0000] {processor.py:840} INFO - DAG(s) 'example_xcom' retrieved from /home/airflow/.local/lib/python3.8/site-packages/airflow/example_dags/example_xcom.py
[2026-04-28T13:01:23.595+0000] {logging_mixin.py:188} INFO - [2026-04-28T13:01:23.595+0000] {dag.py:3047} INFO - Sync 1 DAGs
[2026-04-28T13:01:23.618+0000] {logging_mixin.py:188} INFO - [2026-04-28T13:01:23.618+0000] {dag.py:3834} INFO - Setting next_dagrun for example_xcom to 2021-01-01 00:00:00+00:00, run_after=2021-01-01 00:00:00+00:00
[2026-04-28T13:01:23.649+0000] {processor.py:183} INFO - Processing /home/airflow/.local/lib/python3.8/site-packages/airflow/example_dags/example_xcom.py took 0.093 seconds
[2026-04-28T13:01:53.857+0000] {processor.py:161} INFO - Started process (PID=5560) to work on /home/airflow/.local/lib/python3.8/site-packages/airflow/example_dags/example_xcom.py
[2026-04-28T13:01:53.858+0000] {processor.py:830} INFO - Processing file /home/airflow/.local/lib/python3.8/site-packages/airflow/example_dags/example_xcom.py for tasks to queue
[2026-04-28T13:01:53.860+0000] {logging_mixin.py:188} INFO - [2026-04-28T13:01:53.860+0000] {dagbag.py:540} INFO - Filling up the DagBag from /home/airflow/.local/lib/python3.8/site-packages/airflow/example_dags/example_xcom.py
[2026-04-28T13:01:53.869+0000] {processor.py:840} INFO - DAG(s) 'example_xcom' retrieved from /home/airflow/.local/lib/python3.8/site-packages/airflow/example_dags/example_xcom.py
[2026-04-28T13:01:53.890+0000] {logging_mixin.py:188} INFO - [2026-04-28T13:01:53.890+0000] {dag.py:3047} INFO - Sync 1 DAGs
[2026-04-28T13:01:53.914+0000] {logging_mixin.py:188} INFO - [2026-04-28T13:01:53.914+0000] {dag.py:3834} INFO - Setting next_dagrun for example_xcom to 2021-01-01 00:00:00+00:00, run_after=2021-01-01 00:00:00+00:00
[2026-04-28T13:01:53.931+0000] {processor.py:183} INFO - Processing /home/airflow/.local/lib/python3.8/site-packages/airflow/example_dags/example_xcom.py took 0.081 seconds
[2026-04-28T13:02:24.160+0000] {processor.py:161} INFO - Started process (PID=5616) to work on /home/airflow/.local/lib/python3.8/site-packages/airflow/example_dags/example_xcom.py
[2026-04-28T13:02:24.161+0000] {processor.py:830} INFO - Processing file /home/airflow/.local/lib/python3.8/site-packages/airflow/example_dags/example_xcom.py for tasks to queue
[2026-04-28T13:02:24.163+0000] {logging_mixin.py:188} INFO - [2026-04-28T13:02:24.163+0000] {dagbag.py:540} INFO - Filling up the DagBag from /home/airflow/.local/lib/python3.8/site-packages/airflow/example_dags/example_xcom.py
[2026-04-28T13:02:24.172+0000] {processor.py:840} INFO - DAG(s) 'example_xcom' retrieved from /home/airflow/.local/lib/python3.8/site-packages/airflow/example_dags/example_xcom.py
[2026-04-28T13:02:24.193+0000] {logging_mixin.py:188} INFO - [2026-04-28T13:02:24.193+0000] {dag.py:3047} INFO - Sync 1 DAGs
[2026-04-28T13:02:24.217+0000] {logging_mixin.py:188} INFO - [2026-04-28T13:02:24.217+0000] {dag.py:3834} INFO - Setting next_dagrun for example_xcom to 2021-01-01 00:00:00+00:00, run_after=2021-01-01 00:00:00+00:00
[2026-04-28T13:02:24.235+0000] {processor.py:183} INFO - Processing /home/airflow/.local/lib/python3.8/site-packages/airflow/example_dags/example_xcom.py took 0.079 seconds
