[2026-04-28T12:11:49.833+0000] {processor.py:161} INFO - Started process (PID=75) to work on /home/airflow/.local/lib/python3.8/site-packages/airflow/example_dags/example_latest_only_with_trigger.py
[2026-04-28T12:11:49.834+0000] {processor.py:830} INFO - Processing file /home/airflow/.local/lib/python3.8/site-packages/airflow/example_dags/example_latest_only_with_trigger.py for tasks to queue
[2026-04-28T12:11:49.842+0000] {logging_mixin.py:188} INFO - [2026-04-28T12:11:49.840+0000] {dagbag.py:540} INFO - Filling up the DagBag from /home/airflow/.local/lib/python3.8/site-packages/airflow/example_dags/example_latest_only_with_trigger.py
[2026-04-28T12:11:49.880+0000] {processor.py:840} INFO - DAG(s) 'latest_only_with_trigger' retrieved from /home/airflow/.local/lib/python3.8/site-packages/airflow/example_dags/example_latest_only_with_trigger.py
[2026-04-28T12:11:50.290+0000] {logging_mixin.py:188} INFO - [2026-04-28T12:11:50.289+0000] {dag.py:3047} INFO - Sync 1 DAGs
[2026-04-28T12:11:50.357+0000] {logging_mixin.py:188} INFO - [2026-04-28T12:11:50.357+0000] {dag.py:3834} INFO - Setting next_dagrun for latest_only_with_trigger to 2026-04-28 08:00:00+00:00, run_after=2026-04-28 12:00:00+00:00
[2026-04-28T12:11:50.491+0000] {processor.py:183} INFO - Processing /home/airflow/.local/lib/python3.8/site-packages/airflow/example_dags/example_latest_only_with_trigger.py took 0.666 seconds
[2026-04-28T12:12:21.354+0000] {processor.py:161} INFO - Started process (PID=130) to work on /home/airflow/.local/lib/python3.8/site-packages/airflow/example_dags/example_latest_only_with_trigger.py
[2026-04-28T12:12:21.355+0000] {processor.py:830} INFO - Processing file /home/airflow/.local/lib/python3.8/site-packages/airflow/example_dags/example_latest_only_with_trigger.py for tasks to queue
[2026-04-28T12:12:21.357+0000] {logging_mixin.py:188} INFO - [2026-04-28T12:12:21.357+0000] {dagbag.py:540} INFO - Filling up the DagBag from /home/airflow/.local/lib/python3.8/site-packages/airflow/example_dags/example_latest_only_with_trigger.py
[2026-04-28T12:12:21.366+0000] {processor.py:840} INFO - DAG(s) 'latest_only_with_trigger' retrieved from /home/airflow/.local/lib/python3.8/site-packages/airflow/example_dags/example_latest_only_with_trigger.py
[2026-04-28T12:12:21.389+0000] {logging_mixin.py:188} INFO - [2026-04-28T12:12:21.389+0000] {dag.py:3047} INFO - Sync 1 DAGs
[2026-04-28T12:12:21.413+0000] {logging_mixin.py:188} INFO - [2026-04-28T12:12:21.413+0000] {dag.py:3834} INFO - Setting next_dagrun for latest_only_with_trigger to 2026-04-28 08:00:00+00:00, run_after=2026-04-28 12:00:00+00:00
[2026-04-28T12:12:21.432+0000] {processor.py:183} INFO - Processing /home/airflow/.local/lib/python3.8/site-packages/airflow/example_dags/example_latest_only_with_trigger.py took 0.082 seconds
[2026-04-28T12:12:51.571+0000] {processor.py:161} INFO - Started process (PID=185) to work on /home/airflow/.local/lib/python3.8/site-packages/airflow/example_dags/example_latest_only_with_trigger.py
[2026-04-28T12:12:51.573+0000] {processor.py:830} INFO - Processing file /home/airflow/.local/lib/python3.8/site-packages/airflow/example_dags/example_latest_only_with_trigger.py for tasks to queue
[2026-04-28T12:12:51.575+0000] {logging_mixin.py:188} INFO - [2026-04-28T12:12:51.575+0000] {dagbag.py:540} INFO - Filling up the DagBag from /home/airflow/.local/lib/python3.8/site-packages/airflow/example_dags/example_latest_only_with_trigger.py
[2026-04-28T12:12:51.582+0000] {processor.py:840} INFO - DAG(s) 'latest_only_with_trigger' retrieved from /home/airflow/.local/lib/python3.8/site-packages/airflow/example_dags/example_latest_only_with_trigger.py
[2026-04-28T12:12:51.603+0000] {logging_mixin.py:188} INFO - [2026-04-28T12:12:51.603+0000] {dag.py:3047} INFO - Sync 1 DAGs
[2026-04-28T12:12:51.627+0000] {logging_mixin.py:188} INFO - [2026-04-28T12:12:51.626+0000] {dag.py:3834} INFO - Setting next_dagrun for latest_only_with_trigger to 2026-04-28 08:00:00+00:00, run_after=2026-04-28 12:00:00+00:00
[2026-04-28T12:12:51.644+0000] {processor.py:183} INFO - Processing /home/airflow/.local/lib/python3.8/site-packages/airflow/example_dags/example_latest_only_with_trigger.py took 0.078 seconds
[2026-04-28T12:13:22.024+0000] {processor.py:161} INFO - Started process (PID=240) to work on /home/airflow/.local/lib/python3.8/site-packages/airflow/example_dags/example_latest_only_with_trigger.py
[2026-04-28T12:13:22.026+0000] {processor.py:830} INFO - Processing file /home/airflow/.local/lib/python3.8/site-packages/airflow/example_dags/example_latest_only_with_trigger.py for tasks to queue
[2026-04-28T12:13:22.028+0000] {logging_mixin.py:188} INFO - [2026-04-28T12:13:22.027+0000] {dagbag.py:540} INFO - Filling up the DagBag from /home/airflow/.local/lib/python3.8/site-packages/airflow/example_dags/example_latest_only_with_trigger.py
[2026-04-28T12:13:22.035+0000] {processor.py:840} INFO - DAG(s) 'latest_only_with_trigger' retrieved from /home/airflow/.local/lib/python3.8/site-packages/airflow/example_dags/example_latest_only_with_trigger.py
[2026-04-28T12:13:22.057+0000] {logging_mixin.py:188} INFO - [2026-04-28T12:13:22.057+0000] {dag.py:3047} INFO - Sync 1 DAGs
[2026-04-28T12:13:22.084+0000] {logging_mixin.py:188} INFO - [2026-04-28T12:13:22.084+0000] {dag.py:3834} INFO - Setting next_dagrun for latest_only_with_trigger to 2026-04-28 08:00:00+00:00, run_after=2026-04-28 12:00:00+00:00
[2026-04-28T12:13:22.102+0000] {processor.py:183} INFO - Processing /home/airflow/.local/lib/python3.8/site-packages/airflow/example_dags/example_latest_only_with_trigger.py took 0.084 seconds
[2026-04-28T12:13:52.529+0000] {processor.py:161} INFO - Started process (PID=295) to work on /home/airflow/.local/lib/python3.8/site-packages/airflow/example_dags/example_latest_only_with_trigger.py
[2026-04-28T12:13:52.530+0000] {processor.py:830} INFO - Processing file /home/airflow/.local/lib/python3.8/site-packages/airflow/example_dags/example_latest_only_with_trigger.py for tasks to queue
[2026-04-28T12:13:52.532+0000] {logging_mixin.py:188} INFO - [2026-04-28T12:13:52.532+0000] {dagbag.py:540} INFO - Filling up the DagBag from /home/airflow/.local/lib/python3.8/site-packages/airflow/example_dags/example_latest_only_with_trigger.py
[2026-04-28T12:13:52.538+0000] {processor.py:840} INFO - DAG(s) 'latest_only_with_trigger' retrieved from /home/airflow/.local/lib/python3.8/site-packages/airflow/example_dags/example_latest_only_with_trigger.py
[2026-04-28T12:13:52.561+0000] {logging_mixin.py:188} INFO - [2026-04-28T12:13:52.560+0000] {dag.py:3047} INFO - Sync 1 DAGs
[2026-04-28T12:13:52.584+0000] {logging_mixin.py:188} INFO - [2026-04-28T12:13:52.584+0000] {dag.py:3834} INFO - Setting next_dagrun for latest_only_with_trigger to 2026-04-28 08:00:00+00:00, run_after=2026-04-28 12:00:00+00:00
[2026-04-28T12:13:52.602+0000] {processor.py:183} INFO - Processing /home/airflow/.local/lib/python3.8/site-packages/airflow/example_dags/example_latest_only_with_trigger.py took 0.076 seconds
[2026-04-28T12:14:23.065+0000] {processor.py:161} INFO - Started process (PID=350) to work on /home/airflow/.local/lib/python3.8/site-packages/airflow/example_dags/example_latest_only_with_trigger.py
[2026-04-28T12:14:23.066+0000] {processor.py:830} INFO - Processing file /home/airflow/.local/lib/python3.8/site-packages/airflow/example_dags/example_latest_only_with_trigger.py for tasks to queue
[2026-04-28T12:14:23.068+0000] {logging_mixin.py:188} INFO - [2026-04-28T12:14:23.068+0000] {dagbag.py:540} INFO - Filling up the DagBag from /home/airflow/.local/lib/python3.8/site-packages/airflow/example_dags/example_latest_only_with_trigger.py
[2026-04-28T12:14:23.075+0000] {processor.py:840} INFO - DAG(s) 'latest_only_with_trigger' retrieved from /home/airflow/.local/lib/python3.8/site-packages/airflow/example_dags/example_latest_only_with_trigger.py
[2026-04-28T12:14:23.096+0000] {logging_mixin.py:188} INFO - [2026-04-28T12:14:23.096+0000] {dag.py:3047} INFO - Sync 1 DAGs
[2026-04-28T12:14:23.127+0000] {logging_mixin.py:188} INFO - [2026-04-28T12:14:23.126+0000] {dag.py:3834} INFO - Setting next_dagrun for latest_only_with_trigger to 2026-04-28 08:00:00+00:00, run_after=2026-04-28 12:00:00+00:00
[2026-04-28T12:14:23.158+0000] {processor.py:183} INFO - Processing /home/airflow/.local/lib/python3.8/site-packages/airflow/example_dags/example_latest_only_with_trigger.py took 0.099 seconds
[2026-04-28T12:14:53.851+0000] {processor.py:161} INFO - Started process (PID=405) to work on /home/airflow/.local/lib/python3.8/site-packages/airflow/example_dags/example_latest_only_with_trigger.py
[2026-04-28T12:14:53.853+0000] {processor.py:830} INFO - Processing file /home/airflow/.local/lib/python3.8/site-packages/airflow/example_dags/example_latest_only_with_trigger.py for tasks to queue
[2026-04-28T12:14:53.855+0000] {logging_mixin.py:188} INFO - [2026-04-28T12:14:53.855+0000] {dagbag.py:540} INFO - Filling up the DagBag from /home/airflow/.local/lib/python3.8/site-packages/airflow/example_dags/example_latest_only_with_trigger.py
[2026-04-28T12:14:53.862+0000] {processor.py:840} INFO - DAG(s) 'latest_only_with_trigger' retrieved from /home/airflow/.local/lib/python3.8/site-packages/airflow/example_dags/example_latest_only_with_trigger.py
[2026-04-28T12:14:53.884+0000] {logging_mixin.py:188} INFO - [2026-04-28T12:14:53.883+0000] {dag.py:3047} INFO - Sync 1 DAGs
[2026-04-28T12:14:53.910+0000] {logging_mixin.py:188} INFO - [2026-04-28T12:14:53.910+0000] {dag.py:3834} INFO - Setting next_dagrun for latest_only_with_trigger to 2026-04-28 08:00:00+00:00, run_after=2026-04-28 12:00:00+00:00
[2026-04-28T12:14:53.927+0000] {processor.py:183} INFO - Processing /home/airflow/.local/lib/python3.8/site-packages/airflow/example_dags/example_latest_only_with_trigger.py took 0.081 seconds
[2026-04-28T12:15:24.401+0000] {processor.py:161} INFO - Started process (PID=460) to work on /home/airflow/.local/lib/python3.8/site-packages/airflow/example_dags/example_latest_only_with_trigger.py
[2026-04-28T12:15:24.404+0000] {processor.py:830} INFO - Processing file /home/airflow/.local/lib/python3.8/site-packages/airflow/example_dags/example_latest_only_with_trigger.py for tasks to queue
[2026-04-28T12:15:24.409+0000] {logging_mixin.py:188} INFO - [2026-04-28T12:15:24.408+0000] {dagbag.py:540} INFO - Filling up the DagBag from /home/airflow/.local/lib/python3.8/site-packages/airflow/example_dags/example_latest_only_with_trigger.py
[2026-04-28T12:15:24.422+0000] {processor.py:840} INFO - DAG(s) 'latest_only_with_trigger' retrieved from /home/airflow/.local/lib/python3.8/site-packages/airflow/example_dags/example_latest_only_with_trigger.py
[2026-04-28T12:15:24.458+0000] {logging_mixin.py:188} INFO - [2026-04-28T12:15:24.457+0000] {dag.py:3047} INFO - Sync 1 DAGs
[2026-04-28T12:15:24.500+0000] {logging_mixin.py:188} INFO - [2026-04-28T12:15:24.499+0000] {dag.py:3834} INFO - Setting next_dagrun for latest_only_with_trigger to 2026-04-28 08:00:00+00:00, run_after=2026-04-28 12:00:00+00:00
[2026-04-28T12:15:24.515+0000] {processor.py:183} INFO - Processing /home/airflow/.local/lib/python3.8/site-packages/airflow/example_dags/example_latest_only_with_trigger.py took 0.124 seconds
[2026-04-28T12:15:55.000+0000] {processor.py:161} INFO - Started process (PID=514) to work on /home/airflow/.local/lib/python3.8/site-packages/airflow/example_dags/example_latest_only_with_trigger.py
[2026-04-28T12:15:55.001+0000] {processor.py:830} INFO - Processing file /home/airflow/.local/lib/python3.8/site-packages/airflow/example_dags/example_latest_only_with_trigger.py for tasks to queue
[2026-04-28T12:15:55.003+0000] {logging_mixin.py:188} INFO - [2026-04-28T12:15:55.002+0000] {dagbag.py:540} INFO - Filling up the DagBag from /home/airflow/.local/lib/python3.8/site-packages/airflow/example_dags/example_latest_only_with_trigger.py
[2026-04-28T12:15:55.021+0000] {processor.py:840} INFO - DAG(s) 'latest_only_with_trigger' retrieved from /home/airflow/.local/lib/python3.8/site-packages/airflow/example_dags/example_latest_only_with_trigger.py
[2026-04-28T12:15:55.072+0000] {logging_mixin.py:188} INFO - [2026-04-28T12:15:55.072+0000] {dag.py:3047} INFO - Sync 1 DAGs
[2026-04-28T12:15:55.098+0000] {logging_mixin.py:188} INFO - [2026-04-28T12:15:55.098+0000] {dag.py:3834} INFO - Setting next_dagrun for latest_only_with_trigger to 2026-04-28 08:00:00+00:00, run_after=2026-04-28 12:00:00+00:00
[2026-04-28T12:15:55.116+0000] {processor.py:183} INFO - Processing /home/airflow/.local/lib/python3.8/site-packages/airflow/example_dags/example_latest_only_with_trigger.py took 0.120 seconds
[2026-04-28T12:16:25.621+0000] {processor.py:161} INFO - Started process (PID=569) to work on /home/airflow/.local/lib/python3.8/site-packages/airflow/example_dags/example_latest_only_with_trigger.py
[2026-04-28T12:16:25.628+0000] {processor.py:830} INFO - Processing file /home/airflow/.local/lib/python3.8/site-packages/airflow/example_dags/example_latest_only_with_trigger.py for tasks to queue
[2026-04-28T12:16:25.635+0000] {logging_mixin.py:188} INFO - [2026-04-28T12:16:25.634+0000] {dagbag.py:540} INFO - Filling up the DagBag from /home/airflow/.local/lib/python3.8/site-packages/airflow/example_dags/example_latest_only_with_trigger.py
[2026-04-28T12:16:25.668+0000] {processor.py:840} INFO - DAG(s) 'latest_only_with_trigger' retrieved from /home/airflow/.local/lib/python3.8/site-packages/airflow/example_dags/example_latest_only_with_trigger.py
[2026-04-28T12:16:25.815+0000] {logging_mixin.py:188} INFO - [2026-04-28T12:16:25.815+0000] {dag.py:3047} INFO - Sync 1 DAGs
[2026-04-28T12:16:25.902+0000] {logging_mixin.py:188} INFO - [2026-04-28T12:16:25.902+0000] {dag.py:3834} INFO - Setting next_dagrun for latest_only_with_trigger to 2026-04-28 08:00:00+00:00, run_after=2026-04-28 12:00:00+00:00
[2026-04-28T12:16:25.974+0000] {processor.py:183} INFO - Processing /home/airflow/.local/lib/python3.8/site-packages/airflow/example_dags/example_latest_only_with_trigger.py took 0.361 seconds
[2026-04-28T12:16:56.152+0000] {processor.py:161} INFO - Started process (PID=624) to work on /home/airflow/.local/lib/python3.8/site-packages/airflow/example_dags/example_latest_only_with_trigger.py
[2026-04-28T12:16:56.153+0000] {processor.py:830} INFO - Processing file /home/airflow/.local/lib/python3.8/site-packages/airflow/example_dags/example_latest_only_with_trigger.py for tasks to queue
[2026-04-28T12:16:56.155+0000] {logging_mixin.py:188} INFO - [2026-04-28T12:16:56.155+0000] {dagbag.py:540} INFO - Filling up the DagBag from /home/airflow/.local/lib/python3.8/site-packages/airflow/example_dags/example_latest_only_with_trigger.py
[2026-04-28T12:16:56.162+0000] {processor.py:840} INFO - DAG(s) 'latest_only_with_trigger' retrieved from /home/airflow/.local/lib/python3.8/site-packages/airflow/example_dags/example_latest_only_with_trigger.py
[2026-04-28T12:16:56.183+0000] {logging_mixin.py:188} INFO - [2026-04-28T12:16:56.183+0000] {dag.py:3047} INFO - Sync 1 DAGs
[2026-04-28T12:16:56.209+0000] {logging_mixin.py:188} INFO - [2026-04-28T12:16:56.209+0000] {dag.py:3834} INFO - Setting next_dagrun for latest_only_with_trigger to 2026-04-28 08:00:00+00:00, run_after=2026-04-28 12:00:00+00:00
[2026-04-28T12:16:56.227+0000] {processor.py:183} INFO - Processing /home/airflow/.local/lib/python3.8/site-packages/airflow/example_dags/example_latest_only_with_trigger.py took 0.082 seconds
[2026-04-28T12:17:26.406+0000] {processor.py:161} INFO - Started process (PID=679) to work on /home/airflow/.local/lib/python3.8/site-packages/airflow/example_dags/example_latest_only_with_trigger.py
[2026-04-28T12:17:26.407+0000] {processor.py:830} INFO - Processing file /home/airflow/.local/lib/python3.8/site-packages/airflow/example_dags/example_latest_only_with_trigger.py for tasks to queue
[2026-04-28T12:17:26.410+0000] {logging_mixin.py:188} INFO - [2026-04-28T12:17:26.409+0000] {dagbag.py:540} INFO - Filling up the DagBag from /home/airflow/.local/lib/python3.8/site-packages/airflow/example_dags/example_latest_only_with_trigger.py
[2026-04-28T12:17:26.416+0000] {processor.py:840} INFO - DAG(s) 'latest_only_with_trigger' retrieved from /home/airflow/.local/lib/python3.8/site-packages/airflow/example_dags/example_latest_only_with_trigger.py
[2026-04-28T12:17:26.438+0000] {logging_mixin.py:188} INFO - [2026-04-28T12:17:26.438+0000] {dag.py:3047} INFO - Sync 1 DAGs
[2026-04-28T12:17:26.463+0000] {logging_mixin.py:188} INFO - [2026-04-28T12:17:26.463+0000] {dag.py:3834} INFO - Setting next_dagrun for latest_only_with_trigger to 2026-04-28 08:00:00+00:00, run_after=2026-04-28 12:00:00+00:00
[2026-04-28T12:17:26.482+0000] {processor.py:183} INFO - Processing /home/airflow/.local/lib/python3.8/site-packages/airflow/example_dags/example_latest_only_with_trigger.py took 0.080 seconds
[2026-04-28T12:17:56.565+0000] {processor.py:161} INFO - Started process (PID=734) to work on /home/airflow/.local/lib/python3.8/site-packages/airflow/example_dags/example_latest_only_with_trigger.py
[2026-04-28T12:17:56.566+0000] {processor.py:830} INFO - Processing file /home/airflow/.local/lib/python3.8/site-packages/airflow/example_dags/example_latest_only_with_trigger.py for tasks to queue
[2026-04-28T12:17:56.568+0000] {logging_mixin.py:188} INFO - [2026-04-28T12:17:56.568+0000] {dagbag.py:540} INFO - Filling up the DagBag from /home/airflow/.local/lib/python3.8/site-packages/airflow/example_dags/example_latest_only_with_trigger.py
[2026-04-28T12:17:56.575+0000] {processor.py:840} INFO - DAG(s) 'latest_only_with_trigger' retrieved from /home/airflow/.local/lib/python3.8/site-packages/airflow/example_dags/example_latest_only_with_trigger.py
[2026-04-28T12:17:56.596+0000] {logging_mixin.py:188} INFO - [2026-04-28T12:17:56.596+0000] {dag.py:3047} INFO - Sync 1 DAGs
[2026-04-28T12:17:56.621+0000] {logging_mixin.py:188} INFO - [2026-04-28T12:17:56.620+0000] {dag.py:3834} INFO - Setting next_dagrun for latest_only_with_trigger to 2026-04-28 08:00:00+00:00, run_after=2026-04-28 12:00:00+00:00
[2026-04-28T12:17:56.638+0000] {processor.py:183} INFO - Processing /home/airflow/.local/lib/python3.8/site-packages/airflow/example_dags/example_latest_only_with_trigger.py took 0.077 seconds
[2026-04-28T12:18:26.744+0000] {processor.py:161} INFO - Started process (PID=789) to work on /home/airflow/.local/lib/python3.8/site-packages/airflow/example_dags/example_latest_only_with_trigger.py
[2026-04-28T12:18:26.745+0000] {processor.py:830} INFO - Processing file /home/airflow/.local/lib/python3.8/site-packages/airflow/example_dags/example_latest_only_with_trigger.py for tasks to queue
[2026-04-28T12:18:26.747+0000] {logging_mixin.py:188} INFO - [2026-04-28T12:18:26.746+0000] {dagbag.py:540} INFO - Filling up the DagBag from /home/airflow/.local/lib/python3.8/site-packages/airflow/example_dags/example_latest_only_with_trigger.py
[2026-04-28T12:18:26.753+0000] {processor.py:840} INFO - DAG(s) 'latest_only_with_trigger' retrieved from /home/airflow/.local/lib/python3.8/site-packages/airflow/example_dags/example_latest_only_with_trigger.py
[2026-04-28T12:18:26.775+0000] {logging_mixin.py:188} INFO - [2026-04-28T12:18:26.775+0000] {dag.py:3047} INFO - Sync 1 DAGs
[2026-04-28T12:18:26.799+0000] {logging_mixin.py:188} INFO - [2026-04-28T12:18:26.799+0000] {dag.py:3834} INFO - Setting next_dagrun for latest_only_with_trigger to 2026-04-28 08:00:00+00:00, run_after=2026-04-28 12:00:00+00:00
[2026-04-28T12:18:26.817+0000] {processor.py:183} INFO - Processing /home/airflow/.local/lib/python3.8/site-packages/airflow/example_dags/example_latest_only_with_trigger.py took 0.077 seconds
[2026-04-28T12:18:57.275+0000] {processor.py:161} INFO - Started process (PID=844) to work on /home/airflow/.local/lib/python3.8/site-packages/airflow/example_dags/example_latest_only_with_trigger.py
[2026-04-28T12:18:57.276+0000] {processor.py:830} INFO - Processing file /home/airflow/.local/lib/python3.8/site-packages/airflow/example_dags/example_latest_only_with_trigger.py for tasks to queue
[2026-04-28T12:18:57.278+0000] {logging_mixin.py:188} INFO - [2026-04-28T12:18:57.278+0000] {dagbag.py:540} INFO - Filling up the DagBag from /home/airflow/.local/lib/python3.8/site-packages/airflow/example_dags/example_latest_only_with_trigger.py
[2026-04-28T12:18:57.284+0000] {processor.py:840} INFO - DAG(s) 'latest_only_with_trigger' retrieved from /home/airflow/.local/lib/python3.8/site-packages/airflow/example_dags/example_latest_only_with_trigger.py
[2026-04-28T12:18:57.306+0000] {logging_mixin.py:188} INFO - [2026-04-28T12:18:57.306+0000] {dag.py:3047} INFO - Sync 1 DAGs
[2026-04-28T12:18:57.331+0000] {logging_mixin.py:188} INFO - [2026-04-28T12:18:57.331+0000] {dag.py:3834} INFO - Setting next_dagrun for latest_only_with_trigger to 2026-04-28 08:00:00+00:00, run_after=2026-04-28 12:00:00+00:00
[2026-04-28T12:18:57.351+0000] {processor.py:183} INFO - Processing /home/airflow/.local/lib/python3.8/site-packages/airflow/example_dags/example_latest_only_with_trigger.py took 0.080 seconds
[2026-04-28T12:19:27.489+0000] {processor.py:161} INFO - Started process (PID=899) to work on /home/airflow/.local/lib/python3.8/site-packages/airflow/example_dags/example_latest_only_with_trigger.py
[2026-04-28T12:19:27.490+0000] {processor.py:830} INFO - Processing file /home/airflow/.local/lib/python3.8/site-packages/airflow/example_dags/example_latest_only_with_trigger.py for tasks to queue
[2026-04-28T12:19:27.492+0000] {logging_mixin.py:188} INFO - [2026-04-28T12:19:27.492+0000] {dagbag.py:540} INFO - Filling up the DagBag from /home/airflow/.local/lib/python3.8/site-packages/airflow/example_dags/example_latest_only_with_trigger.py
[2026-04-28T12:19:27.499+0000] {processor.py:840} INFO - DAG(s) 'latest_only_with_trigger' retrieved from /home/airflow/.local/lib/python3.8/site-packages/airflow/example_dags/example_latest_only_with_trigger.py
[2026-04-28T12:19:27.524+0000] {logging_mixin.py:188} INFO - [2026-04-28T12:19:27.524+0000] {dag.py:3047} INFO - Sync 1 DAGs
[2026-04-28T12:19:27.548+0000] {logging_mixin.py:188} INFO - [2026-04-28T12:19:27.547+0000] {dag.py:3834} INFO - Setting next_dagrun for latest_only_with_trigger to 2026-04-28 08:00:00+00:00, run_after=2026-04-28 12:00:00+00:00
[2026-04-28T12:19:27.566+0000] {processor.py:183} INFO - Processing /home/airflow/.local/lib/python3.8/site-packages/airflow/example_dags/example_latest_only_with_trigger.py took 0.081 seconds
[2026-04-28T12:19:58.121+0000] {processor.py:161} INFO - Started process (PID=954) to work on /home/airflow/.local/lib/python3.8/site-packages/airflow/example_dags/example_latest_only_with_trigger.py
[2026-04-28T12:19:58.122+0000] {processor.py:830} INFO - Processing file /home/airflow/.local/lib/python3.8/site-packages/airflow/example_dags/example_latest_only_with_trigger.py for tasks to queue
[2026-04-28T12:19:58.124+0000] {logging_mixin.py:188} INFO - [2026-04-28T12:19:58.124+0000] {dagbag.py:540} INFO - Filling up the DagBag from /home/airflow/.local/lib/python3.8/site-packages/airflow/example_dags/example_latest_only_with_trigger.py
[2026-04-28T12:19:58.131+0000] {processor.py:840} INFO - DAG(s) 'latest_only_with_trigger' retrieved from /home/airflow/.local/lib/python3.8/site-packages/airflow/example_dags/example_latest_only_with_trigger.py
[2026-04-28T12:19:58.154+0000] {logging_mixin.py:188} INFO - [2026-04-28T12:19:58.154+0000] {dag.py:3047} INFO - Sync 1 DAGs
[2026-04-28T12:19:58.178+0000] {logging_mixin.py:188} INFO - [2026-04-28T12:19:58.178+0000] {dag.py:3834} INFO - Setting next_dagrun for latest_only_with_trigger to 2026-04-28 08:00:00+00:00, run_after=2026-04-28 12:00:00+00:00
[2026-04-28T12:19:58.198+0000] {processor.py:183} INFO - Processing /home/airflow/.local/lib/python3.8/site-packages/airflow/example_dags/example_latest_only_with_trigger.py took 0.080 seconds
[2026-04-28T12:20:28.367+0000] {processor.py:161} INFO - Started process (PID=1008) to work on /home/airflow/.local/lib/python3.8/site-packages/airflow/example_dags/example_latest_only_with_trigger.py
[2026-04-28T12:20:28.368+0000] {processor.py:830} INFO - Processing file /home/airflow/.local/lib/python3.8/site-packages/airflow/example_dags/example_latest_only_with_trigger.py for tasks to queue
[2026-04-28T12:20:28.370+0000] {logging_mixin.py:188} INFO - [2026-04-28T12:20:28.370+0000] {dagbag.py:540} INFO - Filling up the DagBag from /home/airflow/.local/lib/python3.8/site-packages/airflow/example_dags/example_latest_only_with_trigger.py
[2026-04-28T12:20:28.377+0000] {processor.py:840} INFO - DAG(s) 'latest_only_with_trigger' retrieved from /home/airflow/.local/lib/python3.8/site-packages/airflow/example_dags/example_latest_only_with_trigger.py
[2026-04-28T12:20:28.399+0000] {logging_mixin.py:188} INFO - [2026-04-28T12:20:28.399+0000] {dag.py:3047} INFO - Sync 1 DAGs
[2026-04-28T12:20:28.422+0000] {logging_mixin.py:188} INFO - [2026-04-28T12:20:28.421+0000] {dag.py:3834} INFO - Setting next_dagrun for latest_only_with_trigger to 2026-04-28 08:00:00+00:00, run_after=2026-04-28 12:00:00+00:00
[2026-04-28T12:20:28.439+0000] {processor.py:183} INFO - Processing /home/airflow/.local/lib/python3.8/site-packages/airflow/example_dags/example_latest_only_with_trigger.py took 0.076 seconds
[2026-04-28T12:20:58.949+0000] {processor.py:161} INFO - Started process (PID=1063) to work on /home/airflow/.local/lib/python3.8/site-packages/airflow/example_dags/example_latest_only_with_trigger.py
[2026-04-28T12:20:58.950+0000] {processor.py:830} INFO - Processing file /home/airflow/.local/lib/python3.8/site-packages/airflow/example_dags/example_latest_only_with_trigger.py for tasks to queue
[2026-04-28T12:20:58.952+0000] {logging_mixin.py:188} INFO - [2026-04-28T12:20:58.952+0000] {dagbag.py:540} INFO - Filling up the DagBag from /home/airflow/.local/lib/python3.8/site-packages/airflow/example_dags/example_latest_only_with_trigger.py
[2026-04-28T12:20:58.962+0000] {processor.py:840} INFO - DAG(s) 'latest_only_with_trigger' retrieved from /home/airflow/.local/lib/python3.8/site-packages/airflow/example_dags/example_latest_only_with_trigger.py
[2026-04-28T12:20:58.987+0000] {logging_mixin.py:188} INFO - [2026-04-28T12:20:58.987+0000] {dag.py:3047} INFO - Sync 1 DAGs
[2026-04-28T12:20:59.011+0000] {logging_mixin.py:188} INFO - [2026-04-28T12:20:59.010+0000] {dag.py:3834} INFO - Setting next_dagrun for latest_only_with_trigger to 2026-04-28 08:00:00+00:00, run_after=2026-04-28 12:00:00+00:00
[2026-04-28T12:20:59.028+0000] {processor.py:183} INFO - Processing /home/airflow/.local/lib/python3.8/site-packages/airflow/example_dags/example_latest_only_with_trigger.py took 0.083 seconds
[2026-04-28T12:21:29.218+0000] {processor.py:161} INFO - Started process (PID=1118) to work on /home/airflow/.local/lib/python3.8/site-packages/airflow/example_dags/example_latest_only_with_trigger.py
[2026-04-28T12:21:29.219+0000] {processor.py:830} INFO - Processing file /home/airflow/.local/lib/python3.8/site-packages/airflow/example_dags/example_latest_only_with_trigger.py for tasks to queue
[2026-04-28T12:21:29.221+0000] {logging_mixin.py:188} INFO - [2026-04-28T12:21:29.220+0000] {dagbag.py:540} INFO - Filling up the DagBag from /home/airflow/.local/lib/python3.8/site-packages/airflow/example_dags/example_latest_only_with_trigger.py
[2026-04-28T12:21:29.235+0000] {processor.py:840} INFO - DAG(s) 'latest_only_with_trigger' retrieved from /home/airflow/.local/lib/python3.8/site-packages/airflow/example_dags/example_latest_only_with_trigger.py
[2026-04-28T12:21:29.262+0000] {logging_mixin.py:188} INFO - [2026-04-28T12:21:29.262+0000] {dag.py:3047} INFO - Sync 1 DAGs
[2026-04-28T12:21:29.286+0000] {logging_mixin.py:188} INFO - [2026-04-28T12:21:29.286+0000] {dag.py:3834} INFO - Setting next_dagrun for latest_only_with_trigger to 2026-04-28 08:00:00+00:00, run_after=2026-04-28 12:00:00+00:00
[2026-04-28T12:21:29.302+0000] {processor.py:183} INFO - Processing /home/airflow/.local/lib/python3.8/site-packages/airflow/example_dags/example_latest_only_with_trigger.py took 0.088 seconds
[2026-04-28T12:21:59.893+0000] {processor.py:161} INFO - Started process (PID=1173) to work on /home/airflow/.local/lib/python3.8/site-packages/airflow/example_dags/example_latest_only_with_trigger.py
[2026-04-28T12:21:59.894+0000] {processor.py:830} INFO - Processing file /home/airflow/.local/lib/python3.8/site-packages/airflow/example_dags/example_latest_only_with_trigger.py for tasks to queue
[2026-04-28T12:21:59.896+0000] {logging_mixin.py:188} INFO - [2026-04-28T12:21:59.896+0000] {dagbag.py:540} INFO - Filling up the DagBag from /home/airflow/.local/lib/python3.8/site-packages/airflow/example_dags/example_latest_only_with_trigger.py
[2026-04-28T12:21:59.910+0000] {processor.py:840} INFO - DAG(s) 'latest_only_with_trigger' retrieved from /home/airflow/.local/lib/python3.8/site-packages/airflow/example_dags/example_latest_only_with_trigger.py
[2026-04-28T12:21:59.947+0000] {logging_mixin.py:188} INFO - [2026-04-28T12:21:59.946+0000] {dag.py:3047} INFO - Sync 1 DAGs
[2026-04-28T12:21:59.977+0000] {logging_mixin.py:188} INFO - [2026-04-28T12:21:59.977+0000] {dag.py:3834} INFO - Setting next_dagrun for latest_only_with_trigger to 2026-04-28 08:00:00+00:00, run_after=2026-04-28 12:00:00+00:00
[2026-04-28T12:22:00.011+0000] {processor.py:183} INFO - Processing /home/airflow/.local/lib/python3.8/site-packages/airflow/example_dags/example_latest_only_with_trigger.py took 0.122 seconds
[2026-04-28T12:22:30.119+0000] {processor.py:161} INFO - Started process (PID=1228) to work on /home/airflow/.local/lib/python3.8/site-packages/airflow/example_dags/example_latest_only_with_trigger.py
[2026-04-28T12:22:30.120+0000] {processor.py:830} INFO - Processing file /home/airflow/.local/lib/python3.8/site-packages/airflow/example_dags/example_latest_only_with_trigger.py for tasks to queue
[2026-04-28T12:22:30.122+0000] {logging_mixin.py:188} INFO - [2026-04-28T12:22:30.121+0000] {dagbag.py:540} INFO - Filling up the DagBag from /home/airflow/.local/lib/python3.8/site-packages/airflow/example_dags/example_latest_only_with_trigger.py
[2026-04-28T12:22:30.128+0000] {processor.py:840} INFO - DAG(s) 'latest_only_with_trigger' retrieved from /home/airflow/.local/lib/python3.8/site-packages/airflow/example_dags/example_latest_only_with_trigger.py
[2026-04-28T12:22:30.149+0000] {logging_mixin.py:188} INFO - [2026-04-28T12:22:30.149+0000] {dag.py:3047} INFO - Sync 1 DAGs
[2026-04-28T12:22:30.173+0000] {logging_mixin.py:188} INFO - [2026-04-28T12:22:30.173+0000] {dag.py:3834} INFO - Setting next_dagrun for latest_only_with_trigger to 2026-04-28 08:00:00+00:00, run_after=2026-04-28 12:00:00+00:00
[2026-04-28T12:22:30.216+0000] {processor.py:183} INFO - Processing /home/airflow/.local/lib/python3.8/site-packages/airflow/example_dags/example_latest_only_with_trigger.py took 0.101 seconds
[2026-04-28T12:23:00.805+0000] {processor.py:161} INFO - Started process (PID=1283) to work on /home/airflow/.local/lib/python3.8/site-packages/airflow/example_dags/example_latest_only_with_trigger.py
[2026-04-28T12:23:00.806+0000] {processor.py:830} INFO - Processing file /home/airflow/.local/lib/python3.8/site-packages/airflow/example_dags/example_latest_only_with_trigger.py for tasks to queue
[2026-04-28T12:23:00.808+0000] {logging_mixin.py:188} INFO - [2026-04-28T12:23:00.807+0000] {dagbag.py:540} INFO - Filling up the DagBag from /home/airflow/.local/lib/python3.8/site-packages/airflow/example_dags/example_latest_only_with_trigger.py
[2026-04-28T12:23:00.814+0000] {processor.py:840} INFO - DAG(s) 'latest_only_with_trigger' retrieved from /home/airflow/.local/lib/python3.8/site-packages/airflow/example_dags/example_latest_only_with_trigger.py
[2026-04-28T12:23:00.837+0000] {logging_mixin.py:188} INFO - [2026-04-28T12:23:00.837+0000] {dag.py:3047} INFO - Sync 1 DAGs
[2026-04-28T12:23:00.862+0000] {logging_mixin.py:188} INFO - [2026-04-28T12:23:00.862+0000] {dag.py:3834} INFO - Setting next_dagrun for latest_only_with_trigger to 2026-04-28 08:00:00+00:00, run_after=2026-04-28 12:00:00+00:00
[2026-04-28T12:23:00.880+0000] {processor.py:183} INFO - Processing /home/airflow/.local/lib/python3.8/site-packages/airflow/example_dags/example_latest_only_with_trigger.py took 0.079 seconds
[2026-04-28T12:23:30.932+0000] {processor.py:161} INFO - Started process (PID=1338) to work on /home/airflow/.local/lib/python3.8/site-packages/airflow/example_dags/example_latest_only_with_trigger.py
[2026-04-28T12:23:30.933+0000] {processor.py:830} INFO - Processing file /home/airflow/.local/lib/python3.8/site-packages/airflow/example_dags/example_latest_only_with_trigger.py for tasks to queue
[2026-04-28T12:23:30.935+0000] {logging_mixin.py:188} INFO - [2026-04-28T12:23:30.934+0000] {dagbag.py:540} INFO - Filling up the DagBag from /home/airflow/.local/lib/python3.8/site-packages/airflow/example_dags/example_latest_only_with_trigger.py
[2026-04-28T12:23:30.941+0000] {processor.py:840} INFO - DAG(s) 'latest_only_with_trigger' retrieved from /home/airflow/.local/lib/python3.8/site-packages/airflow/example_dags/example_latest_only_with_trigger.py
[2026-04-28T12:23:30.992+0000] {logging_mixin.py:188} INFO - [2026-04-28T12:23:30.992+0000] {dag.py:3047} INFO - Sync 1 DAGs
[2026-04-28T12:23:31.033+0000] {logging_mixin.py:188} INFO - [2026-04-28T12:23:31.032+0000] {dag.py:3834} INFO - Setting next_dagrun for latest_only_with_trigger to 2026-04-28 08:00:00+00:00, run_after=2026-04-28 12:00:00+00:00
[2026-04-28T12:23:31.054+0000] {processor.py:183} INFO - Processing /home/airflow/.local/lib/python3.8/site-packages/airflow/example_dags/example_latest_only_with_trigger.py took 0.126 seconds
[2026-04-28T12:24:01.880+0000] {processor.py:161} INFO - Started process (PID=1393) to work on /home/airflow/.local/lib/python3.8/site-packages/airflow/example_dags/example_latest_only_with_trigger.py
[2026-04-28T12:24:01.881+0000] {processor.py:830} INFO - Processing file /home/airflow/.local/lib/python3.8/site-packages/airflow/example_dags/example_latest_only_with_trigger.py for tasks to queue
[2026-04-28T12:24:01.883+0000] {logging_mixin.py:188} INFO - [2026-04-28T12:24:01.883+0000] {dagbag.py:540} INFO - Filling up the DagBag from /home/airflow/.local/lib/python3.8/site-packages/airflow/example_dags/example_latest_only_with_trigger.py
[2026-04-28T12:24:01.889+0000] {processor.py:840} INFO - DAG(s) 'latest_only_with_trigger' retrieved from /home/airflow/.local/lib/python3.8/site-packages/airflow/example_dags/example_latest_only_with_trigger.py
[2026-04-28T12:24:01.947+0000] {logging_mixin.py:188} INFO - [2026-04-28T12:24:01.947+0000] {dag.py:3047} INFO - Sync 1 DAGs
[2026-04-28T12:24:01.980+0000] {logging_mixin.py:188} INFO - [2026-04-28T12:24:01.980+0000] {dag.py:3834} INFO - Setting next_dagrun for latest_only_with_trigger to 2026-04-28 08:00:00+00:00, run_after=2026-04-28 12:00:00+00:00
[2026-04-28T12:24:01.997+0000] {processor.py:183} INFO - Processing /home/airflow/.local/lib/python3.8/site-packages/airflow/example_dags/example_latest_only_with_trigger.py took 0.121 seconds
[2026-04-28T12:24:32.620+0000] {processor.py:161} INFO - Started process (PID=1454) to work on /home/airflow/.local/lib/python3.8/site-packages/airflow/example_dags/example_latest_only_with_trigger.py
[2026-04-28T12:24:32.621+0000] {processor.py:830} INFO - Processing file /home/airflow/.local/lib/python3.8/site-packages/airflow/example_dags/example_latest_only_with_trigger.py for tasks to queue
[2026-04-28T12:24:32.623+0000] {logging_mixin.py:188} INFO - [2026-04-28T12:24:32.623+0000] {dagbag.py:540} INFO - Filling up the DagBag from /home/airflow/.local/lib/python3.8/site-packages/airflow/example_dags/example_latest_only_with_trigger.py
[2026-04-28T12:24:32.630+0000] {processor.py:840} INFO - DAG(s) 'latest_only_with_trigger' retrieved from /home/airflow/.local/lib/python3.8/site-packages/airflow/example_dags/example_latest_only_with_trigger.py
[2026-04-28T12:24:32.677+0000] {logging_mixin.py:188} INFO - [2026-04-28T12:24:32.677+0000] {dag.py:3047} INFO - Sync 1 DAGs
[2026-04-28T12:24:32.732+0000] {logging_mixin.py:188} INFO - [2026-04-28T12:24:32.732+0000] {dag.py:3834} INFO - Setting next_dagrun for latest_only_with_trigger to 2026-04-28 08:00:00+00:00, run_after=2026-04-28 12:00:00+00:00
[2026-04-28T12:24:32.773+0000] {processor.py:183} INFO - Processing /home/airflow/.local/lib/python3.8/site-packages/airflow/example_dags/example_latest_only_with_trigger.py took 0.156 seconds
[2026-04-28T12:25:03.668+0000] {processor.py:161} INFO - Started process (PID=1509) to work on /home/airflow/.local/lib/python3.8/site-packages/airflow/example_dags/example_latest_only_with_trigger.py
[2026-04-28T12:25:03.669+0000] {processor.py:830} INFO - Processing file /home/airflow/.local/lib/python3.8/site-packages/airflow/example_dags/example_latest_only_with_trigger.py for tasks to queue
[2026-04-28T12:25:03.671+0000] {logging_mixin.py:188} INFO - [2026-04-28T12:25:03.671+0000] {dagbag.py:540} INFO - Filling up the DagBag from /home/airflow/.local/lib/python3.8/site-packages/airflow/example_dags/example_latest_only_with_trigger.py
[2026-04-28T12:25:03.678+0000] {processor.py:840} INFO - DAG(s) 'latest_only_with_trigger' retrieved from /home/airflow/.local/lib/python3.8/site-packages/airflow/example_dags/example_latest_only_with_trigger.py
[2026-04-28T12:25:03.701+0000] {logging_mixin.py:188} INFO - [2026-04-28T12:25:03.701+0000] {dag.py:3047} INFO - Sync 1 DAGs
[2026-04-28T12:25:03.771+0000] {logging_mixin.py:188} INFO - [2026-04-28T12:25:03.771+0000] {dag.py:3834} INFO - Setting next_dagrun for latest_only_with_trigger to 2026-04-28 08:00:00+00:00, run_after=2026-04-28 12:00:00+00:00
[2026-04-28T12:25:03.790+0000] {processor.py:183} INFO - Processing /home/airflow/.local/lib/python3.8/site-packages/airflow/example_dags/example_latest_only_with_trigger.py took 0.125 seconds
[2026-04-28T12:25:33.953+0000] {processor.py:161} INFO - Started process (PID=1564) to work on /home/airflow/.local/lib/python3.8/site-packages/airflow/example_dags/example_latest_only_with_trigger.py
[2026-04-28T12:25:33.954+0000] {processor.py:830} INFO - Processing file /home/airflow/.local/lib/python3.8/site-packages/airflow/example_dags/example_latest_only_with_trigger.py for tasks to queue
[2026-04-28T12:25:33.956+0000] {logging_mixin.py:188} INFO - [2026-04-28T12:25:33.956+0000] {dagbag.py:540} INFO - Filling up the DagBag from /home/airflow/.local/lib/python3.8/site-packages/airflow/example_dags/example_latest_only_with_trigger.py
[2026-04-28T12:25:33.963+0000] {processor.py:840} INFO - DAG(s) 'latest_only_with_trigger' retrieved from /home/airflow/.local/lib/python3.8/site-packages/airflow/example_dags/example_latest_only_with_trigger.py
[2026-04-28T12:25:33.985+0000] {logging_mixin.py:188} INFO - [2026-04-28T12:25:33.985+0000] {dag.py:3047} INFO - Sync 1 DAGs
[2026-04-28T12:25:34.012+0000] {logging_mixin.py:188} INFO - [2026-04-28T12:25:34.012+0000] {dag.py:3834} INFO - Setting next_dagrun for latest_only_with_trigger to 2026-04-28 08:00:00+00:00, run_after=2026-04-28 12:00:00+00:00
[2026-04-28T12:25:34.034+0000] {processor.py:183} INFO - Processing /home/airflow/.local/lib/python3.8/site-packages/airflow/example_dags/example_latest_only_with_trigger.py took 0.085 seconds
[2026-04-28T12:26:04.098+0000] {processor.py:161} INFO - Started process (PID=1619) to work on /home/airflow/.local/lib/python3.8/site-packages/airflow/example_dags/example_latest_only_with_trigger.py
[2026-04-28T12:26:04.099+0000] {processor.py:830} INFO - Processing file /home/airflow/.local/lib/python3.8/site-packages/airflow/example_dags/example_latest_only_with_trigger.py for tasks to queue
[2026-04-28T12:26:04.103+0000] {logging_mixin.py:188} INFO - [2026-04-28T12:26:04.103+0000] {dagbag.py:540} INFO - Filling up the DagBag from /home/airflow/.local/lib/python3.8/site-packages/airflow/example_dags/example_latest_only_with_trigger.py
[2026-04-28T12:26:04.115+0000] {processor.py:840} INFO - DAG(s) 'latest_only_with_trigger' retrieved from /home/airflow/.local/lib/python3.8/site-packages/airflow/example_dags/example_latest_only_with_trigger.py
[2026-04-28T12:26:04.165+0000] {logging_mixin.py:188} INFO - [2026-04-28T12:26:04.164+0000] {dag.py:3047} INFO - Sync 1 DAGs
[2026-04-28T12:26:04.217+0000] {logging_mixin.py:188} INFO - [2026-04-28T12:26:04.217+0000] {dag.py:3834} INFO - Setting next_dagrun for latest_only_with_trigger to 2026-04-28 08:00:00+00:00, run_after=2026-04-28 12:00:00+00:00
[2026-04-28T12:26:04.260+0000] {processor.py:183} INFO - Processing /home/airflow/.local/lib/python3.8/site-packages/airflow/example_dags/example_latest_only_with_trigger.py took 0.172 seconds
[2026-04-28T12:26:34.888+0000] {processor.py:161} INFO - Started process (PID=1674) to work on /home/airflow/.local/lib/python3.8/site-packages/airflow/example_dags/example_latest_only_with_trigger.py
[2026-04-28T12:26:34.889+0000] {processor.py:830} INFO - Processing file /home/airflow/.local/lib/python3.8/site-packages/airflow/example_dags/example_latest_only_with_trigger.py for tasks to queue
[2026-04-28T12:26:34.891+0000] {logging_mixin.py:188} INFO - [2026-04-28T12:26:34.890+0000] {dagbag.py:540} INFO - Filling up the DagBag from /home/airflow/.local/lib/python3.8/site-packages/airflow/example_dags/example_latest_only_with_trigger.py
[2026-04-28T12:26:34.897+0000] {processor.py:840} INFO - DAG(s) 'latest_only_with_trigger' retrieved from /home/airflow/.local/lib/python3.8/site-packages/airflow/example_dags/example_latest_only_with_trigger.py
[2026-04-28T12:26:34.920+0000] {logging_mixin.py:188} INFO - [2026-04-28T12:26:34.920+0000] {dag.py:3047} INFO - Sync 1 DAGs
[2026-04-28T12:26:34.946+0000] {logging_mixin.py:188} INFO - [2026-04-28T12:26:34.946+0000] {dag.py:3834} INFO - Setting next_dagrun for latest_only_with_trigger to 2026-04-28 08:00:00+00:00, run_after=2026-04-28 12:00:00+00:00
[2026-04-28T12:26:34.973+0000] {processor.py:183} INFO - Processing /home/airflow/.local/lib/python3.8/site-packages/airflow/example_dags/example_latest_only_with_trigger.py took 0.090 seconds
[2026-04-28T12:27:05.791+0000] {processor.py:161} INFO - Started process (PID=1730) to work on /home/airflow/.local/lib/python3.8/site-packages/airflow/example_dags/example_latest_only_with_trigger.py
[2026-04-28T12:27:05.792+0000] {processor.py:830} INFO - Processing file /home/airflow/.local/lib/python3.8/site-packages/airflow/example_dags/example_latest_only_with_trigger.py for tasks to queue
[2026-04-28T12:27:05.794+0000] {logging_mixin.py:188} INFO - [2026-04-28T12:27:05.793+0000] {dagbag.py:540} INFO - Filling up the DagBag from /home/airflow/.local/lib/python3.8/site-packages/airflow/example_dags/example_latest_only_with_trigger.py
[2026-04-28T12:27:05.800+0000] {processor.py:840} INFO - DAG(s) 'latest_only_with_trigger' retrieved from /home/airflow/.local/lib/python3.8/site-packages/airflow/example_dags/example_latest_only_with_trigger.py
[2026-04-28T12:27:05.823+0000] {logging_mixin.py:188} INFO - [2026-04-28T12:27:05.822+0000] {dag.py:3047} INFO - Sync 1 DAGs
[2026-04-28T12:27:05.850+0000] {logging_mixin.py:188} INFO - [2026-04-28T12:27:05.849+0000] {dag.py:3834} INFO - Setting next_dagrun for latest_only_with_trigger to 2026-04-28 08:00:00+00:00, run_after=2026-04-28 12:00:00+00:00
[2026-04-28T12:27:05.868+0000] {processor.py:183} INFO - Processing /home/airflow/.local/lib/python3.8/site-packages/airflow/example_dags/example_latest_only_with_trigger.py took 0.081 seconds
[2026-04-28T12:27:36.198+0000] {processor.py:161} INFO - Started process (PID=1785) to work on /home/airflow/.local/lib/python3.8/site-packages/airflow/example_dags/example_latest_only_with_trigger.py
[2026-04-28T12:27:36.199+0000] {processor.py:830} INFO - Processing file /home/airflow/.local/lib/python3.8/site-packages/airflow/example_dags/example_latest_only_with_trigger.py for tasks to queue
[2026-04-28T12:27:36.201+0000] {logging_mixin.py:188} INFO - [2026-04-28T12:27:36.200+0000] {dagbag.py:540} INFO - Filling up the DagBag from /home/airflow/.local/lib/python3.8/site-packages/airflow/example_dags/example_latest_only_with_trigger.py
[2026-04-28T12:27:36.207+0000] {processor.py:840} INFO - DAG(s) 'latest_only_with_trigger' retrieved from /home/airflow/.local/lib/python3.8/site-packages/airflow/example_dags/example_latest_only_with_trigger.py
[2026-04-28T12:27:36.229+0000] {logging_mixin.py:188} INFO - [2026-04-28T12:27:36.229+0000] {dag.py:3047} INFO - Sync 1 DAGs
[2026-04-28T12:27:36.253+0000] {logging_mixin.py:188} INFO - [2026-04-28T12:27:36.253+0000] {dag.py:3834} INFO - Setting next_dagrun for latest_only_with_trigger to 2026-04-28 08:00:00+00:00, run_after=2026-04-28 12:00:00+00:00
[2026-04-28T12:27:36.271+0000] {processor.py:183} INFO - Processing /home/airflow/.local/lib/python3.8/site-packages/airflow/example_dags/example_latest_only_with_trigger.py took 0.077 seconds
[2026-04-28T12:28:06.294+0000] {processor.py:161} INFO - Started process (PID=1840) to work on /home/airflow/.local/lib/python3.8/site-packages/airflow/example_dags/example_latest_only_with_trigger.py
[2026-04-28T12:28:06.295+0000] {processor.py:830} INFO - Processing file /home/airflow/.local/lib/python3.8/site-packages/airflow/example_dags/example_latest_only_with_trigger.py for tasks to queue
[2026-04-28T12:28:06.296+0000] {logging_mixin.py:188} INFO - [2026-04-28T12:28:06.296+0000] {dagbag.py:540} INFO - Filling up the DagBag from /home/airflow/.local/lib/python3.8/site-packages/airflow/example_dags/example_latest_only_with_trigger.py
[2026-04-28T12:28:06.301+0000] {processor.py:840} INFO - DAG(s) 'latest_only_with_trigger' retrieved from /home/airflow/.local/lib/python3.8/site-packages/airflow/example_dags/example_latest_only_with_trigger.py
[2026-04-28T12:28:06.318+0000] {logging_mixin.py:188} INFO - [2026-04-28T12:28:06.318+0000] {dag.py:3047} INFO - Sync 1 DAGs
[2026-04-28T12:28:06.334+0000] {logging_mixin.py:188} INFO - [2026-04-28T12:28:06.334+0000] {dag.py:3834} INFO - Setting next_dagrun for latest_only_with_trigger to 2026-04-28 08:00:00+00:00, run_after=2026-04-28 12:00:00+00:00
[2026-04-28T12:28:06.347+0000] {processor.py:183} INFO - Processing /home/airflow/.local/lib/python3.8/site-packages/airflow/example_dags/example_latest_only_with_trigger.py took 0.057 seconds
[2026-04-28T12:28:37.199+0000] {processor.py:161} INFO - Started process (PID=1897) to work on /home/airflow/.local/lib/python3.8/site-packages/airflow/example_dags/example_latest_only_with_trigger.py
[2026-04-28T12:28:37.200+0000] {processor.py:830} INFO - Processing file /home/airflow/.local/lib/python3.8/site-packages/airflow/example_dags/example_latest_only_with_trigger.py for tasks to queue
[2026-04-28T12:28:37.202+0000] {logging_mixin.py:188} INFO - [2026-04-28T12:28:37.201+0000] {dagbag.py:540} INFO - Filling up the DagBag from /home/airflow/.local/lib/python3.8/site-packages/airflow/example_dags/example_latest_only_with_trigger.py
[2026-04-28T12:28:37.208+0000] {processor.py:840} INFO - DAG(s) 'latest_only_with_trigger' retrieved from /home/airflow/.local/lib/python3.8/site-packages/airflow/example_dags/example_latest_only_with_trigger.py
[2026-04-28T12:28:37.230+0000] {logging_mixin.py:188} INFO - [2026-04-28T12:28:37.230+0000] {dag.py:3047} INFO - Sync 1 DAGs
[2026-04-28T12:28:37.254+0000] {logging_mixin.py:188} INFO - [2026-04-28T12:28:37.254+0000] {dag.py:3834} INFO - Setting next_dagrun for latest_only_with_trigger to 2026-04-28 08:00:00+00:00, run_after=2026-04-28 12:00:00+00:00
[2026-04-28T12:28:37.271+0000] {processor.py:183} INFO - Processing /home/airflow/.local/lib/python3.8/site-packages/airflow/example_dags/example_latest_only_with_trigger.py took 0.076 seconds
[2026-04-28T12:29:07.863+0000] {processor.py:161} INFO - Started process (PID=1953) to work on /home/airflow/.local/lib/python3.8/site-packages/airflow/example_dags/example_latest_only_with_trigger.py
[2026-04-28T12:29:07.864+0000] {processor.py:830} INFO - Processing file /home/airflow/.local/lib/python3.8/site-packages/airflow/example_dags/example_latest_only_with_trigger.py for tasks to queue
[2026-04-28T12:29:07.866+0000] {logging_mixin.py:188} INFO - [2026-04-28T12:29:07.866+0000] {dagbag.py:540} INFO - Filling up the DagBag from /home/airflow/.local/lib/python3.8/site-packages/airflow/example_dags/example_latest_only_with_trigger.py
[2026-04-28T12:29:07.873+0000] {processor.py:840} INFO - DAG(s) 'latest_only_with_trigger' retrieved from /home/airflow/.local/lib/python3.8/site-packages/airflow/example_dags/example_latest_only_with_trigger.py
[2026-04-28T12:29:07.895+0000] {logging_mixin.py:188} INFO - [2026-04-28T12:29:07.895+0000] {dag.py:3047} INFO - Sync 1 DAGs
[2026-04-28T12:29:07.931+0000] {logging_mixin.py:188} INFO - [2026-04-28T12:29:07.931+0000] {dag.py:3834} INFO - Setting next_dagrun for latest_only_with_trigger to 2026-04-28 08:00:00+00:00, run_after=2026-04-28 12:00:00+00:00
[2026-04-28T12:29:07.948+0000] {processor.py:183} INFO - Processing /home/airflow/.local/lib/python3.8/site-packages/airflow/example_dags/example_latest_only_with_trigger.py took 0.090 seconds
[2026-04-28T12:29:38.040+0000] {processor.py:161} INFO - Started process (PID=2009) to work on /home/airflow/.local/lib/python3.8/site-packages/airflow/example_dags/example_latest_only_with_trigger.py
[2026-04-28T12:29:38.041+0000] {processor.py:830} INFO - Processing file /home/airflow/.local/lib/python3.8/site-packages/airflow/example_dags/example_latest_only_with_trigger.py for tasks to queue
[2026-04-28T12:29:38.043+0000] {logging_mixin.py:188} INFO - [2026-04-28T12:29:38.043+0000] {dagbag.py:540} INFO - Filling up the DagBag from /home/airflow/.local/lib/python3.8/site-packages/airflow/example_dags/example_latest_only_with_trigger.py
[2026-04-28T12:29:38.050+0000] {processor.py:840} INFO - DAG(s) 'latest_only_with_trigger' retrieved from /home/airflow/.local/lib/python3.8/site-packages/airflow/example_dags/example_latest_only_with_trigger.py
[2026-04-28T12:29:38.072+0000] {logging_mixin.py:188} INFO - [2026-04-28T12:29:38.072+0000] {dag.py:3047} INFO - Sync 1 DAGs
[2026-04-28T12:29:38.259+0000] {logging_mixin.py:188} INFO - [2026-04-28T12:29:38.259+0000] {dag.py:3834} INFO - Setting next_dagrun for latest_only_with_trigger to 2026-04-28 08:00:00+00:00, run_after=2026-04-28 12:00:00+00:00
[2026-04-28T12:29:38.276+0000] {processor.py:183} INFO - Processing /home/airflow/.local/lib/python3.8/site-packages/airflow/example_dags/example_latest_only_with_trigger.py took 0.239 seconds
[2026-04-28T12:30:08.949+0000] {processor.py:161} INFO - Started process (PID=2065) to work on /home/airflow/.local/lib/python3.8/site-packages/airflow/example_dags/example_latest_only_with_trigger.py
[2026-04-28T12:30:08.950+0000] {processor.py:830} INFO - Processing file /home/airflow/.local/lib/python3.8/site-packages/airflow/example_dags/example_latest_only_with_trigger.py for tasks to queue
[2026-04-28T12:30:08.952+0000] {logging_mixin.py:188} INFO - [2026-04-28T12:30:08.951+0000] {dagbag.py:540} INFO - Filling up the DagBag from /home/airflow/.local/lib/python3.8/site-packages/airflow/example_dags/example_latest_only_with_trigger.py
[2026-04-28T12:30:08.958+0000] {processor.py:840} INFO - DAG(s) 'latest_only_with_trigger' retrieved from /home/airflow/.local/lib/python3.8/site-packages/airflow/example_dags/example_latest_only_with_trigger.py
[2026-04-28T12:30:09.023+0000] {logging_mixin.py:188} INFO - [2026-04-28T12:30:09.021+0000] {dag.py:3047} INFO - Sync 1 DAGs
[2026-04-28T12:30:09.220+0000] {logging_mixin.py:188} INFO - [2026-04-28T12:30:09.220+0000] {dag.py:3834} INFO - Setting next_dagrun for latest_only_with_trigger to 2026-04-28 08:00:00+00:00, run_after=2026-04-28 12:00:00+00:00
[2026-04-28T12:30:09.236+0000] {processor.py:183} INFO - Processing /home/airflow/.local/lib/python3.8/site-packages/airflow/example_dags/example_latest_only_with_trigger.py took 0.291 seconds
[2026-04-28T12:30:39.583+0000] {processor.py:161} INFO - Started process (PID=2121) to work on /home/airflow/.local/lib/python3.8/site-packages/airflow/example_dags/example_latest_only_with_trigger.py
[2026-04-28T12:30:39.584+0000] {processor.py:830} INFO - Processing file /home/airflow/.local/lib/python3.8/site-packages/airflow/example_dags/example_latest_only_with_trigger.py for tasks to queue
[2026-04-28T12:30:39.586+0000] {logging_mixin.py:188} INFO - [2026-04-28T12:30:39.585+0000] {dagbag.py:540} INFO - Filling up the DagBag from /home/airflow/.local/lib/python3.8/site-packages/airflow/example_dags/example_latest_only_with_trigger.py
[2026-04-28T12:30:39.590+0000] {processor.py:840} INFO - DAG(s) 'latest_only_with_trigger' retrieved from /home/airflow/.local/lib/python3.8/site-packages/airflow/example_dags/example_latest_only_with_trigger.py
[2026-04-28T12:30:39.610+0000] {logging_mixin.py:188} INFO - [2026-04-28T12:30:39.610+0000] {dag.py:3047} INFO - Sync 1 DAGs
[2026-04-28T12:30:39.741+0000] {logging_mixin.py:188} INFO - [2026-04-28T12:30:39.741+0000] {dag.py:3834} INFO - Setting next_dagrun for latest_only_with_trigger to 2026-04-28 08:00:00+00:00, run_after=2026-04-28 12:00:00+00:00
[2026-04-28T12:30:39.754+0000] {processor.py:183} INFO - Processing /home/airflow/.local/lib/python3.8/site-packages/airflow/example_dags/example_latest_only_with_trigger.py took 0.174 seconds
[2026-04-28T12:31:10.145+0000] {processor.py:161} INFO - Started process (PID=2177) to work on /home/airflow/.local/lib/python3.8/site-packages/airflow/example_dags/example_latest_only_with_trigger.py
[2026-04-28T12:31:10.146+0000] {processor.py:830} INFO - Processing file /home/airflow/.local/lib/python3.8/site-packages/airflow/example_dags/example_latest_only_with_trigger.py for tasks to queue
[2026-04-28T12:31:10.148+0000] {logging_mixin.py:188} INFO - [2026-04-28T12:31:10.147+0000] {dagbag.py:540} INFO - Filling up the DagBag from /home/airflow/.local/lib/python3.8/site-packages/airflow/example_dags/example_latest_only_with_trigger.py
[2026-04-28T12:31:10.162+0000] {processor.py:840} INFO - DAG(s) 'latest_only_with_trigger' retrieved from /home/airflow/.local/lib/python3.8/site-packages/airflow/example_dags/example_latest_only_with_trigger.py
[2026-04-28T12:31:10.188+0000] {logging_mixin.py:188} INFO - [2026-04-28T12:31:10.188+0000] {dag.py:3047} INFO - Sync 1 DAGs
[2026-04-28T12:31:10.412+0000] {logging_mixin.py:188} INFO - [2026-04-28T12:31:10.412+0000] {dag.py:3834} INFO - Setting next_dagrun for latest_only_with_trigger to 2026-04-28 08:00:00+00:00, run_after=2026-04-28 12:00:00+00:00
[2026-04-28T12:31:10.428+0000] {processor.py:183} INFO - Processing /home/airflow/.local/lib/python3.8/site-packages/airflow/example_dags/example_latest_only_with_trigger.py took 0.287 seconds
[2026-04-28T12:31:41.171+0000] {processor.py:161} INFO - Started process (PID=2232) to work on /home/airflow/.local/lib/python3.8/site-packages/airflow/example_dags/example_latest_only_with_trigger.py
[2026-04-28T12:31:41.172+0000] {processor.py:830} INFO - Processing file /home/airflow/.local/lib/python3.8/site-packages/airflow/example_dags/example_latest_only_with_trigger.py for tasks to queue
[2026-04-28T12:31:41.174+0000] {logging_mixin.py:188} INFO - [2026-04-28T12:31:41.174+0000] {dagbag.py:540} INFO - Filling up the DagBag from /home/airflow/.local/lib/python3.8/site-packages/airflow/example_dags/example_latest_only_with_trigger.py
[2026-04-28T12:31:41.180+0000] {processor.py:840} INFO - DAG(s) 'latest_only_with_trigger' retrieved from /home/airflow/.local/lib/python3.8/site-packages/airflow/example_dags/example_latest_only_with_trigger.py
[2026-04-28T12:31:41.207+0000] {logging_mixin.py:188} INFO - [2026-04-28T12:31:41.207+0000] {dag.py:3047} INFO - Sync 1 DAGs
[2026-04-28T12:31:41.232+0000] {logging_mixin.py:188} INFO - [2026-04-28T12:31:41.232+0000] {dag.py:3834} INFO - Setting next_dagrun for latest_only_with_trigger to 2026-04-28 08:00:00+00:00, run_after=2026-04-28 12:00:00+00:00
[2026-04-28T12:31:41.252+0000] {processor.py:183} INFO - Processing /home/airflow/.local/lib/python3.8/site-packages/airflow/example_dags/example_latest_only_with_trigger.py took 0.085 seconds
[2026-04-28T12:32:11.849+0000] {processor.py:161} INFO - Started process (PID=2288) to work on /home/airflow/.local/lib/python3.8/site-packages/airflow/example_dags/example_latest_only_with_trigger.py
[2026-04-28T12:32:11.850+0000] {processor.py:830} INFO - Processing file /home/airflow/.local/lib/python3.8/site-packages/airflow/example_dags/example_latest_only_with_trigger.py for tasks to queue
[2026-04-28T12:32:11.852+0000] {logging_mixin.py:188} INFO - [2026-04-28T12:32:11.852+0000] {dagbag.py:540} INFO - Filling up the DagBag from /home/airflow/.local/lib/python3.8/site-packages/airflow/example_dags/example_latest_only_with_trigger.py
[2026-04-28T12:32:11.859+0000] {processor.py:840} INFO - DAG(s) 'latest_only_with_trigger' retrieved from /home/airflow/.local/lib/python3.8/site-packages/airflow/example_dags/example_latest_only_with_trigger.py
[2026-04-28T12:32:11.882+0000] {logging_mixin.py:188} INFO - [2026-04-28T12:32:11.882+0000] {dag.py:3047} INFO - Sync 1 DAGs
[2026-04-28T12:32:11.912+0000] {logging_mixin.py:188} INFO - [2026-04-28T12:32:11.912+0000] {dag.py:3834} INFO - Setting next_dagrun for latest_only_with_trigger to 2026-04-28 08:00:00+00:00, run_after=2026-04-28 12:00:00+00:00
[2026-04-28T12:32:11.947+0000] {processor.py:183} INFO - Processing /home/airflow/.local/lib/python3.8/site-packages/airflow/example_dags/example_latest_only_with_trigger.py took 0.102 seconds
[2026-04-28T12:32:42.677+0000] {processor.py:161} INFO - Started process (PID=2346) to work on /home/airflow/.local/lib/python3.8/site-packages/airflow/example_dags/example_latest_only_with_trigger.py
[2026-04-28T12:32:42.678+0000] {processor.py:830} INFO - Processing file /home/airflow/.local/lib/python3.8/site-packages/airflow/example_dags/example_latest_only_with_trigger.py for tasks to queue
[2026-04-28T12:32:42.680+0000] {logging_mixin.py:188} INFO - [2026-04-28T12:32:42.680+0000] {dagbag.py:540} INFO - Filling up the DagBag from /home/airflow/.local/lib/python3.8/site-packages/airflow/example_dags/example_latest_only_with_trigger.py
[2026-04-28T12:32:42.687+0000] {processor.py:840} INFO - DAG(s) 'latest_only_with_trigger' retrieved from /home/airflow/.local/lib/python3.8/site-packages/airflow/example_dags/example_latest_only_with_trigger.py
[2026-04-28T12:32:42.709+0000] {logging_mixin.py:188} INFO - [2026-04-28T12:32:42.708+0000] {dag.py:3047} INFO - Sync 1 DAGs
[2026-04-28T12:32:42.733+0000] {logging_mixin.py:188} INFO - [2026-04-28T12:32:42.732+0000] {dag.py:3834} INFO - Setting next_dagrun for latest_only_with_trigger to 2026-04-28 08:00:00+00:00, run_after=2026-04-28 12:00:00+00:00
[2026-04-28T12:32:42.749+0000] {processor.py:183} INFO - Processing /home/airflow/.local/lib/python3.8/site-packages/airflow/example_dags/example_latest_only_with_trigger.py took 0.079 seconds
[2026-04-28T12:33:12.974+0000] {processor.py:161} INFO - Started process (PID=2402) to work on /home/airflow/.local/lib/python3.8/site-packages/airflow/example_dags/example_latest_only_with_trigger.py
[2026-04-28T12:33:12.975+0000] {processor.py:830} INFO - Processing file /home/airflow/.local/lib/python3.8/site-packages/airflow/example_dags/example_latest_only_with_trigger.py for tasks to queue
[2026-04-28T12:33:12.977+0000] {logging_mixin.py:188} INFO - [2026-04-28T12:33:12.976+0000] {dagbag.py:540} INFO - Filling up the DagBag from /home/airflow/.local/lib/python3.8/site-packages/airflow/example_dags/example_latest_only_with_trigger.py
[2026-04-28T12:33:12.983+0000] {processor.py:840} INFO - DAG(s) 'latest_only_with_trigger' retrieved from /home/airflow/.local/lib/python3.8/site-packages/airflow/example_dags/example_latest_only_with_trigger.py
[2026-04-28T12:33:13.007+0000] {logging_mixin.py:188} INFO - [2026-04-28T12:33:13.007+0000] {dag.py:3047} INFO - Sync 1 DAGs
[2026-04-28T12:33:13.031+0000] {logging_mixin.py:188} INFO - [2026-04-28T12:33:13.031+0000] {dag.py:3834} INFO - Setting next_dagrun for latest_only_with_trigger to 2026-04-28 08:00:00+00:00, run_after=2026-04-28 12:00:00+00:00
[2026-04-28T12:33:13.048+0000] {processor.py:183} INFO - Processing /home/airflow/.local/lib/python3.8/site-packages/airflow/example_dags/example_latest_only_with_trigger.py took 0.078 seconds
[2026-04-28T12:33:43.975+0000] {processor.py:161} INFO - Started process (PID=2458) to work on /home/airflow/.local/lib/python3.8/site-packages/airflow/example_dags/example_latest_only_with_trigger.py
[2026-04-28T12:33:43.978+0000] {processor.py:830} INFO - Processing file /home/airflow/.local/lib/python3.8/site-packages/airflow/example_dags/example_latest_only_with_trigger.py for tasks to queue
[2026-04-28T12:33:43.983+0000] {logging_mixin.py:188} INFO - [2026-04-28T12:33:43.982+0000] {dagbag.py:540} INFO - Filling up the DagBag from /home/airflow/.local/lib/python3.8/site-packages/airflow/example_dags/example_latest_only_with_trigger.py
[2026-04-28T12:33:43.992+0000] {processor.py:840} INFO - DAG(s) 'latest_only_with_trigger' retrieved from /home/airflow/.local/lib/python3.8/site-packages/airflow/example_dags/example_latest_only_with_trigger.py
[2026-04-28T12:33:44.077+0000] {logging_mixin.py:188} INFO - [2026-04-28T12:33:44.077+0000] {dag.py:3047} INFO - Sync 1 DAGs
[2026-04-28T12:33:44.124+0000] {logging_mixin.py:188} INFO - [2026-04-28T12:33:44.124+0000] {dag.py:3834} INFO - Setting next_dagrun for latest_only_with_trigger to 2026-04-28 08:00:00+00:00, run_after=2026-04-28 12:00:00+00:00
[2026-04-28T12:33:44.152+0000] {processor.py:183} INFO - Processing /home/airflow/.local/lib/python3.8/site-packages/airflow/example_dags/example_latest_only_with_trigger.py took 0.185 seconds
[2026-04-28T12:34:14.700+0000] {processor.py:161} INFO - Started process (PID=2514) to work on /home/airflow/.local/lib/python3.8/site-packages/airflow/example_dags/example_latest_only_with_trigger.py
[2026-04-28T12:34:14.709+0000] {processor.py:830} INFO - Processing file /home/airflow/.local/lib/python3.8/site-packages/airflow/example_dags/example_latest_only_with_trigger.py for tasks to queue
[2026-04-28T12:34:14.714+0000] {logging_mixin.py:188} INFO - [2026-04-28T12:34:14.713+0000] {dagbag.py:540} INFO - Filling up the DagBag from /home/airflow/.local/lib/python3.8/site-packages/airflow/example_dags/example_latest_only_with_trigger.py
[2026-04-28T12:34:14.728+0000] {processor.py:840} INFO - DAG(s) 'latest_only_with_trigger' retrieved from /home/airflow/.local/lib/python3.8/site-packages/airflow/example_dags/example_latest_only_with_trigger.py
[2026-04-28T12:34:14.793+0000] {logging_mixin.py:188} INFO - [2026-04-28T12:34:14.793+0000] {dag.py:3047} INFO - Sync 1 DAGs
[2026-04-28T12:34:14.870+0000] {logging_mixin.py:188} INFO - [2026-04-28T12:34:14.869+0000] {dag.py:3834} INFO - Setting next_dagrun for latest_only_with_trigger to 2026-04-28 08:00:00+00:00, run_after=2026-04-28 12:00:00+00:00
[2026-04-28T12:34:14.929+0000] {processor.py:183} INFO - Processing /home/airflow/.local/lib/python3.8/site-packages/airflow/example_dags/example_latest_only_with_trigger.py took 0.256 seconds
[2026-04-28T12:34:45.066+0000] {processor.py:161} INFO - Started process (PID=2570) to work on /home/airflow/.local/lib/python3.8/site-packages/airflow/example_dags/example_latest_only_with_trigger.py
[2026-04-28T12:34:45.073+0000] {processor.py:830} INFO - Processing file /home/airflow/.local/lib/python3.8/site-packages/airflow/example_dags/example_latest_only_with_trigger.py for tasks to queue
[2026-04-28T12:34:45.079+0000] {logging_mixin.py:188} INFO - [2026-04-28T12:34:45.078+0000] {dagbag.py:540} INFO - Filling up the DagBag from /home/airflow/.local/lib/python3.8/site-packages/airflow/example_dags/example_latest_only_with_trigger.py
[2026-04-28T12:34:45.113+0000] {processor.py:840} INFO - DAG(s) 'latest_only_with_trigger' retrieved from /home/airflow/.local/lib/python3.8/site-packages/airflow/example_dags/example_latest_only_with_trigger.py
[2026-04-28T12:34:45.235+0000] {logging_mixin.py:188} INFO - [2026-04-28T12:34:45.234+0000] {dag.py:3047} INFO - Sync 1 DAGs
[2026-04-28T12:34:45.323+0000] {logging_mixin.py:188} INFO - [2026-04-28T12:34:45.323+0000] {dag.py:3834} INFO - Setting next_dagrun for latest_only_with_trigger to 2026-04-28 08:00:00+00:00, run_after=2026-04-28 12:00:00+00:00
[2026-04-28T12:34:45.357+0000] {processor.py:183} INFO - Processing /home/airflow/.local/lib/python3.8/site-packages/airflow/example_dags/example_latest_only_with_trigger.py took 0.310 seconds
[2026-04-28T12:35:15.702+0000] {processor.py:161} INFO - Started process (PID=2626) to work on /home/airflow/.local/lib/python3.8/site-packages/airflow/example_dags/example_latest_only_with_trigger.py
[2026-04-28T12:35:15.706+0000] {processor.py:830} INFO - Processing file /home/airflow/.local/lib/python3.8/site-packages/airflow/example_dags/example_latest_only_with_trigger.py for tasks to queue
[2026-04-28T12:35:15.711+0000] {logging_mixin.py:188} INFO - [2026-04-28T12:35:15.710+0000] {dagbag.py:540} INFO - Filling up the DagBag from /home/airflow/.local/lib/python3.8/site-packages/airflow/example_dags/example_latest_only_with_trigger.py
[2026-04-28T12:35:15.726+0000] {processor.py:840} INFO - DAG(s) 'latest_only_with_trigger' retrieved from /home/airflow/.local/lib/python3.8/site-packages/airflow/example_dags/example_latest_only_with_trigger.py
[2026-04-28T12:35:15.755+0000] {logging_mixin.py:188} INFO - [2026-04-28T12:35:15.754+0000] {dag.py:3047} INFO - Sync 1 DAGs
[2026-04-28T12:35:15.783+0000] {logging_mixin.py:188} INFO - [2026-04-28T12:35:15.783+0000] {dag.py:3834} INFO - Setting next_dagrun for latest_only_with_trigger to 2026-04-28 08:00:00+00:00, run_after=2026-04-28 12:00:00+00:00
[2026-04-28T12:35:15.801+0000] {processor.py:183} INFO - Processing /home/airflow/.local/lib/python3.8/site-packages/airflow/example_dags/example_latest_only_with_trigger.py took 0.102 seconds
[2026-04-28T12:35:46.330+0000] {processor.py:161} INFO - Started process (PID=2681) to work on /home/airflow/.local/lib/python3.8/site-packages/airflow/example_dags/example_latest_only_with_trigger.py
[2026-04-28T12:35:46.331+0000] {processor.py:830} INFO - Processing file /home/airflow/.local/lib/python3.8/site-packages/airflow/example_dags/example_latest_only_with_trigger.py for tasks to queue
[2026-04-28T12:35:46.333+0000] {logging_mixin.py:188} INFO - [2026-04-28T12:35:46.332+0000] {dagbag.py:540} INFO - Filling up the DagBag from /home/airflow/.local/lib/python3.8/site-packages/airflow/example_dags/example_latest_only_with_trigger.py
[2026-04-28T12:35:46.340+0000] {processor.py:840} INFO - DAG(s) 'latest_only_with_trigger' retrieved from /home/airflow/.local/lib/python3.8/site-packages/airflow/example_dags/example_latest_only_with_trigger.py
[2026-04-28T12:35:46.364+0000] {logging_mixin.py:188} INFO - [2026-04-28T12:35:46.363+0000] {dag.py:3047} INFO - Sync 1 DAGs
[2026-04-28T12:35:46.405+0000] {logging_mixin.py:188} INFO - [2026-04-28T12:35:46.405+0000] {dag.py:3834} INFO - Setting next_dagrun for latest_only_with_trigger to 2026-04-28 08:00:00+00:00, run_after=2026-04-28 12:00:00+00:00
[2026-04-28T12:35:46.444+0000] {processor.py:183} INFO - Processing /home/airflow/.local/lib/python3.8/site-packages/airflow/example_dags/example_latest_only_with_trigger.py took 0.118 seconds
[2026-04-28T12:36:16.690+0000] {processor.py:161} INFO - Started process (PID=2737) to work on /home/airflow/.local/lib/python3.8/site-packages/airflow/example_dags/example_latest_only_with_trigger.py
[2026-04-28T12:36:16.691+0000] {processor.py:830} INFO - Processing file /home/airflow/.local/lib/python3.8/site-packages/airflow/example_dags/example_latest_only_with_trigger.py for tasks to queue
[2026-04-28T12:36:16.694+0000] {logging_mixin.py:188} INFO - [2026-04-28T12:36:16.693+0000] {dagbag.py:540} INFO - Filling up the DagBag from /home/airflow/.local/lib/python3.8/site-packages/airflow/example_dags/example_latest_only_with_trigger.py
[2026-04-28T12:36:16.700+0000] {processor.py:840} INFO - DAG(s) 'latest_only_with_trigger' retrieved from /home/airflow/.local/lib/python3.8/site-packages/airflow/example_dags/example_latest_only_with_trigger.py
[2026-04-28T12:36:16.724+0000] {logging_mixin.py:188} INFO - [2026-04-28T12:36:16.723+0000] {dag.py:3047} INFO - Sync 1 DAGs
[2026-04-28T12:36:16.752+0000] {logging_mixin.py:188} INFO - [2026-04-28T12:36:16.752+0000] {dag.py:3834} INFO - Setting next_dagrun for latest_only_with_trigger to 2026-04-28 08:00:00+00:00, run_after=2026-04-28 12:00:00+00:00
[2026-04-28T12:36:16.779+0000] {processor.py:183} INFO - Processing /home/airflow/.local/lib/python3.8/site-packages/airflow/example_dags/example_latest_only_with_trigger.py took 0.092 seconds
[2026-04-28T12:36:47.385+0000] {processor.py:161} INFO - Started process (PID=2793) to work on /home/airflow/.local/lib/python3.8/site-packages/airflow/example_dags/example_latest_only_with_trigger.py
[2026-04-28T12:36:47.386+0000] {processor.py:830} INFO - Processing file /home/airflow/.local/lib/python3.8/site-packages/airflow/example_dags/example_latest_only_with_trigger.py for tasks to queue
[2026-04-28T12:36:47.388+0000] {logging_mixin.py:188} INFO - [2026-04-28T12:36:47.388+0000] {dagbag.py:540} INFO - Filling up the DagBag from /home/airflow/.local/lib/python3.8/site-packages/airflow/example_dags/example_latest_only_with_trigger.py
[2026-04-28T12:36:47.395+0000] {processor.py:840} INFO - DAG(s) 'latest_only_with_trigger' retrieved from /home/airflow/.local/lib/python3.8/site-packages/airflow/example_dags/example_latest_only_with_trigger.py
[2026-04-28T12:36:47.421+0000] {logging_mixin.py:188} INFO - [2026-04-28T12:36:47.421+0000] {dag.py:3047} INFO - Sync 1 DAGs
[2026-04-28T12:36:47.446+0000] {logging_mixin.py:188} INFO - [2026-04-28T12:36:47.445+0000] {dag.py:3834} INFO - Setting next_dagrun for latest_only_with_trigger to 2026-04-28 08:00:00+00:00, run_after=2026-04-28 12:00:00+00:00
[2026-04-28T12:36:47.497+0000] {processor.py:183} INFO - Processing /home/airflow/.local/lib/python3.8/site-packages/airflow/example_dags/example_latest_only_with_trigger.py took 0.115 seconds
[2026-04-28T12:37:17.888+0000] {processor.py:161} INFO - Started process (PID=2849) to work on /home/airflow/.local/lib/python3.8/site-packages/airflow/example_dags/example_latest_only_with_trigger.py
[2026-04-28T12:37:17.890+0000] {processor.py:830} INFO - Processing file /home/airflow/.local/lib/python3.8/site-packages/airflow/example_dags/example_latest_only_with_trigger.py for tasks to queue
[2026-04-28T12:37:17.892+0000] {logging_mixin.py:188} INFO - [2026-04-28T12:37:17.892+0000] {dagbag.py:540} INFO - Filling up the DagBag from /home/airflow/.local/lib/python3.8/site-packages/airflow/example_dags/example_latest_only_with_trigger.py
[2026-04-28T12:37:17.899+0000] {processor.py:840} INFO - DAG(s) 'latest_only_with_trigger' retrieved from /home/airflow/.local/lib/python3.8/site-packages/airflow/example_dags/example_latest_only_with_trigger.py
[2026-04-28T12:37:17.924+0000] {logging_mixin.py:188} INFO - [2026-04-28T12:37:17.924+0000] {dag.py:3047} INFO - Sync 1 DAGs
[2026-04-28T12:37:17.949+0000] {logging_mixin.py:188} INFO - [2026-04-28T12:37:17.949+0000] {dag.py:3834} INFO - Setting next_dagrun for latest_only_with_trigger to 2026-04-28 08:00:00+00:00, run_after=2026-04-28 12:00:00+00:00
[2026-04-28T12:37:17.965+0000] {processor.py:183} INFO - Processing /home/airflow/.local/lib/python3.8/site-packages/airflow/example_dags/example_latest_only_with_trigger.py took 0.084 seconds
[2026-04-28T12:37:48.792+0000] {processor.py:161} INFO - Started process (PID=2905) to work on /home/airflow/.local/lib/python3.8/site-packages/airflow/example_dags/example_latest_only_with_trigger.py
[2026-04-28T12:37:48.793+0000] {processor.py:830} INFO - Processing file /home/airflow/.local/lib/python3.8/site-packages/airflow/example_dags/example_latest_only_with_trigger.py for tasks to queue
[2026-04-28T12:37:48.795+0000] {logging_mixin.py:188} INFO - [2026-04-28T12:37:48.795+0000] {dagbag.py:540} INFO - Filling up the DagBag from /home/airflow/.local/lib/python3.8/site-packages/airflow/example_dags/example_latest_only_with_trigger.py
[2026-04-28T12:37:48.802+0000] {processor.py:840} INFO - DAG(s) 'latest_only_with_trigger' retrieved from /home/airflow/.local/lib/python3.8/site-packages/airflow/example_dags/example_latest_only_with_trigger.py
[2026-04-28T12:37:48.831+0000] {logging_mixin.py:188} INFO - [2026-04-28T12:37:48.831+0000] {dag.py:3047} INFO - Sync 1 DAGs
[2026-04-28T12:37:48.856+0000] {logging_mixin.py:188} INFO - [2026-04-28T12:37:48.856+0000] {dag.py:3834} INFO - Setting next_dagrun for latest_only_with_trigger to 2026-04-28 08:00:00+00:00, run_after=2026-04-28 12:00:00+00:00
[2026-04-28T12:37:48.873+0000] {processor.py:183} INFO - Processing /home/airflow/.local/lib/python3.8/site-packages/airflow/example_dags/example_latest_only_with_trigger.py took 0.084 seconds
[2026-04-28T12:38:19.463+0000] {processor.py:161} INFO - Started process (PID=2961) to work on /home/airflow/.local/lib/python3.8/site-packages/airflow/example_dags/example_latest_only_with_trigger.py
[2026-04-28T12:38:19.464+0000] {processor.py:830} INFO - Processing file /home/airflow/.local/lib/python3.8/site-packages/airflow/example_dags/example_latest_only_with_trigger.py for tasks to queue
[2026-04-28T12:38:19.467+0000] {logging_mixin.py:188} INFO - [2026-04-28T12:38:19.467+0000] {dagbag.py:540} INFO - Filling up the DagBag from /home/airflow/.local/lib/python3.8/site-packages/airflow/example_dags/example_latest_only_with_trigger.py
[2026-04-28T12:38:19.481+0000] {processor.py:840} INFO - DAG(s) 'latest_only_with_trigger' retrieved from /home/airflow/.local/lib/python3.8/site-packages/airflow/example_dags/example_latest_only_with_trigger.py
[2026-04-28T12:38:19.503+0000] {logging_mixin.py:188} INFO - [2026-04-28T12:38:19.503+0000] {dag.py:3047} INFO - Sync 1 DAGs
[2026-04-28T12:38:19.526+0000] {logging_mixin.py:188} INFO - [2026-04-28T12:38:19.526+0000] {dag.py:3834} INFO - Setting next_dagrun for latest_only_with_trigger to 2026-04-28 08:00:00+00:00, run_after=2026-04-28 12:00:00+00:00
[2026-04-28T12:38:19.543+0000] {processor.py:183} INFO - Processing /home/airflow/.local/lib/python3.8/site-packages/airflow/example_dags/example_latest_only_with_trigger.py took 0.083 seconds
[2026-04-28T12:38:50.058+0000] {processor.py:161} INFO - Started process (PID=3017) to work on /home/airflow/.local/lib/python3.8/site-packages/airflow/example_dags/example_latest_only_with_trigger.py
[2026-04-28T12:38:50.060+0000] {processor.py:830} INFO - Processing file /home/airflow/.local/lib/python3.8/site-packages/airflow/example_dags/example_latest_only_with_trigger.py for tasks to queue
[2026-04-28T12:38:50.062+0000] {logging_mixin.py:188} INFO - [2026-04-28T12:38:50.061+0000] {dagbag.py:540} INFO - Filling up the DagBag from /home/airflow/.local/lib/python3.8/site-packages/airflow/example_dags/example_latest_only_with_trigger.py
[2026-04-28T12:38:50.068+0000] {processor.py:840} INFO - DAG(s) 'latest_only_with_trigger' retrieved from /home/airflow/.local/lib/python3.8/site-packages/airflow/example_dags/example_latest_only_with_trigger.py
[2026-04-28T12:38:50.095+0000] {logging_mixin.py:188} INFO - [2026-04-28T12:38:50.095+0000] {dag.py:3047} INFO - Sync 1 DAGs
[2026-04-28T12:38:50.120+0000] {logging_mixin.py:188} INFO - [2026-04-28T12:38:50.120+0000] {dag.py:3834} INFO - Setting next_dagrun for latest_only_with_trigger to 2026-04-28 08:00:00+00:00, run_after=2026-04-28 12:00:00+00:00
[2026-04-28T12:38:50.141+0000] {processor.py:183} INFO - Processing /home/airflow/.local/lib/python3.8/site-packages/airflow/example_dags/example_latest_only_with_trigger.py took 0.086 seconds
[2026-04-28T12:39:20.455+0000] {processor.py:161} INFO - Started process (PID=3073) to work on /home/airflow/.local/lib/python3.8/site-packages/airflow/example_dags/example_latest_only_with_trigger.py
[2026-04-28T12:39:20.456+0000] {processor.py:830} INFO - Processing file /home/airflow/.local/lib/python3.8/site-packages/airflow/example_dags/example_latest_only_with_trigger.py for tasks to queue
[2026-04-28T12:39:20.458+0000] {logging_mixin.py:188} INFO - [2026-04-28T12:39:20.458+0000] {dagbag.py:540} INFO - Filling up the DagBag from /home/airflow/.local/lib/python3.8/site-packages/airflow/example_dags/example_latest_only_with_trigger.py
[2026-04-28T12:39:20.465+0000] {processor.py:840} INFO - DAG(s) 'latest_only_with_trigger' retrieved from /home/airflow/.local/lib/python3.8/site-packages/airflow/example_dags/example_latest_only_with_trigger.py
[2026-04-28T12:39:20.490+0000] {logging_mixin.py:188} INFO - [2026-04-28T12:39:20.490+0000] {dag.py:3047} INFO - Sync 1 DAGs
[2026-04-28T12:39:20.514+0000] {logging_mixin.py:188} INFO - [2026-04-28T12:39:20.514+0000] {dag.py:3834} INFO - Setting next_dagrun for latest_only_with_trigger to 2026-04-28 08:00:00+00:00, run_after=2026-04-28 12:00:00+00:00
[2026-04-28T12:39:20.544+0000] {processor.py:183} INFO - Processing /home/airflow/.local/lib/python3.8/site-packages/airflow/example_dags/example_latest_only_with_trigger.py took 0.092 seconds
[2026-04-28T12:39:51.067+0000] {processor.py:161} INFO - Started process (PID=3129) to work on /home/airflow/.local/lib/python3.8/site-packages/airflow/example_dags/example_latest_only_with_trigger.py
[2026-04-28T12:39:51.068+0000] {processor.py:830} INFO - Processing file /home/airflow/.local/lib/python3.8/site-packages/airflow/example_dags/example_latest_only_with_trigger.py for tasks to queue
[2026-04-28T12:39:51.070+0000] {logging_mixin.py:188} INFO - [2026-04-28T12:39:51.070+0000] {dagbag.py:540} INFO - Filling up the DagBag from /home/airflow/.local/lib/python3.8/site-packages/airflow/example_dags/example_latest_only_with_trigger.py
[2026-04-28T12:39:51.077+0000] {processor.py:840} INFO - DAG(s) 'latest_only_with_trigger' retrieved from /home/airflow/.local/lib/python3.8/site-packages/airflow/example_dags/example_latest_only_with_trigger.py
[2026-04-28T12:39:51.102+0000] {logging_mixin.py:188} INFO - [2026-04-28T12:39:51.102+0000] {dag.py:3047} INFO - Sync 1 DAGs
[2026-04-28T12:39:51.126+0000] {logging_mixin.py:188} INFO - [2026-04-28T12:39:51.126+0000] {dag.py:3834} INFO - Setting next_dagrun for latest_only_with_trigger to 2026-04-28 08:00:00+00:00, run_after=2026-04-28 12:00:00+00:00
[2026-04-28T12:39:51.143+0000] {processor.py:183} INFO - Processing /home/airflow/.local/lib/python3.8/site-packages/airflow/example_dags/example_latest_only_with_trigger.py took 0.080 seconds
[2026-04-28T12:40:21.472+0000] {processor.py:161} INFO - Started process (PID=3185) to work on /home/airflow/.local/lib/python3.8/site-packages/airflow/example_dags/example_latest_only_with_trigger.py
[2026-04-28T12:40:21.475+0000] {processor.py:830} INFO - Processing file /home/airflow/.local/lib/python3.8/site-packages/airflow/example_dags/example_latest_only_with_trigger.py for tasks to queue
[2026-04-28T12:40:21.477+0000] {logging_mixin.py:188} INFO - [2026-04-28T12:40:21.477+0000] {dagbag.py:540} INFO - Filling up the DagBag from /home/airflow/.local/lib/python3.8/site-packages/airflow/example_dags/example_latest_only_with_trigger.py
[2026-04-28T12:40:21.484+0000] {processor.py:840} INFO - DAG(s) 'latest_only_with_trigger' retrieved from /home/airflow/.local/lib/python3.8/site-packages/airflow/example_dags/example_latest_only_with_trigger.py
[2026-04-28T12:40:21.507+0000] {logging_mixin.py:188} INFO - [2026-04-28T12:40:21.507+0000] {dag.py:3047} INFO - Sync 1 DAGs
[2026-04-28T12:40:21.532+0000] {logging_mixin.py:188} INFO - [2026-04-28T12:40:21.532+0000] {dag.py:3834} INFO - Setting next_dagrun for latest_only_with_trigger to 2026-04-28 08:00:00+00:00, run_after=2026-04-28 12:00:00+00:00
[2026-04-28T12:40:21.549+0000] {processor.py:183} INFO - Processing /home/airflow/.local/lib/python3.8/site-packages/airflow/example_dags/example_latest_only_with_trigger.py took 0.080 seconds
[2026-04-28T12:40:52.394+0000] {processor.py:161} INFO - Started process (PID=3241) to work on /home/airflow/.local/lib/python3.8/site-packages/airflow/example_dags/example_latest_only_with_trigger.py
[2026-04-28T12:40:52.395+0000] {processor.py:830} INFO - Processing file /home/airflow/.local/lib/python3.8/site-packages/airflow/example_dags/example_latest_only_with_trigger.py for tasks to queue
[2026-04-28T12:40:52.397+0000] {logging_mixin.py:188} INFO - [2026-04-28T12:40:52.397+0000] {dagbag.py:540} INFO - Filling up the DagBag from /home/airflow/.local/lib/python3.8/site-packages/airflow/example_dags/example_latest_only_with_trigger.py
[2026-04-28T12:40:52.404+0000] {processor.py:840} INFO - DAG(s) 'latest_only_with_trigger' retrieved from /home/airflow/.local/lib/python3.8/site-packages/airflow/example_dags/example_latest_only_with_trigger.py
[2026-04-28T12:40:52.457+0000] {logging_mixin.py:188} INFO - [2026-04-28T12:40:52.455+0000] {dag.py:3047} INFO - Sync 1 DAGs
[2026-04-28T12:40:52.491+0000] {logging_mixin.py:188} INFO - [2026-04-28T12:40:52.490+0000] {dag.py:3834} INFO - Setting next_dagrun for latest_only_with_trigger to 2026-04-28 08:00:00+00:00, run_after=2026-04-28 12:00:00+00:00
[2026-04-28T12:40:52.506+0000] {processor.py:183} INFO - Processing /home/airflow/.local/lib/python3.8/site-packages/airflow/example_dags/example_latest_only_with_trigger.py took 0.115 seconds
[2026-04-28T12:41:22.735+0000] {processor.py:161} INFO - Started process (PID=3297) to work on /home/airflow/.local/lib/python3.8/site-packages/airflow/example_dags/example_latest_only_with_trigger.py
[2026-04-28T12:41:22.736+0000] {processor.py:830} INFO - Processing file /home/airflow/.local/lib/python3.8/site-packages/airflow/example_dags/example_latest_only_with_trigger.py for tasks to queue
[2026-04-28T12:41:22.738+0000] {logging_mixin.py:188} INFO - [2026-04-28T12:41:22.738+0000] {dagbag.py:540} INFO - Filling up the DagBag from /home/airflow/.local/lib/python3.8/site-packages/airflow/example_dags/example_latest_only_with_trigger.py
[2026-04-28T12:41:22.744+0000] {processor.py:840} INFO - DAG(s) 'latest_only_with_trigger' retrieved from /home/airflow/.local/lib/python3.8/site-packages/airflow/example_dags/example_latest_only_with_trigger.py
[2026-04-28T12:41:22.803+0000] {logging_mixin.py:188} INFO - [2026-04-28T12:41:22.802+0000] {dag.py:3047} INFO - Sync 1 DAGs
[2026-04-28T12:41:22.837+0000] {logging_mixin.py:188} INFO - [2026-04-28T12:41:22.837+0000] {dag.py:3834} INFO - Setting next_dagrun for latest_only_with_trigger to 2026-04-28 08:00:00+00:00, run_after=2026-04-28 12:00:00+00:00
[2026-04-28T12:41:22.853+0000] {processor.py:183} INFO - Processing /home/airflow/.local/lib/python3.8/site-packages/airflow/example_dags/example_latest_only_with_trigger.py took 0.122 seconds
[2026-04-28T12:41:53.212+0000] {processor.py:161} INFO - Started process (PID=3353) to work on /home/airflow/.local/lib/python3.8/site-packages/airflow/example_dags/example_latest_only_with_trigger.py
[2026-04-28T12:41:53.213+0000] {processor.py:830} INFO - Processing file /home/airflow/.local/lib/python3.8/site-packages/airflow/example_dags/example_latest_only_with_trigger.py for tasks to queue
[2026-04-28T12:41:53.215+0000] {logging_mixin.py:188} INFO - [2026-04-28T12:41:53.214+0000] {dagbag.py:540} INFO - Filling up the DagBag from /home/airflow/.local/lib/python3.8/site-packages/airflow/example_dags/example_latest_only_with_trigger.py
[2026-04-28T12:41:53.221+0000] {processor.py:840} INFO - DAG(s) 'latest_only_with_trigger' retrieved from /home/airflow/.local/lib/python3.8/site-packages/airflow/example_dags/example_latest_only_with_trigger.py
[2026-04-28T12:41:53.249+0000] {logging_mixin.py:188} INFO - [2026-04-28T12:41:53.248+0000] {dag.py:3047} INFO - Sync 1 DAGs
[2026-04-28T12:41:53.274+0000] {logging_mixin.py:188} INFO - [2026-04-28T12:41:53.274+0000] {dag.py:3834} INFO - Setting next_dagrun for latest_only_with_trigger to 2026-04-28 08:00:00+00:00, run_after=2026-04-28 12:00:00+00:00
[2026-04-28T12:41:53.290+0000] {processor.py:183} INFO - Processing /home/airflow/.local/lib/python3.8/site-packages/airflow/example_dags/example_latest_only_with_trigger.py took 0.082 seconds
[2026-04-28T12:42:23.400+0000] {processor.py:161} INFO - Started process (PID=3409) to work on /home/airflow/.local/lib/python3.8/site-packages/airflow/example_dags/example_latest_only_with_trigger.py
[2026-04-28T12:42:23.402+0000] {processor.py:830} INFO - Processing file /home/airflow/.local/lib/python3.8/site-packages/airflow/example_dags/example_latest_only_with_trigger.py for tasks to queue
[2026-04-28T12:42:23.406+0000] {logging_mixin.py:188} INFO - [2026-04-28T12:42:23.406+0000] {dagbag.py:540} INFO - Filling up the DagBag from /home/airflow/.local/lib/python3.8/site-packages/airflow/example_dags/example_latest_only_with_trigger.py
[2026-04-28T12:42:23.421+0000] {processor.py:840} INFO - DAG(s) 'latest_only_with_trigger' retrieved from /home/airflow/.local/lib/python3.8/site-packages/airflow/example_dags/example_latest_only_with_trigger.py
[2026-04-28T12:42:23.468+0000] {logging_mixin.py:188} INFO - [2026-04-28T12:42:23.467+0000] {dag.py:3047} INFO - Sync 1 DAGs
[2026-04-28T12:42:23.512+0000] {logging_mixin.py:188} INFO - [2026-04-28T12:42:23.512+0000] {dag.py:3834} INFO - Setting next_dagrun for latest_only_with_trigger to 2026-04-28 08:00:00+00:00, run_after=2026-04-28 12:00:00+00:00
[2026-04-28T12:42:23.531+0000] {processor.py:183} INFO - Processing /home/airflow/.local/lib/python3.8/site-packages/airflow/example_dags/example_latest_only_with_trigger.py took 0.139 seconds
[2026-04-28T12:42:54.454+0000] {processor.py:161} INFO - Started process (PID=3465) to work on /home/airflow/.local/lib/python3.8/site-packages/airflow/example_dags/example_latest_only_with_trigger.py
[2026-04-28T12:42:54.458+0000] {processor.py:830} INFO - Processing file /home/airflow/.local/lib/python3.8/site-packages/airflow/example_dags/example_latest_only_with_trigger.py for tasks to queue
[2026-04-28T12:42:54.462+0000] {logging_mixin.py:188} INFO - [2026-04-28T12:42:54.462+0000] {dagbag.py:540} INFO - Filling up the DagBag from /home/airflow/.local/lib/python3.8/site-packages/airflow/example_dags/example_latest_only_with_trigger.py
[2026-04-28T12:42:54.473+0000] {processor.py:840} INFO - DAG(s) 'latest_only_with_trigger' retrieved from /home/airflow/.local/lib/python3.8/site-packages/airflow/example_dags/example_latest_only_with_trigger.py
[2026-04-28T12:42:54.496+0000] {logging_mixin.py:188} INFO - [2026-04-28T12:42:54.496+0000] {dag.py:3047} INFO - Sync 1 DAGs
[2026-04-28T12:42:54.521+0000] {logging_mixin.py:188} INFO - [2026-04-28T12:42:54.520+0000] {dag.py:3834} INFO - Setting next_dagrun for latest_only_with_trigger to 2026-04-28 08:00:00+00:00, run_after=2026-04-28 12:00:00+00:00
[2026-04-28T12:42:54.544+0000] {processor.py:183} INFO - Processing /home/airflow/.local/lib/python3.8/site-packages/airflow/example_dags/example_latest_only_with_trigger.py took 0.095 seconds
[2026-04-28T12:43:24.682+0000] {processor.py:161} INFO - Started process (PID=3521) to work on /home/airflow/.local/lib/python3.8/site-packages/airflow/example_dags/example_latest_only_with_trigger.py
[2026-04-28T12:43:24.684+0000] {processor.py:830} INFO - Processing file /home/airflow/.local/lib/python3.8/site-packages/airflow/example_dags/example_latest_only_with_trigger.py for tasks to queue
[2026-04-28T12:43:24.686+0000] {logging_mixin.py:188} INFO - [2026-04-28T12:43:24.685+0000] {dagbag.py:540} INFO - Filling up the DagBag from /home/airflow/.local/lib/python3.8/site-packages/airflow/example_dags/example_latest_only_with_trigger.py
[2026-04-28T12:43:24.692+0000] {processor.py:840} INFO - DAG(s) 'latest_only_with_trigger' retrieved from /home/airflow/.local/lib/python3.8/site-packages/airflow/example_dags/example_latest_only_with_trigger.py
[2026-04-28T12:43:24.717+0000] {logging_mixin.py:188} INFO - [2026-04-28T12:43:24.716+0000] {dag.py:3047} INFO - Sync 1 DAGs
[2026-04-28T12:43:24.741+0000] {logging_mixin.py:188} INFO - [2026-04-28T12:43:24.741+0000] {dag.py:3834} INFO - Setting next_dagrun for latest_only_with_trigger to 2026-04-28 08:00:00+00:00, run_after=2026-04-28 12:00:00+00:00
[2026-04-28T12:43:24.761+0000] {processor.py:183} INFO - Processing /home/airflow/.local/lib/python3.8/site-packages/airflow/example_dags/example_latest_only_with_trigger.py took 0.083 seconds
[2026-04-28T12:43:55.133+0000] {processor.py:161} INFO - Started process (PID=3576) to work on /home/airflow/.local/lib/python3.8/site-packages/airflow/example_dags/example_latest_only_with_trigger.py
[2026-04-28T12:43:55.134+0000] {processor.py:830} INFO - Processing file /home/airflow/.local/lib/python3.8/site-packages/airflow/example_dags/example_latest_only_with_trigger.py for tasks to queue
[2026-04-28T12:43:55.136+0000] {logging_mixin.py:188} INFO - [2026-04-28T12:43:55.136+0000] {dagbag.py:540} INFO - Filling up the DagBag from /home/airflow/.local/lib/python3.8/site-packages/airflow/example_dags/example_latest_only_with_trigger.py
[2026-04-28T12:43:55.143+0000] {processor.py:840} INFO - DAG(s) 'latest_only_with_trigger' retrieved from /home/airflow/.local/lib/python3.8/site-packages/airflow/example_dags/example_latest_only_with_trigger.py
[2026-04-28T12:43:55.165+0000] {logging_mixin.py:188} INFO - [2026-04-28T12:43:55.165+0000] {dag.py:3047} INFO - Sync 1 DAGs
[2026-04-28T12:43:55.189+0000] {logging_mixin.py:188} INFO - [2026-04-28T12:43:55.189+0000] {dag.py:3834} INFO - Setting next_dagrun for latest_only_with_trigger to 2026-04-28 08:00:00+00:00, run_after=2026-04-28 12:00:00+00:00
[2026-04-28T12:43:55.207+0000] {processor.py:183} INFO - Processing /home/airflow/.local/lib/python3.8/site-packages/airflow/example_dags/example_latest_only_with_trigger.py took 0.078 seconds
[2026-04-28T12:44:25.939+0000] {processor.py:161} INFO - Started process (PID=3632) to work on /home/airflow/.local/lib/python3.8/site-packages/airflow/example_dags/example_latest_only_with_trigger.py
[2026-04-28T12:44:25.940+0000] {processor.py:830} INFO - Processing file /home/airflow/.local/lib/python3.8/site-packages/airflow/example_dags/example_latest_only_with_trigger.py for tasks to queue
[2026-04-28T12:44:25.942+0000] {logging_mixin.py:188} INFO - [2026-04-28T12:44:25.942+0000] {dagbag.py:540} INFO - Filling up the DagBag from /home/airflow/.local/lib/python3.8/site-packages/airflow/example_dags/example_latest_only_with_trigger.py
[2026-04-28T12:44:25.949+0000] {processor.py:840} INFO - DAG(s) 'latest_only_with_trigger' retrieved from /home/airflow/.local/lib/python3.8/site-packages/airflow/example_dags/example_latest_only_with_trigger.py
[2026-04-28T12:44:25.986+0000] {logging_mixin.py:188} INFO - [2026-04-28T12:44:25.985+0000] {dag.py:3047} INFO - Sync 1 DAGs
[2026-04-28T12:44:26.011+0000] {logging_mixin.py:188} INFO - [2026-04-28T12:44:26.011+0000] {dag.py:3834} INFO - Setting next_dagrun for latest_only_with_trigger to 2026-04-28 08:00:00+00:00, run_after=2026-04-28 12:00:00+00:00
[2026-04-28T12:44:26.054+0000] {processor.py:183} INFO - Processing /home/airflow/.local/lib/python3.8/site-packages/airflow/example_dags/example_latest_only_with_trigger.py took 0.119 seconds
[2026-04-28T12:44:56.872+0000] {processor.py:161} INFO - Started process (PID=3688) to work on /home/airflow/.local/lib/python3.8/site-packages/airflow/example_dags/example_latest_only_with_trigger.py
[2026-04-28T12:44:56.873+0000] {processor.py:830} INFO - Processing file /home/airflow/.local/lib/python3.8/site-packages/airflow/example_dags/example_latest_only_with_trigger.py for tasks to queue
[2026-04-28T12:44:56.875+0000] {logging_mixin.py:188} INFO - [2026-04-28T12:44:56.875+0000] {dagbag.py:540} INFO - Filling up the DagBag from /home/airflow/.local/lib/python3.8/site-packages/airflow/example_dags/example_latest_only_with_trigger.py
[2026-04-28T12:44:56.882+0000] {processor.py:840} INFO - DAG(s) 'latest_only_with_trigger' retrieved from /home/airflow/.local/lib/python3.8/site-packages/airflow/example_dags/example_latest_only_with_trigger.py
[2026-04-28T12:44:56.909+0000] {logging_mixin.py:188} INFO - [2026-04-28T12:44:56.909+0000] {dag.py:3047} INFO - Sync 1 DAGs
[2026-04-28T12:44:56.934+0000] {logging_mixin.py:188} INFO - [2026-04-28T12:44:56.934+0000] {dag.py:3834} INFO - Setting next_dagrun for latest_only_with_trigger to 2026-04-28 08:00:00+00:00, run_after=2026-04-28 12:00:00+00:00
[2026-04-28T12:44:56.964+0000] {processor.py:183} INFO - Processing /home/airflow/.local/lib/python3.8/site-packages/airflow/example_dags/example_latest_only_with_trigger.py took 0.097 seconds
[2026-04-28T12:45:27.528+0000] {processor.py:161} INFO - Started process (PID=3743) to work on /home/airflow/.local/lib/python3.8/site-packages/airflow/example_dags/example_latest_only_with_trigger.py
[2026-04-28T12:45:27.529+0000] {processor.py:830} INFO - Processing file /home/airflow/.local/lib/python3.8/site-packages/airflow/example_dags/example_latest_only_with_trigger.py for tasks to queue
[2026-04-28T12:45:27.532+0000] {logging_mixin.py:188} INFO - [2026-04-28T12:45:27.531+0000] {dagbag.py:540} INFO - Filling up the DagBag from /home/airflow/.local/lib/python3.8/site-packages/airflow/example_dags/example_latest_only_with_trigger.py
[2026-04-28T12:45:27.538+0000] {processor.py:840} INFO - DAG(s) 'latest_only_with_trigger' retrieved from /home/airflow/.local/lib/python3.8/site-packages/airflow/example_dags/example_latest_only_with_trigger.py
[2026-04-28T12:45:27.564+0000] {logging_mixin.py:188} INFO - [2026-04-28T12:45:27.563+0000] {dag.py:3047} INFO - Sync 1 DAGs
[2026-04-28T12:45:27.588+0000] {logging_mixin.py:188} INFO - [2026-04-28T12:45:27.588+0000] {dag.py:3834} INFO - Setting next_dagrun for latest_only_with_trigger to 2026-04-28 08:00:00+00:00, run_after=2026-04-28 12:00:00+00:00
[2026-04-28T12:45:27.606+0000] {processor.py:183} INFO - Processing /home/airflow/.local/lib/python3.8/site-packages/airflow/example_dags/example_latest_only_with_trigger.py took 0.081 seconds
[2026-04-28T12:45:57.729+0000] {processor.py:161} INFO - Started process (PID=3799) to work on /home/airflow/.local/lib/python3.8/site-packages/airflow/example_dags/example_latest_only_with_trigger.py
[2026-04-28T12:45:57.730+0000] {processor.py:830} INFO - Processing file /home/airflow/.local/lib/python3.8/site-packages/airflow/example_dags/example_latest_only_with_trigger.py for tasks to queue
[2026-04-28T12:45:57.732+0000] {logging_mixin.py:188} INFO - [2026-04-28T12:45:57.732+0000] {dagbag.py:540} INFO - Filling up the DagBag from /home/airflow/.local/lib/python3.8/site-packages/airflow/example_dags/example_latest_only_with_trigger.py
[2026-04-28T12:45:57.739+0000] {processor.py:840} INFO - DAG(s) 'latest_only_with_trigger' retrieved from /home/airflow/.local/lib/python3.8/site-packages/airflow/example_dags/example_latest_only_with_trigger.py
[2026-04-28T12:45:57.762+0000] {logging_mixin.py:188} INFO - [2026-04-28T12:45:57.761+0000] {dag.py:3047} INFO - Sync 1 DAGs
[2026-04-28T12:45:57.798+0000] {logging_mixin.py:188} INFO - [2026-04-28T12:45:57.797+0000] {dag.py:3834} INFO - Setting next_dagrun for latest_only_with_trigger to 2026-04-28 08:00:00+00:00, run_after=2026-04-28 12:00:00+00:00
[2026-04-28T12:45:57.835+0000] {processor.py:183} INFO - Processing /home/airflow/.local/lib/python3.8/site-packages/airflow/example_dags/example_latest_only_with_trigger.py took 0.110 seconds
[2026-04-28T12:46:28.651+0000] {processor.py:161} INFO - Started process (PID=3853) to work on /home/airflow/.local/lib/python3.8/site-packages/airflow/example_dags/example_latest_only_with_trigger.py
[2026-04-28T12:46:28.652+0000] {processor.py:830} INFO - Processing file /home/airflow/.local/lib/python3.8/site-packages/airflow/example_dags/example_latest_only_with_trigger.py for tasks to queue
[2026-04-28T12:46:28.654+0000] {logging_mixin.py:188} INFO - [2026-04-28T12:46:28.654+0000] {dagbag.py:540} INFO - Filling up the DagBag from /home/airflow/.local/lib/python3.8/site-packages/airflow/example_dags/example_latest_only_with_trigger.py
[2026-04-28T12:46:28.661+0000] {processor.py:840} INFO - DAG(s) 'latest_only_with_trigger' retrieved from /home/airflow/.local/lib/python3.8/site-packages/airflow/example_dags/example_latest_only_with_trigger.py
[2026-04-28T12:46:28.684+0000] {logging_mixin.py:188} INFO - [2026-04-28T12:46:28.684+0000] {dag.py:3047} INFO - Sync 1 DAGs
[2026-04-28T12:46:28.708+0000] {logging_mixin.py:188} INFO - [2026-04-28T12:46:28.708+0000] {dag.py:3834} INFO - Setting next_dagrun for latest_only_with_trigger to 2026-04-28 08:00:00+00:00, run_after=2026-04-28 12:00:00+00:00
[2026-04-28T12:46:28.726+0000] {processor.py:183} INFO - Processing /home/airflow/.local/lib/python3.8/site-packages/airflow/example_dags/example_latest_only_with_trigger.py took 0.080 seconds
[2026-04-28T12:46:59.021+0000] {processor.py:161} INFO - Started process (PID=3909) to work on /home/airflow/.local/lib/python3.8/site-packages/airflow/example_dags/example_latest_only_with_trigger.py
[2026-04-28T12:46:59.022+0000] {processor.py:830} INFO - Processing file /home/airflow/.local/lib/python3.8/site-packages/airflow/example_dags/example_latest_only_with_trigger.py for tasks to queue
[2026-04-28T12:46:59.024+0000] {logging_mixin.py:188} INFO - [2026-04-28T12:46:59.024+0000] {dagbag.py:540} INFO - Filling up the DagBag from /home/airflow/.local/lib/python3.8/site-packages/airflow/example_dags/example_latest_only_with_trigger.py
[2026-04-28T12:46:59.031+0000] {processor.py:840} INFO - DAG(s) 'latest_only_with_trigger' retrieved from /home/airflow/.local/lib/python3.8/site-packages/airflow/example_dags/example_latest_only_with_trigger.py
[2026-04-28T12:46:59.054+0000] {logging_mixin.py:188} INFO - [2026-04-28T12:46:59.054+0000] {dag.py:3047} INFO - Sync 1 DAGs
[2026-04-28T12:46:59.079+0000] {logging_mixin.py:188} INFO - [2026-04-28T12:46:59.078+0000] {dag.py:3834} INFO - Setting next_dagrun for latest_only_with_trigger to 2026-04-28 08:00:00+00:00, run_after=2026-04-28 12:00:00+00:00
[2026-04-28T12:46:59.100+0000] {processor.py:183} INFO - Processing /home/airflow/.local/lib/python3.8/site-packages/airflow/example_dags/example_latest_only_with_trigger.py took 0.083 seconds
[2026-04-28T12:47:29.902+0000] {processor.py:161} INFO - Started process (PID=3965) to work on /home/airflow/.local/lib/python3.8/site-packages/airflow/example_dags/example_latest_only_with_trigger.py
[2026-04-28T12:47:29.904+0000] {processor.py:830} INFO - Processing file /home/airflow/.local/lib/python3.8/site-packages/airflow/example_dags/example_latest_only_with_trigger.py for tasks to queue
[2026-04-28T12:47:29.909+0000] {logging_mixin.py:188} INFO - [2026-04-28T12:47:29.908+0000] {dagbag.py:540} INFO - Filling up the DagBag from /home/airflow/.local/lib/python3.8/site-packages/airflow/example_dags/example_latest_only_with_trigger.py
[2026-04-28T12:47:29.919+0000] {processor.py:840} INFO - DAG(s) 'latest_only_with_trigger' retrieved from /home/airflow/.local/lib/python3.8/site-packages/airflow/example_dags/example_latest_only_with_trigger.py
[2026-04-28T12:47:29.941+0000] {logging_mixin.py:188} INFO - [2026-04-28T12:47:29.941+0000] {dag.py:3047} INFO - Sync 1 DAGs
[2026-04-28T12:47:29.966+0000] {logging_mixin.py:188} INFO - [2026-04-28T12:47:29.965+0000] {dag.py:3834} INFO - Setting next_dagrun for latest_only_with_trigger to 2026-04-28 08:00:00+00:00, run_after=2026-04-28 12:00:00+00:00
[2026-04-28T12:47:29.983+0000] {processor.py:183} INFO - Processing /home/airflow/.local/lib/python3.8/site-packages/airflow/example_dags/example_latest_only_with_trigger.py took 0.086 seconds
[2026-04-28T12:48:00.319+0000] {processor.py:161} INFO - Started process (PID=4021) to work on /home/airflow/.local/lib/python3.8/site-packages/airflow/example_dags/example_latest_only_with_trigger.py
[2026-04-28T12:48:00.321+0000] {processor.py:830} INFO - Processing file /home/airflow/.local/lib/python3.8/site-packages/airflow/example_dags/example_latest_only_with_trigger.py for tasks to queue
[2026-04-28T12:48:00.323+0000] {logging_mixin.py:188} INFO - [2026-04-28T12:48:00.323+0000] {dagbag.py:540} INFO - Filling up the DagBag from /home/airflow/.local/lib/python3.8/site-packages/airflow/example_dags/example_latest_only_with_trigger.py
[2026-04-28T12:48:00.330+0000] {processor.py:840} INFO - DAG(s) 'latest_only_with_trigger' retrieved from /home/airflow/.local/lib/python3.8/site-packages/airflow/example_dags/example_latest_only_with_trigger.py
[2026-04-28T12:48:00.354+0000] {logging_mixin.py:188} INFO - [2026-04-28T12:48:00.354+0000] {dag.py:3047} INFO - Sync 1 DAGs
[2026-04-28T12:48:00.380+0000] {logging_mixin.py:188} INFO - [2026-04-28T12:48:00.380+0000] {dag.py:3834} INFO - Setting next_dagrun for latest_only_with_trigger to 2026-04-28 08:00:00+00:00, run_after=2026-04-28 12:00:00+00:00
[2026-04-28T12:48:00.398+0000] {processor.py:183} INFO - Processing /home/airflow/.local/lib/python3.8/site-packages/airflow/example_dags/example_latest_only_with_trigger.py took 0.083 seconds
[2026-04-28T12:48:31.174+0000] {processor.py:161} INFO - Started process (PID=4077) to work on /home/airflow/.local/lib/python3.8/site-packages/airflow/example_dags/example_latest_only_with_trigger.py
[2026-04-28T12:48:31.175+0000] {processor.py:830} INFO - Processing file /home/airflow/.local/lib/python3.8/site-packages/airflow/example_dags/example_latest_only_with_trigger.py for tasks to queue
[2026-04-28T12:48:31.177+0000] {logging_mixin.py:188} INFO - [2026-04-28T12:48:31.177+0000] {dagbag.py:540} INFO - Filling up the DagBag from /home/airflow/.local/lib/python3.8/site-packages/airflow/example_dags/example_latest_only_with_trigger.py
[2026-04-28T12:48:31.185+0000] {processor.py:840} INFO - DAG(s) 'latest_only_with_trigger' retrieved from /home/airflow/.local/lib/python3.8/site-packages/airflow/example_dags/example_latest_only_with_trigger.py
[2026-04-28T12:48:31.207+0000] {logging_mixin.py:188} INFO - [2026-04-28T12:48:31.207+0000] {dag.py:3047} INFO - Sync 1 DAGs
[2026-04-28T12:48:31.231+0000] {logging_mixin.py:188} INFO - [2026-04-28T12:48:31.231+0000] {dag.py:3834} INFO - Setting next_dagrun for latest_only_with_trigger to 2026-04-28 08:00:00+00:00, run_after=2026-04-28 12:00:00+00:00
[2026-04-28T12:48:31.248+0000] {processor.py:183} INFO - Processing /home/airflow/.local/lib/python3.8/site-packages/airflow/example_dags/example_latest_only_with_trigger.py took 0.078 seconds
[2026-04-28T12:49:01.464+0000] {processor.py:161} INFO - Started process (PID=4133) to work on /home/airflow/.local/lib/python3.8/site-packages/airflow/example_dags/example_latest_only_with_trigger.py
[2026-04-28T12:49:01.465+0000] {processor.py:830} INFO - Processing file /home/airflow/.local/lib/python3.8/site-packages/airflow/example_dags/example_latest_only_with_trigger.py for tasks to queue
[2026-04-28T12:49:01.467+0000] {logging_mixin.py:188} INFO - [2026-04-28T12:49:01.466+0000] {dagbag.py:540} INFO - Filling up the DagBag from /home/airflow/.local/lib/python3.8/site-packages/airflow/example_dags/example_latest_only_with_trigger.py
[2026-04-28T12:49:01.475+0000] {processor.py:840} INFO - DAG(s) 'latest_only_with_trigger' retrieved from /home/airflow/.local/lib/python3.8/site-packages/airflow/example_dags/example_latest_only_with_trigger.py
[2026-04-28T12:49:01.498+0000] {logging_mixin.py:188} INFO - [2026-04-28T12:49:01.498+0000] {dag.py:3047} INFO - Sync 1 DAGs
[2026-04-28T12:49:01.523+0000] {logging_mixin.py:188} INFO - [2026-04-28T12:49:01.522+0000] {dag.py:3834} INFO - Setting next_dagrun for latest_only_with_trigger to 2026-04-28 08:00:00+00:00, run_after=2026-04-28 12:00:00+00:00
[2026-04-28T12:49:01.540+0000] {processor.py:183} INFO - Processing /home/airflow/.local/lib/python3.8/site-packages/airflow/example_dags/example_latest_only_with_trigger.py took 0.080 seconds
[2026-04-28T12:49:32.036+0000] {processor.py:161} INFO - Started process (PID=4189) to work on /home/airflow/.local/lib/python3.8/site-packages/airflow/example_dags/example_latest_only_with_trigger.py
[2026-04-28T12:49:32.037+0000] {processor.py:830} INFO - Processing file /home/airflow/.local/lib/python3.8/site-packages/airflow/example_dags/example_latest_only_with_trigger.py for tasks to queue
[2026-04-28T12:49:32.040+0000] {logging_mixin.py:188} INFO - [2026-04-28T12:49:32.039+0000] {dagbag.py:540} INFO - Filling up the DagBag from /home/airflow/.local/lib/python3.8/site-packages/airflow/example_dags/example_latest_only_with_trigger.py
[2026-04-28T12:49:32.049+0000] {processor.py:840} INFO - DAG(s) 'latest_only_with_trigger' retrieved from /home/airflow/.local/lib/python3.8/site-packages/airflow/example_dags/example_latest_only_with_trigger.py
[2026-04-28T12:49:32.080+0000] {logging_mixin.py:188} INFO - [2026-04-28T12:49:32.079+0000] {dag.py:3047} INFO - Sync 1 DAGs
[2026-04-28T12:49:32.104+0000] {logging_mixin.py:188} INFO - [2026-04-28T12:49:32.104+0000] {dag.py:3834} INFO - Setting next_dagrun for latest_only_with_trigger to 2026-04-28 08:00:00+00:00, run_after=2026-04-28 12:00:00+00:00
[2026-04-28T12:49:32.130+0000] {processor.py:183} INFO - Processing /home/airflow/.local/lib/python3.8/site-packages/airflow/example_dags/example_latest_only_with_trigger.py took 0.099 seconds
[2026-04-28T12:50:02.575+0000] {processor.py:161} INFO - Started process (PID=4245) to work on /home/airflow/.local/lib/python3.8/site-packages/airflow/example_dags/example_latest_only_with_trigger.py
[2026-04-28T12:50:02.577+0000] {processor.py:830} INFO - Processing file /home/airflow/.local/lib/python3.8/site-packages/airflow/example_dags/example_latest_only_with_trigger.py for tasks to queue
[2026-04-28T12:50:02.579+0000] {logging_mixin.py:188} INFO - [2026-04-28T12:50:02.579+0000] {dagbag.py:540} INFO - Filling up the DagBag from /home/airflow/.local/lib/python3.8/site-packages/airflow/example_dags/example_latest_only_with_trigger.py
[2026-04-28T12:50:02.586+0000] {processor.py:840} INFO - DAG(s) 'latest_only_with_trigger' retrieved from /home/airflow/.local/lib/python3.8/site-packages/airflow/example_dags/example_latest_only_with_trigger.py
[2026-04-28T12:50:02.610+0000] {logging_mixin.py:188} INFO - [2026-04-28T12:50:02.610+0000] {dag.py:3047} INFO - Sync 1 DAGs
[2026-04-28T12:50:02.635+0000] {logging_mixin.py:188} INFO - [2026-04-28T12:50:02.635+0000] {dag.py:3834} INFO - Setting next_dagrun for latest_only_with_trigger to 2026-04-28 08:00:00+00:00, run_after=2026-04-28 12:00:00+00:00
[2026-04-28T12:50:02.651+0000] {processor.py:183} INFO - Processing /home/airflow/.local/lib/python3.8/site-packages/airflow/example_dags/example_latest_only_with_trigger.py took 0.080 seconds
[2026-04-28T12:50:33.497+0000] {processor.py:161} INFO - Started process (PID=4301) to work on /home/airflow/.local/lib/python3.8/site-packages/airflow/example_dags/example_latest_only_with_trigger.py
[2026-04-28T12:50:33.498+0000] {processor.py:830} INFO - Processing file /home/airflow/.local/lib/python3.8/site-packages/airflow/example_dags/example_latest_only_with_trigger.py for tasks to queue
[2026-04-28T12:50:33.500+0000] {logging_mixin.py:188} INFO - [2026-04-28T12:50:33.500+0000] {dagbag.py:540} INFO - Filling up the DagBag from /home/airflow/.local/lib/python3.8/site-packages/airflow/example_dags/example_latest_only_with_trigger.py
[2026-04-28T12:50:33.507+0000] {processor.py:840} INFO - DAG(s) 'latest_only_with_trigger' retrieved from /home/airflow/.local/lib/python3.8/site-packages/airflow/example_dags/example_latest_only_with_trigger.py
[2026-04-28T12:50:33.532+0000] {logging_mixin.py:188} INFO - [2026-04-28T12:50:33.531+0000] {dag.py:3047} INFO - Sync 1 DAGs
[2026-04-28T12:50:33.566+0000] {logging_mixin.py:188} INFO - [2026-04-28T12:50:33.566+0000] {dag.py:3834} INFO - Setting next_dagrun for latest_only_with_trigger to 2026-04-28 08:00:00+00:00, run_after=2026-04-28 12:00:00+00:00
[2026-04-28T12:50:33.583+0000] {processor.py:183} INFO - Processing /home/airflow/.local/lib/python3.8/site-packages/airflow/example_dags/example_latest_only_with_trigger.py took 0.090 seconds
[2026-04-28T12:51:03.680+0000] {processor.py:161} INFO - Started process (PID=4357) to work on /home/airflow/.local/lib/python3.8/site-packages/airflow/example_dags/example_latest_only_with_trigger.py
[2026-04-28T12:51:03.684+0000] {processor.py:830} INFO - Processing file /home/airflow/.local/lib/python3.8/site-packages/airflow/example_dags/example_latest_only_with_trigger.py for tasks to queue
[2026-04-28T12:51:03.689+0000] {logging_mixin.py:188} INFO - [2026-04-28T12:51:03.689+0000] {dagbag.py:540} INFO - Filling up the DagBag from /home/airflow/.local/lib/python3.8/site-packages/airflow/example_dags/example_latest_only_with_trigger.py
[2026-04-28T12:51:03.703+0000] {processor.py:840} INFO - DAG(s) 'latest_only_with_trigger' retrieved from /home/airflow/.local/lib/python3.8/site-packages/airflow/example_dags/example_latest_only_with_trigger.py
[2026-04-28T12:51:03.735+0000] {logging_mixin.py:188} INFO - [2026-04-28T12:51:03.735+0000] {dag.py:3047} INFO - Sync 1 DAGs
[2026-04-28T12:51:03.761+0000] {logging_mixin.py:188} INFO - [2026-04-28T12:51:03.760+0000] {dag.py:3834} INFO - Setting next_dagrun for latest_only_with_trigger to 2026-04-28 08:00:00+00:00, run_after=2026-04-28 12:00:00+00:00
[2026-04-28T12:51:03.777+0000] {processor.py:183} INFO - Processing /home/airflow/.local/lib/python3.8/site-packages/airflow/example_dags/example_latest_only_with_trigger.py took 0.112 seconds
[2026-04-28T12:51:34.669+0000] {processor.py:161} INFO - Started process (PID=4413) to work on /home/airflow/.local/lib/python3.8/site-packages/airflow/example_dags/example_latest_only_with_trigger.py
[2026-04-28T12:51:34.670+0000] {processor.py:830} INFO - Processing file /home/airflow/.local/lib/python3.8/site-packages/airflow/example_dags/example_latest_only_with_trigger.py for tasks to queue
[2026-04-28T12:51:34.673+0000] {logging_mixin.py:188} INFO - [2026-04-28T12:51:34.672+0000] {dagbag.py:540} INFO - Filling up the DagBag from /home/airflow/.local/lib/python3.8/site-packages/airflow/example_dags/example_latest_only_with_trigger.py
[2026-04-28T12:51:34.679+0000] {processor.py:840} INFO - DAG(s) 'latest_only_with_trigger' retrieved from /home/airflow/.local/lib/python3.8/site-packages/airflow/example_dags/example_latest_only_with_trigger.py
[2026-04-28T12:51:34.704+0000] {logging_mixin.py:188} INFO - [2026-04-28T12:51:34.704+0000] {dag.py:3047} INFO - Sync 1 DAGs
[2026-04-28T12:51:34.730+0000] {logging_mixin.py:188} INFO - [2026-04-28T12:51:34.729+0000] {dag.py:3834} INFO - Setting next_dagrun for latest_only_with_trigger to 2026-04-28 08:00:00+00:00, run_after=2026-04-28 12:00:00+00:00
[2026-04-28T12:51:34.746+0000] {processor.py:183} INFO - Processing /home/airflow/.local/lib/python3.8/site-packages/airflow/example_dags/example_latest_only_with_trigger.py took 0.080 seconds
[2026-04-28T12:52:05.407+0000] {processor.py:161} INFO - Started process (PID=4469) to work on /home/airflow/.local/lib/python3.8/site-packages/airflow/example_dags/example_latest_only_with_trigger.py
[2026-04-28T12:52:05.408+0000] {processor.py:830} INFO - Processing file /home/airflow/.local/lib/python3.8/site-packages/airflow/example_dags/example_latest_only_with_trigger.py for tasks to queue
[2026-04-28T12:52:05.410+0000] {logging_mixin.py:188} INFO - [2026-04-28T12:52:05.409+0000] {dagbag.py:540} INFO - Filling up the DagBag from /home/airflow/.local/lib/python3.8/site-packages/airflow/example_dags/example_latest_only_with_trigger.py
[2026-04-28T12:52:05.416+0000] {processor.py:840} INFO - DAG(s) 'latest_only_with_trigger' retrieved from /home/airflow/.local/lib/python3.8/site-packages/airflow/example_dags/example_latest_only_with_trigger.py
[2026-04-28T12:52:05.439+0000] {logging_mixin.py:188} INFO - [2026-04-28T12:52:05.439+0000] {dag.py:3047} INFO - Sync 1 DAGs
[2026-04-28T12:52:05.464+0000] {logging_mixin.py:188} INFO - [2026-04-28T12:52:05.464+0000] {dag.py:3834} INFO - Setting next_dagrun for latest_only_with_trigger to 2026-04-28 08:00:00+00:00, run_after=2026-04-28 12:00:00+00:00
[2026-04-28T12:52:05.483+0000] {processor.py:183} INFO - Processing /home/airflow/.local/lib/python3.8/site-packages/airflow/example_dags/example_latest_only_with_trigger.py took 0.081 seconds
[2026-04-28T12:52:36.363+0000] {processor.py:161} INFO - Started process (PID=4531) to work on /home/airflow/.local/lib/python3.8/site-packages/airflow/example_dags/example_latest_only_with_trigger.py
[2026-04-28T12:52:36.364+0000] {processor.py:830} INFO - Processing file /home/airflow/.local/lib/python3.8/site-packages/airflow/example_dags/example_latest_only_with_trigger.py for tasks to queue
[2026-04-28T12:52:36.366+0000] {logging_mixin.py:188} INFO - [2026-04-28T12:52:36.366+0000] {dagbag.py:540} INFO - Filling up the DagBag from /home/airflow/.local/lib/python3.8/site-packages/airflow/example_dags/example_latest_only_with_trigger.py
[2026-04-28T12:52:36.373+0000] {processor.py:840} INFO - DAG(s) 'latest_only_with_trigger' retrieved from /home/airflow/.local/lib/python3.8/site-packages/airflow/example_dags/example_latest_only_with_trigger.py
[2026-04-28T12:52:36.398+0000] {logging_mixin.py:188} INFO - [2026-04-28T12:52:36.397+0000] {dag.py:3047} INFO - Sync 1 DAGs
[2026-04-28T12:52:36.422+0000] {logging_mixin.py:188} INFO - [2026-04-28T12:52:36.421+0000] {dag.py:3834} INFO - Setting next_dagrun for latest_only_with_trigger to 2026-04-28 08:00:00+00:00, run_after=2026-04-28 12:00:00+00:00
[2026-04-28T12:52:36.439+0000] {processor.py:183} INFO - Processing /home/airflow/.local/lib/python3.8/site-packages/airflow/example_dags/example_latest_only_with_trigger.py took 0.079 seconds
[2026-04-28T12:53:07.484+0000] {processor.py:161} INFO - Started process (PID=4587) to work on /home/airflow/.local/lib/python3.8/site-packages/airflow/example_dags/example_latest_only_with_trigger.py
[2026-04-28T12:53:07.485+0000] {processor.py:830} INFO - Processing file /home/airflow/.local/lib/python3.8/site-packages/airflow/example_dags/example_latest_only_with_trigger.py for tasks to queue
[2026-04-28T12:53:07.487+0000] {logging_mixin.py:188} INFO - [2026-04-28T12:53:07.487+0000] {dagbag.py:540} INFO - Filling up the DagBag from /home/airflow/.local/lib/python3.8/site-packages/airflow/example_dags/example_latest_only_with_trigger.py
[2026-04-28T12:53:07.493+0000] {processor.py:840} INFO - DAG(s) 'latest_only_with_trigger' retrieved from /home/airflow/.local/lib/python3.8/site-packages/airflow/example_dags/example_latest_only_with_trigger.py
[2026-04-28T12:53:07.517+0000] {logging_mixin.py:188} INFO - [2026-04-28T12:53:07.517+0000] {dag.py:3047} INFO - Sync 1 DAGs
[2026-04-28T12:53:07.542+0000] {logging_mixin.py:188} INFO - [2026-04-28T12:53:07.541+0000] {dag.py:3834} INFO - Setting next_dagrun for latest_only_with_trigger to 2026-04-28 08:00:00+00:00, run_after=2026-04-28 12:00:00+00:00
[2026-04-28T12:53:07.560+0000] {processor.py:183} INFO - Processing /home/airflow/.local/lib/python3.8/site-packages/airflow/example_dags/example_latest_only_with_trigger.py took 0.080 seconds
[2026-04-28T12:53:38.633+0000] {processor.py:161} INFO - Started process (PID=4643) to work on /home/airflow/.local/lib/python3.8/site-packages/airflow/example_dags/example_latest_only_with_trigger.py
[2026-04-28T12:53:38.641+0000] {processor.py:830} INFO - Processing file /home/airflow/.local/lib/python3.8/site-packages/airflow/example_dags/example_latest_only_with_trigger.py for tasks to queue
[2026-04-28T12:53:38.649+0000] {logging_mixin.py:188} INFO - [2026-04-28T12:53:38.648+0000] {dagbag.py:540} INFO - Filling up the DagBag from /home/airflow/.local/lib/python3.8/site-packages/airflow/example_dags/example_latest_only_with_trigger.py
[2026-04-28T12:53:38.670+0000] {processor.py:840} INFO - DAG(s) 'latest_only_with_trigger' retrieved from /home/airflow/.local/lib/python3.8/site-packages/airflow/example_dags/example_latest_only_with_trigger.py
[2026-04-28T12:53:38.744+0000] {logging_mixin.py:188} INFO - [2026-04-28T12:53:38.744+0000] {dag.py:3047} INFO - Sync 1 DAGs
[2026-04-28T12:53:38.857+0000] {logging_mixin.py:188} INFO - [2026-04-28T12:53:38.857+0000] {dag.py:3834} INFO - Setting next_dagrun for latest_only_with_trigger to 2026-04-28 08:00:00+00:00, run_after=2026-04-28 12:00:00+00:00
[2026-04-28T12:53:38.900+0000] {processor.py:183} INFO - Processing /home/airflow/.local/lib/python3.8/site-packages/airflow/example_dags/example_latest_only_with_trigger.py took 0.282 seconds
[2026-04-28T12:54:09.626+0000] {processor.py:161} INFO - Started process (PID=4699) to work on /home/airflow/.local/lib/python3.8/site-packages/airflow/example_dags/example_latest_only_with_trigger.py
[2026-04-28T12:54:09.627+0000] {processor.py:830} INFO - Processing file /home/airflow/.local/lib/python3.8/site-packages/airflow/example_dags/example_latest_only_with_trigger.py for tasks to queue
[2026-04-28T12:54:09.629+0000] {logging_mixin.py:188} INFO - [2026-04-28T12:54:09.629+0000] {dagbag.py:540} INFO - Filling up the DagBag from /home/airflow/.local/lib/python3.8/site-packages/airflow/example_dags/example_latest_only_with_trigger.py
[2026-04-28T12:54:09.635+0000] {processor.py:840} INFO - DAG(s) 'latest_only_with_trigger' retrieved from /home/airflow/.local/lib/python3.8/site-packages/airflow/example_dags/example_latest_only_with_trigger.py
[2026-04-28T12:54:09.658+0000] {logging_mixin.py:188} INFO - [2026-04-28T12:54:09.658+0000] {dag.py:3047} INFO - Sync 1 DAGs
[2026-04-28T12:54:09.684+0000] {logging_mixin.py:188} INFO - [2026-04-28T12:54:09.684+0000] {dag.py:3834} INFO - Setting next_dagrun for latest_only_with_trigger to 2026-04-28 08:00:00+00:00, run_after=2026-04-28 12:00:00+00:00
[2026-04-28T12:54:09.701+0000] {processor.py:183} INFO - Processing /home/airflow/.local/lib/python3.8/site-packages/airflow/example_dags/example_latest_only_with_trigger.py took 0.079 seconds
[2026-04-28T12:54:39.783+0000] {processor.py:161} INFO - Started process (PID=4755) to work on /home/airflow/.local/lib/python3.8/site-packages/airflow/example_dags/example_latest_only_with_trigger.py
[2026-04-28T12:54:39.784+0000] {processor.py:830} INFO - Processing file /home/airflow/.local/lib/python3.8/site-packages/airflow/example_dags/example_latest_only_with_trigger.py for tasks to queue
[2026-04-28T12:54:39.786+0000] {logging_mixin.py:188} INFO - [2026-04-28T12:54:39.786+0000] {dagbag.py:540} INFO - Filling up the DagBag from /home/airflow/.local/lib/python3.8/site-packages/airflow/example_dags/example_latest_only_with_trigger.py
[2026-04-28T12:54:39.793+0000] {processor.py:840} INFO - DAG(s) 'latest_only_with_trigger' retrieved from /home/airflow/.local/lib/python3.8/site-packages/airflow/example_dags/example_latest_only_with_trigger.py
[2026-04-28T12:54:39.816+0000] {logging_mixin.py:188} INFO - [2026-04-28T12:54:39.816+0000] {dag.py:3047} INFO - Sync 1 DAGs
[2026-04-28T12:54:39.840+0000] {logging_mixin.py:188} INFO - [2026-04-28T12:54:39.840+0000] {dag.py:3834} INFO - Setting next_dagrun for latest_only_with_trigger to 2026-04-28 08:00:00+00:00, run_after=2026-04-28 12:00:00+00:00
[2026-04-28T12:54:39.859+0000] {processor.py:183} INFO - Processing /home/airflow/.local/lib/python3.8/site-packages/airflow/example_dags/example_latest_only_with_trigger.py took 0.080 seconds
[2026-04-28T12:55:10.183+0000] {processor.py:161} INFO - Started process (PID=4811) to work on /home/airflow/.local/lib/python3.8/site-packages/airflow/example_dags/example_latest_only_with_trigger.py
[2026-04-28T12:55:10.186+0000] {processor.py:830} INFO - Processing file /home/airflow/.local/lib/python3.8/site-packages/airflow/example_dags/example_latest_only_with_trigger.py for tasks to queue
[2026-04-28T12:55:10.188+0000] {logging_mixin.py:188} INFO - [2026-04-28T12:55:10.188+0000] {dagbag.py:540} INFO - Filling up the DagBag from /home/airflow/.local/lib/python3.8/site-packages/airflow/example_dags/example_latest_only_with_trigger.py
[2026-04-28T12:55:10.195+0000] {processor.py:840} INFO - DAG(s) 'latest_only_with_trigger' retrieved from /home/airflow/.local/lib/python3.8/site-packages/airflow/example_dags/example_latest_only_with_trigger.py
[2026-04-28T12:55:10.217+0000] {logging_mixin.py:188} INFO - [2026-04-28T12:55:10.217+0000] {dag.py:3047} INFO - Sync 1 DAGs
[2026-04-28T12:55:10.241+0000] {logging_mixin.py:188} INFO - [2026-04-28T12:55:10.241+0000] {dag.py:3834} INFO - Setting next_dagrun for latest_only_with_trigger to 2026-04-28 08:00:00+00:00, run_after=2026-04-28 12:00:00+00:00
[2026-04-28T12:55:10.260+0000] {processor.py:183} INFO - Processing /home/airflow/.local/lib/python3.8/site-packages/airflow/example_dags/example_latest_only_with_trigger.py took 0.081 seconds
[2026-04-28T12:55:41.253+0000] {processor.py:161} INFO - Started process (PID=4868) to work on /home/airflow/.local/lib/python3.8/site-packages/airflow/example_dags/example_latest_only_with_trigger.py
[2026-04-28T12:55:41.254+0000] {processor.py:830} INFO - Processing file /home/airflow/.local/lib/python3.8/site-packages/airflow/example_dags/example_latest_only_with_trigger.py for tasks to queue
[2026-04-28T12:55:41.256+0000] {logging_mixin.py:188} INFO - [2026-04-28T12:55:41.255+0000] {dagbag.py:540} INFO - Filling up the DagBag from /home/airflow/.local/lib/python3.8/site-packages/airflow/example_dags/example_latest_only_with_trigger.py
[2026-04-28T12:55:41.262+0000] {processor.py:840} INFO - DAG(s) 'latest_only_with_trigger' retrieved from /home/airflow/.local/lib/python3.8/site-packages/airflow/example_dags/example_latest_only_with_trigger.py
[2026-04-28T12:55:41.286+0000] {logging_mixin.py:188} INFO - [2026-04-28T12:55:41.286+0000] {dag.py:3047} INFO - Sync 1 DAGs
[2026-04-28T12:55:41.309+0000] {logging_mixin.py:188} INFO - [2026-04-28T12:55:41.309+0000] {dag.py:3834} INFO - Setting next_dagrun for latest_only_with_trigger to 2026-04-28 08:00:00+00:00, run_after=2026-04-28 12:00:00+00:00
[2026-04-28T12:55:41.327+0000] {processor.py:183} INFO - Processing /home/airflow/.local/lib/python3.8/site-packages/airflow/example_dags/example_latest_only_with_trigger.py took 0.078 seconds
[2026-04-28T12:56:11.439+0000] {processor.py:161} INFO - Started process (PID=4923) to work on /home/airflow/.local/lib/python3.8/site-packages/airflow/example_dags/example_latest_only_with_trigger.py
[2026-04-28T12:56:11.440+0000] {processor.py:830} INFO - Processing file /home/airflow/.local/lib/python3.8/site-packages/airflow/example_dags/example_latest_only_with_trigger.py for tasks to queue
[2026-04-28T12:56:11.442+0000] {logging_mixin.py:188} INFO - [2026-04-28T12:56:11.441+0000] {dagbag.py:540} INFO - Filling up the DagBag from /home/airflow/.local/lib/python3.8/site-packages/airflow/example_dags/example_latest_only_with_trigger.py
[2026-04-28T12:56:11.449+0000] {processor.py:840} INFO - DAG(s) 'latest_only_with_trigger' retrieved from /home/airflow/.local/lib/python3.8/site-packages/airflow/example_dags/example_latest_only_with_trigger.py
[2026-04-28T12:56:11.472+0000] {logging_mixin.py:188} INFO - [2026-04-28T12:56:11.472+0000] {dag.py:3047} INFO - Sync 1 DAGs
[2026-04-28T12:56:11.496+0000] {logging_mixin.py:188} INFO - [2026-04-28T12:56:11.495+0000] {dag.py:3834} INFO - Setting next_dagrun for latest_only_with_trigger to 2026-04-28 08:00:00+00:00, run_after=2026-04-28 12:00:00+00:00
[2026-04-28T12:56:11.512+0000] {processor.py:183} INFO - Processing /home/airflow/.local/lib/python3.8/site-packages/airflow/example_dags/example_latest_only_with_trigger.py took 0.078 seconds
[2026-04-28T12:56:41.633+0000] {processor.py:161} INFO - Started process (PID=4979) to work on /home/airflow/.local/lib/python3.8/site-packages/airflow/example_dags/example_latest_only_with_trigger.py
[2026-04-28T12:56:41.634+0000] {processor.py:830} INFO - Processing file /home/airflow/.local/lib/python3.8/site-packages/airflow/example_dags/example_latest_only_with_trigger.py for tasks to queue
[2026-04-28T12:56:41.636+0000] {logging_mixin.py:188} INFO - [2026-04-28T12:56:41.636+0000] {dagbag.py:540} INFO - Filling up the DagBag from /home/airflow/.local/lib/python3.8/site-packages/airflow/example_dags/example_latest_only_with_trigger.py
[2026-04-28T12:56:41.643+0000] {processor.py:840} INFO - DAG(s) 'latest_only_with_trigger' retrieved from /home/airflow/.local/lib/python3.8/site-packages/airflow/example_dags/example_latest_only_with_trigger.py
[2026-04-28T12:56:41.695+0000] {logging_mixin.py:188} INFO - [2026-04-28T12:56:41.695+0000] {dag.py:3047} INFO - Sync 1 DAGs
[2026-04-28T12:56:41.741+0000] {logging_mixin.py:188} INFO - [2026-04-28T12:56:41.739+0000] {dag.py:3834} INFO - Setting next_dagrun for latest_only_with_trigger to 2026-04-28 08:00:00+00:00, run_after=2026-04-28 12:00:00+00:00
[2026-04-28T12:56:41.804+0000] {processor.py:183} INFO - Processing /home/airflow/.local/lib/python3.8/site-packages/airflow/example_dags/example_latest_only_with_trigger.py took 0.174 seconds
[2026-04-28T12:57:12.744+0000] {processor.py:161} INFO - Started process (PID=5035) to work on /home/airflow/.local/lib/python3.8/site-packages/airflow/example_dags/example_latest_only_with_trigger.py
[2026-04-28T12:57:12.746+0000] {processor.py:830} INFO - Processing file /home/airflow/.local/lib/python3.8/site-packages/airflow/example_dags/example_latest_only_with_trigger.py for tasks to queue
[2026-04-28T12:57:12.751+0000] {logging_mixin.py:188} INFO - [2026-04-28T12:57:12.750+0000] {dagbag.py:540} INFO - Filling up the DagBag from /home/airflow/.local/lib/python3.8/site-packages/airflow/example_dags/example_latest_only_with_trigger.py
[2026-04-28T12:57:12.767+0000] {processor.py:840} INFO - DAG(s) 'latest_only_with_trigger' retrieved from /home/airflow/.local/lib/python3.8/site-packages/airflow/example_dags/example_latest_only_with_trigger.py
[2026-04-28T12:57:12.791+0000] {logging_mixin.py:188} INFO - [2026-04-28T12:57:12.791+0000] {dag.py:3047} INFO - Sync 1 DAGs
[2026-04-28T12:57:12.816+0000] {logging_mixin.py:188} INFO - [2026-04-28T12:57:12.815+0000] {dag.py:3834} INFO - Setting next_dagrun for latest_only_with_trigger to 2026-04-28 08:00:00+00:00, run_after=2026-04-28 12:00:00+00:00
[2026-04-28T12:57:12.849+0000] {processor.py:183} INFO - Processing /home/airflow/.local/lib/python3.8/site-packages/airflow/example_dags/example_latest_only_with_trigger.py took 0.117 seconds
[2026-04-28T12:57:43.471+0000] {processor.py:161} INFO - Started process (PID=5091) to work on /home/airflow/.local/lib/python3.8/site-packages/airflow/example_dags/example_latest_only_with_trigger.py
[2026-04-28T12:57:43.475+0000] {processor.py:830} INFO - Processing file /home/airflow/.local/lib/python3.8/site-packages/airflow/example_dags/example_latest_only_with_trigger.py for tasks to queue
[2026-04-28T12:57:43.480+0000] {logging_mixin.py:188} INFO - [2026-04-28T12:57:43.479+0000] {dagbag.py:540} INFO - Filling up the DagBag from /home/airflow/.local/lib/python3.8/site-packages/airflow/example_dags/example_latest_only_with_trigger.py
[2026-04-28T12:57:43.499+0000] {processor.py:840} INFO - DAG(s) 'latest_only_with_trigger' retrieved from /home/airflow/.local/lib/python3.8/site-packages/airflow/example_dags/example_latest_only_with_trigger.py
[2026-04-28T12:57:43.549+0000] {logging_mixin.py:188} INFO - [2026-04-28T12:57:43.548+0000] {dag.py:3047} INFO - Sync 1 DAGs
[2026-04-28T12:57:43.596+0000] {logging_mixin.py:188} INFO - [2026-04-28T12:57:43.596+0000] {dag.py:3834} INFO - Setting next_dagrun for latest_only_with_trigger to 2026-04-28 08:00:00+00:00, run_after=2026-04-28 12:00:00+00:00
[2026-04-28T12:57:43.633+0000] {processor.py:183} INFO - Processing /home/airflow/.local/lib/python3.8/site-packages/airflow/example_dags/example_latest_only_with_trigger.py took 0.166 seconds
[2026-04-28T12:58:13.783+0000] {processor.py:161} INFO - Started process (PID=5146) to work on /home/airflow/.local/lib/python3.8/site-packages/airflow/example_dags/example_latest_only_with_trigger.py
[2026-04-28T12:58:13.784+0000] {processor.py:830} INFO - Processing file /home/airflow/.local/lib/python3.8/site-packages/airflow/example_dags/example_latest_only_with_trigger.py for tasks to queue
[2026-04-28T12:58:13.786+0000] {logging_mixin.py:188} INFO - [2026-04-28T12:58:13.786+0000] {dagbag.py:540} INFO - Filling up the DagBag from /home/airflow/.local/lib/python3.8/site-packages/airflow/example_dags/example_latest_only_with_trigger.py
[2026-04-28T12:58:13.793+0000] {processor.py:840} INFO - DAG(s) 'latest_only_with_trigger' retrieved from /home/airflow/.local/lib/python3.8/site-packages/airflow/example_dags/example_latest_only_with_trigger.py
[2026-04-28T12:58:13.816+0000] {logging_mixin.py:188} INFO - [2026-04-28T12:58:13.816+0000] {dag.py:3047} INFO - Sync 1 DAGs
[2026-04-28T12:58:13.839+0000] {logging_mixin.py:188} INFO - [2026-04-28T12:58:13.839+0000] {dag.py:3834} INFO - Setting next_dagrun for latest_only_with_trigger to 2026-04-28 08:00:00+00:00, run_after=2026-04-28 12:00:00+00:00
[2026-04-28T12:58:13.880+0000] {processor.py:183} INFO - Processing /home/airflow/.local/lib/python3.8/site-packages/airflow/example_dags/example_latest_only_with_trigger.py took 0.101 seconds
[2026-04-28T12:58:44.176+0000] {processor.py:161} INFO - Started process (PID=5202) to work on /home/airflow/.local/lib/python3.8/site-packages/airflow/example_dags/example_latest_only_with_trigger.py
[2026-04-28T12:58:44.177+0000] {processor.py:830} INFO - Processing file /home/airflow/.local/lib/python3.8/site-packages/airflow/example_dags/example_latest_only_with_trigger.py for tasks to queue
[2026-04-28T12:58:44.179+0000] {logging_mixin.py:188} INFO - [2026-04-28T12:58:44.179+0000] {dagbag.py:540} INFO - Filling up the DagBag from /home/airflow/.local/lib/python3.8/site-packages/airflow/example_dags/example_latest_only_with_trigger.py
[2026-04-28T12:58:44.186+0000] {processor.py:840} INFO - DAG(s) 'latest_only_with_trigger' retrieved from /home/airflow/.local/lib/python3.8/site-packages/airflow/example_dags/example_latest_only_with_trigger.py
[2026-04-28T12:58:44.209+0000] {logging_mixin.py:188} INFO - [2026-04-28T12:58:44.208+0000] {dag.py:3047} INFO - Sync 1 DAGs
[2026-04-28T12:58:44.231+0000] {logging_mixin.py:188} INFO - [2026-04-28T12:58:44.231+0000] {dag.py:3834} INFO - Setting next_dagrun for latest_only_with_trigger to 2026-04-28 08:00:00+00:00, run_after=2026-04-28 12:00:00+00:00
[2026-04-28T12:58:44.248+0000] {processor.py:183} INFO - Processing /home/airflow/.local/lib/python3.8/site-packages/airflow/example_dags/example_latest_only_with_trigger.py took 0.076 seconds
[2026-04-28T12:59:15.130+0000] {processor.py:161} INFO - Started process (PID=5258) to work on /home/airflow/.local/lib/python3.8/site-packages/airflow/example_dags/example_latest_only_with_trigger.py
[2026-04-28T12:59:15.131+0000] {processor.py:830} INFO - Processing file /home/airflow/.local/lib/python3.8/site-packages/airflow/example_dags/example_latest_only_with_trigger.py for tasks to queue
[2026-04-28T12:59:15.133+0000] {logging_mixin.py:188} INFO - [2026-04-28T12:59:15.133+0000] {dagbag.py:540} INFO - Filling up the DagBag from /home/airflow/.local/lib/python3.8/site-packages/airflow/example_dags/example_latest_only_with_trigger.py
[2026-04-28T12:59:15.139+0000] {processor.py:840} INFO - DAG(s) 'latest_only_with_trigger' retrieved from /home/airflow/.local/lib/python3.8/site-packages/airflow/example_dags/example_latest_only_with_trigger.py
[2026-04-28T12:59:15.162+0000] {logging_mixin.py:188} INFO - [2026-04-28T12:59:15.162+0000] {dag.py:3047} INFO - Sync 1 DAGs
[2026-04-28T12:59:15.186+0000] {logging_mixin.py:188} INFO - [2026-04-28T12:59:15.186+0000] {dag.py:3834} INFO - Setting next_dagrun for latest_only_with_trigger to 2026-04-28 08:00:00+00:00, run_after=2026-04-28 12:00:00+00:00
[2026-04-28T12:59:15.203+0000] {processor.py:183} INFO - Processing /home/airflow/.local/lib/python3.8/site-packages/airflow/example_dags/example_latest_only_with_trigger.py took 0.077 seconds
[2026-04-28T12:59:45.645+0000] {processor.py:161} INFO - Started process (PID=5314) to work on /home/airflow/.local/lib/python3.8/site-packages/airflow/example_dags/example_latest_only_with_trigger.py
[2026-04-28T12:59:45.646+0000] {processor.py:830} INFO - Processing file /home/airflow/.local/lib/python3.8/site-packages/airflow/example_dags/example_latest_only_with_trigger.py for tasks to queue
[2026-04-28T12:59:45.649+0000] {logging_mixin.py:188} INFO - [2026-04-28T12:59:45.648+0000] {dagbag.py:540} INFO - Filling up the DagBag from /home/airflow/.local/lib/python3.8/site-packages/airflow/example_dags/example_latest_only_with_trigger.py
[2026-04-28T12:59:45.656+0000] {processor.py:840} INFO - DAG(s) 'latest_only_with_trigger' retrieved from /home/airflow/.local/lib/python3.8/site-packages/airflow/example_dags/example_latest_only_with_trigger.py
[2026-04-28T12:59:45.678+0000] {logging_mixin.py:188} INFO - [2026-04-28T12:59:45.678+0000] {dag.py:3047} INFO - Sync 1 DAGs
[2026-04-28T12:59:45.705+0000] {logging_mixin.py:188} INFO - [2026-04-28T12:59:45.705+0000] {dag.py:3834} INFO - Setting next_dagrun for latest_only_with_trigger to 2026-04-28 08:00:00+00:00, run_after=2026-04-28 12:00:00+00:00
[2026-04-28T12:59:45.722+0000] {processor.py:183} INFO - Processing /home/airflow/.local/lib/python3.8/site-packages/airflow/example_dags/example_latest_only_with_trigger.py took 0.081 seconds
[2026-04-28T13:00:16.178+0000] {processor.py:161} INFO - Started process (PID=5370) to work on /home/airflow/.local/lib/python3.8/site-packages/airflow/example_dags/example_latest_only_with_trigger.py
[2026-04-28T13:00:16.180+0000] {processor.py:830} INFO - Processing file /home/airflow/.local/lib/python3.8/site-packages/airflow/example_dags/example_latest_only_with_trigger.py for tasks to queue
[2026-04-28T13:00:16.184+0000] {logging_mixin.py:188} INFO - [2026-04-28T13:00:16.184+0000] {dagbag.py:540} INFO - Filling up the DagBag from /home/airflow/.local/lib/python3.8/site-packages/airflow/example_dags/example_latest_only_with_trigger.py
[2026-04-28T13:00:16.191+0000] {processor.py:840} INFO - DAG(s) 'latest_only_with_trigger' retrieved from /home/airflow/.local/lib/python3.8/site-packages/airflow/example_dags/example_latest_only_with_trigger.py
[2026-04-28T13:00:16.214+0000] {logging_mixin.py:188} INFO - [2026-04-28T13:00:16.214+0000] {dag.py:3047} INFO - Sync 1 DAGs
[2026-04-28T13:00:16.237+0000] {logging_mixin.py:188} INFO - [2026-04-28T13:00:16.236+0000] {dag.py:3834} INFO - Setting next_dagrun for latest_only_with_trigger to 2026-04-28 08:00:00+00:00, run_after=2026-04-28 12:00:00+00:00
[2026-04-28T13:00:16.255+0000] {processor.py:183} INFO - Processing /home/airflow/.local/lib/python3.8/site-packages/airflow/example_dags/example_latest_only_with_trigger.py took 0.080 seconds
[2026-04-28T13:00:46.938+0000] {processor.py:161} INFO - Started process (PID=5425) to work on /home/airflow/.local/lib/python3.8/site-packages/airflow/example_dags/example_latest_only_with_trigger.py
[2026-04-28T13:00:46.940+0000] {processor.py:830} INFO - Processing file /home/airflow/.local/lib/python3.8/site-packages/airflow/example_dags/example_latest_only_with_trigger.py for tasks to queue
[2026-04-28T13:00:46.942+0000] {logging_mixin.py:188} INFO - [2026-04-28T13:00:46.941+0000] {dagbag.py:540} INFO - Filling up the DagBag from /home/airflow/.local/lib/python3.8/site-packages/airflow/example_dags/example_latest_only_with_trigger.py
[2026-04-28T13:00:46.949+0000] {processor.py:840} INFO - DAG(s) 'latest_only_with_trigger' retrieved from /home/airflow/.local/lib/python3.8/site-packages/airflow/example_dags/example_latest_only_with_trigger.py
[2026-04-28T13:00:46.982+0000] {logging_mixin.py:188} INFO - [2026-04-28T13:00:46.982+0000] {dag.py:3047} INFO - Sync 1 DAGs
[2026-04-28T13:00:47.004+0000] {logging_mixin.py:188} INFO - [2026-04-28T13:00:47.004+0000] {dag.py:3834} INFO - Setting next_dagrun for latest_only_with_trigger to 2026-04-28 08:00:00+00:00, run_after=2026-04-28 12:00:00+00:00
[2026-04-28T13:00:47.021+0000] {processor.py:183} INFO - Processing /home/airflow/.local/lib/python3.8/site-packages/airflow/example_dags/example_latest_only_with_trigger.py took 0.087 seconds
[2026-04-28T13:01:17.161+0000] {processor.py:161} INFO - Started process (PID=5481) to work on /home/airflow/.local/lib/python3.8/site-packages/airflow/example_dags/example_latest_only_with_trigger.py
[2026-04-28T13:01:17.163+0000] {processor.py:830} INFO - Processing file /home/airflow/.local/lib/python3.8/site-packages/airflow/example_dags/example_latest_only_with_trigger.py for tasks to queue
[2026-04-28T13:01:17.166+0000] {logging_mixin.py:188} INFO - [2026-04-28T13:01:17.165+0000] {dagbag.py:540} INFO - Filling up the DagBag from /home/airflow/.local/lib/python3.8/site-packages/airflow/example_dags/example_latest_only_with_trigger.py
[2026-04-28T13:01:17.172+0000] {processor.py:840} INFO - DAG(s) 'latest_only_with_trigger' retrieved from /home/airflow/.local/lib/python3.8/site-packages/airflow/example_dags/example_latest_only_with_trigger.py
[2026-04-28T13:01:17.195+0000] {logging_mixin.py:188} INFO - [2026-04-28T13:01:17.195+0000] {dag.py:3047} INFO - Sync 1 DAGs
[2026-04-28T13:01:17.218+0000] {logging_mixin.py:188} INFO - [2026-04-28T13:01:17.218+0000] {dag.py:3834} INFO - Setting next_dagrun for latest_only_with_trigger to 2026-04-28 08:00:00+00:00, run_after=2026-04-28 12:00:00+00:00
[2026-04-28T13:01:17.235+0000] {processor.py:183} INFO - Processing /home/airflow/.local/lib/python3.8/site-packages/airflow/example_dags/example_latest_only_with_trigger.py took 0.079 seconds
[2026-04-28T13:01:47.416+0000] {processor.py:161} INFO - Started process (PID=5537) to work on /home/airflow/.local/lib/python3.8/site-packages/airflow/example_dags/example_latest_only_with_trigger.py
[2026-04-28T13:01:47.417+0000] {processor.py:830} INFO - Processing file /home/airflow/.local/lib/python3.8/site-packages/airflow/example_dags/example_latest_only_with_trigger.py for tasks to queue
[2026-04-28T13:01:47.419+0000] {logging_mixin.py:188} INFO - [2026-04-28T13:01:47.419+0000] {dagbag.py:540} INFO - Filling up the DagBag from /home/airflow/.local/lib/python3.8/site-packages/airflow/example_dags/example_latest_only_with_trigger.py
[2026-04-28T13:01:47.426+0000] {processor.py:840} INFO - DAG(s) 'latest_only_with_trigger' retrieved from /home/airflow/.local/lib/python3.8/site-packages/airflow/example_dags/example_latest_only_with_trigger.py
[2026-04-28T13:01:47.448+0000] {logging_mixin.py:188} INFO - [2026-04-28T13:01:47.448+0000] {dag.py:3047} INFO - Sync 1 DAGs
[2026-04-28T13:01:47.474+0000] {logging_mixin.py:188} INFO - [2026-04-28T13:01:47.472+0000] {dag.py:3834} INFO - Setting next_dagrun for latest_only_with_trigger to 2026-04-28 08:00:00+00:00, run_after=2026-04-28 12:00:00+00:00
[2026-04-28T13:01:47.491+0000] {processor.py:183} INFO - Processing /home/airflow/.local/lib/python3.8/site-packages/airflow/example_dags/example_latest_only_with_trigger.py took 0.078 seconds
[2026-04-28T13:02:17.766+0000] {processor.py:161} INFO - Started process (PID=5593) to work on /home/airflow/.local/lib/python3.8/site-packages/airflow/example_dags/example_latest_only_with_trigger.py
[2026-04-28T13:02:17.767+0000] {processor.py:830} INFO - Processing file /home/airflow/.local/lib/python3.8/site-packages/airflow/example_dags/example_latest_only_with_trigger.py for tasks to queue
[2026-04-28T13:02:17.770+0000] {logging_mixin.py:188} INFO - [2026-04-28T13:02:17.769+0000] {dagbag.py:540} INFO - Filling up the DagBag from /home/airflow/.local/lib/python3.8/site-packages/airflow/example_dags/example_latest_only_with_trigger.py
[2026-04-28T13:02:17.776+0000] {processor.py:840} INFO - DAG(s) 'latest_only_with_trigger' retrieved from /home/airflow/.local/lib/python3.8/site-packages/airflow/example_dags/example_latest_only_with_trigger.py
[2026-04-28T13:02:17.800+0000] {logging_mixin.py:188} INFO - [2026-04-28T13:02:17.800+0000] {dag.py:3047} INFO - Sync 1 DAGs
[2026-04-28T13:02:17.823+0000] {logging_mixin.py:188} INFO - [2026-04-28T13:02:17.823+0000] {dag.py:3834} INFO - Setting next_dagrun for latest_only_with_trigger to 2026-04-28 08:00:00+00:00, run_after=2026-04-28 12:00:00+00:00
[2026-04-28T13:02:17.842+0000] {processor.py:183} INFO - Processing /home/airflow/.local/lib/python3.8/site-packages/airflow/example_dags/example_latest_only_with_trigger.py took 0.081 seconds
