[2026-04-28T12:11:45.738+0000] {processor.py:161} INFO - Started process (PID=64) to work on /home/airflow/.local/lib/python3.8/site-packages/airflow/example_dags/example_python_decorator.py
[2026-04-28T12:11:45.742+0000] {processor.py:830} INFO - Processing file /home/airflow/.local/lib/python3.8/site-packages/airflow/example_dags/example_python_decorator.py for tasks to queue
[2026-04-28T12:11:45.745+0000] {logging_mixin.py:188} INFO - [2026-04-28T12:11:45.745+0000] {dagbag.py:540} INFO - Filling up the DagBag from /home/airflow/.local/lib/python3.8/site-packages/airflow/example_dags/example_python_decorator.py
[2026-04-28T12:11:45.820+0000] {processor.py:840} INFO - DAG(s) 'example_python_decorator' retrieved from /home/airflow/.local/lib/python3.8/site-packages/airflow/example_dags/example_python_decorator.py
[2026-04-28T12:11:46.282+0000] {logging_mixin.py:188} INFO - [2026-04-28T12:11:46.281+0000] {dag.py:3047} INFO - Sync 1 DAGs
[2026-04-28T12:11:46.334+0000] {logging_mixin.py:188} INFO - [2026-04-28T12:11:46.334+0000] {dag.py:3834} INFO - Setting next_dagrun for example_python_decorator to None, run_after=None
[2026-04-28T12:11:46.454+0000] {processor.py:183} INFO - Processing /home/airflow/.local/lib/python3.8/site-packages/airflow/example_dags/example_python_decorator.py took 0.726 seconds
[2026-04-28T12:12:16.838+0000] {processor.py:161} INFO - Started process (PID=119) to work on /home/airflow/.local/lib/python3.8/site-packages/airflow/example_dags/example_python_decorator.py
[2026-04-28T12:12:16.839+0000] {processor.py:830} INFO - Processing file /home/airflow/.local/lib/python3.8/site-packages/airflow/example_dags/example_python_decorator.py for tasks to queue
[2026-04-28T12:12:16.841+0000] {logging_mixin.py:188} INFO - [2026-04-28T12:12:16.840+0000] {dagbag.py:540} INFO - Filling up the DagBag from /home/airflow/.local/lib/python3.8/site-packages/airflow/example_dags/example_python_decorator.py
[2026-04-28T12:12:16.856+0000] {processor.py:840} INFO - DAG(s) 'example_python_decorator' retrieved from /home/airflow/.local/lib/python3.8/site-packages/airflow/example_dags/example_python_decorator.py
[2026-04-28T12:12:16.884+0000] {logging_mixin.py:188} INFO - [2026-04-28T12:12:16.883+0000] {dag.py:3047} INFO - Sync 1 DAGs
[2026-04-28T12:12:16.899+0000] {logging_mixin.py:188} INFO - [2026-04-28T12:12:16.898+0000] {dag.py:3834} INFO - Setting next_dagrun for example_python_decorator to None, run_after=None
[2026-04-28T12:12:16.916+0000] {processor.py:183} INFO - Processing /home/airflow/.local/lib/python3.8/site-packages/airflow/example_dags/example_python_decorator.py took 0.083 seconds
[2026-04-28T12:12:46.941+0000] {processor.py:161} INFO - Started process (PID=173) to work on /home/airflow/.local/lib/python3.8/site-packages/airflow/example_dags/example_python_decorator.py
[2026-04-28T12:12:46.942+0000] {processor.py:830} INFO - Processing file /home/airflow/.local/lib/python3.8/site-packages/airflow/example_dags/example_python_decorator.py for tasks to queue
[2026-04-28T12:12:46.944+0000] {logging_mixin.py:188} INFO - [2026-04-28T12:12:46.943+0000] {dagbag.py:540} INFO - Filling up the DagBag from /home/airflow/.local/lib/python3.8/site-packages/airflow/example_dags/example_python_decorator.py
[2026-04-28T12:12:46.954+0000] {processor.py:840} INFO - DAG(s) 'example_python_decorator' retrieved from /home/airflow/.local/lib/python3.8/site-packages/airflow/example_dags/example_python_decorator.py
[2026-04-28T12:12:46.971+0000] {logging_mixin.py:188} INFO - [2026-04-28T12:12:46.971+0000] {dag.py:3047} INFO - Sync 1 DAGs
[2026-04-28T12:12:46.981+0000] {logging_mixin.py:188} INFO - [2026-04-28T12:12:46.981+0000] {dag.py:3834} INFO - Setting next_dagrun for example_python_decorator to None, run_after=None
[2026-04-28T12:12:46.997+0000] {processor.py:183} INFO - Processing /home/airflow/.local/lib/python3.8/site-packages/airflow/example_dags/example_python_decorator.py took 0.059 seconds
[2026-04-28T12:13:17.463+0000] {processor.py:161} INFO - Started process (PID=229) to work on /home/airflow/.local/lib/python3.8/site-packages/airflow/example_dags/example_python_decorator.py
[2026-04-28T12:13:17.464+0000] {processor.py:830} INFO - Processing file /home/airflow/.local/lib/python3.8/site-packages/airflow/example_dags/example_python_decorator.py for tasks to queue
[2026-04-28T12:13:17.466+0000] {logging_mixin.py:188} INFO - [2026-04-28T12:13:17.466+0000] {dagbag.py:540} INFO - Filling up the DagBag from /home/airflow/.local/lib/python3.8/site-packages/airflow/example_dags/example_python_decorator.py
[2026-04-28T12:13:17.482+0000] {processor.py:840} INFO - DAG(s) 'example_python_decorator' retrieved from /home/airflow/.local/lib/python3.8/site-packages/airflow/example_dags/example_python_decorator.py
[2026-04-28T12:13:17.505+0000] {logging_mixin.py:188} INFO - [2026-04-28T12:13:17.505+0000] {dag.py:3047} INFO - Sync 1 DAGs
[2026-04-28T12:13:17.520+0000] {logging_mixin.py:188} INFO - [2026-04-28T12:13:17.520+0000] {dag.py:3834} INFO - Setting next_dagrun for example_python_decorator to None, run_after=None
[2026-04-28T12:13:17.538+0000] {processor.py:183} INFO - Processing /home/airflow/.local/lib/python3.8/site-packages/airflow/example_dags/example_python_decorator.py took 0.079 seconds
[2026-04-28T12:13:48.034+0000] {processor.py:161} INFO - Started process (PID=284) to work on /home/airflow/.local/lib/python3.8/site-packages/airflow/example_dags/example_python_decorator.py
[2026-04-28T12:13:48.035+0000] {processor.py:830} INFO - Processing file /home/airflow/.local/lib/python3.8/site-packages/airflow/example_dags/example_python_decorator.py for tasks to queue
[2026-04-28T12:13:48.037+0000] {logging_mixin.py:188} INFO - [2026-04-28T12:13:48.037+0000] {dagbag.py:540} INFO - Filling up the DagBag from /home/airflow/.local/lib/python3.8/site-packages/airflow/example_dags/example_python_decorator.py
[2026-04-28T12:13:48.052+0000] {processor.py:840} INFO - DAG(s) 'example_python_decorator' retrieved from /home/airflow/.local/lib/python3.8/site-packages/airflow/example_dags/example_python_decorator.py
[2026-04-28T12:13:48.077+0000] {logging_mixin.py:188} INFO - [2026-04-28T12:13:48.076+0000] {dag.py:3047} INFO - Sync 1 DAGs
[2026-04-28T12:13:48.090+0000] {logging_mixin.py:188} INFO - [2026-04-28T12:13:48.090+0000] {dag.py:3834} INFO - Setting next_dagrun for example_python_decorator to None, run_after=None
[2026-04-28T12:13:48.108+0000] {processor.py:183} INFO - Processing /home/airflow/.local/lib/python3.8/site-packages/airflow/example_dags/example_python_decorator.py took 0.078 seconds
[2026-04-28T12:14:18.528+0000] {processor.py:161} INFO - Started process (PID=339) to work on /home/airflow/.local/lib/python3.8/site-packages/airflow/example_dags/example_python_decorator.py
[2026-04-28T12:14:18.529+0000] {processor.py:830} INFO - Processing file /home/airflow/.local/lib/python3.8/site-packages/airflow/example_dags/example_python_decorator.py for tasks to queue
[2026-04-28T12:14:18.531+0000] {logging_mixin.py:188} INFO - [2026-04-28T12:14:18.531+0000] {dagbag.py:540} INFO - Filling up the DagBag from /home/airflow/.local/lib/python3.8/site-packages/airflow/example_dags/example_python_decorator.py
[2026-04-28T12:14:18.561+0000] {processor.py:840} INFO - DAG(s) 'example_python_decorator' retrieved from /home/airflow/.local/lib/python3.8/site-packages/airflow/example_dags/example_python_decorator.py
[2026-04-28T12:14:18.605+0000] {logging_mixin.py:188} INFO - [2026-04-28T12:14:18.604+0000] {dag.py:3047} INFO - Sync 1 DAGs
[2026-04-28T12:14:18.624+0000] {logging_mixin.py:188} INFO - [2026-04-28T12:14:18.624+0000] {dag.py:3834} INFO - Setting next_dagrun for example_python_decorator to None, run_after=None
[2026-04-28T12:14:18.643+0000] {processor.py:183} INFO - Processing /home/airflow/.local/lib/python3.8/site-packages/airflow/example_dags/example_python_decorator.py took 0.119 seconds
[2026-04-28T12:14:49.138+0000] {processor.py:161} INFO - Started process (PID=394) to work on /home/airflow/.local/lib/python3.8/site-packages/airflow/example_dags/example_python_decorator.py
[2026-04-28T12:14:49.143+0000] {processor.py:830} INFO - Processing file /home/airflow/.local/lib/python3.8/site-packages/airflow/example_dags/example_python_decorator.py for tasks to queue
[2026-04-28T12:14:49.147+0000] {logging_mixin.py:188} INFO - [2026-04-28T12:14:49.147+0000] {dagbag.py:540} INFO - Filling up the DagBag from /home/airflow/.local/lib/python3.8/site-packages/airflow/example_dags/example_python_decorator.py
[2026-04-28T12:14:49.172+0000] {processor.py:840} INFO - DAG(s) 'example_python_decorator' retrieved from /home/airflow/.local/lib/python3.8/site-packages/airflow/example_dags/example_python_decorator.py
[2026-04-28T12:14:49.237+0000] {logging_mixin.py:188} INFO - [2026-04-28T12:14:49.237+0000] {dag.py:3047} INFO - Sync 1 DAGs
[2026-04-28T12:14:49.302+0000] {logging_mixin.py:188} INFO - [2026-04-28T12:14:49.300+0000] {dag.py:3834} INFO - Setting next_dagrun for example_python_decorator to None, run_after=None
[2026-04-28T12:14:49.351+0000] {processor.py:183} INFO - Processing /home/airflow/.local/lib/python3.8/site-packages/airflow/example_dags/example_python_decorator.py took 0.222 seconds
[2026-04-28T12:15:20.299+0000] {processor.py:161} INFO - Started process (PID=449) to work on /home/airflow/.local/lib/python3.8/site-packages/airflow/example_dags/example_python_decorator.py
[2026-04-28T12:15:20.301+0000] {processor.py:830} INFO - Processing file /home/airflow/.local/lib/python3.8/site-packages/airflow/example_dags/example_python_decorator.py for tasks to queue
[2026-04-28T12:15:20.305+0000] {logging_mixin.py:188} INFO - [2026-04-28T12:15:20.304+0000] {dagbag.py:540} INFO - Filling up the DagBag from /home/airflow/.local/lib/python3.8/site-packages/airflow/example_dags/example_python_decorator.py
[2026-04-28T12:15:20.329+0000] {processor.py:840} INFO - DAG(s) 'example_python_decorator' retrieved from /home/airflow/.local/lib/python3.8/site-packages/airflow/example_dags/example_python_decorator.py
[2026-04-28T12:15:20.359+0000] {logging_mixin.py:188} INFO - [2026-04-28T12:15:20.359+0000] {dag.py:3047} INFO - Sync 1 DAGs
[2026-04-28T12:15:20.375+0000] {logging_mixin.py:188} INFO - [2026-04-28T12:15:20.375+0000] {dag.py:3834} INFO - Setting next_dagrun for example_python_decorator to None, run_after=None
[2026-04-28T12:15:20.402+0000] {processor.py:183} INFO - Processing /home/airflow/.local/lib/python3.8/site-packages/airflow/example_dags/example_python_decorator.py took 0.110 seconds
[2026-04-28T12:15:50.704+0000] {processor.py:161} INFO - Started process (PID=503) to work on /home/airflow/.local/lib/python3.8/site-packages/airflow/example_dags/example_python_decorator.py
[2026-04-28T12:15:50.711+0000] {processor.py:830} INFO - Processing file /home/airflow/.local/lib/python3.8/site-packages/airflow/example_dags/example_python_decorator.py for tasks to queue
[2026-04-28T12:15:50.717+0000] {logging_mixin.py:188} INFO - [2026-04-28T12:15:50.717+0000] {dagbag.py:540} INFO - Filling up the DagBag from /home/airflow/.local/lib/python3.8/site-packages/airflow/example_dags/example_python_decorator.py
[2026-04-28T12:15:50.768+0000] {processor.py:840} INFO - DAG(s) 'example_python_decorator' retrieved from /home/airflow/.local/lib/python3.8/site-packages/airflow/example_dags/example_python_decorator.py
[2026-04-28T12:15:50.815+0000] {logging_mixin.py:188} INFO - [2026-04-28T12:15:50.815+0000] {dag.py:3047} INFO - Sync 1 DAGs
[2026-04-28T12:15:50.844+0000] {logging_mixin.py:188} INFO - [2026-04-28T12:15:50.844+0000] {dag.py:3834} INFO - Setting next_dagrun for example_python_decorator to None, run_after=None
[2026-04-28T12:15:50.896+0000] {processor.py:183} INFO - Processing /home/airflow/.local/lib/python3.8/site-packages/airflow/example_dags/example_python_decorator.py took 0.206 seconds
[2026-04-28T12:16:21.310+0000] {processor.py:161} INFO - Started process (PID=558) to work on /home/airflow/.local/lib/python3.8/site-packages/airflow/example_dags/example_python_decorator.py
[2026-04-28T12:16:21.312+0000] {processor.py:830} INFO - Processing file /home/airflow/.local/lib/python3.8/site-packages/airflow/example_dags/example_python_decorator.py for tasks to queue
[2026-04-28T12:16:21.314+0000] {logging_mixin.py:188} INFO - [2026-04-28T12:16:21.313+0000] {dagbag.py:540} INFO - Filling up the DagBag from /home/airflow/.local/lib/python3.8/site-packages/airflow/example_dags/example_python_decorator.py
[2026-04-28T12:16:21.329+0000] {processor.py:840} INFO - DAG(s) 'example_python_decorator' retrieved from /home/airflow/.local/lib/python3.8/site-packages/airflow/example_dags/example_python_decorator.py
[2026-04-28T12:16:21.355+0000] {logging_mixin.py:188} INFO - [2026-04-28T12:16:21.355+0000] {dag.py:3047} INFO - Sync 1 DAGs
[2026-04-28T12:16:21.370+0000] {logging_mixin.py:188} INFO - [2026-04-28T12:16:21.370+0000] {dag.py:3834} INFO - Setting next_dagrun for example_python_decorator to None, run_after=None
[2026-04-28T12:16:21.388+0000] {processor.py:183} INFO - Processing /home/airflow/.local/lib/python3.8/site-packages/airflow/example_dags/example_python_decorator.py took 0.083 seconds
[2026-04-28T12:16:51.583+0000] {processor.py:161} INFO - Started process (PID=613) to work on /home/airflow/.local/lib/python3.8/site-packages/airflow/example_dags/example_python_decorator.py
[2026-04-28T12:16:51.584+0000] {processor.py:830} INFO - Processing file /home/airflow/.local/lib/python3.8/site-packages/airflow/example_dags/example_python_decorator.py for tasks to queue
[2026-04-28T12:16:51.586+0000] {logging_mixin.py:188} INFO - [2026-04-28T12:16:51.586+0000] {dagbag.py:540} INFO - Filling up the DagBag from /home/airflow/.local/lib/python3.8/site-packages/airflow/example_dags/example_python_decorator.py
[2026-04-28T12:16:51.602+0000] {processor.py:840} INFO - DAG(s) 'example_python_decorator' retrieved from /home/airflow/.local/lib/python3.8/site-packages/airflow/example_dags/example_python_decorator.py
[2026-04-28T12:16:51.626+0000] {logging_mixin.py:188} INFO - [2026-04-28T12:16:51.626+0000] {dag.py:3047} INFO - Sync 1 DAGs
[2026-04-28T12:16:51.641+0000] {logging_mixin.py:188} INFO - [2026-04-28T12:16:51.641+0000] {dag.py:3834} INFO - Setting next_dagrun for example_python_decorator to None, run_after=None
[2026-04-28T12:16:51.659+0000] {processor.py:183} INFO - Processing /home/airflow/.local/lib/python3.8/site-packages/airflow/example_dags/example_python_decorator.py took 0.080 seconds
[2026-04-28T12:17:21.728+0000] {processor.py:161} INFO - Started process (PID=668) to work on /home/airflow/.local/lib/python3.8/site-packages/airflow/example_dags/example_python_decorator.py
[2026-04-28T12:17:21.729+0000] {processor.py:830} INFO - Processing file /home/airflow/.local/lib/python3.8/site-packages/airflow/example_dags/example_python_decorator.py for tasks to queue
[2026-04-28T12:17:21.731+0000] {logging_mixin.py:188} INFO - [2026-04-28T12:17:21.731+0000] {dagbag.py:540} INFO - Filling up the DagBag from /home/airflow/.local/lib/python3.8/site-packages/airflow/example_dags/example_python_decorator.py
[2026-04-28T12:17:21.747+0000] {processor.py:840} INFO - DAG(s) 'example_python_decorator' retrieved from /home/airflow/.local/lib/python3.8/site-packages/airflow/example_dags/example_python_decorator.py
[2026-04-28T12:17:21.771+0000] {logging_mixin.py:188} INFO - [2026-04-28T12:17:21.771+0000] {dag.py:3047} INFO - Sync 1 DAGs
[2026-04-28T12:17:21.784+0000] {logging_mixin.py:188} INFO - [2026-04-28T12:17:21.784+0000] {dag.py:3834} INFO - Setting next_dagrun for example_python_decorator to None, run_after=None
[2026-04-28T12:17:21.802+0000] {processor.py:183} INFO - Processing /home/airflow/.local/lib/python3.8/site-packages/airflow/example_dags/example_python_decorator.py took 0.078 seconds
[2026-04-28T12:17:51.893+0000] {processor.py:161} INFO - Started process (PID=723) to work on /home/airflow/.local/lib/python3.8/site-packages/airflow/example_dags/example_python_decorator.py
[2026-04-28T12:17:51.894+0000] {processor.py:830} INFO - Processing file /home/airflow/.local/lib/python3.8/site-packages/airflow/example_dags/example_python_decorator.py for tasks to queue
[2026-04-28T12:17:51.896+0000] {logging_mixin.py:188} INFO - [2026-04-28T12:17:51.896+0000] {dagbag.py:540} INFO - Filling up the DagBag from /home/airflow/.local/lib/python3.8/site-packages/airflow/example_dags/example_python_decorator.py
[2026-04-28T12:17:51.911+0000] {processor.py:840} INFO - DAG(s) 'example_python_decorator' retrieved from /home/airflow/.local/lib/python3.8/site-packages/airflow/example_dags/example_python_decorator.py
[2026-04-28T12:17:51.935+0000] {logging_mixin.py:188} INFO - [2026-04-28T12:17:51.935+0000] {dag.py:3047} INFO - Sync 1 DAGs
[2026-04-28T12:17:51.949+0000] {logging_mixin.py:188} INFO - [2026-04-28T12:17:51.948+0000] {dag.py:3834} INFO - Setting next_dagrun for example_python_decorator to None, run_after=None
[2026-04-28T12:17:51.967+0000] {processor.py:183} INFO - Processing /home/airflow/.local/lib/python3.8/site-packages/airflow/example_dags/example_python_decorator.py took 0.078 seconds
[2026-04-28T12:18:22.211+0000] {processor.py:161} INFO - Started process (PID=778) to work on /home/airflow/.local/lib/python3.8/site-packages/airflow/example_dags/example_python_decorator.py
[2026-04-28T12:18:22.212+0000] {processor.py:830} INFO - Processing file /home/airflow/.local/lib/python3.8/site-packages/airflow/example_dags/example_python_decorator.py for tasks to queue
[2026-04-28T12:18:22.214+0000] {logging_mixin.py:188} INFO - [2026-04-28T12:18:22.213+0000] {dagbag.py:540} INFO - Filling up the DagBag from /home/airflow/.local/lib/python3.8/site-packages/airflow/example_dags/example_python_decorator.py
[2026-04-28T12:18:22.230+0000] {processor.py:840} INFO - DAG(s) 'example_python_decorator' retrieved from /home/airflow/.local/lib/python3.8/site-packages/airflow/example_dags/example_python_decorator.py
[2026-04-28T12:18:22.255+0000] {logging_mixin.py:188} INFO - [2026-04-28T12:18:22.255+0000] {dag.py:3047} INFO - Sync 1 DAGs
[2026-04-28T12:18:22.269+0000] {logging_mixin.py:188} INFO - [2026-04-28T12:18:22.268+0000] {dag.py:3834} INFO - Setting next_dagrun for example_python_decorator to None, run_after=None
[2026-04-28T12:18:22.286+0000] {processor.py:183} INFO - Processing /home/airflow/.local/lib/python3.8/site-packages/airflow/example_dags/example_python_decorator.py took 0.080 seconds
[2026-04-28T12:18:52.622+0000] {processor.py:161} INFO - Started process (PID=833) to work on /home/airflow/.local/lib/python3.8/site-packages/airflow/example_dags/example_python_decorator.py
[2026-04-28T12:18:52.623+0000] {processor.py:830} INFO - Processing file /home/airflow/.local/lib/python3.8/site-packages/airflow/example_dags/example_python_decorator.py for tasks to queue
[2026-04-28T12:18:52.625+0000] {logging_mixin.py:188} INFO - [2026-04-28T12:18:52.625+0000] {dagbag.py:540} INFO - Filling up the DagBag from /home/airflow/.local/lib/python3.8/site-packages/airflow/example_dags/example_python_decorator.py
[2026-04-28T12:18:52.640+0000] {processor.py:840} INFO - DAG(s) 'example_python_decorator' retrieved from /home/airflow/.local/lib/python3.8/site-packages/airflow/example_dags/example_python_decorator.py
[2026-04-28T12:18:52.665+0000] {logging_mixin.py:188} INFO - [2026-04-28T12:18:52.664+0000] {dag.py:3047} INFO - Sync 1 DAGs
[2026-04-28T12:18:52.681+0000] {logging_mixin.py:188} INFO - [2026-04-28T12:18:52.681+0000] {dag.py:3834} INFO - Setting next_dagrun for example_python_decorator to None, run_after=None
[2026-04-28T12:18:52.699+0000] {processor.py:183} INFO - Processing /home/airflow/.local/lib/python3.8/site-packages/airflow/example_dags/example_python_decorator.py took 0.080 seconds
[2026-04-28T12:19:22.781+0000] {processor.py:161} INFO - Started process (PID=888) to work on /home/airflow/.local/lib/python3.8/site-packages/airflow/example_dags/example_python_decorator.py
[2026-04-28T12:19:22.782+0000] {processor.py:830} INFO - Processing file /home/airflow/.local/lib/python3.8/site-packages/airflow/example_dags/example_python_decorator.py for tasks to queue
[2026-04-28T12:19:22.784+0000] {logging_mixin.py:188} INFO - [2026-04-28T12:19:22.784+0000] {dagbag.py:540} INFO - Filling up the DagBag from /home/airflow/.local/lib/python3.8/site-packages/airflow/example_dags/example_python_decorator.py
[2026-04-28T12:19:22.799+0000] {processor.py:840} INFO - DAG(s) 'example_python_decorator' retrieved from /home/airflow/.local/lib/python3.8/site-packages/airflow/example_dags/example_python_decorator.py
[2026-04-28T12:19:22.825+0000] {logging_mixin.py:188} INFO - [2026-04-28T12:19:22.825+0000] {dag.py:3047} INFO - Sync 1 DAGs
[2026-04-28T12:19:22.840+0000] {logging_mixin.py:188} INFO - [2026-04-28T12:19:22.840+0000] {dag.py:3834} INFO - Setting next_dagrun for example_python_decorator to None, run_after=None
[2026-04-28T12:19:22.858+0000] {processor.py:183} INFO - Processing /home/airflow/.local/lib/python3.8/site-packages/airflow/example_dags/example_python_decorator.py took 0.081 seconds
[2026-04-28T12:19:53.414+0000] {processor.py:161} INFO - Started process (PID=943) to work on /home/airflow/.local/lib/python3.8/site-packages/airflow/example_dags/example_python_decorator.py
[2026-04-28T12:19:53.415+0000] {processor.py:830} INFO - Processing file /home/airflow/.local/lib/python3.8/site-packages/airflow/example_dags/example_python_decorator.py for tasks to queue
[2026-04-28T12:19:53.417+0000] {logging_mixin.py:188} INFO - [2026-04-28T12:19:53.417+0000] {dagbag.py:540} INFO - Filling up the DagBag from /home/airflow/.local/lib/python3.8/site-packages/airflow/example_dags/example_python_decorator.py
[2026-04-28T12:19:53.432+0000] {processor.py:840} INFO - DAG(s) 'example_python_decorator' retrieved from /home/airflow/.local/lib/python3.8/site-packages/airflow/example_dags/example_python_decorator.py
[2026-04-28T12:19:53.457+0000] {logging_mixin.py:188} INFO - [2026-04-28T12:19:53.456+0000] {dag.py:3047} INFO - Sync 1 DAGs
[2026-04-28T12:19:53.483+0000] {logging_mixin.py:188} INFO - [2026-04-28T12:19:53.483+0000] {dag.py:3834} INFO - Setting next_dagrun for example_python_decorator to None, run_after=None
[2026-04-28T12:19:53.509+0000] {processor.py:183} INFO - Processing /home/airflow/.local/lib/python3.8/site-packages/airflow/example_dags/example_python_decorator.py took 0.099 seconds
[2026-04-28T12:20:23.772+0000] {processor.py:161} INFO - Started process (PID=997) to work on /home/airflow/.local/lib/python3.8/site-packages/airflow/example_dags/example_python_decorator.py
[2026-04-28T12:20:23.773+0000] {processor.py:830} INFO - Processing file /home/airflow/.local/lib/python3.8/site-packages/airflow/example_dags/example_python_decorator.py for tasks to queue
[2026-04-28T12:20:23.775+0000] {logging_mixin.py:188} INFO - [2026-04-28T12:20:23.775+0000] {dagbag.py:540} INFO - Filling up the DagBag from /home/airflow/.local/lib/python3.8/site-packages/airflow/example_dags/example_python_decorator.py
[2026-04-28T12:20:23.790+0000] {processor.py:840} INFO - DAG(s) 'example_python_decorator' retrieved from /home/airflow/.local/lib/python3.8/site-packages/airflow/example_dags/example_python_decorator.py
[2026-04-28T12:20:23.814+0000] {logging_mixin.py:188} INFO - [2026-04-28T12:20:23.814+0000] {dag.py:3047} INFO - Sync 1 DAGs
[2026-04-28T12:20:23.828+0000] {logging_mixin.py:188} INFO - [2026-04-28T12:20:23.827+0000] {dag.py:3834} INFO - Setting next_dagrun for example_python_decorator to None, run_after=None
[2026-04-28T12:20:23.845+0000] {processor.py:183} INFO - Processing /home/airflow/.local/lib/python3.8/site-packages/airflow/example_dags/example_python_decorator.py took 0.077 seconds
[2026-04-28T12:20:54.346+0000] {processor.py:161} INFO - Started process (PID=1052) to work on /home/airflow/.local/lib/python3.8/site-packages/airflow/example_dags/example_python_decorator.py
[2026-04-28T12:20:54.347+0000] {processor.py:830} INFO - Processing file /home/airflow/.local/lib/python3.8/site-packages/airflow/example_dags/example_python_decorator.py for tasks to queue
[2026-04-28T12:20:54.350+0000] {logging_mixin.py:188} INFO - [2026-04-28T12:20:54.349+0000] {dagbag.py:540} INFO - Filling up the DagBag from /home/airflow/.local/lib/python3.8/site-packages/airflow/example_dags/example_python_decorator.py
[2026-04-28T12:20:54.365+0000] {processor.py:840} INFO - DAG(s) 'example_python_decorator' retrieved from /home/airflow/.local/lib/python3.8/site-packages/airflow/example_dags/example_python_decorator.py
[2026-04-28T12:20:54.390+0000] {logging_mixin.py:188} INFO - [2026-04-28T12:20:54.390+0000] {dag.py:3047} INFO - Sync 1 DAGs
[2026-04-28T12:20:54.405+0000] {logging_mixin.py:188} INFO - [2026-04-28T12:20:54.405+0000] {dag.py:3834} INFO - Setting next_dagrun for example_python_decorator to None, run_after=None
[2026-04-28T12:20:54.423+0000] {processor.py:183} INFO - Processing /home/airflow/.local/lib/python3.8/site-packages/airflow/example_dags/example_python_decorator.py took 0.081 seconds
[2026-04-28T12:21:24.637+0000] {processor.py:161} INFO - Started process (PID=1107) to work on /home/airflow/.local/lib/python3.8/site-packages/airflow/example_dags/example_python_decorator.py
[2026-04-28T12:21:24.637+0000] {processor.py:830} INFO - Processing file /home/airflow/.local/lib/python3.8/site-packages/airflow/example_dags/example_python_decorator.py for tasks to queue
[2026-04-28T12:21:24.639+0000] {logging_mixin.py:188} INFO - [2026-04-28T12:21:24.639+0000] {dagbag.py:540} INFO - Filling up the DagBag from /home/airflow/.local/lib/python3.8/site-packages/airflow/example_dags/example_python_decorator.py
[2026-04-28T12:21:24.655+0000] {processor.py:840} INFO - DAG(s) 'example_python_decorator' retrieved from /home/airflow/.local/lib/python3.8/site-packages/airflow/example_dags/example_python_decorator.py
[2026-04-28T12:21:24.680+0000] {logging_mixin.py:188} INFO - [2026-04-28T12:21:24.680+0000] {dag.py:3047} INFO - Sync 1 DAGs
[2026-04-28T12:21:24.694+0000] {logging_mixin.py:188} INFO - [2026-04-28T12:21:24.694+0000] {dag.py:3834} INFO - Setting next_dagrun for example_python_decorator to None, run_after=None
[2026-04-28T12:21:24.712+0000] {processor.py:183} INFO - Processing /home/airflow/.local/lib/python3.8/site-packages/airflow/example_dags/example_python_decorator.py took 0.079 seconds
[2026-04-28T12:21:55.145+0000] {processor.py:161} INFO - Started process (PID=1162) to work on /home/airflow/.local/lib/python3.8/site-packages/airflow/example_dags/example_python_decorator.py
[2026-04-28T12:21:55.146+0000] {processor.py:830} INFO - Processing file /home/airflow/.local/lib/python3.8/site-packages/airflow/example_dags/example_python_decorator.py for tasks to queue
[2026-04-28T12:21:55.149+0000] {logging_mixin.py:188} INFO - [2026-04-28T12:21:55.148+0000] {dagbag.py:540} INFO - Filling up the DagBag from /home/airflow/.local/lib/python3.8/site-packages/airflow/example_dags/example_python_decorator.py
[2026-04-28T12:21:55.168+0000] {processor.py:840} INFO - DAG(s) 'example_python_decorator' retrieved from /home/airflow/.local/lib/python3.8/site-packages/airflow/example_dags/example_python_decorator.py
[2026-04-28T12:21:55.219+0000] {logging_mixin.py:188} INFO - [2026-04-28T12:21:55.219+0000] {dag.py:3047} INFO - Sync 1 DAGs
[2026-04-28T12:21:55.234+0000] {logging_mixin.py:188} INFO - [2026-04-28T12:21:55.234+0000] {dag.py:3834} INFO - Setting next_dagrun for example_python_decorator to None, run_after=None
[2026-04-28T12:21:55.251+0000] {processor.py:183} INFO - Processing /home/airflow/.local/lib/python3.8/site-packages/airflow/example_dags/example_python_decorator.py took 0.110 seconds
[2026-04-28T12:22:25.375+0000] {processor.py:161} INFO - Started process (PID=1217) to work on /home/airflow/.local/lib/python3.8/site-packages/airflow/example_dags/example_python_decorator.py
[2026-04-28T12:22:25.376+0000] {processor.py:830} INFO - Processing file /home/airflow/.local/lib/python3.8/site-packages/airflow/example_dags/example_python_decorator.py for tasks to queue
[2026-04-28T12:22:25.378+0000] {logging_mixin.py:188} INFO - [2026-04-28T12:22:25.377+0000] {dagbag.py:540} INFO - Filling up the DagBag from /home/airflow/.local/lib/python3.8/site-packages/airflow/example_dags/example_python_decorator.py
[2026-04-28T12:22:25.393+0000] {processor.py:840} INFO - DAG(s) 'example_python_decorator' retrieved from /home/airflow/.local/lib/python3.8/site-packages/airflow/example_dags/example_python_decorator.py
[2026-04-28T12:22:25.451+0000] {logging_mixin.py:188} INFO - [2026-04-28T12:22:25.450+0000] {dag.py:3047} INFO - Sync 1 DAGs
[2026-04-28T12:22:25.464+0000] {logging_mixin.py:188} INFO - [2026-04-28T12:22:25.464+0000] {dag.py:3834} INFO - Setting next_dagrun for example_python_decorator to None, run_after=None
[2026-04-28T12:22:25.484+0000] {processor.py:183} INFO - Processing /home/airflow/.local/lib/python3.8/site-packages/airflow/example_dags/example_python_decorator.py took 0.113 seconds
[2026-04-28T12:22:55.554+0000] {processor.py:161} INFO - Started process (PID=1272) to work on /home/airflow/.local/lib/python3.8/site-packages/airflow/example_dags/example_python_decorator.py
[2026-04-28T12:22:55.556+0000] {processor.py:830} INFO - Processing file /home/airflow/.local/lib/python3.8/site-packages/airflow/example_dags/example_python_decorator.py for tasks to queue
[2026-04-28T12:22:55.559+0000] {logging_mixin.py:188} INFO - [2026-04-28T12:22:55.559+0000] {dagbag.py:540} INFO - Filling up the DagBag from /home/airflow/.local/lib/python3.8/site-packages/airflow/example_dags/example_python_decorator.py
[2026-04-28T12:22:55.587+0000] {processor.py:840} INFO - DAG(s) 'example_python_decorator' retrieved from /home/airflow/.local/lib/python3.8/site-packages/airflow/example_dags/example_python_decorator.py
[2026-04-28T12:22:55.652+0000] {logging_mixin.py:188} INFO - [2026-04-28T12:22:55.652+0000] {dag.py:3047} INFO - Sync 1 DAGs
[2026-04-28T12:22:55.724+0000] {logging_mixin.py:188} INFO - [2026-04-28T12:22:55.723+0000] {dag.py:3834} INFO - Setting next_dagrun for example_python_decorator to None, run_after=None
[2026-04-28T12:22:55.767+0000] {processor.py:183} INFO - Processing /home/airflow/.local/lib/python3.8/site-packages/airflow/example_dags/example_python_decorator.py took 0.222 seconds
[2026-04-28T12:23:26.096+0000] {processor.py:161} INFO - Started process (PID=1327) to work on /home/airflow/.local/lib/python3.8/site-packages/airflow/example_dags/example_python_decorator.py
[2026-04-28T12:23:26.097+0000] {processor.py:830} INFO - Processing file /home/airflow/.local/lib/python3.8/site-packages/airflow/example_dags/example_python_decorator.py for tasks to queue
[2026-04-28T12:23:26.099+0000] {logging_mixin.py:188} INFO - [2026-04-28T12:23:26.099+0000] {dagbag.py:540} INFO - Filling up the DagBag from /home/airflow/.local/lib/python3.8/site-packages/airflow/example_dags/example_python_decorator.py
[2026-04-28T12:23:26.114+0000] {processor.py:840} INFO - DAG(s) 'example_python_decorator' retrieved from /home/airflow/.local/lib/python3.8/site-packages/airflow/example_dags/example_python_decorator.py
[2026-04-28T12:23:26.139+0000] {logging_mixin.py:188} INFO - [2026-04-28T12:23:26.138+0000] {dag.py:3047} INFO - Sync 1 DAGs
[2026-04-28T12:23:26.155+0000] {logging_mixin.py:188} INFO - [2026-04-28T12:23:26.155+0000] {dag.py:3834} INFO - Setting next_dagrun for example_python_decorator to None, run_after=None
[2026-04-28T12:23:26.172+0000] {processor.py:183} INFO - Processing /home/airflow/.local/lib/python3.8/site-packages/airflow/example_dags/example_python_decorator.py took 0.083 seconds
[2026-04-28T12:23:56.868+0000] {processor.py:161} INFO - Started process (PID=1382) to work on /home/airflow/.local/lib/python3.8/site-packages/airflow/example_dags/example_python_decorator.py
[2026-04-28T12:23:56.869+0000] {processor.py:830} INFO - Processing file /home/airflow/.local/lib/python3.8/site-packages/airflow/example_dags/example_python_decorator.py for tasks to queue
[2026-04-28T12:23:56.873+0000] {logging_mixin.py:188} INFO - [2026-04-28T12:23:56.871+0000] {dagbag.py:540} INFO - Filling up the DagBag from /home/airflow/.local/lib/python3.8/site-packages/airflow/example_dags/example_python_decorator.py
[2026-04-28T12:23:56.914+0000] {processor.py:840} INFO - DAG(s) 'example_python_decorator' retrieved from /home/airflow/.local/lib/python3.8/site-packages/airflow/example_dags/example_python_decorator.py
[2026-04-28T12:23:57.005+0000] {logging_mixin.py:188} INFO - [2026-04-28T12:23:57.005+0000] {dag.py:3047} INFO - Sync 1 DAGs
[2026-04-28T12:23:57.048+0000] {logging_mixin.py:188} INFO - [2026-04-28T12:23:57.047+0000] {dag.py:3834} INFO - Setting next_dagrun for example_python_decorator to None, run_after=None
[2026-04-28T12:23:57.091+0000] {processor.py:183} INFO - Processing /home/airflow/.local/lib/python3.8/site-packages/airflow/example_dags/example_python_decorator.py took 0.231 seconds
[2026-04-28T12:24:27.543+0000] {processor.py:161} INFO - Started process (PID=1437) to work on /home/airflow/.local/lib/python3.8/site-packages/airflow/example_dags/example_python_decorator.py
[2026-04-28T12:24:27.543+0000] {processor.py:830} INFO - Processing file /home/airflow/.local/lib/python3.8/site-packages/airflow/example_dags/example_python_decorator.py for tasks to queue
[2026-04-28T12:24:27.546+0000] {logging_mixin.py:188} INFO - [2026-04-28T12:24:27.545+0000] {dagbag.py:540} INFO - Filling up the DagBag from /home/airflow/.local/lib/python3.8/site-packages/airflow/example_dags/example_python_decorator.py
[2026-04-28T12:24:27.561+0000] {processor.py:840} INFO - DAG(s) 'example_python_decorator' retrieved from /home/airflow/.local/lib/python3.8/site-packages/airflow/example_dags/example_python_decorator.py
[2026-04-28T12:24:27.585+0000] {logging_mixin.py:188} INFO - [2026-04-28T12:24:27.585+0000] {dag.py:3047} INFO - Sync 1 DAGs
[2026-04-28T12:24:27.600+0000] {logging_mixin.py:188} INFO - [2026-04-28T12:24:27.600+0000] {dag.py:3834} INFO - Setting next_dagrun for example_python_decorator to None, run_after=None
[2026-04-28T12:24:27.619+0000] {processor.py:183} INFO - Processing /home/airflow/.local/lib/python3.8/site-packages/airflow/example_dags/example_python_decorator.py took 0.080 seconds
[2026-04-28T12:24:57.848+0000] {processor.py:161} INFO - Started process (PID=1492) to work on /home/airflow/.local/lib/python3.8/site-packages/airflow/example_dags/example_python_decorator.py
[2026-04-28T12:24:57.849+0000] {processor.py:830} INFO - Processing file /home/airflow/.local/lib/python3.8/site-packages/airflow/example_dags/example_python_decorator.py for tasks to queue
[2026-04-28T12:24:57.851+0000] {logging_mixin.py:188} INFO - [2026-04-28T12:24:57.851+0000] {dagbag.py:540} INFO - Filling up the DagBag from /home/airflow/.local/lib/python3.8/site-packages/airflow/example_dags/example_python_decorator.py
[2026-04-28T12:24:57.866+0000] {processor.py:840} INFO - DAG(s) 'example_python_decorator' retrieved from /home/airflow/.local/lib/python3.8/site-packages/airflow/example_dags/example_python_decorator.py
[2026-04-28T12:24:57.892+0000] {logging_mixin.py:188} INFO - [2026-04-28T12:24:57.892+0000] {dag.py:3047} INFO - Sync 1 DAGs
[2026-04-28T12:24:57.908+0000] {logging_mixin.py:188} INFO - [2026-04-28T12:24:57.908+0000] {dag.py:3834} INFO - Setting next_dagrun for example_python_decorator to None, run_after=None
[2026-04-28T12:24:57.926+0000] {processor.py:183} INFO - Processing /home/airflow/.local/lib/python3.8/site-packages/airflow/example_dags/example_python_decorator.py took 0.081 seconds
[2026-04-28T12:25:28.192+0000] {processor.py:161} INFO - Started process (PID=1547) to work on /home/airflow/.local/lib/python3.8/site-packages/airflow/example_dags/example_python_decorator.py
[2026-04-28T12:25:28.193+0000] {processor.py:830} INFO - Processing file /home/airflow/.local/lib/python3.8/site-packages/airflow/example_dags/example_python_decorator.py for tasks to queue
[2026-04-28T12:25:28.195+0000] {logging_mixin.py:188} INFO - [2026-04-28T12:25:28.195+0000] {dagbag.py:540} INFO - Filling up the DagBag from /home/airflow/.local/lib/python3.8/site-packages/airflow/example_dags/example_python_decorator.py
[2026-04-28T12:25:28.211+0000] {processor.py:840} INFO - DAG(s) 'example_python_decorator' retrieved from /home/airflow/.local/lib/python3.8/site-packages/airflow/example_dags/example_python_decorator.py
[2026-04-28T12:25:28.235+0000] {logging_mixin.py:188} INFO - [2026-04-28T12:25:28.235+0000] {dag.py:3047} INFO - Sync 1 DAGs
[2026-04-28T12:25:28.252+0000] {logging_mixin.py:188} INFO - [2026-04-28T12:25:28.252+0000] {dag.py:3834} INFO - Setting next_dagrun for example_python_decorator to None, run_after=None
[2026-04-28T12:25:28.269+0000] {processor.py:183} INFO - Processing /home/airflow/.local/lib/python3.8/site-packages/airflow/example_dags/example_python_decorator.py took 0.081 seconds
[2026-04-28T12:25:58.518+0000] {processor.py:161} INFO - Started process (PID=1602) to work on /home/airflow/.local/lib/python3.8/site-packages/airflow/example_dags/example_python_decorator.py
[2026-04-28T12:25:58.519+0000] {processor.py:830} INFO - Processing file /home/airflow/.local/lib/python3.8/site-packages/airflow/example_dags/example_python_decorator.py for tasks to queue
[2026-04-28T12:25:58.521+0000] {logging_mixin.py:188} INFO - [2026-04-28T12:25:58.521+0000] {dagbag.py:540} INFO - Filling up the DagBag from /home/airflow/.local/lib/python3.8/site-packages/airflow/example_dags/example_python_decorator.py
[2026-04-28T12:25:58.546+0000] {processor.py:840} INFO - DAG(s) 'example_python_decorator' retrieved from /home/airflow/.local/lib/python3.8/site-packages/airflow/example_dags/example_python_decorator.py
[2026-04-28T12:25:58.587+0000] {logging_mixin.py:188} INFO - [2026-04-28T12:25:58.586+0000] {dag.py:3047} INFO - Sync 1 DAGs
[2026-04-28T12:25:58.600+0000] {logging_mixin.py:188} INFO - [2026-04-28T12:25:58.600+0000] {dag.py:3834} INFO - Setting next_dagrun for example_python_decorator to None, run_after=None
[2026-04-28T12:25:58.618+0000] {processor.py:183} INFO - Processing /home/airflow/.local/lib/python3.8/site-packages/airflow/example_dags/example_python_decorator.py took 0.103 seconds
[2026-04-28T12:26:29.248+0000] {processor.py:161} INFO - Started process (PID=1657) to work on /home/airflow/.local/lib/python3.8/site-packages/airflow/example_dags/example_python_decorator.py
[2026-04-28T12:26:29.249+0000] {processor.py:830} INFO - Processing file /home/airflow/.local/lib/python3.8/site-packages/airflow/example_dags/example_python_decorator.py for tasks to queue
[2026-04-28T12:26:29.251+0000] {logging_mixin.py:188} INFO - [2026-04-28T12:26:29.251+0000] {dagbag.py:540} INFO - Filling up the DagBag from /home/airflow/.local/lib/python3.8/site-packages/airflow/example_dags/example_python_decorator.py
[2026-04-28T12:26:29.267+0000] {processor.py:840} INFO - DAG(s) 'example_python_decorator' retrieved from /home/airflow/.local/lib/python3.8/site-packages/airflow/example_dags/example_python_decorator.py
[2026-04-28T12:26:29.291+0000] {logging_mixin.py:188} INFO - [2026-04-28T12:26:29.291+0000] {dag.py:3047} INFO - Sync 1 DAGs
[2026-04-28T12:26:29.305+0000] {logging_mixin.py:188} INFO - [2026-04-28T12:26:29.305+0000] {dag.py:3834} INFO - Setting next_dagrun for example_python_decorator to None, run_after=None
[2026-04-28T12:26:29.323+0000] {processor.py:183} INFO - Processing /home/airflow/.local/lib/python3.8/site-packages/airflow/example_dags/example_python_decorator.py took 0.079 seconds
[2026-04-28T12:27:00.193+0000] {processor.py:161} INFO - Started process (PID=1713) to work on /home/airflow/.local/lib/python3.8/site-packages/airflow/example_dags/example_python_decorator.py
[2026-04-28T12:27:00.194+0000] {processor.py:830} INFO - Processing file /home/airflow/.local/lib/python3.8/site-packages/airflow/example_dags/example_python_decorator.py for tasks to queue
[2026-04-28T12:27:00.196+0000] {logging_mixin.py:188} INFO - [2026-04-28T12:27:00.196+0000] {dagbag.py:540} INFO - Filling up the DagBag from /home/airflow/.local/lib/python3.8/site-packages/airflow/example_dags/example_python_decorator.py
[2026-04-28T12:27:00.211+0000] {processor.py:840} INFO - DAG(s) 'example_python_decorator' retrieved from /home/airflow/.local/lib/python3.8/site-packages/airflow/example_dags/example_python_decorator.py
[2026-04-28T12:27:00.237+0000] {logging_mixin.py:188} INFO - [2026-04-28T12:27:00.237+0000] {dag.py:3047} INFO - Sync 1 DAGs
[2026-04-28T12:27:00.250+0000] {logging_mixin.py:188} INFO - [2026-04-28T12:27:00.250+0000] {dag.py:3834} INFO - Setting next_dagrun for example_python_decorator to None, run_after=None
[2026-04-28T12:27:00.268+0000] {processor.py:183} INFO - Processing /home/airflow/.local/lib/python3.8/site-packages/airflow/example_dags/example_python_decorator.py took 0.079 seconds
[2026-04-28T12:27:30.512+0000] {processor.py:161} INFO - Started process (PID=1769) to work on /home/airflow/.local/lib/python3.8/site-packages/airflow/example_dags/example_python_decorator.py
[2026-04-28T12:27:30.513+0000] {processor.py:830} INFO - Processing file /home/airflow/.local/lib/python3.8/site-packages/airflow/example_dags/example_python_decorator.py for tasks to queue
[2026-04-28T12:27:30.515+0000] {logging_mixin.py:188} INFO - [2026-04-28T12:27:30.515+0000] {dagbag.py:540} INFO - Filling up the DagBag from /home/airflow/.local/lib/python3.8/site-packages/airflow/example_dags/example_python_decorator.py
[2026-04-28T12:27:30.530+0000] {processor.py:840} INFO - DAG(s) 'example_python_decorator' retrieved from /home/airflow/.local/lib/python3.8/site-packages/airflow/example_dags/example_python_decorator.py
[2026-04-28T12:27:30.555+0000] {logging_mixin.py:188} INFO - [2026-04-28T12:27:30.555+0000] {dag.py:3047} INFO - Sync 1 DAGs
[2026-04-28T12:27:30.568+0000] {logging_mixin.py:188} INFO - [2026-04-28T12:27:30.568+0000] {dag.py:3834} INFO - Setting next_dagrun for example_python_decorator to None, run_after=None
[2026-04-28T12:27:30.591+0000] {processor.py:183} INFO - Processing /home/airflow/.local/lib/python3.8/site-packages/airflow/example_dags/example_python_decorator.py took 0.083 seconds
[2026-04-28T12:28:00.774+0000] {processor.py:161} INFO - Started process (PID=1824) to work on /home/airflow/.local/lib/python3.8/site-packages/airflow/example_dags/example_python_decorator.py
[2026-04-28T12:28:00.776+0000] {processor.py:830} INFO - Processing file /home/airflow/.local/lib/python3.8/site-packages/airflow/example_dags/example_python_decorator.py for tasks to queue
[2026-04-28T12:28:00.778+0000] {logging_mixin.py:188} INFO - [2026-04-28T12:28:00.777+0000] {dagbag.py:540} INFO - Filling up the DagBag from /home/airflow/.local/lib/python3.8/site-packages/airflow/example_dags/example_python_decorator.py
[2026-04-28T12:28:00.792+0000] {processor.py:840} INFO - DAG(s) 'example_python_decorator' retrieved from /home/airflow/.local/lib/python3.8/site-packages/airflow/example_dags/example_python_decorator.py
[2026-04-28T12:28:00.816+0000] {logging_mixin.py:188} INFO - [2026-04-28T12:28:00.816+0000] {dag.py:3047} INFO - Sync 1 DAGs
[2026-04-28T12:28:00.831+0000] {logging_mixin.py:188} INFO - [2026-04-28T12:28:00.831+0000] {dag.py:3834} INFO - Setting next_dagrun for example_python_decorator to None, run_after=None
[2026-04-28T12:28:00.848+0000] {processor.py:183} INFO - Processing /home/airflow/.local/lib/python3.8/site-packages/airflow/example_dags/example_python_decorator.py took 0.078 seconds
[2026-04-28T12:28:31.696+0000] {processor.py:161} INFO - Started process (PID=1880) to work on /home/airflow/.local/lib/python3.8/site-packages/airflow/example_dags/example_python_decorator.py
[2026-04-28T12:28:31.700+0000] {processor.py:830} INFO - Processing file /home/airflow/.local/lib/python3.8/site-packages/airflow/example_dags/example_python_decorator.py for tasks to queue
[2026-04-28T12:28:31.703+0000] {logging_mixin.py:188} INFO - [2026-04-28T12:28:31.703+0000] {dagbag.py:540} INFO - Filling up the DagBag from /home/airflow/.local/lib/python3.8/site-packages/airflow/example_dags/example_python_decorator.py
[2026-04-28T12:28:31.726+0000] {processor.py:840} INFO - DAG(s) 'example_python_decorator' retrieved from /home/airflow/.local/lib/python3.8/site-packages/airflow/example_dags/example_python_decorator.py
[2026-04-28T12:28:31.756+0000] {logging_mixin.py:188} INFO - [2026-04-28T12:28:31.756+0000] {dag.py:3047} INFO - Sync 1 DAGs
[2026-04-28T12:28:31.770+0000] {logging_mixin.py:188} INFO - [2026-04-28T12:28:31.769+0000] {dag.py:3834} INFO - Setting next_dagrun for example_python_decorator to None, run_after=None
[2026-04-28T12:28:31.787+0000] {processor.py:183} INFO - Processing /home/airflow/.local/lib/python3.8/site-packages/airflow/example_dags/example_python_decorator.py took 0.098 seconds
[2026-04-28T12:29:02.271+0000] {processor.py:161} INFO - Started process (PID=1936) to work on /home/airflow/.local/lib/python3.8/site-packages/airflow/example_dags/example_python_decorator.py
[2026-04-28T12:29:02.272+0000] {processor.py:830} INFO - Processing file /home/airflow/.local/lib/python3.8/site-packages/airflow/example_dags/example_python_decorator.py for tasks to queue
[2026-04-28T12:29:02.274+0000] {logging_mixin.py:188} INFO - [2026-04-28T12:29:02.274+0000] {dagbag.py:540} INFO - Filling up the DagBag from /home/airflow/.local/lib/python3.8/site-packages/airflow/example_dags/example_python_decorator.py
[2026-04-28T12:29:02.290+0000] {processor.py:840} INFO - DAG(s) 'example_python_decorator' retrieved from /home/airflow/.local/lib/python3.8/site-packages/airflow/example_dags/example_python_decorator.py
[2026-04-28T12:29:02.313+0000] {logging_mixin.py:188} INFO - [2026-04-28T12:29:02.313+0000] {dag.py:3047} INFO - Sync 1 DAGs
[2026-04-28T12:29:02.327+0000] {logging_mixin.py:188} INFO - [2026-04-28T12:29:02.327+0000] {dag.py:3834} INFO - Setting next_dagrun for example_python_decorator to None, run_after=None
[2026-04-28T12:29:02.344+0000] {processor.py:183} INFO - Processing /home/airflow/.local/lib/python3.8/site-packages/airflow/example_dags/example_python_decorator.py took 0.077 seconds
[2026-04-28T12:29:32.681+0000] {processor.py:161} INFO - Started process (PID=1998) to work on /home/airflow/.local/lib/python3.8/site-packages/airflow/example_dags/example_python_decorator.py
[2026-04-28T12:29:32.682+0000] {processor.py:830} INFO - Processing file /home/airflow/.local/lib/python3.8/site-packages/airflow/example_dags/example_python_decorator.py for tasks to queue
[2026-04-28T12:29:32.686+0000] {logging_mixin.py:188} INFO - [2026-04-28T12:29:32.686+0000] {dagbag.py:540} INFO - Filling up the DagBag from /home/airflow/.local/lib/python3.8/site-packages/airflow/example_dags/example_python_decorator.py
[2026-04-28T12:29:32.717+0000] {processor.py:840} INFO - DAG(s) 'example_python_decorator' retrieved from /home/airflow/.local/lib/python3.8/site-packages/airflow/example_dags/example_python_decorator.py
[2026-04-28T12:29:32.756+0000] {logging_mixin.py:188} INFO - [2026-04-28T12:29:32.756+0000] {dag.py:3047} INFO - Sync 1 DAGs
[2026-04-28T12:29:32.971+0000] {logging_mixin.py:188} INFO - [2026-04-28T12:29:32.970+0000] {dag.py:3834} INFO - Setting next_dagrun for example_python_decorator to None, run_after=None
[2026-04-28T12:29:32.989+0000] {processor.py:183} INFO - Processing /home/airflow/.local/lib/python3.8/site-packages/airflow/example_dags/example_python_decorator.py took 0.312 seconds
[2026-04-28T12:30:03.412+0000] {processor.py:161} INFO - Started process (PID=2054) to work on /home/airflow/.local/lib/python3.8/site-packages/airflow/example_dags/example_python_decorator.py
[2026-04-28T12:30:03.413+0000] {processor.py:830} INFO - Processing file /home/airflow/.local/lib/python3.8/site-packages/airflow/example_dags/example_python_decorator.py for tasks to queue
[2026-04-28T12:30:03.415+0000] {logging_mixin.py:188} INFO - [2026-04-28T12:30:03.415+0000] {dagbag.py:540} INFO - Filling up the DagBag from /home/airflow/.local/lib/python3.8/site-packages/airflow/example_dags/example_python_decorator.py
[2026-04-28T12:30:03.430+0000] {processor.py:840} INFO - DAG(s) 'example_python_decorator' retrieved from /home/airflow/.local/lib/python3.8/site-packages/airflow/example_dags/example_python_decorator.py
[2026-04-28T12:30:03.455+0000] {logging_mixin.py:188} INFO - [2026-04-28T12:30:03.455+0000] {dag.py:3047} INFO - Sync 1 DAGs
[2026-04-28T12:30:03.470+0000] {logging_mixin.py:188} INFO - [2026-04-28T12:30:03.470+0000] {dag.py:3834} INFO - Setting next_dagrun for example_python_decorator to None, run_after=None
[2026-04-28T12:30:03.665+0000] {processor.py:183} INFO - Processing /home/airflow/.local/lib/python3.8/site-packages/airflow/example_dags/example_python_decorator.py took 0.257 seconds
[2026-04-28T12:30:33.859+0000] {processor.py:161} INFO - Started process (PID=2110) to work on /home/airflow/.local/lib/python3.8/site-packages/airflow/example_dags/example_python_decorator.py
[2026-04-28T12:30:33.860+0000] {processor.py:830} INFO - Processing file /home/airflow/.local/lib/python3.8/site-packages/airflow/example_dags/example_python_decorator.py for tasks to queue
[2026-04-28T12:30:33.862+0000] {logging_mixin.py:188} INFO - [2026-04-28T12:30:33.862+0000] {dagbag.py:540} INFO - Filling up the DagBag from /home/airflow/.local/lib/python3.8/site-packages/airflow/example_dags/example_python_decorator.py
[2026-04-28T12:30:33.878+0000] {processor.py:840} INFO - DAG(s) 'example_python_decorator' retrieved from /home/airflow/.local/lib/python3.8/site-packages/airflow/example_dags/example_python_decorator.py
[2026-04-28T12:30:33.903+0000] {logging_mixin.py:188} INFO - [2026-04-28T12:30:33.903+0000] {dag.py:3047} INFO - Sync 1 DAGs
[2026-04-28T12:30:33.916+0000] {logging_mixin.py:188} INFO - [2026-04-28T12:30:33.916+0000] {dag.py:3834} INFO - Setting next_dagrun for example_python_decorator to None, run_after=None
[2026-04-28T12:30:33.935+0000] {processor.py:183} INFO - Processing /home/airflow/.local/lib/python3.8/site-packages/airflow/example_dags/example_python_decorator.py took 0.079 seconds
[2026-04-28T12:31:04.387+0000] {processor.py:161} INFO - Started process (PID=2166) to work on /home/airflow/.local/lib/python3.8/site-packages/airflow/example_dags/example_python_decorator.py
[2026-04-28T12:31:04.388+0000] {processor.py:830} INFO - Processing file /home/airflow/.local/lib/python3.8/site-packages/airflow/example_dags/example_python_decorator.py for tasks to queue
[2026-04-28T12:31:04.390+0000] {logging_mixin.py:188} INFO - [2026-04-28T12:31:04.390+0000] {dagbag.py:540} INFO - Filling up the DagBag from /home/airflow/.local/lib/python3.8/site-packages/airflow/example_dags/example_python_decorator.py
[2026-04-28T12:31:04.405+0000] {processor.py:840} INFO - DAG(s) 'example_python_decorator' retrieved from /home/airflow/.local/lib/python3.8/site-packages/airflow/example_dags/example_python_decorator.py
[2026-04-28T12:31:04.429+0000] {logging_mixin.py:188} INFO - [2026-04-28T12:31:04.429+0000] {dag.py:3047} INFO - Sync 1 DAGs
[2026-04-28T12:31:04.443+0000] {logging_mixin.py:188} INFO - [2026-04-28T12:31:04.443+0000] {dag.py:3834} INFO - Setting next_dagrun for example_python_decorator to None, run_after=None
[2026-04-28T12:31:04.461+0000] {processor.py:183} INFO - Processing /home/airflow/.local/lib/python3.8/site-packages/airflow/example_dags/example_python_decorator.py took 0.078 seconds
[2026-04-28T12:31:34.542+0000] {processor.py:161} INFO - Started process (PID=2220) to work on /home/airflow/.local/lib/python3.8/site-packages/airflow/example_dags/example_python_decorator.py
[2026-04-28T12:31:34.543+0000] {processor.py:830} INFO - Processing file /home/airflow/.local/lib/python3.8/site-packages/airflow/example_dags/example_python_decorator.py for tasks to queue
[2026-04-28T12:31:34.546+0000] {logging_mixin.py:188} INFO - [2026-04-28T12:31:34.545+0000] {dagbag.py:540} INFO - Filling up the DagBag from /home/airflow/.local/lib/python3.8/site-packages/airflow/example_dags/example_python_decorator.py
[2026-04-28T12:31:34.561+0000] {processor.py:840} INFO - DAG(s) 'example_python_decorator' retrieved from /home/airflow/.local/lib/python3.8/site-packages/airflow/example_dags/example_python_decorator.py
[2026-04-28T12:31:34.586+0000] {logging_mixin.py:188} INFO - [2026-04-28T12:31:34.586+0000] {dag.py:3047} INFO - Sync 1 DAGs
[2026-04-28T12:31:34.608+0000] {logging_mixin.py:188} INFO - [2026-04-28T12:31:34.607+0000] {dag.py:3834} INFO - Setting next_dagrun for example_python_decorator to None, run_after=None
[2026-04-28T12:31:34.627+0000] {processor.py:183} INFO - Processing /home/airflow/.local/lib/python3.8/site-packages/airflow/example_dags/example_python_decorator.py took 0.088 seconds
[2026-04-28T12:32:05.124+0000] {processor.py:161} INFO - Started process (PID=2276) to work on /home/airflow/.local/lib/python3.8/site-packages/airflow/example_dags/example_python_decorator.py
[2026-04-28T12:32:05.126+0000] {processor.py:830} INFO - Processing file /home/airflow/.local/lib/python3.8/site-packages/airflow/example_dags/example_python_decorator.py for tasks to queue
[2026-04-28T12:32:05.132+0000] {logging_mixin.py:188} INFO - [2026-04-28T12:32:05.132+0000] {dagbag.py:540} INFO - Filling up the DagBag from /home/airflow/.local/lib/python3.8/site-packages/airflow/example_dags/example_python_decorator.py
[2026-04-28T12:32:05.153+0000] {processor.py:840} INFO - DAG(s) 'example_python_decorator' retrieved from /home/airflow/.local/lib/python3.8/site-packages/airflow/example_dags/example_python_decorator.py
[2026-04-28T12:32:05.187+0000] {logging_mixin.py:188} INFO - [2026-04-28T12:32:05.187+0000] {dag.py:3047} INFO - Sync 1 DAGs
[2026-04-28T12:32:05.204+0000] {logging_mixin.py:188} INFO - [2026-04-28T12:32:05.203+0000] {dag.py:3834} INFO - Setting next_dagrun for example_python_decorator to None, run_after=None
[2026-04-28T12:32:05.228+0000] {processor.py:183} INFO - Processing /home/airflow/.local/lib/python3.8/site-packages/airflow/example_dags/example_python_decorator.py took 0.114 seconds
[2026-04-28T12:32:35.679+0000] {processor.py:161} INFO - Started process (PID=2332) to work on /home/airflow/.local/lib/python3.8/site-packages/airflow/example_dags/example_python_decorator.py
[2026-04-28T12:32:35.680+0000] {processor.py:830} INFO - Processing file /home/airflow/.local/lib/python3.8/site-packages/airflow/example_dags/example_python_decorator.py for tasks to queue
[2026-04-28T12:32:35.682+0000] {logging_mixin.py:188} INFO - [2026-04-28T12:32:35.681+0000] {dagbag.py:540} INFO - Filling up the DagBag from /home/airflow/.local/lib/python3.8/site-packages/airflow/example_dags/example_python_decorator.py
[2026-04-28T12:32:35.696+0000] {processor.py:840} INFO - DAG(s) 'example_python_decorator' retrieved from /home/airflow/.local/lib/python3.8/site-packages/airflow/example_dags/example_python_decorator.py
[2026-04-28T12:32:35.714+0000] {logging_mixin.py:188} INFO - [2026-04-28T12:32:35.714+0000] {dag.py:3047} INFO - Sync 1 DAGs
[2026-04-28T12:32:35.724+0000] {logging_mixin.py:188} INFO - [2026-04-28T12:32:35.724+0000] {dag.py:3834} INFO - Setting next_dagrun for example_python_decorator to None, run_after=None
[2026-04-28T12:32:35.752+0000] {processor.py:183} INFO - Processing /home/airflow/.local/lib/python3.8/site-packages/airflow/example_dags/example_python_decorator.py took 0.075 seconds
[2026-04-28T12:33:05.941+0000] {processor.py:161} INFO - Started process (PID=2390) to work on /home/airflow/.local/lib/python3.8/site-packages/airflow/example_dags/example_python_decorator.py
[2026-04-28T12:33:05.942+0000] {processor.py:830} INFO - Processing file /home/airflow/.local/lib/python3.8/site-packages/airflow/example_dags/example_python_decorator.py for tasks to queue
[2026-04-28T12:33:05.943+0000] {logging_mixin.py:188} INFO - [2026-04-28T12:33:05.943+0000] {dagbag.py:540} INFO - Filling up the DagBag from /home/airflow/.local/lib/python3.8/site-packages/airflow/example_dags/example_python_decorator.py
[2026-04-28T12:33:05.954+0000] {processor.py:840} INFO - DAG(s) 'example_python_decorator' retrieved from /home/airflow/.local/lib/python3.8/site-packages/airflow/example_dags/example_python_decorator.py
[2026-04-28T12:33:05.972+0000] {logging_mixin.py:188} INFO - [2026-04-28T12:33:05.971+0000] {dag.py:3047} INFO - Sync 1 DAGs
[2026-04-28T12:33:05.981+0000] {logging_mixin.py:188} INFO - [2026-04-28T12:33:05.981+0000] {dag.py:3834} INFO - Setting next_dagrun for example_python_decorator to None, run_after=None
[2026-04-28T12:33:05.994+0000] {processor.py:183} INFO - Processing /home/airflow/.local/lib/python3.8/site-packages/airflow/example_dags/example_python_decorator.py took 0.057 seconds
[2026-04-28T12:33:36.813+0000] {processor.py:161} INFO - Started process (PID=2444) to work on /home/airflow/.local/lib/python3.8/site-packages/airflow/example_dags/example_python_decorator.py
[2026-04-28T12:33:36.814+0000] {processor.py:830} INFO - Processing file /home/airflow/.local/lib/python3.8/site-packages/airflow/example_dags/example_python_decorator.py for tasks to queue
[2026-04-28T12:33:36.816+0000] {logging_mixin.py:188} INFO - [2026-04-28T12:33:36.815+0000] {dagbag.py:540} INFO - Filling up the DagBag from /home/airflow/.local/lib/python3.8/site-packages/airflow/example_dags/example_python_decorator.py
[2026-04-28T12:33:36.831+0000] {processor.py:840} INFO - DAG(s) 'example_python_decorator' retrieved from /home/airflow/.local/lib/python3.8/site-packages/airflow/example_dags/example_python_decorator.py
[2026-04-28T12:33:36.856+0000] {logging_mixin.py:188} INFO - [2026-04-28T12:33:36.856+0000] {dag.py:3047} INFO - Sync 1 DAGs
[2026-04-28T12:33:36.870+0000] {logging_mixin.py:188} INFO - [2026-04-28T12:33:36.869+0000] {dag.py:3834} INFO - Setting next_dagrun for example_python_decorator to None, run_after=None
[2026-04-28T12:33:36.909+0000] {processor.py:183} INFO - Processing /home/airflow/.local/lib/python3.8/site-packages/airflow/example_dags/example_python_decorator.py took 0.100 seconds
[2026-04-28T12:34:07.417+0000] {processor.py:161} INFO - Started process (PID=2501) to work on /home/airflow/.local/lib/python3.8/site-packages/airflow/example_dags/example_python_decorator.py
[2026-04-28T12:34:07.419+0000] {processor.py:830} INFO - Processing file /home/airflow/.local/lib/python3.8/site-packages/airflow/example_dags/example_python_decorator.py for tasks to queue
[2026-04-28T12:34:07.427+0000] {logging_mixin.py:188} INFO - [2026-04-28T12:34:07.427+0000] {dagbag.py:540} INFO - Filling up the DagBag from /home/airflow/.local/lib/python3.8/site-packages/airflow/example_dags/example_python_decorator.py
[2026-04-28T12:34:07.487+0000] {processor.py:840} INFO - DAG(s) 'example_python_decorator' retrieved from /home/airflow/.local/lib/python3.8/site-packages/airflow/example_dags/example_python_decorator.py
[2026-04-28T12:34:07.548+0000] {logging_mixin.py:188} INFO - [2026-04-28T12:34:07.548+0000] {dag.py:3047} INFO - Sync 1 DAGs
[2026-04-28T12:34:07.580+0000] {logging_mixin.py:188} INFO - [2026-04-28T12:34:07.578+0000] {dag.py:3834} INFO - Setting next_dagrun for example_python_decorator to None, run_after=None
[2026-04-28T12:34:07.611+0000] {processor.py:183} INFO - Processing /home/airflow/.local/lib/python3.8/site-packages/airflow/example_dags/example_python_decorator.py took 0.202 seconds
[2026-04-28T12:34:37.852+0000] {processor.py:161} INFO - Started process (PID=2557) to work on /home/airflow/.local/lib/python3.8/site-packages/airflow/example_dags/example_python_decorator.py
[2026-04-28T12:34:37.855+0000] {processor.py:830} INFO - Processing file /home/airflow/.local/lib/python3.8/site-packages/airflow/example_dags/example_python_decorator.py for tasks to queue
[2026-04-28T12:34:37.857+0000] {logging_mixin.py:188} INFO - [2026-04-28T12:34:37.857+0000] {dagbag.py:540} INFO - Filling up the DagBag from /home/airflow/.local/lib/python3.8/site-packages/airflow/example_dags/example_python_decorator.py
[2026-04-28T12:34:37.884+0000] {processor.py:840} INFO - DAG(s) 'example_python_decorator' retrieved from /home/airflow/.local/lib/python3.8/site-packages/airflow/example_dags/example_python_decorator.py
[2026-04-28T12:34:37.923+0000] {logging_mixin.py:188} INFO - [2026-04-28T12:34:37.922+0000] {dag.py:3047} INFO - Sync 1 DAGs
[2026-04-28T12:34:37.946+0000] {logging_mixin.py:188} INFO - [2026-04-28T12:34:37.945+0000] {dag.py:3834} INFO - Setting next_dagrun for example_python_decorator to None, run_after=None
[2026-04-28T12:34:37.974+0000] {processor.py:183} INFO - Processing /home/airflow/.local/lib/python3.8/site-packages/airflow/example_dags/example_python_decorator.py took 0.129 seconds
[2026-04-28T12:35:08.002+0000] {processor.py:161} INFO - Started process (PID=2612) to work on /home/airflow/.local/lib/python3.8/site-packages/airflow/example_dags/example_python_decorator.py
[2026-04-28T12:35:08.005+0000] {processor.py:830} INFO - Processing file /home/airflow/.local/lib/python3.8/site-packages/airflow/example_dags/example_python_decorator.py for tasks to queue
[2026-04-28T12:35:08.006+0000] {logging_mixin.py:188} INFO - [2026-04-28T12:35:08.006+0000] {dagbag.py:540} INFO - Filling up the DagBag from /home/airflow/.local/lib/python3.8/site-packages/airflow/example_dags/example_python_decorator.py
[2026-04-28T12:35:08.017+0000] {processor.py:840} INFO - DAG(s) 'example_python_decorator' retrieved from /home/airflow/.local/lib/python3.8/site-packages/airflow/example_dags/example_python_decorator.py
[2026-04-28T12:35:08.035+0000] {logging_mixin.py:188} INFO - [2026-04-28T12:35:08.035+0000] {dag.py:3047} INFO - Sync 1 DAGs
[2026-04-28T12:35:08.044+0000] {logging_mixin.py:188} INFO - [2026-04-28T12:35:08.044+0000] {dag.py:3834} INFO - Setting next_dagrun for example_python_decorator to None, run_after=None
[2026-04-28T12:35:08.057+0000] {processor.py:183} INFO - Processing /home/airflow/.local/lib/python3.8/site-packages/airflow/example_dags/example_python_decorator.py took 0.058 seconds
[2026-04-28T12:35:38.634+0000] {processor.py:161} INFO - Started process (PID=2667) to work on /home/airflow/.local/lib/python3.8/site-packages/airflow/example_dags/example_python_decorator.py
[2026-04-28T12:35:38.635+0000] {processor.py:830} INFO - Processing file /home/airflow/.local/lib/python3.8/site-packages/airflow/example_dags/example_python_decorator.py for tasks to queue
[2026-04-28T12:35:38.637+0000] {logging_mixin.py:188} INFO - [2026-04-28T12:35:38.636+0000] {dagbag.py:540} INFO - Filling up the DagBag from /home/airflow/.local/lib/python3.8/site-packages/airflow/example_dags/example_python_decorator.py
[2026-04-28T12:35:38.647+0000] {processor.py:840} INFO - DAG(s) 'example_python_decorator' retrieved from /home/airflow/.local/lib/python3.8/site-packages/airflow/example_dags/example_python_decorator.py
[2026-04-28T12:35:38.665+0000] {logging_mixin.py:188} INFO - [2026-04-28T12:35:38.665+0000] {dag.py:3047} INFO - Sync 1 DAGs
[2026-04-28T12:35:38.675+0000] {logging_mixin.py:188} INFO - [2026-04-28T12:35:38.675+0000] {dag.py:3834} INFO - Setting next_dagrun for example_python_decorator to None, run_after=None
[2026-04-28T12:35:38.690+0000] {processor.py:183} INFO - Processing /home/airflow/.local/lib/python3.8/site-packages/airflow/example_dags/example_python_decorator.py took 0.058 seconds
[2026-04-28T12:36:08.975+0000] {processor.py:161} INFO - Started process (PID=2723) to work on /home/airflow/.local/lib/python3.8/site-packages/airflow/example_dags/example_python_decorator.py
[2026-04-28T12:36:08.976+0000] {processor.py:830} INFO - Processing file /home/airflow/.local/lib/python3.8/site-packages/airflow/example_dags/example_python_decorator.py for tasks to queue
[2026-04-28T12:36:08.979+0000] {logging_mixin.py:188} INFO - [2026-04-28T12:36:08.979+0000] {dagbag.py:540} INFO - Filling up the DagBag from /home/airflow/.local/lib/python3.8/site-packages/airflow/example_dags/example_python_decorator.py
[2026-04-28T12:36:08.996+0000] {processor.py:840} INFO - DAG(s) 'example_python_decorator' retrieved from /home/airflow/.local/lib/python3.8/site-packages/airflow/example_dags/example_python_decorator.py
[2026-04-28T12:36:09.030+0000] {logging_mixin.py:188} INFO - [2026-04-28T12:36:09.030+0000] {dag.py:3047} INFO - Sync 1 DAGs
[2026-04-28T12:36:09.055+0000] {logging_mixin.py:188} INFO - [2026-04-28T12:36:09.054+0000] {dag.py:3834} INFO - Setting next_dagrun for example_python_decorator to None, run_after=None
[2026-04-28T12:36:09.069+0000] {processor.py:183} INFO - Processing /home/airflow/.local/lib/python3.8/site-packages/airflow/example_dags/example_python_decorator.py took 0.098 seconds
[2026-04-28T12:36:39.618+0000] {processor.py:161} INFO - Started process (PID=2779) to work on /home/airflow/.local/lib/python3.8/site-packages/airflow/example_dags/example_python_decorator.py
[2026-04-28T12:36:39.619+0000] {processor.py:830} INFO - Processing file /home/airflow/.local/lib/python3.8/site-packages/airflow/example_dags/example_python_decorator.py for tasks to queue
[2026-04-28T12:36:39.620+0000] {logging_mixin.py:188} INFO - [2026-04-28T12:36:39.620+0000] {dagbag.py:540} INFO - Filling up the DagBag from /home/airflow/.local/lib/python3.8/site-packages/airflow/example_dags/example_python_decorator.py
[2026-04-28T12:36:39.631+0000] {processor.py:840} INFO - DAG(s) 'example_python_decorator' retrieved from /home/airflow/.local/lib/python3.8/site-packages/airflow/example_dags/example_python_decorator.py
[2026-04-28T12:36:39.649+0000] {logging_mixin.py:188} INFO - [2026-04-28T12:36:39.649+0000] {dag.py:3047} INFO - Sync 1 DAGs
[2026-04-28T12:36:39.658+0000] {logging_mixin.py:188} INFO - [2026-04-28T12:36:39.658+0000] {dag.py:3834} INFO - Setting next_dagrun for example_python_decorator to None, run_after=None
[2026-04-28T12:36:39.672+0000] {processor.py:183} INFO - Processing /home/airflow/.local/lib/python3.8/site-packages/airflow/example_dags/example_python_decorator.py took 0.057 seconds
[2026-04-28T12:37:10.201+0000] {processor.py:161} INFO - Started process (PID=2835) to work on /home/airflow/.local/lib/python3.8/site-packages/airflow/example_dags/example_python_decorator.py
[2026-04-28T12:37:10.202+0000] {processor.py:830} INFO - Processing file /home/airflow/.local/lib/python3.8/site-packages/airflow/example_dags/example_python_decorator.py for tasks to queue
[2026-04-28T12:37:10.204+0000] {logging_mixin.py:188} INFO - [2026-04-28T12:37:10.203+0000] {dagbag.py:540} INFO - Filling up the DagBag from /home/airflow/.local/lib/python3.8/site-packages/airflow/example_dags/example_python_decorator.py
[2026-04-28T12:37:10.226+0000] {processor.py:840} INFO - DAG(s) 'example_python_decorator' retrieved from /home/airflow/.local/lib/python3.8/site-packages/airflow/example_dags/example_python_decorator.py
[2026-04-28T12:37:10.247+0000] {logging_mixin.py:188} INFO - [2026-04-28T12:37:10.246+0000] {dag.py:3047} INFO - Sync 1 DAGs
[2026-04-28T12:37:10.257+0000] {logging_mixin.py:188} INFO - [2026-04-28T12:37:10.257+0000] {dag.py:3834} INFO - Setting next_dagrun for example_python_decorator to None, run_after=None
[2026-04-28T12:37:10.270+0000] {processor.py:183} INFO - Processing /home/airflow/.local/lib/python3.8/site-packages/airflow/example_dags/example_python_decorator.py took 0.074 seconds
[2026-04-28T12:37:41.045+0000] {processor.py:161} INFO - Started process (PID=2891) to work on /home/airflow/.local/lib/python3.8/site-packages/airflow/example_dags/example_python_decorator.py
[2026-04-28T12:37:41.046+0000] {processor.py:830} INFO - Processing file /home/airflow/.local/lib/python3.8/site-packages/airflow/example_dags/example_python_decorator.py for tasks to queue
[2026-04-28T12:37:41.048+0000] {logging_mixin.py:188} INFO - [2026-04-28T12:37:41.048+0000] {dagbag.py:540} INFO - Filling up the DagBag from /home/airflow/.local/lib/python3.8/site-packages/airflow/example_dags/example_python_decorator.py
[2026-04-28T12:37:41.059+0000] {processor.py:840} INFO - DAG(s) 'example_python_decorator' retrieved from /home/airflow/.local/lib/python3.8/site-packages/airflow/example_dags/example_python_decorator.py
[2026-04-28T12:37:41.076+0000] {logging_mixin.py:188} INFO - [2026-04-28T12:37:41.076+0000] {dag.py:3047} INFO - Sync 1 DAGs
[2026-04-28T12:37:41.086+0000] {logging_mixin.py:188} INFO - [2026-04-28T12:37:41.086+0000] {dag.py:3834} INFO - Setting next_dagrun for example_python_decorator to None, run_after=None
[2026-04-28T12:37:41.100+0000] {processor.py:183} INFO - Processing /home/airflow/.local/lib/python3.8/site-packages/airflow/example_dags/example_python_decorator.py took 0.057 seconds
[2026-04-28T12:38:11.662+0000] {processor.py:161} INFO - Started process (PID=2947) to work on /home/airflow/.local/lib/python3.8/site-packages/airflow/example_dags/example_python_decorator.py
[2026-04-28T12:38:11.663+0000] {processor.py:830} INFO - Processing file /home/airflow/.local/lib/python3.8/site-packages/airflow/example_dags/example_python_decorator.py for tasks to queue
[2026-04-28T12:38:11.664+0000] {logging_mixin.py:188} INFO - [2026-04-28T12:38:11.664+0000] {dagbag.py:540} INFO - Filling up the DagBag from /home/airflow/.local/lib/python3.8/site-packages/airflow/example_dags/example_python_decorator.py
[2026-04-28T12:38:11.675+0000] {processor.py:840} INFO - DAG(s) 'example_python_decorator' retrieved from /home/airflow/.local/lib/python3.8/site-packages/airflow/example_dags/example_python_decorator.py
[2026-04-28T12:38:11.699+0000] {logging_mixin.py:188} INFO - [2026-04-28T12:38:11.699+0000] {dag.py:3047} INFO - Sync 1 DAGs
[2026-04-28T12:38:11.714+0000] {logging_mixin.py:188} INFO - [2026-04-28T12:38:11.713+0000] {dag.py:3834} INFO - Setting next_dagrun for example_python_decorator to None, run_after=None
[2026-04-28T12:38:11.738+0000] {processor.py:183} INFO - Processing /home/airflow/.local/lib/python3.8/site-packages/airflow/example_dags/example_python_decorator.py took 0.079 seconds
[2026-04-28T12:38:42.324+0000] {processor.py:161} INFO - Started process (PID=3003) to work on /home/airflow/.local/lib/python3.8/site-packages/airflow/example_dags/example_python_decorator.py
[2026-04-28T12:38:42.324+0000] {processor.py:830} INFO - Processing file /home/airflow/.local/lib/python3.8/site-packages/airflow/example_dags/example_python_decorator.py for tasks to queue
[2026-04-28T12:38:42.326+0000] {logging_mixin.py:188} INFO - [2026-04-28T12:38:42.326+0000] {dagbag.py:540} INFO - Filling up the DagBag from /home/airflow/.local/lib/python3.8/site-packages/airflow/example_dags/example_python_decorator.py
[2026-04-28T12:38:42.337+0000] {processor.py:840} INFO - DAG(s) 'example_python_decorator' retrieved from /home/airflow/.local/lib/python3.8/site-packages/airflow/example_dags/example_python_decorator.py
[2026-04-28T12:38:42.359+0000] {logging_mixin.py:188} INFO - [2026-04-28T12:38:42.359+0000] {dag.py:3047} INFO - Sync 1 DAGs
[2026-04-28T12:38:42.370+0000] {logging_mixin.py:188} INFO - [2026-04-28T12:38:42.370+0000] {dag.py:3834} INFO - Setting next_dagrun for example_python_decorator to None, run_after=None
[2026-04-28T12:38:42.383+0000] {processor.py:183} INFO - Processing /home/airflow/.local/lib/python3.8/site-packages/airflow/example_dags/example_python_decorator.py took 0.063 seconds
[2026-04-28T12:39:12.650+0000] {processor.py:161} INFO - Started process (PID=3059) to work on /home/airflow/.local/lib/python3.8/site-packages/airflow/example_dags/example_python_decorator.py
[2026-04-28T12:39:12.651+0000] {processor.py:830} INFO - Processing file /home/airflow/.local/lib/python3.8/site-packages/airflow/example_dags/example_python_decorator.py for tasks to queue
[2026-04-28T12:39:12.652+0000] {logging_mixin.py:188} INFO - [2026-04-28T12:39:12.652+0000] {dagbag.py:540} INFO - Filling up the DagBag from /home/airflow/.local/lib/python3.8/site-packages/airflow/example_dags/example_python_decorator.py
[2026-04-28T12:39:12.663+0000] {processor.py:840} INFO - DAG(s) 'example_python_decorator' retrieved from /home/airflow/.local/lib/python3.8/site-packages/airflow/example_dags/example_python_decorator.py
[2026-04-28T12:39:12.681+0000] {logging_mixin.py:188} INFO - [2026-04-28T12:39:12.681+0000] {dag.py:3047} INFO - Sync 1 DAGs
[2026-04-28T12:39:12.690+0000] {logging_mixin.py:188} INFO - [2026-04-28T12:39:12.690+0000] {dag.py:3834} INFO - Setting next_dagrun for example_python_decorator to None, run_after=None
[2026-04-28T12:39:12.704+0000] {processor.py:183} INFO - Processing /home/airflow/.local/lib/python3.8/site-packages/airflow/example_dags/example_python_decorator.py took 0.058 seconds
[2026-04-28T12:39:43.222+0000] {processor.py:161} INFO - Started process (PID=3115) to work on /home/airflow/.local/lib/python3.8/site-packages/airflow/example_dags/example_python_decorator.py
[2026-04-28T12:39:43.222+0000] {processor.py:830} INFO - Processing file /home/airflow/.local/lib/python3.8/site-packages/airflow/example_dags/example_python_decorator.py for tasks to queue
[2026-04-28T12:39:43.224+0000] {logging_mixin.py:188} INFO - [2026-04-28T12:39:43.224+0000] {dagbag.py:540} INFO - Filling up the DagBag from /home/airflow/.local/lib/python3.8/site-packages/airflow/example_dags/example_python_decorator.py
[2026-04-28T12:39:43.234+0000] {processor.py:840} INFO - DAG(s) 'example_python_decorator' retrieved from /home/airflow/.local/lib/python3.8/site-packages/airflow/example_dags/example_python_decorator.py
[2026-04-28T12:39:43.253+0000] {logging_mixin.py:188} INFO - [2026-04-28T12:39:43.252+0000] {dag.py:3047} INFO - Sync 1 DAGs
[2026-04-28T12:39:43.262+0000] {logging_mixin.py:188} INFO - [2026-04-28T12:39:43.262+0000] {dag.py:3834} INFO - Setting next_dagrun for example_python_decorator to None, run_after=None
[2026-04-28T12:39:43.277+0000] {processor.py:183} INFO - Processing /home/airflow/.local/lib/python3.8/site-packages/airflow/example_dags/example_python_decorator.py took 0.059 seconds
[2026-04-28T12:40:13.718+0000] {processor.py:161} INFO - Started process (PID=3171) to work on /home/airflow/.local/lib/python3.8/site-packages/airflow/example_dags/example_python_decorator.py
[2026-04-28T12:40:13.719+0000] {processor.py:830} INFO - Processing file /home/airflow/.local/lib/python3.8/site-packages/airflow/example_dags/example_python_decorator.py for tasks to queue
[2026-04-28T12:40:13.721+0000] {logging_mixin.py:188} INFO - [2026-04-28T12:40:13.721+0000] {dagbag.py:540} INFO - Filling up the DagBag from /home/airflow/.local/lib/python3.8/site-packages/airflow/example_dags/example_python_decorator.py
[2026-04-28T12:40:13.737+0000] {processor.py:840} INFO - DAG(s) 'example_python_decorator' retrieved from /home/airflow/.local/lib/python3.8/site-packages/airflow/example_dags/example_python_decorator.py
[2026-04-28T12:40:13.765+0000] {logging_mixin.py:188} INFO - [2026-04-28T12:40:13.765+0000] {dag.py:3047} INFO - Sync 1 DAGs
[2026-04-28T12:40:13.780+0000] {logging_mixin.py:188} INFO - [2026-04-28T12:40:13.780+0000] {dag.py:3834} INFO - Setting next_dagrun for example_python_decorator to None, run_after=None
[2026-04-28T12:40:13.799+0000] {processor.py:183} INFO - Processing /home/airflow/.local/lib/python3.8/site-packages/airflow/example_dags/example_python_decorator.py took 0.085 seconds
[2026-04-28T12:40:44.187+0000] {processor.py:161} INFO - Started process (PID=3227) to work on /home/airflow/.local/lib/python3.8/site-packages/airflow/example_dags/example_python_decorator.py
[2026-04-28T12:40:44.188+0000] {processor.py:830} INFO - Processing file /home/airflow/.local/lib/python3.8/site-packages/airflow/example_dags/example_python_decorator.py for tasks to queue
[2026-04-28T12:40:44.191+0000] {logging_mixin.py:188} INFO - [2026-04-28T12:40:44.190+0000] {dagbag.py:540} INFO - Filling up the DagBag from /home/airflow/.local/lib/python3.8/site-packages/airflow/example_dags/example_python_decorator.py
[2026-04-28T12:40:44.207+0000] {processor.py:840} INFO - DAG(s) 'example_python_decorator' retrieved from /home/airflow/.local/lib/python3.8/site-packages/airflow/example_dags/example_python_decorator.py
[2026-04-28T12:40:44.233+0000] {logging_mixin.py:188} INFO - [2026-04-28T12:40:44.232+0000] {dag.py:3047} INFO - Sync 1 DAGs
[2026-04-28T12:40:44.248+0000] {logging_mixin.py:188} INFO - [2026-04-28T12:40:44.248+0000] {dag.py:3834} INFO - Setting next_dagrun for example_python_decorator to None, run_after=None
[2026-04-28T12:40:44.269+0000] {processor.py:183} INFO - Processing /home/airflow/.local/lib/python3.8/site-packages/airflow/example_dags/example_python_decorator.py took 0.086 seconds
[2026-04-28T12:41:14.529+0000] {processor.py:161} INFO - Started process (PID=3283) to work on /home/airflow/.local/lib/python3.8/site-packages/airflow/example_dags/example_python_decorator.py
[2026-04-28T12:41:14.530+0000] {processor.py:830} INFO - Processing file /home/airflow/.local/lib/python3.8/site-packages/airflow/example_dags/example_python_decorator.py for tasks to queue
[2026-04-28T12:41:14.532+0000] {logging_mixin.py:188} INFO - [2026-04-28T12:41:14.532+0000] {dagbag.py:540} INFO - Filling up the DagBag from /home/airflow/.local/lib/python3.8/site-packages/airflow/example_dags/example_python_decorator.py
[2026-04-28T12:41:14.551+0000] {processor.py:840} INFO - DAG(s) 'example_python_decorator' retrieved from /home/airflow/.local/lib/python3.8/site-packages/airflow/example_dags/example_python_decorator.py
[2026-04-28T12:41:14.569+0000] {logging_mixin.py:188} INFO - [2026-04-28T12:41:14.569+0000] {dag.py:3047} INFO - Sync 1 DAGs
[2026-04-28T12:41:14.578+0000] {logging_mixin.py:188} INFO - [2026-04-28T12:41:14.578+0000] {dag.py:3834} INFO - Setting next_dagrun for example_python_decorator to None, run_after=None
[2026-04-28T12:41:14.592+0000] {processor.py:183} INFO - Processing /home/airflow/.local/lib/python3.8/site-packages/airflow/example_dags/example_python_decorator.py took 0.067 seconds
[2026-04-28T12:41:44.845+0000] {processor.py:161} INFO - Started process (PID=3339) to work on /home/airflow/.local/lib/python3.8/site-packages/airflow/example_dags/example_python_decorator.py
[2026-04-28T12:41:44.846+0000] {processor.py:830} INFO - Processing file /home/airflow/.local/lib/python3.8/site-packages/airflow/example_dags/example_python_decorator.py for tasks to queue
[2026-04-28T12:41:44.849+0000] {logging_mixin.py:188} INFO - [2026-04-28T12:41:44.848+0000] {dagbag.py:540} INFO - Filling up the DagBag from /home/airflow/.local/lib/python3.8/site-packages/airflow/example_dags/example_python_decorator.py
[2026-04-28T12:41:44.865+0000] {processor.py:840} INFO - DAG(s) 'example_python_decorator' retrieved from /home/airflow/.local/lib/python3.8/site-packages/airflow/example_dags/example_python_decorator.py
[2026-04-28T12:41:44.891+0000] {logging_mixin.py:188} INFO - [2026-04-28T12:41:44.891+0000] {dag.py:3047} INFO - Sync 1 DAGs
[2026-04-28T12:41:44.905+0000] {logging_mixin.py:188} INFO - [2026-04-28T12:41:44.905+0000] {dag.py:3834} INFO - Setting next_dagrun for example_python_decorator to None, run_after=None
[2026-04-28T12:41:44.925+0000] {processor.py:183} INFO - Processing /home/airflow/.local/lib/python3.8/site-packages/airflow/example_dags/example_python_decorator.py took 0.084 seconds
[2026-04-28T12:42:15.031+0000] {processor.py:161} INFO - Started process (PID=3395) to work on /home/airflow/.local/lib/python3.8/site-packages/airflow/example_dags/example_python_decorator.py
[2026-04-28T12:42:15.032+0000] {processor.py:830} INFO - Processing file /home/airflow/.local/lib/python3.8/site-packages/airflow/example_dags/example_python_decorator.py for tasks to queue
[2026-04-28T12:42:15.034+0000] {logging_mixin.py:188} INFO - [2026-04-28T12:42:15.033+0000] {dagbag.py:540} INFO - Filling up the DagBag from /home/airflow/.local/lib/python3.8/site-packages/airflow/example_dags/example_python_decorator.py
[2026-04-28T12:42:15.044+0000] {processor.py:840} INFO - DAG(s) 'example_python_decorator' retrieved from /home/airflow/.local/lib/python3.8/site-packages/airflow/example_dags/example_python_decorator.py
[2026-04-28T12:42:15.068+0000] {logging_mixin.py:188} INFO - [2026-04-28T12:42:15.068+0000] {dag.py:3047} INFO - Sync 1 DAGs
[2026-04-28T12:42:15.086+0000] {logging_mixin.py:188} INFO - [2026-04-28T12:42:15.085+0000] {dag.py:3834} INFO - Setting next_dagrun for example_python_decorator to None, run_after=None
[2026-04-28T12:42:15.109+0000] {processor.py:183} INFO - Processing /home/airflow/.local/lib/python3.8/site-packages/airflow/example_dags/example_python_decorator.py took 0.081 seconds
[2026-04-28T12:42:45.554+0000] {processor.py:161} INFO - Started process (PID=3451) to work on /home/airflow/.local/lib/python3.8/site-packages/airflow/example_dags/example_python_decorator.py
[2026-04-28T12:42:45.555+0000] {processor.py:830} INFO - Processing file /home/airflow/.local/lib/python3.8/site-packages/airflow/example_dags/example_python_decorator.py for tasks to queue
[2026-04-28T12:42:45.557+0000] {logging_mixin.py:188} INFO - [2026-04-28T12:42:45.557+0000] {dagbag.py:540} INFO - Filling up the DagBag from /home/airflow/.local/lib/python3.8/site-packages/airflow/example_dags/example_python_decorator.py
[2026-04-28T12:42:45.568+0000] {processor.py:840} INFO - DAG(s) 'example_python_decorator' retrieved from /home/airflow/.local/lib/python3.8/site-packages/airflow/example_dags/example_python_decorator.py
[2026-04-28T12:42:45.586+0000] {logging_mixin.py:188} INFO - [2026-04-28T12:42:45.585+0000] {dag.py:3047} INFO - Sync 1 DAGs
[2026-04-28T12:42:45.595+0000] {logging_mixin.py:188} INFO - [2026-04-28T12:42:45.595+0000] {dag.py:3834} INFO - Setting next_dagrun for example_python_decorator to None, run_after=None
[2026-04-28T12:42:45.608+0000] {processor.py:183} INFO - Processing /home/airflow/.local/lib/python3.8/site-packages/airflow/example_dags/example_python_decorator.py took 0.057 seconds
[2026-04-28T12:43:15.765+0000] {processor.py:161} INFO - Started process (PID=3507) to work on /home/airflow/.local/lib/python3.8/site-packages/airflow/example_dags/example_python_decorator.py
[2026-04-28T12:43:15.766+0000] {processor.py:830} INFO - Processing file /home/airflow/.local/lib/python3.8/site-packages/airflow/example_dags/example_python_decorator.py for tasks to queue
[2026-04-28T12:43:15.768+0000] {logging_mixin.py:188} INFO - [2026-04-28T12:43:15.767+0000] {dagbag.py:540} INFO - Filling up the DagBag from /home/airflow/.local/lib/python3.8/site-packages/airflow/example_dags/example_python_decorator.py
[2026-04-28T12:43:15.781+0000] {processor.py:840} INFO - DAG(s) 'example_python_decorator' retrieved from /home/airflow/.local/lib/python3.8/site-packages/airflow/example_dags/example_python_decorator.py
[2026-04-28T12:43:15.814+0000] {logging_mixin.py:188} INFO - [2026-04-28T12:43:15.814+0000] {dag.py:3047} INFO - Sync 1 DAGs
[2026-04-28T12:43:15.835+0000] {logging_mixin.py:188} INFO - [2026-04-28T12:43:15.835+0000] {dag.py:3834} INFO - Setting next_dagrun for example_python_decorator to None, run_after=None
[2026-04-28T12:43:15.848+0000] {processor.py:183} INFO - Processing /home/airflow/.local/lib/python3.8/site-packages/airflow/example_dags/example_python_decorator.py took 0.086 seconds
[2026-04-28T12:43:46.128+0000] {processor.py:161} INFO - Started process (PID=3562) to work on /home/airflow/.local/lib/python3.8/site-packages/airflow/example_dags/example_python_decorator.py
[2026-04-28T12:43:46.128+0000] {processor.py:830} INFO - Processing file /home/airflow/.local/lib/python3.8/site-packages/airflow/example_dags/example_python_decorator.py for tasks to queue
[2026-04-28T12:43:46.130+0000] {logging_mixin.py:188} INFO - [2026-04-28T12:43:46.130+0000] {dagbag.py:540} INFO - Filling up the DagBag from /home/airflow/.local/lib/python3.8/site-packages/airflow/example_dags/example_python_decorator.py
[2026-04-28T12:43:46.141+0000] {processor.py:840} INFO - DAG(s) 'example_python_decorator' retrieved from /home/airflow/.local/lib/python3.8/site-packages/airflow/example_dags/example_python_decorator.py
[2026-04-28T12:43:46.158+0000] {logging_mixin.py:188} INFO - [2026-04-28T12:43:46.158+0000] {dag.py:3047} INFO - Sync 1 DAGs
[2026-04-28T12:43:46.168+0000] {logging_mixin.py:188} INFO - [2026-04-28T12:43:46.168+0000] {dag.py:3834} INFO - Setting next_dagrun for example_python_decorator to None, run_after=None
[2026-04-28T12:43:46.181+0000] {processor.py:183} INFO - Processing /home/airflow/.local/lib/python3.8/site-packages/airflow/example_dags/example_python_decorator.py took 0.057 seconds
[2026-04-28T12:44:16.231+0000] {processor.py:161} INFO - Started process (PID=3618) to work on /home/airflow/.local/lib/python3.8/site-packages/airflow/example_dags/example_python_decorator.py
[2026-04-28T12:44:16.232+0000] {processor.py:830} INFO - Processing file /home/airflow/.local/lib/python3.8/site-packages/airflow/example_dags/example_python_decorator.py for tasks to queue
[2026-04-28T12:44:16.234+0000] {logging_mixin.py:188} INFO - [2026-04-28T12:44:16.234+0000] {dagbag.py:540} INFO - Filling up the DagBag from /home/airflow/.local/lib/python3.8/site-packages/airflow/example_dags/example_python_decorator.py
[2026-04-28T12:44:16.245+0000] {processor.py:840} INFO - DAG(s) 'example_python_decorator' retrieved from /home/airflow/.local/lib/python3.8/site-packages/airflow/example_dags/example_python_decorator.py
[2026-04-28T12:44:16.263+0000] {logging_mixin.py:188} INFO - [2026-04-28T12:44:16.262+0000] {dag.py:3047} INFO - Sync 1 DAGs
[2026-04-28T12:44:16.272+0000] {logging_mixin.py:188} INFO - [2026-04-28T12:44:16.272+0000] {dag.py:3834} INFO - Setting next_dagrun for example_python_decorator to None, run_after=None
[2026-04-28T12:44:16.285+0000] {processor.py:183} INFO - Processing /home/airflow/.local/lib/python3.8/site-packages/airflow/example_dags/example_python_decorator.py took 0.057 seconds
[2026-04-28T12:44:46.903+0000] {processor.py:161} INFO - Started process (PID=3673) to work on /home/airflow/.local/lib/python3.8/site-packages/airflow/example_dags/example_python_decorator.py
[2026-04-28T12:44:46.904+0000] {processor.py:830} INFO - Processing file /home/airflow/.local/lib/python3.8/site-packages/airflow/example_dags/example_python_decorator.py for tasks to queue
[2026-04-28T12:44:46.906+0000] {logging_mixin.py:188} INFO - [2026-04-28T12:44:46.906+0000] {dagbag.py:540} INFO - Filling up the DagBag from /home/airflow/.local/lib/python3.8/site-packages/airflow/example_dags/example_python_decorator.py
[2026-04-28T12:44:46.922+0000] {processor.py:840} INFO - DAG(s) 'example_python_decorator' retrieved from /home/airflow/.local/lib/python3.8/site-packages/airflow/example_dags/example_python_decorator.py
[2026-04-28T12:44:46.946+0000] {logging_mixin.py:188} INFO - [2026-04-28T12:44:46.946+0000] {dag.py:3047} INFO - Sync 1 DAGs
[2026-04-28T12:44:46.960+0000] {logging_mixin.py:188} INFO - [2026-04-28T12:44:46.960+0000] {dag.py:3834} INFO - Setting next_dagrun for example_python_decorator to None, run_after=None
[2026-04-28T12:44:46.976+0000] {processor.py:183} INFO - Processing /home/airflow/.local/lib/python3.8/site-packages/airflow/example_dags/example_python_decorator.py took 0.079 seconds
[2026-04-28T12:45:17.768+0000] {processor.py:161} INFO - Started process (PID=3728) to work on /home/airflow/.local/lib/python3.8/site-packages/airflow/example_dags/example_python_decorator.py
[2026-04-28T12:45:17.769+0000] {processor.py:830} INFO - Processing file /home/airflow/.local/lib/python3.8/site-packages/airflow/example_dags/example_python_decorator.py for tasks to queue
[2026-04-28T12:45:17.771+0000] {logging_mixin.py:188} INFO - [2026-04-28T12:45:17.770+0000] {dagbag.py:540} INFO - Filling up the DagBag from /home/airflow/.local/lib/python3.8/site-packages/airflow/example_dags/example_python_decorator.py
[2026-04-28T12:45:17.787+0000] {processor.py:840} INFO - DAG(s) 'example_python_decorator' retrieved from /home/airflow/.local/lib/python3.8/site-packages/airflow/example_dags/example_python_decorator.py
[2026-04-28T12:45:17.811+0000] {logging_mixin.py:188} INFO - [2026-04-28T12:45:17.811+0000] {dag.py:3047} INFO - Sync 1 DAGs
[2026-04-28T12:45:17.826+0000] {logging_mixin.py:188} INFO - [2026-04-28T12:45:17.825+0000] {dag.py:3834} INFO - Setting next_dagrun for example_python_decorator to None, run_after=None
[2026-04-28T12:45:17.842+0000] {processor.py:183} INFO - Processing /home/airflow/.local/lib/python3.8/site-packages/airflow/example_dags/example_python_decorator.py took 0.080 seconds
[2026-04-28T12:45:48.752+0000] {processor.py:161} INFO - Started process (PID=3784) to work on /home/airflow/.local/lib/python3.8/site-packages/airflow/example_dags/example_python_decorator.py
[2026-04-28T12:45:48.754+0000] {processor.py:830} INFO - Processing file /home/airflow/.local/lib/python3.8/site-packages/airflow/example_dags/example_python_decorator.py for tasks to queue
[2026-04-28T12:45:48.756+0000] {logging_mixin.py:188} INFO - [2026-04-28T12:45:48.756+0000] {dagbag.py:540} INFO - Filling up the DagBag from /home/airflow/.local/lib/python3.8/site-packages/airflow/example_dags/example_python_decorator.py
[2026-04-28T12:45:48.772+0000] {processor.py:840} INFO - DAG(s) 'example_python_decorator' retrieved from /home/airflow/.local/lib/python3.8/site-packages/airflow/example_dags/example_python_decorator.py
[2026-04-28T12:45:48.795+0000] {logging_mixin.py:188} INFO - [2026-04-28T12:45:48.795+0000] {dag.py:3047} INFO - Sync 1 DAGs
[2026-04-28T12:45:48.809+0000] {logging_mixin.py:188} INFO - [2026-04-28T12:45:48.809+0000] {dag.py:3834} INFO - Setting next_dagrun for example_python_decorator to None, run_after=None
[2026-04-28T12:45:48.825+0000] {processor.py:183} INFO - Processing /home/airflow/.local/lib/python3.8/site-packages/airflow/example_dags/example_python_decorator.py took 0.080 seconds
[2026-04-28T12:46:18.946+0000] {processor.py:161} INFO - Started process (PID=3840) to work on /home/airflow/.local/lib/python3.8/site-packages/airflow/example_dags/example_python_decorator.py
[2026-04-28T12:46:18.947+0000] {processor.py:830} INFO - Processing file /home/airflow/.local/lib/python3.8/site-packages/airflow/example_dags/example_python_decorator.py for tasks to queue
[2026-04-28T12:46:18.949+0000] {logging_mixin.py:188} INFO - [2026-04-28T12:46:18.949+0000] {dagbag.py:540} INFO - Filling up the DagBag from /home/airflow/.local/lib/python3.8/site-packages/airflow/example_dags/example_python_decorator.py
[2026-04-28T12:46:18.965+0000] {processor.py:840} INFO - DAG(s) 'example_python_decorator' retrieved from /home/airflow/.local/lib/python3.8/site-packages/airflow/example_dags/example_python_decorator.py
[2026-04-28T12:46:18.994+0000] {logging_mixin.py:188} INFO - [2026-04-28T12:46:18.993+0000] {dag.py:3047} INFO - Sync 1 DAGs
[2026-04-28T12:46:19.007+0000] {logging_mixin.py:188} INFO - [2026-04-28T12:46:19.007+0000] {dag.py:3834} INFO - Setting next_dagrun for example_python_decorator to None, run_after=None
[2026-04-28T12:46:19.025+0000] {processor.py:183} INFO - Processing /home/airflow/.local/lib/python3.8/site-packages/airflow/example_dags/example_python_decorator.py took 0.083 seconds
[2026-04-28T12:46:49.374+0000] {processor.py:161} INFO - Started process (PID=3896) to work on /home/airflow/.local/lib/python3.8/site-packages/airflow/example_dags/example_python_decorator.py
[2026-04-28T12:46:49.375+0000] {processor.py:830} INFO - Processing file /home/airflow/.local/lib/python3.8/site-packages/airflow/example_dags/example_python_decorator.py for tasks to queue
[2026-04-28T12:46:49.377+0000] {logging_mixin.py:188} INFO - [2026-04-28T12:46:49.377+0000] {dagbag.py:540} INFO - Filling up the DagBag from /home/airflow/.local/lib/python3.8/site-packages/airflow/example_dags/example_python_decorator.py
[2026-04-28T12:46:49.393+0000] {processor.py:840} INFO - DAG(s) 'example_python_decorator' retrieved from /home/airflow/.local/lib/python3.8/site-packages/airflow/example_dags/example_python_decorator.py
[2026-04-28T12:46:49.417+0000] {logging_mixin.py:188} INFO - [2026-04-28T12:46:49.417+0000] {dag.py:3047} INFO - Sync 1 DAGs
[2026-04-28T12:46:49.430+0000] {logging_mixin.py:188} INFO - [2026-04-28T12:46:49.430+0000] {dag.py:3834} INFO - Setting next_dagrun for example_python_decorator to None, run_after=None
[2026-04-28T12:46:49.447+0000] {processor.py:183} INFO - Processing /home/airflow/.local/lib/python3.8/site-packages/airflow/example_dags/example_python_decorator.py took 0.079 seconds
[2026-04-28T12:47:20.231+0000] {processor.py:161} INFO - Started process (PID=3952) to work on /home/airflow/.local/lib/python3.8/site-packages/airflow/example_dags/example_python_decorator.py
[2026-04-28T12:47:20.236+0000] {processor.py:830} INFO - Processing file /home/airflow/.local/lib/python3.8/site-packages/airflow/example_dags/example_python_decorator.py for tasks to queue
[2026-04-28T12:47:20.239+0000] {logging_mixin.py:188} INFO - [2026-04-28T12:47:20.239+0000] {dagbag.py:540} INFO - Filling up the DagBag from /home/airflow/.local/lib/python3.8/site-packages/airflow/example_dags/example_python_decorator.py
[2026-04-28T12:47:20.255+0000] {processor.py:840} INFO - DAG(s) 'example_python_decorator' retrieved from /home/airflow/.local/lib/python3.8/site-packages/airflow/example_dags/example_python_decorator.py
[2026-04-28T12:47:20.279+0000] {logging_mixin.py:188} INFO - [2026-04-28T12:47:20.279+0000] {dag.py:3047} INFO - Sync 1 DAGs
[2026-04-28T12:47:20.293+0000] {logging_mixin.py:188} INFO - [2026-04-28T12:47:20.293+0000] {dag.py:3834} INFO - Setting next_dagrun for example_python_decorator to None, run_after=None
[2026-04-28T12:47:20.311+0000] {processor.py:183} INFO - Processing /home/airflow/.local/lib/python3.8/site-packages/airflow/example_dags/example_python_decorator.py took 0.086 seconds
[2026-04-28T12:47:50.616+0000] {processor.py:161} INFO - Started process (PID=4008) to work on /home/airflow/.local/lib/python3.8/site-packages/airflow/example_dags/example_python_decorator.py
[2026-04-28T12:47:50.617+0000] {processor.py:830} INFO - Processing file /home/airflow/.local/lib/python3.8/site-packages/airflow/example_dags/example_python_decorator.py for tasks to queue
[2026-04-28T12:47:50.619+0000] {logging_mixin.py:188} INFO - [2026-04-28T12:47:50.619+0000] {dagbag.py:540} INFO - Filling up the DagBag from /home/airflow/.local/lib/python3.8/site-packages/airflow/example_dags/example_python_decorator.py
[2026-04-28T12:47:50.635+0000] {processor.py:840} INFO - DAG(s) 'example_python_decorator' retrieved from /home/airflow/.local/lib/python3.8/site-packages/airflow/example_dags/example_python_decorator.py
[2026-04-28T12:47:50.659+0000] {logging_mixin.py:188} INFO - [2026-04-28T12:47:50.658+0000] {dag.py:3047} INFO - Sync 1 DAGs
[2026-04-28T12:47:50.672+0000] {logging_mixin.py:188} INFO - [2026-04-28T12:47:50.672+0000] {dag.py:3834} INFO - Setting next_dagrun for example_python_decorator to None, run_after=None
[2026-04-28T12:47:50.688+0000] {processor.py:183} INFO - Processing /home/airflow/.local/lib/python3.8/site-packages/airflow/example_dags/example_python_decorator.py took 0.077 seconds
[2026-04-28T12:48:21.467+0000] {processor.py:161} INFO - Started process (PID=4064) to work on /home/airflow/.local/lib/python3.8/site-packages/airflow/example_dags/example_python_decorator.py
[2026-04-28T12:48:21.468+0000] {processor.py:830} INFO - Processing file /home/airflow/.local/lib/python3.8/site-packages/airflow/example_dags/example_python_decorator.py for tasks to queue
[2026-04-28T12:48:21.471+0000] {logging_mixin.py:188} INFO - [2026-04-28T12:48:21.470+0000] {dagbag.py:540} INFO - Filling up the DagBag from /home/airflow/.local/lib/python3.8/site-packages/airflow/example_dags/example_python_decorator.py
[2026-04-28T12:48:21.487+0000] {processor.py:840} INFO - DAG(s) 'example_python_decorator' retrieved from /home/airflow/.local/lib/python3.8/site-packages/airflow/example_dags/example_python_decorator.py
[2026-04-28T12:48:21.512+0000] {logging_mixin.py:188} INFO - [2026-04-28T12:48:21.512+0000] {dag.py:3047} INFO - Sync 1 DAGs
[2026-04-28T12:48:21.526+0000] {logging_mixin.py:188} INFO - [2026-04-28T12:48:21.526+0000] {dag.py:3834} INFO - Setting next_dagrun for example_python_decorator to None, run_after=None
[2026-04-28T12:48:21.545+0000] {processor.py:183} INFO - Processing /home/airflow/.local/lib/python3.8/site-packages/airflow/example_dags/example_python_decorator.py took 0.081 seconds
[2026-04-28T12:48:51.595+0000] {processor.py:161} INFO - Started process (PID=4120) to work on /home/airflow/.local/lib/python3.8/site-packages/airflow/example_dags/example_python_decorator.py
[2026-04-28T12:48:51.598+0000] {processor.py:830} INFO - Processing file /home/airflow/.local/lib/python3.8/site-packages/airflow/example_dags/example_python_decorator.py for tasks to queue
[2026-04-28T12:48:51.601+0000] {logging_mixin.py:188} INFO - [2026-04-28T12:48:51.600+0000] {dagbag.py:540} INFO - Filling up the DagBag from /home/airflow/.local/lib/python3.8/site-packages/airflow/example_dags/example_python_decorator.py
[2026-04-28T12:48:51.618+0000] {processor.py:840} INFO - DAG(s) 'example_python_decorator' retrieved from /home/airflow/.local/lib/python3.8/site-packages/airflow/example_dags/example_python_decorator.py
[2026-04-28T12:48:51.642+0000] {logging_mixin.py:188} INFO - [2026-04-28T12:48:51.642+0000] {dag.py:3047} INFO - Sync 1 DAGs
[2026-04-28T12:48:51.656+0000] {logging_mixin.py:188} INFO - [2026-04-28T12:48:51.656+0000] {dag.py:3834} INFO - Setting next_dagrun for example_python_decorator to None, run_after=None
[2026-04-28T12:48:51.672+0000] {processor.py:183} INFO - Processing /home/airflow/.local/lib/python3.8/site-packages/airflow/example_dags/example_python_decorator.py took 0.081 seconds
[2026-04-28T12:49:22.168+0000] {processor.py:161} INFO - Started process (PID=4176) to work on /home/airflow/.local/lib/python3.8/site-packages/airflow/example_dags/example_python_decorator.py
[2026-04-28T12:49:22.175+0000] {processor.py:830} INFO - Processing file /home/airflow/.local/lib/python3.8/site-packages/airflow/example_dags/example_python_decorator.py for tasks to queue
[2026-04-28T12:49:22.181+0000] {logging_mixin.py:188} INFO - [2026-04-28T12:49:22.180+0000] {dagbag.py:540} INFO - Filling up the DagBag from /home/airflow/.local/lib/python3.8/site-packages/airflow/example_dags/example_python_decorator.py
[2026-04-28T12:49:22.231+0000] {processor.py:840} INFO - DAG(s) 'example_python_decorator' retrieved from /home/airflow/.local/lib/python3.8/site-packages/airflow/example_dags/example_python_decorator.py
[2026-04-28T12:49:22.303+0000] {logging_mixin.py:188} INFO - [2026-04-28T12:49:22.303+0000] {dag.py:3047} INFO - Sync 1 DAGs
[2026-04-28T12:49:22.346+0000] {logging_mixin.py:188} INFO - [2026-04-28T12:49:22.346+0000] {dag.py:3834} INFO - Setting next_dagrun for example_python_decorator to None, run_after=None
[2026-04-28T12:49:22.392+0000] {processor.py:183} INFO - Processing /home/airflow/.local/lib/python3.8/site-packages/airflow/example_dags/example_python_decorator.py took 0.232 seconds
[2026-04-28T12:49:53.283+0000] {processor.py:161} INFO - Started process (PID=4232) to work on /home/airflow/.local/lib/python3.8/site-packages/airflow/example_dags/example_python_decorator.py
[2026-04-28T12:49:53.287+0000] {processor.py:830} INFO - Processing file /home/airflow/.local/lib/python3.8/site-packages/airflow/example_dags/example_python_decorator.py for tasks to queue
[2026-04-28T12:49:53.291+0000] {logging_mixin.py:188} INFO - [2026-04-28T12:49:53.291+0000] {dagbag.py:540} INFO - Filling up the DagBag from /home/airflow/.local/lib/python3.8/site-packages/airflow/example_dags/example_python_decorator.py
[2026-04-28T12:49:53.344+0000] {processor.py:840} INFO - DAG(s) 'example_python_decorator' retrieved from /home/airflow/.local/lib/python3.8/site-packages/airflow/example_dags/example_python_decorator.py
[2026-04-28T12:49:53.419+0000] {logging_mixin.py:188} INFO - [2026-04-28T12:49:53.418+0000] {dag.py:3047} INFO - Sync 1 DAGs
[2026-04-28T12:49:53.433+0000] {logging_mixin.py:188} INFO - [2026-04-28T12:49:53.433+0000] {dag.py:3834} INFO - Setting next_dagrun for example_python_decorator to None, run_after=None
[2026-04-28T12:49:53.451+0000] {processor.py:183} INFO - Processing /home/airflow/.local/lib/python3.8/site-packages/airflow/example_dags/example_python_decorator.py took 0.177 seconds
[2026-04-28T12:50:23.487+0000] {processor.py:161} INFO - Started process (PID=4288) to work on /home/airflow/.local/lib/python3.8/site-packages/airflow/example_dags/example_python_decorator.py
[2026-04-28T12:50:23.488+0000] {processor.py:830} INFO - Processing file /home/airflow/.local/lib/python3.8/site-packages/airflow/example_dags/example_python_decorator.py for tasks to queue
[2026-04-28T12:50:23.490+0000] {logging_mixin.py:188} INFO - [2026-04-28T12:50:23.489+0000] {dagbag.py:540} INFO - Filling up the DagBag from /home/airflow/.local/lib/python3.8/site-packages/airflow/example_dags/example_python_decorator.py
[2026-04-28T12:50:23.500+0000] {processor.py:840} INFO - DAG(s) 'example_python_decorator' retrieved from /home/airflow/.local/lib/python3.8/site-packages/airflow/example_dags/example_python_decorator.py
[2026-04-28T12:50:23.518+0000] {logging_mixin.py:188} INFO - [2026-04-28T12:50:23.518+0000] {dag.py:3047} INFO - Sync 1 DAGs
[2026-04-28T12:50:23.530+0000] {logging_mixin.py:188} INFO - [2026-04-28T12:50:23.530+0000] {dag.py:3834} INFO - Setting next_dagrun for example_python_decorator to None, run_after=None
[2026-04-28T12:50:23.548+0000] {processor.py:183} INFO - Processing /home/airflow/.local/lib/python3.8/site-packages/airflow/example_dags/example_python_decorator.py took 0.063 seconds
[2026-04-28T12:50:53.612+0000] {processor.py:161} INFO - Started process (PID=4344) to work on /home/airflow/.local/lib/python3.8/site-packages/airflow/example_dags/example_python_decorator.py
[2026-04-28T12:50:53.613+0000] {processor.py:830} INFO - Processing file /home/airflow/.local/lib/python3.8/site-packages/airflow/example_dags/example_python_decorator.py for tasks to queue
[2026-04-28T12:50:53.615+0000] {logging_mixin.py:188} INFO - [2026-04-28T12:50:53.615+0000] {dagbag.py:540} INFO - Filling up the DagBag from /home/airflow/.local/lib/python3.8/site-packages/airflow/example_dags/example_python_decorator.py
[2026-04-28T12:50:53.626+0000] {processor.py:840} INFO - DAG(s) 'example_python_decorator' retrieved from /home/airflow/.local/lib/python3.8/site-packages/airflow/example_dags/example_python_decorator.py
[2026-04-28T12:50:53.649+0000] {logging_mixin.py:188} INFO - [2026-04-28T12:50:53.648+0000] {dag.py:3047} INFO - Sync 1 DAGs
[2026-04-28T12:50:53.659+0000] {logging_mixin.py:188} INFO - [2026-04-28T12:50:53.658+0000] {dag.py:3834} INFO - Setting next_dagrun for example_python_decorator to None, run_after=None
[2026-04-28T12:50:53.672+0000] {processor.py:183} INFO - Processing /home/airflow/.local/lib/python3.8/site-packages/airflow/example_dags/example_python_decorator.py took 0.063 seconds
[2026-04-28T12:51:23.790+0000] {processor.py:161} INFO - Started process (PID=4400) to work on /home/airflow/.local/lib/python3.8/site-packages/airflow/example_dags/example_python_decorator.py
[2026-04-28T12:51:23.791+0000] {processor.py:830} INFO - Processing file /home/airflow/.local/lib/python3.8/site-packages/airflow/example_dags/example_python_decorator.py for tasks to queue
[2026-04-28T12:51:23.792+0000] {logging_mixin.py:188} INFO - [2026-04-28T12:51:23.792+0000] {dagbag.py:540} INFO - Filling up the DagBag from /home/airflow/.local/lib/python3.8/site-packages/airflow/example_dags/example_python_decorator.py
[2026-04-28T12:51:23.803+0000] {processor.py:840} INFO - DAG(s) 'example_python_decorator' retrieved from /home/airflow/.local/lib/python3.8/site-packages/airflow/example_dags/example_python_decorator.py
[2026-04-28T12:51:23.821+0000] {logging_mixin.py:188} INFO - [2026-04-28T12:51:23.821+0000] {dag.py:3047} INFO - Sync 1 DAGs
[2026-04-28T12:51:23.831+0000] {logging_mixin.py:188} INFO - [2026-04-28T12:51:23.831+0000] {dag.py:3834} INFO - Setting next_dagrun for example_python_decorator to None, run_after=None
[2026-04-28T12:51:23.845+0000] {processor.py:183} INFO - Processing /home/airflow/.local/lib/python3.8/site-packages/airflow/example_dags/example_python_decorator.py took 0.059 seconds
[2026-04-28T12:51:54.623+0000] {processor.py:161} INFO - Started process (PID=4456) to work on /home/airflow/.local/lib/python3.8/site-packages/airflow/example_dags/example_python_decorator.py
[2026-04-28T12:51:54.624+0000] {processor.py:830} INFO - Processing file /home/airflow/.local/lib/python3.8/site-packages/airflow/example_dags/example_python_decorator.py for tasks to queue
[2026-04-28T12:51:54.626+0000] {logging_mixin.py:188} INFO - [2026-04-28T12:51:54.626+0000] {dagbag.py:540} INFO - Filling up the DagBag from /home/airflow/.local/lib/python3.8/site-packages/airflow/example_dags/example_python_decorator.py
[2026-04-28T12:51:54.637+0000] {processor.py:840} INFO - DAG(s) 'example_python_decorator' retrieved from /home/airflow/.local/lib/python3.8/site-packages/airflow/example_dags/example_python_decorator.py
[2026-04-28T12:51:54.655+0000] {logging_mixin.py:188} INFO - [2026-04-28T12:51:54.655+0000] {dag.py:3047} INFO - Sync 1 DAGs
[2026-04-28T12:51:54.665+0000] {logging_mixin.py:188} INFO - [2026-04-28T12:51:54.665+0000] {dag.py:3834} INFO - Setting next_dagrun for example_python_decorator to None, run_after=None
[2026-04-28T12:51:54.679+0000] {processor.py:183} INFO - Processing /home/airflow/.local/lib/python3.8/site-packages/airflow/example_dags/example_python_decorator.py took 0.059 seconds
[2026-04-28T12:52:25.536+0000] {processor.py:161} INFO - Started process (PID=4512) to work on /home/airflow/.local/lib/python3.8/site-packages/airflow/example_dags/example_python_decorator.py
[2026-04-28T12:52:25.537+0000] {processor.py:830} INFO - Processing file /home/airflow/.local/lib/python3.8/site-packages/airflow/example_dags/example_python_decorator.py for tasks to queue
[2026-04-28T12:52:25.538+0000] {logging_mixin.py:188} INFO - [2026-04-28T12:52:25.538+0000] {dagbag.py:540} INFO - Filling up the DagBag from /home/airflow/.local/lib/python3.8/site-packages/airflow/example_dags/example_python_decorator.py
[2026-04-28T12:52:25.549+0000] {processor.py:840} INFO - DAG(s) 'example_python_decorator' retrieved from /home/airflow/.local/lib/python3.8/site-packages/airflow/example_dags/example_python_decorator.py
[2026-04-28T12:52:25.567+0000] {logging_mixin.py:188} INFO - [2026-04-28T12:52:25.567+0000] {dag.py:3047} INFO - Sync 1 DAGs
[2026-04-28T12:52:25.576+0000] {logging_mixin.py:188} INFO - [2026-04-28T12:52:25.576+0000] {dag.py:3834} INFO - Setting next_dagrun for example_python_decorator to None, run_after=None
[2026-04-28T12:52:25.591+0000] {processor.py:183} INFO - Processing /home/airflow/.local/lib/python3.8/site-packages/airflow/example_dags/example_python_decorator.py took 0.058 seconds
[2026-04-28T12:52:56.357+0000] {processor.py:161} INFO - Started process (PID=4568) to work on /home/airflow/.local/lib/python3.8/site-packages/airflow/example_dags/example_python_decorator.py
[2026-04-28T12:52:56.358+0000] {processor.py:830} INFO - Processing file /home/airflow/.local/lib/python3.8/site-packages/airflow/example_dags/example_python_decorator.py for tasks to queue
[2026-04-28T12:52:56.361+0000] {logging_mixin.py:188} INFO - [2026-04-28T12:52:56.360+0000] {dagbag.py:540} INFO - Filling up the DagBag from /home/airflow/.local/lib/python3.8/site-packages/airflow/example_dags/example_python_decorator.py
[2026-04-28T12:52:56.377+0000] {processor.py:840} INFO - DAG(s) 'example_python_decorator' retrieved from /home/airflow/.local/lib/python3.8/site-packages/airflow/example_dags/example_python_decorator.py
[2026-04-28T12:52:56.415+0000] {logging_mixin.py:188} INFO - [2026-04-28T12:52:56.415+0000] {dag.py:3047} INFO - Sync 1 DAGs
[2026-04-28T12:52:56.429+0000] {logging_mixin.py:188} INFO - [2026-04-28T12:52:56.428+0000] {dag.py:3834} INFO - Setting next_dagrun for example_python_decorator to None, run_after=None
[2026-04-28T12:52:56.447+0000] {processor.py:183} INFO - Processing /home/airflow/.local/lib/python3.8/site-packages/airflow/example_dags/example_python_decorator.py took 0.094 seconds
[2026-04-28T12:53:26.545+0000] {processor.py:161} INFO - Started process (PID=4624) to work on /home/airflow/.local/lib/python3.8/site-packages/airflow/example_dags/example_python_decorator.py
[2026-04-28T12:53:26.546+0000] {processor.py:830} INFO - Processing file /home/airflow/.local/lib/python3.8/site-packages/airflow/example_dags/example_python_decorator.py for tasks to queue
[2026-04-28T12:53:26.548+0000] {logging_mixin.py:188} INFO - [2026-04-28T12:53:26.548+0000] {dagbag.py:540} INFO - Filling up the DagBag from /home/airflow/.local/lib/python3.8/site-packages/airflow/example_dags/example_python_decorator.py
[2026-04-28T12:53:26.558+0000] {processor.py:840} INFO - DAG(s) 'example_python_decorator' retrieved from /home/airflow/.local/lib/python3.8/site-packages/airflow/example_dags/example_python_decorator.py
[2026-04-28T12:53:26.576+0000] {logging_mixin.py:188} INFO - [2026-04-28T12:53:26.576+0000] {dag.py:3047} INFO - Sync 1 DAGs
[2026-04-28T12:53:26.585+0000] {logging_mixin.py:188} INFO - [2026-04-28T12:53:26.585+0000] {dag.py:3834} INFO - Setting next_dagrun for example_python_decorator to None, run_after=None
[2026-04-28T12:53:26.599+0000] {processor.py:183} INFO - Processing /home/airflow/.local/lib/python3.8/site-packages/airflow/example_dags/example_python_decorator.py took 0.057 seconds
[2026-04-28T12:53:56.668+0000] {processor.py:161} INFO - Started process (PID=4680) to work on /home/airflow/.local/lib/python3.8/site-packages/airflow/example_dags/example_python_decorator.py
[2026-04-28T12:53:56.669+0000] {processor.py:830} INFO - Processing file /home/airflow/.local/lib/python3.8/site-packages/airflow/example_dags/example_python_decorator.py for tasks to queue
[2026-04-28T12:53:56.671+0000] {logging_mixin.py:188} INFO - [2026-04-28T12:53:56.670+0000] {dagbag.py:540} INFO - Filling up the DagBag from /home/airflow/.local/lib/python3.8/site-packages/airflow/example_dags/example_python_decorator.py
[2026-04-28T12:53:56.681+0000] {processor.py:840} INFO - DAG(s) 'example_python_decorator' retrieved from /home/airflow/.local/lib/python3.8/site-packages/airflow/example_dags/example_python_decorator.py
[2026-04-28T12:53:56.699+0000] {logging_mixin.py:188} INFO - [2026-04-28T12:53:56.699+0000] {dag.py:3047} INFO - Sync 1 DAGs
[2026-04-28T12:53:56.712+0000] {logging_mixin.py:188} INFO - [2026-04-28T12:53:56.711+0000] {dag.py:3834} INFO - Setting next_dagrun for example_python_decorator to None, run_after=None
[2026-04-28T12:53:56.728+0000] {processor.py:183} INFO - Processing /home/airflow/.local/lib/python3.8/site-packages/airflow/example_dags/example_python_decorator.py took 0.062 seconds
[2026-04-28T12:54:26.947+0000] {processor.py:161} INFO - Started process (PID=4736) to work on /home/airflow/.local/lib/python3.8/site-packages/airflow/example_dags/example_python_decorator.py
[2026-04-28T12:54:26.948+0000] {processor.py:830} INFO - Processing file /home/airflow/.local/lib/python3.8/site-packages/airflow/example_dags/example_python_decorator.py for tasks to queue
[2026-04-28T12:54:26.950+0000] {logging_mixin.py:188} INFO - [2026-04-28T12:54:26.950+0000] {dagbag.py:540} INFO - Filling up the DagBag from /home/airflow/.local/lib/python3.8/site-packages/airflow/example_dags/example_python_decorator.py
[2026-04-28T12:54:26.970+0000] {processor.py:840} INFO - DAG(s) 'example_python_decorator' retrieved from /home/airflow/.local/lib/python3.8/site-packages/airflow/example_dags/example_python_decorator.py
[2026-04-28T12:54:26.989+0000] {logging_mixin.py:188} INFO - [2026-04-28T12:54:26.989+0000] {dag.py:3047} INFO - Sync 1 DAGs
[2026-04-28T12:54:26.998+0000] {logging_mixin.py:188} INFO - [2026-04-28T12:54:26.998+0000] {dag.py:3834} INFO - Setting next_dagrun for example_python_decorator to None, run_after=None
[2026-04-28T12:54:27.011+0000] {processor.py:183} INFO - Processing /home/airflow/.local/lib/python3.8/site-packages/airflow/example_dags/example_python_decorator.py took 0.071 seconds
[2026-04-28T12:54:57.470+0000] {processor.py:161} INFO - Started process (PID=4792) to work on /home/airflow/.local/lib/python3.8/site-packages/airflow/example_dags/example_python_decorator.py
[2026-04-28T12:54:57.471+0000] {processor.py:830} INFO - Processing file /home/airflow/.local/lib/python3.8/site-packages/airflow/example_dags/example_python_decorator.py for tasks to queue
[2026-04-28T12:54:57.473+0000] {logging_mixin.py:188} INFO - [2026-04-28T12:54:57.473+0000] {dagbag.py:540} INFO - Filling up the DagBag from /home/airflow/.local/lib/python3.8/site-packages/airflow/example_dags/example_python_decorator.py
[2026-04-28T12:54:57.484+0000] {processor.py:840} INFO - DAG(s) 'example_python_decorator' retrieved from /home/airflow/.local/lib/python3.8/site-packages/airflow/example_dags/example_python_decorator.py
[2026-04-28T12:54:57.502+0000] {logging_mixin.py:188} INFO - [2026-04-28T12:54:57.502+0000] {dag.py:3047} INFO - Sync 1 DAGs
[2026-04-28T12:54:57.511+0000] {logging_mixin.py:188} INFO - [2026-04-28T12:54:57.511+0000] {dag.py:3834} INFO - Setting next_dagrun for example_python_decorator to None, run_after=None
[2026-04-28T12:54:57.526+0000] {processor.py:183} INFO - Processing /home/airflow/.local/lib/python3.8/site-packages/airflow/example_dags/example_python_decorator.py took 0.059 seconds
[2026-04-28T12:55:28.317+0000] {processor.py:161} INFO - Started process (PID=4848) to work on /home/airflow/.local/lib/python3.8/site-packages/airflow/example_dags/example_python_decorator.py
[2026-04-28T12:55:28.318+0000] {processor.py:830} INFO - Processing file /home/airflow/.local/lib/python3.8/site-packages/airflow/example_dags/example_python_decorator.py for tasks to queue
[2026-04-28T12:55:28.319+0000] {logging_mixin.py:188} INFO - [2026-04-28T12:55:28.319+0000] {dagbag.py:540} INFO - Filling up the DagBag from /home/airflow/.local/lib/python3.8/site-packages/airflow/example_dags/example_python_decorator.py
[2026-04-28T12:55:28.330+0000] {processor.py:840} INFO - DAG(s) 'example_python_decorator' retrieved from /home/airflow/.local/lib/python3.8/site-packages/airflow/example_dags/example_python_decorator.py
[2026-04-28T12:55:28.354+0000] {logging_mixin.py:188} INFO - [2026-04-28T12:55:28.353+0000] {dag.py:3047} INFO - Sync 1 DAGs
[2026-04-28T12:55:28.364+0000] {logging_mixin.py:188} INFO - [2026-04-28T12:55:28.363+0000] {dag.py:3834} INFO - Setting next_dagrun for example_python_decorator to None, run_after=None
[2026-04-28T12:55:28.377+0000] {processor.py:183} INFO - Processing /home/airflow/.local/lib/python3.8/site-packages/airflow/example_dags/example_python_decorator.py took 0.063 seconds
[2026-04-28T12:55:59.184+0000] {processor.py:161} INFO - Started process (PID=4904) to work on /home/airflow/.local/lib/python3.8/site-packages/airflow/example_dags/example_python_decorator.py
[2026-04-28T12:55:59.185+0000] {processor.py:830} INFO - Processing file /home/airflow/.local/lib/python3.8/site-packages/airflow/example_dags/example_python_decorator.py for tasks to queue
[2026-04-28T12:55:59.187+0000] {logging_mixin.py:188} INFO - [2026-04-28T12:55:59.187+0000] {dagbag.py:540} INFO - Filling up the DagBag from /home/airflow/.local/lib/python3.8/site-packages/airflow/example_dags/example_python_decorator.py
[2026-04-28T12:55:59.197+0000] {processor.py:840} INFO - DAG(s) 'example_python_decorator' retrieved from /home/airflow/.local/lib/python3.8/site-packages/airflow/example_dags/example_python_decorator.py
[2026-04-28T12:55:59.215+0000] {logging_mixin.py:188} INFO - [2026-04-28T12:55:59.215+0000] {dag.py:3047} INFO - Sync 1 DAGs
[2026-04-28T12:55:59.226+0000] {logging_mixin.py:188} INFO - [2026-04-28T12:55:59.226+0000] {dag.py:3834} INFO - Setting next_dagrun for example_python_decorator to None, run_after=None
[2026-04-28T12:55:59.241+0000] {processor.py:183} INFO - Processing /home/airflow/.local/lib/python3.8/site-packages/airflow/example_dags/example_python_decorator.py took 0.059 seconds
[2026-04-28T12:56:29.725+0000] {processor.py:161} INFO - Started process (PID=4959) to work on /home/airflow/.local/lib/python3.8/site-packages/airflow/example_dags/example_python_decorator.py
[2026-04-28T12:56:29.726+0000] {processor.py:830} INFO - Processing file /home/airflow/.local/lib/python3.8/site-packages/airflow/example_dags/example_python_decorator.py for tasks to queue
[2026-04-28T12:56:29.729+0000] {logging_mixin.py:188} INFO - [2026-04-28T12:56:29.728+0000] {dagbag.py:540} INFO - Filling up the DagBag from /home/airflow/.local/lib/python3.8/site-packages/airflow/example_dags/example_python_decorator.py
[2026-04-28T12:56:29.747+0000] {processor.py:840} INFO - DAG(s) 'example_python_decorator' retrieved from /home/airflow/.local/lib/python3.8/site-packages/airflow/example_dags/example_python_decorator.py
[2026-04-28T12:56:29.772+0000] {logging_mixin.py:188} INFO - [2026-04-28T12:56:29.772+0000] {dag.py:3047} INFO - Sync 1 DAGs
[2026-04-28T12:56:29.781+0000] {logging_mixin.py:188} INFO - [2026-04-28T12:56:29.781+0000] {dag.py:3834} INFO - Setting next_dagrun for example_python_decorator to None, run_after=None
[2026-04-28T12:56:29.794+0000] {processor.py:183} INFO - Processing /home/airflow/.local/lib/python3.8/site-packages/airflow/example_dags/example_python_decorator.py took 0.073 seconds
[2026-04-28T12:57:00.591+0000] {processor.py:161} INFO - Started process (PID=5015) to work on /home/airflow/.local/lib/python3.8/site-packages/airflow/example_dags/example_python_decorator.py
[2026-04-28T12:57:00.592+0000] {processor.py:830} INFO - Processing file /home/airflow/.local/lib/python3.8/site-packages/airflow/example_dags/example_python_decorator.py for tasks to queue
[2026-04-28T12:57:00.594+0000] {logging_mixin.py:188} INFO - [2026-04-28T12:57:00.593+0000] {dagbag.py:540} INFO - Filling up the DagBag from /home/airflow/.local/lib/python3.8/site-packages/airflow/example_dags/example_python_decorator.py
[2026-04-28T12:57:00.607+0000] {processor.py:840} INFO - DAG(s) 'example_python_decorator' retrieved from /home/airflow/.local/lib/python3.8/site-packages/airflow/example_dags/example_python_decorator.py
[2026-04-28T12:57:00.625+0000] {logging_mixin.py:188} INFO - [2026-04-28T12:57:00.625+0000] {dag.py:3047} INFO - Sync 1 DAGs
[2026-04-28T12:57:00.635+0000] {logging_mixin.py:188} INFO - [2026-04-28T12:57:00.634+0000] {dag.py:3834} INFO - Setting next_dagrun for example_python_decorator to None, run_after=None
[2026-04-28T12:57:00.650+0000] {processor.py:183} INFO - Processing /home/airflow/.local/lib/python3.8/site-packages/airflow/example_dags/example_python_decorator.py took 0.061 seconds
[2026-04-28T12:57:30.767+0000] {processor.py:161} INFO - Started process (PID=5071) to work on /home/airflow/.local/lib/python3.8/site-packages/airflow/example_dags/example_python_decorator.py
[2026-04-28T12:57:30.768+0000] {processor.py:830} INFO - Processing file /home/airflow/.local/lib/python3.8/site-packages/airflow/example_dags/example_python_decorator.py for tasks to queue
[2026-04-28T12:57:30.770+0000] {logging_mixin.py:188} INFO - [2026-04-28T12:57:30.770+0000] {dagbag.py:540} INFO - Filling up the DagBag from /home/airflow/.local/lib/python3.8/site-packages/airflow/example_dags/example_python_decorator.py
[2026-04-28T12:57:30.780+0000] {processor.py:840} INFO - DAG(s) 'example_python_decorator' retrieved from /home/airflow/.local/lib/python3.8/site-packages/airflow/example_dags/example_python_decorator.py
[2026-04-28T12:57:30.798+0000] {logging_mixin.py:188} INFO - [2026-04-28T12:57:30.798+0000] {dag.py:3047} INFO - Sync 1 DAGs
[2026-04-28T12:57:30.808+0000] {logging_mixin.py:188} INFO - [2026-04-28T12:57:30.808+0000] {dag.py:3834} INFO - Setting next_dagrun for example_python_decorator to None, run_after=None
[2026-04-28T12:57:30.822+0000] {processor.py:183} INFO - Processing /home/airflow/.local/lib/python3.8/site-packages/airflow/example_dags/example_python_decorator.py took 0.058 seconds
[2026-04-28T12:58:01.031+0000] {processor.py:161} INFO - Started process (PID=5127) to work on /home/airflow/.local/lib/python3.8/site-packages/airflow/example_dags/example_python_decorator.py
[2026-04-28T12:58:01.032+0000] {processor.py:830} INFO - Processing file /home/airflow/.local/lib/python3.8/site-packages/airflow/example_dags/example_python_decorator.py for tasks to queue
[2026-04-28T12:58:01.033+0000] {logging_mixin.py:188} INFO - [2026-04-28T12:58:01.033+0000] {dagbag.py:540} INFO - Filling up the DagBag from /home/airflow/.local/lib/python3.8/site-packages/airflow/example_dags/example_python_decorator.py
[2026-04-28T12:58:01.046+0000] {processor.py:840} INFO - DAG(s) 'example_python_decorator' retrieved from /home/airflow/.local/lib/python3.8/site-packages/airflow/example_dags/example_python_decorator.py
[2026-04-28T12:58:01.064+0000] {logging_mixin.py:188} INFO - [2026-04-28T12:58:01.064+0000] {dag.py:3047} INFO - Sync 1 DAGs
[2026-04-28T12:58:01.073+0000] {logging_mixin.py:188} INFO - [2026-04-28T12:58:01.073+0000] {dag.py:3834} INFO - Setting next_dagrun for example_python_decorator to None, run_after=None
[2026-04-28T12:58:01.087+0000] {processor.py:183} INFO - Processing /home/airflow/.local/lib/python3.8/site-packages/airflow/example_dags/example_python_decorator.py took 0.059 seconds
[2026-04-28T12:58:31.317+0000] {processor.py:161} INFO - Started process (PID=5182) to work on /home/airflow/.local/lib/python3.8/site-packages/airflow/example_dags/example_python_decorator.py
[2026-04-28T12:58:31.318+0000] {processor.py:830} INFO - Processing file /home/airflow/.local/lib/python3.8/site-packages/airflow/example_dags/example_python_decorator.py for tasks to queue
[2026-04-28T12:58:31.319+0000] {logging_mixin.py:188} INFO - [2026-04-28T12:58:31.319+0000] {dagbag.py:540} INFO - Filling up the DagBag from /home/airflow/.local/lib/python3.8/site-packages/airflow/example_dags/example_python_decorator.py
[2026-04-28T12:58:31.330+0000] {processor.py:840} INFO - DAG(s) 'example_python_decorator' retrieved from /home/airflow/.local/lib/python3.8/site-packages/airflow/example_dags/example_python_decorator.py
[2026-04-28T12:58:31.348+0000] {logging_mixin.py:188} INFO - [2026-04-28T12:58:31.348+0000] {dag.py:3047} INFO - Sync 1 DAGs
[2026-04-28T12:58:31.358+0000] {logging_mixin.py:188} INFO - [2026-04-28T12:58:31.358+0000] {dag.py:3834} INFO - Setting next_dagrun for example_python_decorator to None, run_after=None
[2026-04-28T12:58:31.371+0000] {processor.py:183} INFO - Processing /home/airflow/.local/lib/python3.8/site-packages/airflow/example_dags/example_python_decorator.py took 0.058 seconds
[2026-04-28T12:59:02.272+0000] {processor.py:161} INFO - Started process (PID=5238) to work on /home/airflow/.local/lib/python3.8/site-packages/airflow/example_dags/example_python_decorator.py
[2026-04-28T12:59:02.273+0000] {processor.py:830} INFO - Processing file /home/airflow/.local/lib/python3.8/site-packages/airflow/example_dags/example_python_decorator.py for tasks to queue
[2026-04-28T12:59:02.274+0000] {logging_mixin.py:188} INFO - [2026-04-28T12:59:02.274+0000] {dagbag.py:540} INFO - Filling up the DagBag from /home/airflow/.local/lib/python3.8/site-packages/airflow/example_dags/example_python_decorator.py
[2026-04-28T12:59:02.285+0000] {processor.py:840} INFO - DAG(s) 'example_python_decorator' retrieved from /home/airflow/.local/lib/python3.8/site-packages/airflow/example_dags/example_python_decorator.py
[2026-04-28T12:59:02.303+0000] {logging_mixin.py:188} INFO - [2026-04-28T12:59:02.303+0000] {dag.py:3047} INFO - Sync 1 DAGs
[2026-04-28T12:59:02.312+0000] {logging_mixin.py:188} INFO - [2026-04-28T12:59:02.312+0000] {dag.py:3834} INFO - Setting next_dagrun for example_python_decorator to None, run_after=None
[2026-04-28T12:59:02.327+0000] {processor.py:183} INFO - Processing /home/airflow/.local/lib/python3.8/site-packages/airflow/example_dags/example_python_decorator.py took 0.058 seconds
[2026-04-28T12:59:32.913+0000] {processor.py:161} INFO - Started process (PID=5294) to work on /home/airflow/.local/lib/python3.8/site-packages/airflow/example_dags/example_python_decorator.py
[2026-04-28T12:59:32.913+0000] {processor.py:830} INFO - Processing file /home/airflow/.local/lib/python3.8/site-packages/airflow/example_dags/example_python_decorator.py for tasks to queue
[2026-04-28T12:59:32.916+0000] {logging_mixin.py:188} INFO - [2026-04-28T12:59:32.915+0000] {dagbag.py:540} INFO - Filling up the DagBag from /home/airflow/.local/lib/python3.8/site-packages/airflow/example_dags/example_python_decorator.py
[2026-04-28T12:59:32.931+0000] {processor.py:840} INFO - DAG(s) 'example_python_decorator' retrieved from /home/airflow/.local/lib/python3.8/site-packages/airflow/example_dags/example_python_decorator.py
[2026-04-28T12:59:32.957+0000] {logging_mixin.py:188} INFO - [2026-04-28T12:59:32.957+0000] {dag.py:3047} INFO - Sync 1 DAGs
[2026-04-28T12:59:32.971+0000] {logging_mixin.py:188} INFO - [2026-04-28T12:59:32.970+0000] {dag.py:3834} INFO - Setting next_dagrun for example_python_decorator to None, run_after=None
[2026-04-28T12:59:32.990+0000] {processor.py:183} INFO - Processing /home/airflow/.local/lib/python3.8/site-packages/airflow/example_dags/example_python_decorator.py took 0.082 seconds
[2026-04-28T13:00:03.468+0000] {processor.py:161} INFO - Started process (PID=5350) to work on /home/airflow/.local/lib/python3.8/site-packages/airflow/example_dags/example_python_decorator.py
[2026-04-28T13:00:03.468+0000] {processor.py:830} INFO - Processing file /home/airflow/.local/lib/python3.8/site-packages/airflow/example_dags/example_python_decorator.py for tasks to queue
[2026-04-28T13:00:03.470+0000] {logging_mixin.py:188} INFO - [2026-04-28T13:00:03.470+0000] {dagbag.py:540} INFO - Filling up the DagBag from /home/airflow/.local/lib/python3.8/site-packages/airflow/example_dags/example_python_decorator.py
[2026-04-28T13:00:03.483+0000] {processor.py:840} INFO - DAG(s) 'example_python_decorator' retrieved from /home/airflow/.local/lib/python3.8/site-packages/airflow/example_dags/example_python_decorator.py
[2026-04-28T13:00:03.503+0000] {logging_mixin.py:188} INFO - [2026-04-28T13:00:03.503+0000] {dag.py:3047} INFO - Sync 1 DAGs
[2026-04-28T13:00:03.530+0000] {logging_mixin.py:188} INFO - [2026-04-28T13:00:03.529+0000] {dag.py:3834} INFO - Setting next_dagrun for example_python_decorator to None, run_after=None
[2026-04-28T13:00:03.548+0000] {processor.py:183} INFO - Processing /home/airflow/.local/lib/python3.8/site-packages/airflow/example_dags/example_python_decorator.py took 0.083 seconds
[2026-04-28T13:00:34.299+0000] {processor.py:161} INFO - Started process (PID=5406) to work on /home/airflow/.local/lib/python3.8/site-packages/airflow/example_dags/example_python_decorator.py
[2026-04-28T13:00:34.300+0000] {processor.py:830} INFO - Processing file /home/airflow/.local/lib/python3.8/site-packages/airflow/example_dags/example_python_decorator.py for tasks to queue
[2026-04-28T13:00:34.302+0000] {logging_mixin.py:188} INFO - [2026-04-28T13:00:34.302+0000] {dagbag.py:540} INFO - Filling up the DagBag from /home/airflow/.local/lib/python3.8/site-packages/airflow/example_dags/example_python_decorator.py
[2026-04-28T13:00:34.330+0000] {processor.py:840} INFO - DAG(s) 'example_python_decorator' retrieved from /home/airflow/.local/lib/python3.8/site-packages/airflow/example_dags/example_python_decorator.py
[2026-04-28T13:00:34.358+0000] {logging_mixin.py:188} INFO - [2026-04-28T13:00:34.358+0000] {dag.py:3047} INFO - Sync 1 DAGs
[2026-04-28T13:00:34.367+0000] {logging_mixin.py:188} INFO - [2026-04-28T13:00:34.367+0000] {dag.py:3834} INFO - Setting next_dagrun for example_python_decorator to None, run_after=None
[2026-04-28T13:00:34.380+0000] {processor.py:183} INFO - Processing /home/airflow/.local/lib/python3.8/site-packages/airflow/example_dags/example_python_decorator.py took 0.085 seconds
[2026-04-28T13:01:05.229+0000] {processor.py:161} INFO - Started process (PID=5461) to work on /home/airflow/.local/lib/python3.8/site-packages/airflow/example_dags/example_python_decorator.py
[2026-04-28T13:01:05.230+0000] {processor.py:830} INFO - Processing file /home/airflow/.local/lib/python3.8/site-packages/airflow/example_dags/example_python_decorator.py for tasks to queue
[2026-04-28T13:01:05.232+0000] {logging_mixin.py:188} INFO - [2026-04-28T13:01:05.231+0000] {dagbag.py:540} INFO - Filling up the DagBag from /home/airflow/.local/lib/python3.8/site-packages/airflow/example_dags/example_python_decorator.py
[2026-04-28T13:01:05.242+0000] {processor.py:840} INFO - DAG(s) 'example_python_decorator' retrieved from /home/airflow/.local/lib/python3.8/site-packages/airflow/example_dags/example_python_decorator.py
[2026-04-28T13:01:05.260+0000] {logging_mixin.py:188} INFO - [2026-04-28T13:01:05.260+0000] {dag.py:3047} INFO - Sync 1 DAGs
[2026-04-28T13:01:05.269+0000] {logging_mixin.py:188} INFO - [2026-04-28T13:01:05.269+0000] {dag.py:3834} INFO - Setting next_dagrun for example_python_decorator to None, run_after=None
[2026-04-28T13:01:05.283+0000] {processor.py:183} INFO - Processing /home/airflow/.local/lib/python3.8/site-packages/airflow/example_dags/example_python_decorator.py took 0.057 seconds
[2026-04-28T13:01:35.397+0000] {processor.py:161} INFO - Started process (PID=5517) to work on /home/airflow/.local/lib/python3.8/site-packages/airflow/example_dags/example_python_decorator.py
[2026-04-28T13:01:35.398+0000] {processor.py:830} INFO - Processing file /home/airflow/.local/lib/python3.8/site-packages/airflow/example_dags/example_python_decorator.py for tasks to queue
[2026-04-28T13:01:35.399+0000] {logging_mixin.py:188} INFO - [2026-04-28T13:01:35.399+0000] {dagbag.py:540} INFO - Filling up the DagBag from /home/airflow/.local/lib/python3.8/site-packages/airflow/example_dags/example_python_decorator.py
[2026-04-28T13:01:35.410+0000] {processor.py:840} INFO - DAG(s) 'example_python_decorator' retrieved from /home/airflow/.local/lib/python3.8/site-packages/airflow/example_dags/example_python_decorator.py
[2026-04-28T13:01:35.428+0000] {logging_mixin.py:188} INFO - [2026-04-28T13:01:35.428+0000] {dag.py:3047} INFO - Sync 1 DAGs
[2026-04-28T13:01:35.437+0000] {logging_mixin.py:188} INFO - [2026-04-28T13:01:35.437+0000] {dag.py:3834} INFO - Setting next_dagrun for example_python_decorator to None, run_after=None
[2026-04-28T13:01:35.454+0000] {processor.py:183} INFO - Processing /home/airflow/.local/lib/python3.8/site-packages/airflow/example_dags/example_python_decorator.py took 0.060 seconds
[2026-04-28T13:02:05.854+0000] {processor.py:161} INFO - Started process (PID=5573) to work on /home/airflow/.local/lib/python3.8/site-packages/airflow/example_dags/example_python_decorator.py
[2026-04-28T13:02:05.855+0000] {processor.py:830} INFO - Processing file /home/airflow/.local/lib/python3.8/site-packages/airflow/example_dags/example_python_decorator.py for tasks to queue
[2026-04-28T13:02:05.857+0000] {logging_mixin.py:188} INFO - [2026-04-28T13:02:05.857+0000] {dagbag.py:540} INFO - Filling up the DagBag from /home/airflow/.local/lib/python3.8/site-packages/airflow/example_dags/example_python_decorator.py
[2026-04-28T13:02:05.868+0000] {processor.py:840} INFO - DAG(s) 'example_python_decorator' retrieved from /home/airflow/.local/lib/python3.8/site-packages/airflow/example_dags/example_python_decorator.py
[2026-04-28T13:02:05.886+0000] {logging_mixin.py:188} INFO - [2026-04-28T13:02:05.886+0000] {dag.py:3047} INFO - Sync 1 DAGs
[2026-04-28T13:02:05.896+0000] {logging_mixin.py:188} INFO - [2026-04-28T13:02:05.896+0000] {dag.py:3834} INFO - Setting next_dagrun for example_python_decorator to None, run_after=None
[2026-04-28T13:02:05.914+0000] {processor.py:183} INFO - Processing /home/airflow/.local/lib/python3.8/site-packages/airflow/example_dags/example_python_decorator.py took 0.063 seconds
