[2026-04-28T12:11:44.512+0000] {processor.py:161} INFO - Started process (PID=63) to work on /home/airflow/.local/lib/python3.8/site-packages/airflow/example_dags/example_datasets.py
[2026-04-28T12:11:44.538+0000] {processor.py:830} INFO - Processing file /home/airflow/.local/lib/python3.8/site-packages/airflow/example_dags/example_datasets.py for tasks to queue
[2026-04-28T12:11:44.540+0000] {logging_mixin.py:188} INFO - [2026-04-28T12:11:44.540+0000] {dagbag.py:540} INFO - Filling up the DagBag from /home/airflow/.local/lib/python3.8/site-packages/airflow/example_dags/example_datasets.py
[2026-04-28T12:11:44.654+0000] {processor.py:840} INFO - DAG(s) 'dataset_produces_1', 'dataset_consumes_1', 'dataset_consumes_1_never_scheduled', 'dataset_consumes_1_and_2', 'dataset_produces_2', 'dataset_consumes_unknown_never_scheduled' retrieved from /home/airflow/.local/lib/python3.8/site-packages/airflow/example_dags/example_datasets.py
[2026-04-28T12:11:45.627+0000] {logging_mixin.py:188} INFO - [2026-04-28T12:11:45.626+0000] {dag.py:3047} INFO - Sync 6 DAGs
[2026-04-28T12:11:45.712+0000] {logging_mixin.py:188} INFO - [2026-04-28T12:11:45.712+0000] {dag.py:3834} INFO - Setting next_dagrun for dataset_consumes_1 to None, run_after=None
[2026-04-28T12:11:45.719+0000] {logging_mixin.py:188} INFO - [2026-04-28T12:11:45.719+0000] {dag.py:3834} INFO - Setting next_dagrun for dataset_consumes_1_and_2 to None, run_after=None
[2026-04-28T12:11:45.723+0000] {logging_mixin.py:188} INFO - [2026-04-28T12:11:45.723+0000] {dag.py:3834} INFO - Setting next_dagrun for dataset_consumes_1_never_scheduled to None, run_after=None
[2026-04-28T12:11:45.729+0000] {logging_mixin.py:188} INFO - [2026-04-28T12:11:45.728+0000] {dag.py:3834} INFO - Setting next_dagrun for dataset_consumes_unknown_never_scheduled to None, run_after=None
[2026-04-28T12:11:45.739+0000] {logging_mixin.py:188} INFO - [2026-04-28T12:11:45.738+0000] {dag.py:3834} INFO - Setting next_dagrun for dataset_produces_1 to 2026-04-27 00:00:00+00:00, run_after=2026-04-28 00:00:00+00:00
[2026-04-28T12:11:45.748+0000] {logging_mixin.py:188} INFO - [2026-04-28T12:11:45.747+0000] {dag.py:3834} INFO - Setting next_dagrun for dataset_produces_2 to None, run_after=None
[2026-04-28T12:11:45.870+0000] {processor.py:183} INFO - Processing /home/airflow/.local/lib/python3.8/site-packages/airflow/example_dags/example_datasets.py took 1.385 seconds
[2026-04-28T12:12:16.828+0000] {processor.py:161} INFO - Started process (PID=118) to work on /home/airflow/.local/lib/python3.8/site-packages/airflow/example_dags/example_datasets.py
[2026-04-28T12:12:16.829+0000] {processor.py:830} INFO - Processing file /home/airflow/.local/lib/python3.8/site-packages/airflow/example_dags/example_datasets.py for tasks to queue
[2026-04-28T12:12:16.831+0000] {logging_mixin.py:188} INFO - [2026-04-28T12:12:16.831+0000] {dagbag.py:540} INFO - Filling up the DagBag from /home/airflow/.local/lib/python3.8/site-packages/airflow/example_dags/example_datasets.py
[2026-04-28T12:12:16.842+0000] {processor.py:840} INFO - DAG(s) 'dataset_consumes_1_and_2', 'dataset_produces_1', 'dataset_consumes_1', 'dataset_produces_2', 'dataset_consumes_1_never_scheduled', 'dataset_consumes_unknown_never_scheduled' retrieved from /home/airflow/.local/lib/python3.8/site-packages/airflow/example_dags/example_datasets.py
[2026-04-28T12:12:16.881+0000] {logging_mixin.py:188} INFO - [2026-04-28T12:12:16.880+0000] {dag.py:3047} INFO - Sync 6 DAGs
[2026-04-28T12:12:16.908+0000] {logging_mixin.py:188} INFO - [2026-04-28T12:12:16.908+0000] {dag.py:3834} INFO - Setting next_dagrun for dataset_consumes_1 to None, run_after=None
[2026-04-28T12:12:16.912+0000] {logging_mixin.py:188} INFO - [2026-04-28T12:12:16.912+0000] {dag.py:3834} INFO - Setting next_dagrun for dataset_consumes_1_and_2 to None, run_after=None
[2026-04-28T12:12:16.913+0000] {logging_mixin.py:188} INFO - [2026-04-28T12:12:16.913+0000] {dag.py:3834} INFO - Setting next_dagrun for dataset_consumes_1_never_scheduled to None, run_after=None
[2026-04-28T12:12:16.914+0000] {logging_mixin.py:188} INFO - [2026-04-28T12:12:16.914+0000] {dag.py:3834} INFO - Setting next_dagrun for dataset_consumes_unknown_never_scheduled to None, run_after=None
[2026-04-28T12:12:16.918+0000] {logging_mixin.py:188} INFO - [2026-04-28T12:12:16.917+0000] {dag.py:3834} INFO - Setting next_dagrun for dataset_produces_1 to 2026-04-27 00:00:00+00:00, run_after=2026-04-28 00:00:00+00:00
[2026-04-28T12:12:16.919+0000] {logging_mixin.py:188} INFO - [2026-04-28T12:12:16.919+0000] {dag.py:3834} INFO - Setting next_dagrun for dataset_produces_2 to None, run_after=None
[2026-04-28T12:12:16.943+0000] {processor.py:183} INFO - Processing /home/airflow/.local/lib/python3.8/site-packages/airflow/example_dags/example_datasets.py took 0.118 seconds
[2026-04-28T12:12:47.012+0000] {processor.py:161} INFO - Started process (PID=174) to work on /home/airflow/.local/lib/python3.8/site-packages/airflow/example_dags/example_datasets.py
[2026-04-28T12:12:47.012+0000] {processor.py:830} INFO - Processing file /home/airflow/.local/lib/python3.8/site-packages/airflow/example_dags/example_datasets.py for tasks to queue
[2026-04-28T12:12:47.014+0000] {logging_mixin.py:188} INFO - [2026-04-28T12:12:47.014+0000] {dagbag.py:540} INFO - Filling up the DagBag from /home/airflow/.local/lib/python3.8/site-packages/airflow/example_dags/example_datasets.py
[2026-04-28T12:12:47.022+0000] {processor.py:840} INFO - DAG(s) 'dataset_produces_1', 'dataset_produces_2', 'dataset_consumes_1_and_2', 'dataset_consumes_1', 'dataset_consumes_unknown_never_scheduled', 'dataset_consumes_1_never_scheduled' retrieved from /home/airflow/.local/lib/python3.8/site-packages/airflow/example_dags/example_datasets.py
[2026-04-28T12:12:47.048+0000] {logging_mixin.py:188} INFO - [2026-04-28T12:12:47.047+0000] {dag.py:3047} INFO - Sync 6 DAGs
[2026-04-28T12:12:47.065+0000] {logging_mixin.py:188} INFO - [2026-04-28T12:12:47.065+0000] {dag.py:3834} INFO - Setting next_dagrun for dataset_consumes_1 to None, run_after=None
[2026-04-28T12:12:47.068+0000] {logging_mixin.py:188} INFO - [2026-04-28T12:12:47.068+0000] {dag.py:3834} INFO - Setting next_dagrun for dataset_consumes_1_and_2 to None, run_after=None
[2026-04-28T12:12:47.069+0000] {logging_mixin.py:188} INFO - [2026-04-28T12:12:47.069+0000] {dag.py:3834} INFO - Setting next_dagrun for dataset_consumes_1_never_scheduled to None, run_after=None
[2026-04-28T12:12:47.070+0000] {logging_mixin.py:188} INFO - [2026-04-28T12:12:47.070+0000] {dag.py:3834} INFO - Setting next_dagrun for dataset_consumes_unknown_never_scheduled to None, run_after=None
[2026-04-28T12:12:47.072+0000] {logging_mixin.py:188} INFO - [2026-04-28T12:12:47.072+0000] {dag.py:3834} INFO - Setting next_dagrun for dataset_produces_1 to 2026-04-27 00:00:00+00:00, run_after=2026-04-28 00:00:00+00:00
[2026-04-28T12:12:47.073+0000] {logging_mixin.py:188} INFO - [2026-04-28T12:12:47.073+0000] {dag.py:3834} INFO - Setting next_dagrun for dataset_produces_2 to None, run_after=None
[2026-04-28T12:12:47.098+0000] {processor.py:183} INFO - Processing /home/airflow/.local/lib/python3.8/site-packages/airflow/example_dags/example_datasets.py took 0.090 seconds
[2026-04-28T12:13:17.453+0000] {processor.py:161} INFO - Started process (PID=228) to work on /home/airflow/.local/lib/python3.8/site-packages/airflow/example_dags/example_datasets.py
[2026-04-28T12:13:17.454+0000] {processor.py:830} INFO - Processing file /home/airflow/.local/lib/python3.8/site-packages/airflow/example_dags/example_datasets.py for tasks to queue
[2026-04-28T12:13:17.456+0000] {logging_mixin.py:188} INFO - [2026-04-28T12:13:17.456+0000] {dagbag.py:540} INFO - Filling up the DagBag from /home/airflow/.local/lib/python3.8/site-packages/airflow/example_dags/example_datasets.py
[2026-04-28T12:13:17.467+0000] {processor.py:840} INFO - DAG(s) 'dataset_consumes_1', 'dataset_produces_2', 'dataset_consumes_unknown_never_scheduled', 'dataset_produces_1', 'dataset_consumes_1_never_scheduled', 'dataset_consumes_1_and_2' retrieved from /home/airflow/.local/lib/python3.8/site-packages/airflow/example_dags/example_datasets.py
[2026-04-28T12:13:17.507+0000] {logging_mixin.py:188} INFO - [2026-04-28T12:13:17.507+0000] {dag.py:3047} INFO - Sync 6 DAGs
[2026-04-28T12:13:17.534+0000] {logging_mixin.py:188} INFO - [2026-04-28T12:13:17.534+0000] {dag.py:3834} INFO - Setting next_dagrun for dataset_consumes_1 to None, run_after=None
[2026-04-28T12:13:17.537+0000] {logging_mixin.py:188} INFO - [2026-04-28T12:13:17.537+0000] {dag.py:3834} INFO - Setting next_dagrun for dataset_consumes_1_and_2 to None, run_after=None
[2026-04-28T12:13:17.539+0000] {logging_mixin.py:188} INFO - [2026-04-28T12:13:17.539+0000] {dag.py:3834} INFO - Setting next_dagrun for dataset_consumes_1_never_scheduled to None, run_after=None
[2026-04-28T12:13:17.540+0000] {logging_mixin.py:188} INFO - [2026-04-28T12:13:17.540+0000] {dag.py:3834} INFO - Setting next_dagrun for dataset_consumes_unknown_never_scheduled to None, run_after=None
[2026-04-28T12:13:17.543+0000] {logging_mixin.py:188} INFO - [2026-04-28T12:13:17.543+0000] {dag.py:3834} INFO - Setting next_dagrun for dataset_produces_1 to 2026-04-27 00:00:00+00:00, run_after=2026-04-28 00:00:00+00:00
[2026-04-28T12:13:17.544+0000] {logging_mixin.py:188} INFO - [2026-04-28T12:13:17.544+0000] {dag.py:3834} INFO - Setting next_dagrun for dataset_produces_2 to None, run_after=None
[2026-04-28T12:13:17.567+0000] {processor.py:183} INFO - Processing /home/airflow/.local/lib/python3.8/site-packages/airflow/example_dags/example_datasets.py took 0.117 seconds
[2026-04-28T12:13:48.023+0000] {processor.py:161} INFO - Started process (PID=283) to work on /home/airflow/.local/lib/python3.8/site-packages/airflow/example_dags/example_datasets.py
[2026-04-28T12:13:48.024+0000] {processor.py:830} INFO - Processing file /home/airflow/.local/lib/python3.8/site-packages/airflow/example_dags/example_datasets.py for tasks to queue
[2026-04-28T12:13:48.026+0000] {logging_mixin.py:188} INFO - [2026-04-28T12:13:48.026+0000] {dagbag.py:540} INFO - Filling up the DagBag from /home/airflow/.local/lib/python3.8/site-packages/airflow/example_dags/example_datasets.py
[2026-04-28T12:13:48.037+0000] {processor.py:840} INFO - DAG(s) 'dataset_consumes_1', 'dataset_consumes_unknown_never_scheduled', 'dataset_produces_1', 'dataset_consumes_1_never_scheduled', 'dataset_consumes_1_and_2', 'dataset_produces_2' retrieved from /home/airflow/.local/lib/python3.8/site-packages/airflow/example_dags/example_datasets.py
[2026-04-28T12:13:48.076+0000] {logging_mixin.py:188} INFO - [2026-04-28T12:13:48.075+0000] {dag.py:3047} INFO - Sync 6 DAGs
[2026-04-28T12:13:48.105+0000] {logging_mixin.py:188} INFO - [2026-04-28T12:13:48.105+0000] {dag.py:3834} INFO - Setting next_dagrun for dataset_consumes_1 to None, run_after=None
[2026-04-28T12:13:48.109+0000] {logging_mixin.py:188} INFO - [2026-04-28T12:13:48.109+0000] {dag.py:3834} INFO - Setting next_dagrun for dataset_consumes_1_and_2 to None, run_after=None
[2026-04-28T12:13:48.110+0000] {logging_mixin.py:188} INFO - [2026-04-28T12:13:48.110+0000] {dag.py:3834} INFO - Setting next_dagrun for dataset_consumes_1_never_scheduled to None, run_after=None
[2026-04-28T12:13:48.111+0000] {logging_mixin.py:188} INFO - [2026-04-28T12:13:48.111+0000] {dag.py:3834} INFO - Setting next_dagrun for dataset_consumes_unknown_never_scheduled to None, run_after=None
[2026-04-28T12:13:48.114+0000] {logging_mixin.py:188} INFO - [2026-04-28T12:13:48.114+0000] {dag.py:3834} INFO - Setting next_dagrun for dataset_produces_1 to 2026-04-27 00:00:00+00:00, run_after=2026-04-28 00:00:00+00:00
[2026-04-28T12:13:48.115+0000] {logging_mixin.py:188} INFO - [2026-04-28T12:13:48.115+0000] {dag.py:3834} INFO - Setting next_dagrun for dataset_produces_2 to None, run_after=None
[2026-04-28T12:13:48.138+0000] {processor.py:183} INFO - Processing /home/airflow/.local/lib/python3.8/site-packages/airflow/example_dags/example_datasets.py took 0.118 seconds
[2026-04-28T12:14:18.518+0000] {processor.py:161} INFO - Started process (PID=338) to work on /home/airflow/.local/lib/python3.8/site-packages/airflow/example_dags/example_datasets.py
[2026-04-28T12:14:18.519+0000] {processor.py:830} INFO - Processing file /home/airflow/.local/lib/python3.8/site-packages/airflow/example_dags/example_datasets.py for tasks to queue
[2026-04-28T12:14:18.521+0000] {logging_mixin.py:188} INFO - [2026-04-28T12:14:18.521+0000] {dagbag.py:540} INFO - Filling up the DagBag from /home/airflow/.local/lib/python3.8/site-packages/airflow/example_dags/example_datasets.py
[2026-04-28T12:14:18.534+0000] {processor.py:840} INFO - DAG(s) 'dataset_consumes_1_never_scheduled', 'dataset_produces_1', 'dataset_consumes_1', 'dataset_produces_2', 'dataset_consumes_1_and_2', 'dataset_consumes_unknown_never_scheduled' retrieved from /home/airflow/.local/lib/python3.8/site-packages/airflow/example_dags/example_datasets.py
[2026-04-28T12:14:18.625+0000] {logging_mixin.py:188} INFO - [2026-04-28T12:14:18.625+0000] {dag.py:3047} INFO - Sync 6 DAGs
[2026-04-28T12:14:18.650+0000] {logging_mixin.py:188} INFO - [2026-04-28T12:14:18.650+0000] {dag.py:3834} INFO - Setting next_dagrun for dataset_consumes_1 to None, run_after=None
[2026-04-28T12:14:18.653+0000] {logging_mixin.py:188} INFO - [2026-04-28T12:14:18.653+0000] {dag.py:3834} INFO - Setting next_dagrun for dataset_consumes_1_and_2 to None, run_after=None
[2026-04-28T12:14:18.655+0000] {logging_mixin.py:188} INFO - [2026-04-28T12:14:18.655+0000] {dag.py:3834} INFO - Setting next_dagrun for dataset_consumes_1_never_scheduled to None, run_after=None
[2026-04-28T12:14:18.656+0000] {logging_mixin.py:188} INFO - [2026-04-28T12:14:18.656+0000] {dag.py:3834} INFO - Setting next_dagrun for dataset_consumes_unknown_never_scheduled to None, run_after=None
[2026-04-28T12:14:18.658+0000] {logging_mixin.py:188} INFO - [2026-04-28T12:14:18.658+0000] {dag.py:3834} INFO - Setting next_dagrun for dataset_produces_1 to 2026-04-27 00:00:00+00:00, run_after=2026-04-28 00:00:00+00:00
[2026-04-28T12:14:18.659+0000] {logging_mixin.py:188} INFO - [2026-04-28T12:14:18.659+0000] {dag.py:3834} INFO - Setting next_dagrun for dataset_produces_2 to None, run_after=None
[2026-04-28T12:14:18.681+0000] {processor.py:183} INFO - Processing /home/airflow/.local/lib/python3.8/site-packages/airflow/example_dags/example_datasets.py took 0.166 seconds
[2026-04-28T12:14:49.120+0000] {processor.py:161} INFO - Started process (PID=393) to work on /home/airflow/.local/lib/python3.8/site-packages/airflow/example_dags/example_datasets.py
[2026-04-28T12:14:49.124+0000] {processor.py:830} INFO - Processing file /home/airflow/.local/lib/python3.8/site-packages/airflow/example_dags/example_datasets.py for tasks to queue
[2026-04-28T12:14:49.129+0000] {logging_mixin.py:188} INFO - [2026-04-28T12:14:49.126+0000] {dagbag.py:540} INFO - Filling up the DagBag from /home/airflow/.local/lib/python3.8/site-packages/airflow/example_dags/example_datasets.py
[2026-04-28T12:14:49.152+0000] {processor.py:840} INFO - DAG(s) 'dataset_produces_1', 'dataset_consumes_1_never_scheduled', 'dataset_consumes_1_and_2', 'dataset_produces_2', 'dataset_consumes_unknown_never_scheduled', 'dataset_consumes_1' retrieved from /home/airflow/.local/lib/python3.8/site-packages/airflow/example_dags/example_datasets.py
[2026-04-28T12:14:49.252+0000] {logging_mixin.py:188} INFO - [2026-04-28T12:14:49.251+0000] {dag.py:3047} INFO - Sync 6 DAGs
[2026-04-28T12:14:49.348+0000] {logging_mixin.py:188} INFO - [2026-04-28T12:14:49.348+0000] {dag.py:3834} INFO - Setting next_dagrun for dataset_consumes_1 to None, run_after=None
[2026-04-28T12:14:49.352+0000] {logging_mixin.py:188} INFO - [2026-04-28T12:14:49.352+0000] {dag.py:3834} INFO - Setting next_dagrun for dataset_consumes_1_and_2 to None, run_after=None
[2026-04-28T12:14:49.353+0000] {logging_mixin.py:188} INFO - [2026-04-28T12:14:49.353+0000] {dag.py:3834} INFO - Setting next_dagrun for dataset_consumes_1_never_scheduled to None, run_after=None
[2026-04-28T12:14:49.354+0000] {logging_mixin.py:188} INFO - [2026-04-28T12:14:49.354+0000] {dag.py:3834} INFO - Setting next_dagrun for dataset_consumes_unknown_never_scheduled to None, run_after=None
[2026-04-28T12:14:49.357+0000] {logging_mixin.py:188} INFO - [2026-04-28T12:14:49.357+0000] {dag.py:3834} INFO - Setting next_dagrun for dataset_produces_1 to 2026-04-27 00:00:00+00:00, run_after=2026-04-28 00:00:00+00:00
[2026-04-28T12:14:49.358+0000] {logging_mixin.py:188} INFO - [2026-04-28T12:14:49.358+0000] {dag.py:3834} INFO - Setting next_dagrun for dataset_produces_2 to None, run_after=None
[2026-04-28T12:14:49.382+0000] {processor.py:183} INFO - Processing /home/airflow/.local/lib/python3.8/site-packages/airflow/example_dags/example_datasets.py took 0.270 seconds
[2026-04-28T12:15:20.272+0000] {processor.py:161} INFO - Started process (PID=448) to work on /home/airflow/.local/lib/python3.8/site-packages/airflow/example_dags/example_datasets.py
[2026-04-28T12:15:20.275+0000] {processor.py:830} INFO - Processing file /home/airflow/.local/lib/python3.8/site-packages/airflow/example_dags/example_datasets.py for tasks to queue
[2026-04-28T12:15:20.280+0000] {logging_mixin.py:188} INFO - [2026-04-28T12:15:20.280+0000] {dagbag.py:540} INFO - Filling up the DagBag from /home/airflow/.local/lib/python3.8/site-packages/airflow/example_dags/example_datasets.py
[2026-04-28T12:15:20.313+0000] {processor.py:840} INFO - DAG(s) 'dataset_produces_1', 'dataset_consumes_1_never_scheduled', 'dataset_produces_2', 'dataset_consumes_unknown_never_scheduled', 'dataset_consumes_1_and_2', 'dataset_consumes_1' retrieved from /home/airflow/.local/lib/python3.8/site-packages/airflow/example_dags/example_datasets.py
[2026-04-28T12:15:20.422+0000] {logging_mixin.py:188} INFO - [2026-04-28T12:15:20.422+0000] {dag.py:3047} INFO - Sync 6 DAGs
[2026-04-28T12:15:20.447+0000] {logging_mixin.py:188} INFO - [2026-04-28T12:15:20.447+0000] {dag.py:3834} INFO - Setting next_dagrun for dataset_consumes_1 to None, run_after=None
[2026-04-28T12:15:20.451+0000] {logging_mixin.py:188} INFO - [2026-04-28T12:15:20.451+0000] {dag.py:3834} INFO - Setting next_dagrun for dataset_consumes_1_and_2 to None, run_after=None
[2026-04-28T12:15:20.452+0000] {logging_mixin.py:188} INFO - [2026-04-28T12:15:20.452+0000] {dag.py:3834} INFO - Setting next_dagrun for dataset_consumes_1_never_scheduled to None, run_after=None
[2026-04-28T12:15:20.454+0000] {logging_mixin.py:188} INFO - [2026-04-28T12:15:20.453+0000] {dag.py:3834} INFO - Setting next_dagrun for dataset_consumes_unknown_never_scheduled to None, run_after=None
[2026-04-28T12:15:20.458+0000] {logging_mixin.py:188} INFO - [2026-04-28T12:15:20.457+0000] {dag.py:3834} INFO - Setting next_dagrun for dataset_produces_1 to 2026-04-27 00:00:00+00:00, run_after=2026-04-28 00:00:00+00:00
[2026-04-28T12:15:20.459+0000] {logging_mixin.py:188} INFO - [2026-04-28T12:15:20.459+0000] {dag.py:3834} INFO - Setting next_dagrun for dataset_produces_2 to None, run_after=None
[2026-04-28T12:15:20.494+0000] {processor.py:183} INFO - Processing /home/airflow/.local/lib/python3.8/site-packages/airflow/example_dags/example_datasets.py took 0.232 seconds
[2026-04-28T12:15:50.680+0000] {processor.py:161} INFO - Started process (PID=502) to work on /home/airflow/.local/lib/python3.8/site-packages/airflow/example_dags/example_datasets.py
[2026-04-28T12:15:50.683+0000] {processor.py:830} INFO - Processing file /home/airflow/.local/lib/python3.8/site-packages/airflow/example_dags/example_datasets.py for tasks to queue
[2026-04-28T12:15:50.685+0000] {logging_mixin.py:188} INFO - [2026-04-28T12:15:50.685+0000] {dagbag.py:540} INFO - Filling up the DagBag from /home/airflow/.local/lib/python3.8/site-packages/airflow/example_dags/example_datasets.py
[2026-04-28T12:15:50.696+0000] {processor.py:840} INFO - DAG(s) 'dataset_consumes_1', 'dataset_consumes_unknown_never_scheduled', 'dataset_produces_2', 'dataset_produces_1', 'dataset_consumes_1_never_scheduled', 'dataset_consumes_1_and_2' retrieved from /home/airflow/.local/lib/python3.8/site-packages/airflow/example_dags/example_datasets.py
[2026-04-28T12:15:50.740+0000] {logging_mixin.py:188} INFO - [2026-04-28T12:15:50.740+0000] {dag.py:3047} INFO - Sync 6 DAGs
[2026-04-28T12:15:50.765+0000] {logging_mixin.py:188} INFO - [2026-04-28T12:15:50.765+0000] {dag.py:3834} INFO - Setting next_dagrun for dataset_consumes_1 to None, run_after=None
[2026-04-28T12:15:50.769+0000] {logging_mixin.py:188} INFO - [2026-04-28T12:15:50.769+0000] {dag.py:3834} INFO - Setting next_dagrun for dataset_consumes_1_and_2 to None, run_after=None
[2026-04-28T12:15:50.770+0000] {logging_mixin.py:188} INFO - [2026-04-28T12:15:50.770+0000] {dag.py:3834} INFO - Setting next_dagrun for dataset_consumes_1_never_scheduled to None, run_after=None
[2026-04-28T12:15:50.771+0000] {logging_mixin.py:188} INFO - [2026-04-28T12:15:50.771+0000] {dag.py:3834} INFO - Setting next_dagrun for dataset_consumes_unknown_never_scheduled to None, run_after=None
[2026-04-28T12:15:50.774+0000] {logging_mixin.py:188} INFO - [2026-04-28T12:15:50.774+0000] {dag.py:3834} INFO - Setting next_dagrun for dataset_produces_1 to 2026-04-27 00:00:00+00:00, run_after=2026-04-28 00:00:00+00:00
[2026-04-28T12:15:50.776+0000] {logging_mixin.py:188} INFO - [2026-04-28T12:15:50.775+0000] {dag.py:3834} INFO - Setting next_dagrun for dataset_produces_2 to None, run_after=None
[2026-04-28T12:15:50.829+0000] {processor.py:183} INFO - Processing /home/airflow/.local/lib/python3.8/site-packages/airflow/example_dags/example_datasets.py took 0.157 seconds
[2026-04-28T12:16:21.297+0000] {processor.py:161} INFO - Started process (PID=557) to work on /home/airflow/.local/lib/python3.8/site-packages/airflow/example_dags/example_datasets.py
[2026-04-28T12:16:21.298+0000] {processor.py:830} INFO - Processing file /home/airflow/.local/lib/python3.8/site-packages/airflow/example_dags/example_datasets.py for tasks to queue
[2026-04-28T12:16:21.302+0000] {logging_mixin.py:188} INFO - [2026-04-28T12:16:21.301+0000] {dagbag.py:540} INFO - Filling up the DagBag from /home/airflow/.local/lib/python3.8/site-packages/airflow/example_dags/example_datasets.py
[2026-04-28T12:16:21.315+0000] {processor.py:840} INFO - DAG(s) 'dataset_produces_1', 'dataset_consumes_unknown_never_scheduled', 'dataset_consumes_1_never_scheduled', 'dataset_produces_2', 'dataset_consumes_1_and_2', 'dataset_consumes_1' retrieved from /home/airflow/.local/lib/python3.8/site-packages/airflow/example_dags/example_datasets.py
[2026-04-28T12:16:21.354+0000] {logging_mixin.py:188} INFO - [2026-04-28T12:16:21.354+0000] {dag.py:3047} INFO - Sync 6 DAGs
[2026-04-28T12:16:21.379+0000] {logging_mixin.py:188} INFO - [2026-04-28T12:16:21.379+0000] {dag.py:3834} INFO - Setting next_dagrun for dataset_consumes_1 to None, run_after=None
[2026-04-28T12:16:21.383+0000] {logging_mixin.py:188} INFO - [2026-04-28T12:16:21.383+0000] {dag.py:3834} INFO - Setting next_dagrun for dataset_consumes_1_and_2 to None, run_after=None
[2026-04-28T12:16:21.384+0000] {logging_mixin.py:188} INFO - [2026-04-28T12:16:21.384+0000] {dag.py:3834} INFO - Setting next_dagrun for dataset_consumes_1_never_scheduled to None, run_after=None
[2026-04-28T12:16:21.386+0000] {logging_mixin.py:188} INFO - [2026-04-28T12:16:21.385+0000] {dag.py:3834} INFO - Setting next_dagrun for dataset_consumes_unknown_never_scheduled to None, run_after=None
[2026-04-28T12:16:21.389+0000] {logging_mixin.py:188} INFO - [2026-04-28T12:16:21.389+0000] {dag.py:3834} INFO - Setting next_dagrun for dataset_produces_1 to 2026-04-27 00:00:00+00:00, run_after=2026-04-28 00:00:00+00:00
[2026-04-28T12:16:21.390+0000] {logging_mixin.py:188} INFO - [2026-04-28T12:16:21.390+0000] {dag.py:3834} INFO - Setting next_dagrun for dataset_produces_2 to None, run_after=None
[2026-04-28T12:16:21.419+0000] {processor.py:183} INFO - Processing /home/airflow/.local/lib/python3.8/site-packages/airflow/example_dags/example_datasets.py took 0.125 seconds
[2026-04-28T12:16:51.573+0000] {processor.py:161} INFO - Started process (PID=612) to work on /home/airflow/.local/lib/python3.8/site-packages/airflow/example_dags/example_datasets.py
[2026-04-28T12:16:51.574+0000] {processor.py:830} INFO - Processing file /home/airflow/.local/lib/python3.8/site-packages/airflow/example_dags/example_datasets.py for tasks to queue
[2026-04-28T12:16:51.576+0000] {logging_mixin.py:188} INFO - [2026-04-28T12:16:51.576+0000] {dagbag.py:540} INFO - Filling up the DagBag from /home/airflow/.local/lib/python3.8/site-packages/airflow/example_dags/example_datasets.py
[2026-04-28T12:16:51.587+0000] {processor.py:840} INFO - DAG(s) 'dataset_consumes_1_never_scheduled', 'dataset_produces_2', 'dataset_produces_1', 'dataset_consumes_1_and_2', 'dataset_consumes_1', 'dataset_consumes_unknown_never_scheduled' retrieved from /home/airflow/.local/lib/python3.8/site-packages/airflow/example_dags/example_datasets.py
[2026-04-28T12:16:51.627+0000] {logging_mixin.py:188} INFO - [2026-04-28T12:16:51.627+0000] {dag.py:3047} INFO - Sync 6 DAGs
[2026-04-28T12:16:51.652+0000] {logging_mixin.py:188} INFO - [2026-04-28T12:16:51.651+0000] {dag.py:3834} INFO - Setting next_dagrun for dataset_consumes_1 to None, run_after=None
[2026-04-28T12:16:51.655+0000] {logging_mixin.py:188} INFO - [2026-04-28T12:16:51.655+0000] {dag.py:3834} INFO - Setting next_dagrun for dataset_consumes_1_and_2 to None, run_after=None
[2026-04-28T12:16:51.657+0000] {logging_mixin.py:188} INFO - [2026-04-28T12:16:51.657+0000] {dag.py:3834} INFO - Setting next_dagrun for dataset_consumes_1_never_scheduled to None, run_after=None
[2026-04-28T12:16:51.658+0000] {logging_mixin.py:188} INFO - [2026-04-28T12:16:51.658+0000] {dag.py:3834} INFO - Setting next_dagrun for dataset_consumes_unknown_never_scheduled to None, run_after=None
[2026-04-28T12:16:51.661+0000] {logging_mixin.py:188} INFO - [2026-04-28T12:16:51.661+0000] {dag.py:3834} INFO - Setting next_dagrun for dataset_produces_1 to 2026-04-27 00:00:00+00:00, run_after=2026-04-28 00:00:00+00:00
[2026-04-28T12:16:51.662+0000] {logging_mixin.py:188} INFO - [2026-04-28T12:16:51.662+0000] {dag.py:3834} INFO - Setting next_dagrun for dataset_produces_2 to None, run_after=None
[2026-04-28T12:16:51.690+0000] {processor.py:183} INFO - Processing /home/airflow/.local/lib/python3.8/site-packages/airflow/example_dags/example_datasets.py took 0.121 seconds
[2026-04-28T12:17:21.718+0000] {processor.py:161} INFO - Started process (PID=667) to work on /home/airflow/.local/lib/python3.8/site-packages/airflow/example_dags/example_datasets.py
[2026-04-28T12:17:21.719+0000] {processor.py:830} INFO - Processing file /home/airflow/.local/lib/python3.8/site-packages/airflow/example_dags/example_datasets.py for tasks to queue
[2026-04-28T12:17:21.721+0000] {logging_mixin.py:188} INFO - [2026-04-28T12:17:21.721+0000] {dagbag.py:540} INFO - Filling up the DagBag from /home/airflow/.local/lib/python3.8/site-packages/airflow/example_dags/example_datasets.py
[2026-04-28T12:17:21.732+0000] {processor.py:840} INFO - DAG(s) 'dataset_consumes_1_and_2', 'dataset_produces_1', 'dataset_produces_2', 'dataset_consumes_1_never_scheduled', 'dataset_consumes_unknown_never_scheduled', 'dataset_consumes_1' retrieved from /home/airflow/.local/lib/python3.8/site-packages/airflow/example_dags/example_datasets.py
[2026-04-28T12:17:21.770+0000] {logging_mixin.py:188} INFO - [2026-04-28T12:17:21.770+0000] {dag.py:3047} INFO - Sync 6 DAGs
[2026-04-28T12:17:21.795+0000] {logging_mixin.py:188} INFO - [2026-04-28T12:17:21.794+0000] {dag.py:3834} INFO - Setting next_dagrun for dataset_consumes_1 to None, run_after=None
[2026-04-28T12:17:21.799+0000] {logging_mixin.py:188} INFO - [2026-04-28T12:17:21.799+0000] {dag.py:3834} INFO - Setting next_dagrun for dataset_consumes_1_and_2 to None, run_after=None
[2026-04-28T12:17:21.801+0000] {logging_mixin.py:188} INFO - [2026-04-28T12:17:21.800+0000] {dag.py:3834} INFO - Setting next_dagrun for dataset_consumes_1_never_scheduled to None, run_after=None
[2026-04-28T12:17:21.802+0000] {logging_mixin.py:188} INFO - [2026-04-28T12:17:21.802+0000] {dag.py:3834} INFO - Setting next_dagrun for dataset_consumes_unknown_never_scheduled to None, run_after=None
[2026-04-28T12:17:21.805+0000] {logging_mixin.py:188} INFO - [2026-04-28T12:17:21.804+0000] {dag.py:3834} INFO - Setting next_dagrun for dataset_produces_1 to 2026-04-27 00:00:00+00:00, run_after=2026-04-28 00:00:00+00:00
[2026-04-28T12:17:21.806+0000] {logging_mixin.py:188} INFO - [2026-04-28T12:17:21.806+0000] {dag.py:3834} INFO - Setting next_dagrun for dataset_produces_2 to None, run_after=None
[2026-04-28T12:17:21.834+0000] {processor.py:183} INFO - Processing /home/airflow/.local/lib/python3.8/site-packages/airflow/example_dags/example_datasets.py took 0.119 seconds
[2026-04-28T12:17:51.883+0000] {processor.py:161} INFO - Started process (PID=722) to work on /home/airflow/.local/lib/python3.8/site-packages/airflow/example_dags/example_datasets.py
[2026-04-28T12:17:51.884+0000] {processor.py:830} INFO - Processing file /home/airflow/.local/lib/python3.8/site-packages/airflow/example_dags/example_datasets.py for tasks to queue
[2026-04-28T12:17:51.886+0000] {logging_mixin.py:188} INFO - [2026-04-28T12:17:51.886+0000] {dagbag.py:540} INFO - Filling up the DagBag from /home/airflow/.local/lib/python3.8/site-packages/airflow/example_dags/example_datasets.py
[2026-04-28T12:17:51.897+0000] {processor.py:840} INFO - DAG(s) 'dataset_consumes_1_never_scheduled', 'dataset_consumes_unknown_never_scheduled', 'dataset_consumes_1', 'dataset_consumes_1_and_2', 'dataset_produces_1', 'dataset_produces_2' retrieved from /home/airflow/.local/lib/python3.8/site-packages/airflow/example_dags/example_datasets.py
[2026-04-28T12:17:51.937+0000] {logging_mixin.py:188} INFO - [2026-04-28T12:17:51.937+0000] {dag.py:3047} INFO - Sync 6 DAGs
[2026-04-28T12:17:51.964+0000] {logging_mixin.py:188} INFO - [2026-04-28T12:17:51.964+0000] {dag.py:3834} INFO - Setting next_dagrun for dataset_consumes_1 to None, run_after=None
[2026-04-28T12:17:51.969+0000] {logging_mixin.py:188} INFO - [2026-04-28T12:17:51.969+0000] {dag.py:3834} INFO - Setting next_dagrun for dataset_consumes_1_and_2 to None, run_after=None
[2026-04-28T12:17:51.970+0000] {logging_mixin.py:188} INFO - [2026-04-28T12:17:51.970+0000] {dag.py:3834} INFO - Setting next_dagrun for dataset_consumes_1_never_scheduled to None, run_after=None
[2026-04-28T12:17:51.971+0000] {logging_mixin.py:188} INFO - [2026-04-28T12:17:51.971+0000] {dag.py:3834} INFO - Setting next_dagrun for dataset_consumes_unknown_never_scheduled to None, run_after=None
[2026-04-28T12:17:51.974+0000] {logging_mixin.py:188} INFO - [2026-04-28T12:17:51.974+0000] {dag.py:3834} INFO - Setting next_dagrun for dataset_produces_1 to 2026-04-27 00:00:00+00:00, run_after=2026-04-28 00:00:00+00:00
[2026-04-28T12:17:51.975+0000] {logging_mixin.py:188} INFO - [2026-04-28T12:17:51.975+0000] {dag.py:3834} INFO - Setting next_dagrun for dataset_produces_2 to None, run_after=None
[2026-04-28T12:17:52.004+0000] {processor.py:183} INFO - Processing /home/airflow/.local/lib/python3.8/site-packages/airflow/example_dags/example_datasets.py took 0.124 seconds
[2026-04-28T12:18:22.201+0000] {processor.py:161} INFO - Started process (PID=777) to work on /home/airflow/.local/lib/python3.8/site-packages/airflow/example_dags/example_datasets.py
[2026-04-28T12:18:22.202+0000] {processor.py:830} INFO - Processing file /home/airflow/.local/lib/python3.8/site-packages/airflow/example_dags/example_datasets.py for tasks to queue
[2026-04-28T12:18:22.204+0000] {logging_mixin.py:188} INFO - [2026-04-28T12:18:22.204+0000] {dagbag.py:540} INFO - Filling up the DagBag from /home/airflow/.local/lib/python3.8/site-packages/airflow/example_dags/example_datasets.py
[2026-04-28T12:18:22.215+0000] {processor.py:840} INFO - DAG(s) 'dataset_consumes_1', 'dataset_produces_2', 'dataset_consumes_1_and_2', 'dataset_consumes_unknown_never_scheduled', 'dataset_produces_1', 'dataset_consumes_1_never_scheduled' retrieved from /home/airflow/.local/lib/python3.8/site-packages/airflow/example_dags/example_datasets.py
[2026-04-28T12:18:22.255+0000] {logging_mixin.py:188} INFO - [2026-04-28T12:18:22.255+0000] {dag.py:3047} INFO - Sync 6 DAGs
[2026-04-28T12:18:22.281+0000] {logging_mixin.py:188} INFO - [2026-04-28T12:18:22.281+0000] {dag.py:3834} INFO - Setting next_dagrun for dataset_consumes_1 to None, run_after=None
[2026-04-28T12:18:22.285+0000] {logging_mixin.py:188} INFO - [2026-04-28T12:18:22.285+0000] {dag.py:3834} INFO - Setting next_dagrun for dataset_consumes_1_and_2 to None, run_after=None
[2026-04-28T12:18:22.286+0000] {logging_mixin.py:188} INFO - [2026-04-28T12:18:22.286+0000] {dag.py:3834} INFO - Setting next_dagrun for dataset_consumes_1_never_scheduled to None, run_after=None
[2026-04-28T12:18:22.288+0000] {logging_mixin.py:188} INFO - [2026-04-28T12:18:22.287+0000] {dag.py:3834} INFO - Setting next_dagrun for dataset_consumes_unknown_never_scheduled to None, run_after=None
[2026-04-28T12:18:22.290+0000] {logging_mixin.py:188} INFO - [2026-04-28T12:18:22.290+0000] {dag.py:3834} INFO - Setting next_dagrun for dataset_produces_1 to 2026-04-27 00:00:00+00:00, run_after=2026-04-28 00:00:00+00:00
[2026-04-28T12:18:22.292+0000] {logging_mixin.py:188} INFO - [2026-04-28T12:18:22.291+0000] {dag.py:3834} INFO - Setting next_dagrun for dataset_produces_2 to None, run_after=None
[2026-04-28T12:18:22.321+0000] {processor.py:183} INFO - Processing /home/airflow/.local/lib/python3.8/site-packages/airflow/example_dags/example_datasets.py took 0.124 seconds
[2026-04-28T12:18:52.613+0000] {processor.py:161} INFO - Started process (PID=832) to work on /home/airflow/.local/lib/python3.8/site-packages/airflow/example_dags/example_datasets.py
[2026-04-28T12:18:52.616+0000] {processor.py:830} INFO - Processing file /home/airflow/.local/lib/python3.8/site-packages/airflow/example_dags/example_datasets.py for tasks to queue
[2026-04-28T12:18:52.618+0000] {logging_mixin.py:188} INFO - [2026-04-28T12:18:52.618+0000] {dagbag.py:540} INFO - Filling up the DagBag from /home/airflow/.local/lib/python3.8/site-packages/airflow/example_dags/example_datasets.py
[2026-04-28T12:18:52.629+0000] {processor.py:840} INFO - DAG(s) 'dataset_consumes_1_never_scheduled', 'dataset_produces_2', 'dataset_consumes_1_and_2', 'dataset_consumes_unknown_never_scheduled', 'dataset_produces_1', 'dataset_consumes_1' retrieved from /home/airflow/.local/lib/python3.8/site-packages/airflow/example_dags/example_datasets.py
[2026-04-28T12:18:52.668+0000] {logging_mixin.py:188} INFO - [2026-04-28T12:18:52.667+0000] {dag.py:3047} INFO - Sync 6 DAGs
[2026-04-28T12:18:52.694+0000] {logging_mixin.py:188} INFO - [2026-04-28T12:18:52.694+0000] {dag.py:3834} INFO - Setting next_dagrun for dataset_consumes_1 to None, run_after=None
[2026-04-28T12:18:52.700+0000] {logging_mixin.py:188} INFO - [2026-04-28T12:18:52.700+0000] {dag.py:3834} INFO - Setting next_dagrun for dataset_consumes_1_and_2 to None, run_after=None
[2026-04-28T12:18:52.701+0000] {logging_mixin.py:188} INFO - [2026-04-28T12:18:52.701+0000] {dag.py:3834} INFO - Setting next_dagrun for dataset_consumes_1_never_scheduled to None, run_after=None
[2026-04-28T12:18:52.702+0000] {logging_mixin.py:188} INFO - [2026-04-28T12:18:52.702+0000] {dag.py:3834} INFO - Setting next_dagrun for dataset_consumes_unknown_never_scheduled to None, run_after=None
[2026-04-28T12:18:52.705+0000] {logging_mixin.py:188} INFO - [2026-04-28T12:18:52.705+0000] {dag.py:3834} INFO - Setting next_dagrun for dataset_produces_1 to 2026-04-27 00:00:00+00:00, run_after=2026-04-28 00:00:00+00:00
[2026-04-28T12:18:52.706+0000] {logging_mixin.py:188} INFO - [2026-04-28T12:18:52.706+0000] {dag.py:3834} INFO - Setting next_dagrun for dataset_produces_2 to None, run_after=None
[2026-04-28T12:18:52.739+0000] {processor.py:183} INFO - Processing /home/airflow/.local/lib/python3.8/site-packages/airflow/example_dags/example_datasets.py took 0.129 seconds
[2026-04-28T12:19:22.771+0000] {processor.py:161} INFO - Started process (PID=887) to work on /home/airflow/.local/lib/python3.8/site-packages/airflow/example_dags/example_datasets.py
[2026-04-28T12:19:22.772+0000] {processor.py:830} INFO - Processing file /home/airflow/.local/lib/python3.8/site-packages/airflow/example_dags/example_datasets.py for tasks to queue
[2026-04-28T12:19:22.774+0000] {logging_mixin.py:188} INFO - [2026-04-28T12:19:22.774+0000] {dagbag.py:540} INFO - Filling up the DagBag from /home/airflow/.local/lib/python3.8/site-packages/airflow/example_dags/example_datasets.py
[2026-04-28T12:19:22.785+0000] {processor.py:840} INFO - DAG(s) 'dataset_consumes_1_and_2', 'dataset_consumes_1', 'dataset_consumes_1_never_scheduled', 'dataset_produces_2', 'dataset_produces_1', 'dataset_consumes_unknown_never_scheduled' retrieved from /home/airflow/.local/lib/python3.8/site-packages/airflow/example_dags/example_datasets.py
[2026-04-28T12:19:22.823+0000] {logging_mixin.py:188} INFO - [2026-04-28T12:19:22.823+0000] {dag.py:3047} INFO - Sync 6 DAGs
[2026-04-28T12:19:22.856+0000] {logging_mixin.py:188} INFO - [2026-04-28T12:19:22.855+0000] {dag.py:3834} INFO - Setting next_dagrun for dataset_consumes_1 to None, run_after=None
[2026-04-28T12:19:22.859+0000] {logging_mixin.py:188} INFO - [2026-04-28T12:19:22.859+0000] {dag.py:3834} INFO - Setting next_dagrun for dataset_consumes_1_and_2 to None, run_after=None
[2026-04-28T12:19:22.861+0000] {logging_mixin.py:188} INFO - [2026-04-28T12:19:22.860+0000] {dag.py:3834} INFO - Setting next_dagrun for dataset_consumes_1_never_scheduled to None, run_after=None
[2026-04-28T12:19:22.862+0000] {logging_mixin.py:188} INFO - [2026-04-28T12:19:22.862+0000] {dag.py:3834} INFO - Setting next_dagrun for dataset_consumes_unknown_never_scheduled to None, run_after=None
[2026-04-28T12:19:22.864+0000] {logging_mixin.py:188} INFO - [2026-04-28T12:19:22.864+0000] {dag.py:3834} INFO - Setting next_dagrun for dataset_produces_1 to 2026-04-27 00:00:00+00:00, run_after=2026-04-28 00:00:00+00:00
[2026-04-28T12:19:22.866+0000] {logging_mixin.py:188} INFO - [2026-04-28T12:19:22.865+0000] {dag.py:3834} INFO - Setting next_dagrun for dataset_produces_2 to None, run_after=None
[2026-04-28T12:19:22.899+0000] {processor.py:183} INFO - Processing /home/airflow/.local/lib/python3.8/site-packages/airflow/example_dags/example_datasets.py took 0.131 seconds
[2026-04-28T12:19:53.405+0000] {processor.py:161} INFO - Started process (PID=942) to work on /home/airflow/.local/lib/python3.8/site-packages/airflow/example_dags/example_datasets.py
[2026-04-28T12:19:53.408+0000] {processor.py:830} INFO - Processing file /home/airflow/.local/lib/python3.8/site-packages/airflow/example_dags/example_datasets.py for tasks to queue
[2026-04-28T12:19:53.410+0000] {logging_mixin.py:188} INFO - [2026-04-28T12:19:53.409+0000] {dagbag.py:540} INFO - Filling up the DagBag from /home/airflow/.local/lib/python3.8/site-packages/airflow/example_dags/example_datasets.py
[2026-04-28T12:19:53.421+0000] {processor.py:840} INFO - DAG(s) 'dataset_consumes_1_and_2', 'dataset_consumes_1_never_scheduled', 'dataset_produces_1', 'dataset_consumes_1', 'dataset_consumes_unknown_never_scheduled', 'dataset_produces_2' retrieved from /home/airflow/.local/lib/python3.8/site-packages/airflow/example_dags/example_datasets.py
[2026-04-28T12:19:53.463+0000] {logging_mixin.py:188} INFO - [2026-04-28T12:19:53.463+0000] {dag.py:3047} INFO - Sync 6 DAGs
[2026-04-28T12:19:53.493+0000] {logging_mixin.py:188} INFO - [2026-04-28T12:19:53.492+0000] {dag.py:3834} INFO - Setting next_dagrun for dataset_consumes_1 to None, run_after=None
[2026-04-28T12:19:53.496+0000] {logging_mixin.py:188} INFO - [2026-04-28T12:19:53.496+0000] {dag.py:3834} INFO - Setting next_dagrun for dataset_consumes_1_and_2 to None, run_after=None
[2026-04-28T12:19:53.498+0000] {logging_mixin.py:188} INFO - [2026-04-28T12:19:53.497+0000] {dag.py:3834} INFO - Setting next_dagrun for dataset_consumes_1_never_scheduled to None, run_after=None
[2026-04-28T12:19:53.499+0000] {logging_mixin.py:188} INFO - [2026-04-28T12:19:53.499+0000] {dag.py:3834} INFO - Setting next_dagrun for dataset_consumes_unknown_never_scheduled to None, run_after=None
[2026-04-28T12:19:53.503+0000] {logging_mixin.py:188} INFO - [2026-04-28T12:19:53.503+0000] {dag.py:3834} INFO - Setting next_dagrun for dataset_produces_1 to 2026-04-27 00:00:00+00:00, run_after=2026-04-28 00:00:00+00:00
[2026-04-28T12:19:53.504+0000] {logging_mixin.py:188} INFO - [2026-04-28T12:19:53.504+0000] {dag.py:3834} INFO - Setting next_dagrun for dataset_produces_2 to None, run_after=None
[2026-04-28T12:19:53.533+0000] {processor.py:183} INFO - Processing /home/airflow/.local/lib/python3.8/site-packages/airflow/example_dags/example_datasets.py took 0.132 seconds
[2026-04-28T12:20:23.764+0000] {processor.py:161} INFO - Started process (PID=996) to work on /home/airflow/.local/lib/python3.8/site-packages/airflow/example_dags/example_datasets.py
[2026-04-28T12:20:23.766+0000] {processor.py:830} INFO - Processing file /home/airflow/.local/lib/python3.8/site-packages/airflow/example_dags/example_datasets.py for tasks to queue
[2026-04-28T12:20:23.768+0000] {logging_mixin.py:188} INFO - [2026-04-28T12:20:23.768+0000] {dagbag.py:540} INFO - Filling up the DagBag from /home/airflow/.local/lib/python3.8/site-packages/airflow/example_dags/example_datasets.py
[2026-04-28T12:20:23.779+0000] {processor.py:840} INFO - DAG(s) 'dataset_consumes_1', 'dataset_produces_2', 'dataset_consumes_unknown_never_scheduled', 'dataset_consumes_1_and_2', 'dataset_consumes_1_never_scheduled', 'dataset_produces_1' retrieved from /home/airflow/.local/lib/python3.8/site-packages/airflow/example_dags/example_datasets.py
[2026-04-28T12:20:23.819+0000] {logging_mixin.py:188} INFO - [2026-04-28T12:20:23.819+0000] {dag.py:3047} INFO - Sync 6 DAGs
[2026-04-28T12:20:23.845+0000] {logging_mixin.py:188} INFO - [2026-04-28T12:20:23.845+0000] {dag.py:3834} INFO - Setting next_dagrun for dataset_consumes_1 to None, run_after=None
[2026-04-28T12:20:23.849+0000] {logging_mixin.py:188} INFO - [2026-04-28T12:20:23.849+0000] {dag.py:3834} INFO - Setting next_dagrun for dataset_consumes_1_and_2 to None, run_after=None
[2026-04-28T12:20:23.850+0000] {logging_mixin.py:188} INFO - [2026-04-28T12:20:23.850+0000] {dag.py:3834} INFO - Setting next_dagrun for dataset_consumes_1_never_scheduled to None, run_after=None
[2026-04-28T12:20:23.851+0000] {logging_mixin.py:188} INFO - [2026-04-28T12:20:23.851+0000] {dag.py:3834} INFO - Setting next_dagrun for dataset_consumes_unknown_never_scheduled to None, run_after=None
[2026-04-28T12:20:23.854+0000] {logging_mixin.py:188} INFO - [2026-04-28T12:20:23.854+0000] {dag.py:3834} INFO - Setting next_dagrun for dataset_produces_1 to 2026-04-27 00:00:00+00:00, run_after=2026-04-28 00:00:00+00:00
[2026-04-28T12:20:23.855+0000] {logging_mixin.py:188} INFO - [2026-04-28T12:20:23.855+0000] {dag.py:3834} INFO - Setting next_dagrun for dataset_produces_2 to None, run_after=None
[2026-04-28T12:20:23.884+0000] {processor.py:183} INFO - Processing /home/airflow/.local/lib/python3.8/site-packages/airflow/example_dags/example_datasets.py took 0.124 seconds
[2026-04-28T12:20:54.336+0000] {processor.py:161} INFO - Started process (PID=1051) to work on /home/airflow/.local/lib/python3.8/site-packages/airflow/example_dags/example_datasets.py
[2026-04-28T12:20:54.337+0000] {processor.py:830} INFO - Processing file /home/airflow/.local/lib/python3.8/site-packages/airflow/example_dags/example_datasets.py for tasks to queue
[2026-04-28T12:20:54.339+0000] {logging_mixin.py:188} INFO - [2026-04-28T12:20:54.339+0000] {dagbag.py:540} INFO - Filling up the DagBag from /home/airflow/.local/lib/python3.8/site-packages/airflow/example_dags/example_datasets.py
[2026-04-28T12:20:54.350+0000] {processor.py:840} INFO - DAG(s) 'dataset_consumes_1_never_scheduled', 'dataset_consumes_1', 'dataset_consumes_unknown_never_scheduled', 'dataset_produces_1', 'dataset_consumes_1_and_2', 'dataset_produces_2' retrieved from /home/airflow/.local/lib/python3.8/site-packages/airflow/example_dags/example_datasets.py
[2026-04-28T12:20:54.391+0000] {logging_mixin.py:188} INFO - [2026-04-28T12:20:54.391+0000] {dag.py:3047} INFO - Sync 6 DAGs
[2026-04-28T12:20:54.417+0000] {logging_mixin.py:188} INFO - [2026-04-28T12:20:54.417+0000] {dag.py:3834} INFO - Setting next_dagrun for dataset_consumes_1 to None, run_after=None
[2026-04-28T12:20:54.421+0000] {logging_mixin.py:188} INFO - [2026-04-28T12:20:54.421+0000] {dag.py:3834} INFO - Setting next_dagrun for dataset_consumes_1_and_2 to None, run_after=None
[2026-04-28T12:20:54.422+0000] {logging_mixin.py:188} INFO - [2026-04-28T12:20:54.422+0000] {dag.py:3834} INFO - Setting next_dagrun for dataset_consumes_1_never_scheduled to None, run_after=None
[2026-04-28T12:20:54.424+0000] {logging_mixin.py:188} INFO - [2026-04-28T12:20:54.423+0000] {dag.py:3834} INFO - Setting next_dagrun for dataset_consumes_unknown_never_scheduled to None, run_after=None
[2026-04-28T12:20:54.427+0000] {logging_mixin.py:188} INFO - [2026-04-28T12:20:54.426+0000] {dag.py:3834} INFO - Setting next_dagrun for dataset_produces_1 to 2026-04-27 00:00:00+00:00, run_after=2026-04-28 00:00:00+00:00
[2026-04-28T12:20:54.428+0000] {logging_mixin.py:188} INFO - [2026-04-28T12:20:54.428+0000] {dag.py:3834} INFO - Setting next_dagrun for dataset_produces_2 to None, run_after=None
[2026-04-28T12:20:54.456+0000] {processor.py:183} INFO - Processing /home/airflow/.local/lib/python3.8/site-packages/airflow/example_dags/example_datasets.py took 0.123 seconds
[2026-04-28T12:21:24.625+0000] {processor.py:161} INFO - Started process (PID=1106) to work on /home/airflow/.local/lib/python3.8/site-packages/airflow/example_dags/example_datasets.py
[2026-04-28T12:21:24.626+0000] {processor.py:830} INFO - Processing file /home/airflow/.local/lib/python3.8/site-packages/airflow/example_dags/example_datasets.py for tasks to queue
[2026-04-28T12:21:24.628+0000] {logging_mixin.py:188} INFO - [2026-04-28T12:21:24.628+0000] {dagbag.py:540} INFO - Filling up the DagBag from /home/airflow/.local/lib/python3.8/site-packages/airflow/example_dags/example_datasets.py
[2026-04-28T12:21:24.639+0000] {processor.py:840} INFO - DAG(s) 'dataset_produces_1', 'dataset_consumes_1', 'dataset_consumes_unknown_never_scheduled', 'dataset_consumes_1_and_2', 'dataset_consumes_1_never_scheduled', 'dataset_produces_2' retrieved from /home/airflow/.local/lib/python3.8/site-packages/airflow/example_dags/example_datasets.py
[2026-04-28T12:21:24.678+0000] {logging_mixin.py:188} INFO - [2026-04-28T12:21:24.678+0000] {dag.py:3047} INFO - Sync 6 DAGs
[2026-04-28T12:21:24.706+0000] {logging_mixin.py:188} INFO - [2026-04-28T12:21:24.705+0000] {dag.py:3834} INFO - Setting next_dagrun for dataset_consumes_1 to None, run_after=None
[2026-04-28T12:21:24.709+0000] {logging_mixin.py:188} INFO - [2026-04-28T12:21:24.709+0000] {dag.py:3834} INFO - Setting next_dagrun for dataset_consumes_1_and_2 to None, run_after=None
[2026-04-28T12:21:24.711+0000] {logging_mixin.py:188} INFO - [2026-04-28T12:21:24.710+0000] {dag.py:3834} INFO - Setting next_dagrun for dataset_consumes_1_never_scheduled to None, run_after=None
[2026-04-28T12:21:24.712+0000] {logging_mixin.py:188} INFO - [2026-04-28T12:21:24.712+0000] {dag.py:3834} INFO - Setting next_dagrun for dataset_consumes_unknown_never_scheduled to None, run_after=None
[2026-04-28T12:21:24.715+0000] {logging_mixin.py:188} INFO - [2026-04-28T12:21:24.715+0000] {dag.py:3834} INFO - Setting next_dagrun for dataset_produces_1 to 2026-04-27 00:00:00+00:00, run_after=2026-04-28 00:00:00+00:00
[2026-04-28T12:21:24.716+0000] {logging_mixin.py:188} INFO - [2026-04-28T12:21:24.716+0000] {dag.py:3834} INFO - Setting next_dagrun for dataset_produces_2 to None, run_after=None
[2026-04-28T12:21:24.744+0000] {processor.py:183} INFO - Processing /home/airflow/.local/lib/python3.8/site-packages/airflow/example_dags/example_datasets.py took 0.123 seconds
[2026-04-28T12:21:55.136+0000] {processor.py:161} INFO - Started process (PID=1161) to work on /home/airflow/.local/lib/python3.8/site-packages/airflow/example_dags/example_datasets.py
[2026-04-28T12:21:55.137+0000] {processor.py:830} INFO - Processing file /home/airflow/.local/lib/python3.8/site-packages/airflow/example_dags/example_datasets.py for tasks to queue
[2026-04-28T12:21:55.139+0000] {logging_mixin.py:188} INFO - [2026-04-28T12:21:55.138+0000] {dagbag.py:540} INFO - Filling up the DagBag from /home/airflow/.local/lib/python3.8/site-packages/airflow/example_dags/example_datasets.py
[2026-04-28T12:21:55.150+0000] {processor.py:840} INFO - DAG(s) 'dataset_consumes_unknown_never_scheduled', 'dataset_consumes_1', 'dataset_consumes_1_and_2', 'dataset_produces_2', 'dataset_produces_1', 'dataset_consumes_1_never_scheduled' retrieved from /home/airflow/.local/lib/python3.8/site-packages/airflow/example_dags/example_datasets.py
[2026-04-28T12:21:55.216+0000] {logging_mixin.py:188} INFO - [2026-04-28T12:21:55.216+0000] {dag.py:3047} INFO - Sync 6 DAGs
[2026-04-28T12:21:55.242+0000] {logging_mixin.py:188} INFO - [2026-04-28T12:21:55.242+0000] {dag.py:3834} INFO - Setting next_dagrun for dataset_consumes_1 to None, run_after=None
[2026-04-28T12:21:55.245+0000] {logging_mixin.py:188} INFO - [2026-04-28T12:21:55.245+0000] {dag.py:3834} INFO - Setting next_dagrun for dataset_consumes_1_and_2 to None, run_after=None
[2026-04-28T12:21:55.247+0000] {logging_mixin.py:188} INFO - [2026-04-28T12:21:55.247+0000] {dag.py:3834} INFO - Setting next_dagrun for dataset_consumes_1_never_scheduled to None, run_after=None
[2026-04-28T12:21:55.248+0000] {logging_mixin.py:188} INFO - [2026-04-28T12:21:55.248+0000] {dag.py:3834} INFO - Setting next_dagrun for dataset_consumes_unknown_never_scheduled to None, run_after=None
[2026-04-28T12:21:55.251+0000] {logging_mixin.py:188} INFO - [2026-04-28T12:21:55.251+0000] {dag.py:3834} INFO - Setting next_dagrun for dataset_produces_1 to 2026-04-27 00:00:00+00:00, run_after=2026-04-28 00:00:00+00:00
[2026-04-28T12:21:55.253+0000] {logging_mixin.py:188} INFO - [2026-04-28T12:21:55.253+0000] {dag.py:3834} INFO - Setting next_dagrun for dataset_produces_2 to None, run_after=None
[2026-04-28T12:21:55.304+0000] {processor.py:183} INFO - Processing /home/airflow/.local/lib/python3.8/site-packages/airflow/example_dags/example_datasets.py took 0.172 seconds
[2026-04-28T12:22:25.365+0000] {processor.py:161} INFO - Started process (PID=1216) to work on /home/airflow/.local/lib/python3.8/site-packages/airflow/example_dags/example_datasets.py
[2026-04-28T12:22:25.366+0000] {processor.py:830} INFO - Processing file /home/airflow/.local/lib/python3.8/site-packages/airflow/example_dags/example_datasets.py for tasks to queue
[2026-04-28T12:22:25.368+0000] {logging_mixin.py:188} INFO - [2026-04-28T12:22:25.368+0000] {dagbag.py:540} INFO - Filling up the DagBag from /home/airflow/.local/lib/python3.8/site-packages/airflow/example_dags/example_datasets.py
[2026-04-28T12:22:25.379+0000] {processor.py:840} INFO - DAG(s) 'dataset_consumes_1', 'dataset_consumes_unknown_never_scheduled', 'dataset_produces_1', 'dataset_consumes_1_and_2', 'dataset_produces_2', 'dataset_consumes_1_never_scheduled' retrieved from /home/airflow/.local/lib/python3.8/site-packages/airflow/example_dags/example_datasets.py
[2026-04-28T12:22:25.427+0000] {logging_mixin.py:188} INFO - [2026-04-28T12:22:25.427+0000] {dag.py:3047} INFO - Sync 6 DAGs
[2026-04-28T12:22:25.457+0000] {logging_mixin.py:188} INFO - [2026-04-28T12:22:25.457+0000] {dag.py:3834} INFO - Setting next_dagrun for dataset_consumes_1 to None, run_after=None
[2026-04-28T12:22:25.460+0000] {logging_mixin.py:188} INFO - [2026-04-28T12:22:25.460+0000] {dag.py:3834} INFO - Setting next_dagrun for dataset_consumes_1_and_2 to None, run_after=None
[2026-04-28T12:22:25.462+0000] {logging_mixin.py:188} INFO - [2026-04-28T12:22:25.462+0000] {dag.py:3834} INFO - Setting next_dagrun for dataset_consumes_1_never_scheduled to None, run_after=None
[2026-04-28T12:22:25.463+0000] {logging_mixin.py:188} INFO - [2026-04-28T12:22:25.463+0000] {dag.py:3834} INFO - Setting next_dagrun for dataset_consumes_unknown_never_scheduled to None, run_after=None
[2026-04-28T12:22:25.466+0000] {logging_mixin.py:188} INFO - [2026-04-28T12:22:25.466+0000] {dag.py:3834} INFO - Setting next_dagrun for dataset_produces_1 to 2026-04-27 00:00:00+00:00, run_after=2026-04-28 00:00:00+00:00
[2026-04-28T12:22:25.468+0000] {logging_mixin.py:188} INFO - [2026-04-28T12:22:25.467+0000] {dag.py:3834} INFO - Setting next_dagrun for dataset_produces_2 to None, run_after=None
[2026-04-28T12:22:25.497+0000] {processor.py:183} INFO - Processing /home/airflow/.local/lib/python3.8/site-packages/airflow/example_dags/example_datasets.py took 0.135 seconds
[2026-04-28T12:22:55.538+0000] {processor.py:161} INFO - Started process (PID=1271) to work on /home/airflow/.local/lib/python3.8/site-packages/airflow/example_dags/example_datasets.py
[2026-04-28T12:22:55.541+0000] {processor.py:830} INFO - Processing file /home/airflow/.local/lib/python3.8/site-packages/airflow/example_dags/example_datasets.py for tasks to queue
[2026-04-28T12:22:55.545+0000] {logging_mixin.py:188} INFO - [2026-04-28T12:22:55.544+0000] {dagbag.py:540} INFO - Filling up the DagBag from /home/airflow/.local/lib/python3.8/site-packages/airflow/example_dags/example_datasets.py
[2026-04-28T12:22:55.568+0000] {processor.py:840} INFO - DAG(s) 'dataset_consumes_1_and_2', 'dataset_consumes_1', 'dataset_consumes_unknown_never_scheduled', 'dataset_produces_2', 'dataset_consumes_1_never_scheduled', 'dataset_produces_1' retrieved from /home/airflow/.local/lib/python3.8/site-packages/airflow/example_dags/example_datasets.py
[2026-04-28T12:22:55.690+0000] {logging_mixin.py:188} INFO - [2026-04-28T12:22:55.689+0000] {dag.py:3047} INFO - Sync 6 DAGs
[2026-04-28T12:22:55.778+0000] {logging_mixin.py:188} INFO - [2026-04-28T12:22:55.778+0000] {dag.py:3834} INFO - Setting next_dagrun for dataset_consumes_1 to None, run_after=None
[2026-04-28T12:22:55.786+0000] {logging_mixin.py:188} INFO - [2026-04-28T12:22:55.786+0000] {dag.py:3834} INFO - Setting next_dagrun for dataset_consumes_1_and_2 to None, run_after=None
[2026-04-28T12:22:55.790+0000] {logging_mixin.py:188} INFO - [2026-04-28T12:22:55.790+0000] {dag.py:3834} INFO - Setting next_dagrun for dataset_consumes_1_never_scheduled to None, run_after=None
[2026-04-28T12:22:55.794+0000] {logging_mixin.py:188} INFO - [2026-04-28T12:22:55.793+0000] {dag.py:3834} INFO - Setting next_dagrun for dataset_consumes_unknown_never_scheduled to None, run_after=None
[2026-04-28T12:22:55.800+0000] {logging_mixin.py:188} INFO - [2026-04-28T12:22:55.800+0000] {dag.py:3834} INFO - Setting next_dagrun for dataset_produces_1 to 2026-04-27 00:00:00+00:00, run_after=2026-04-28 00:00:00+00:00
[2026-04-28T12:22:55.807+0000] {logging_mixin.py:188} INFO - [2026-04-28T12:22:55.806+0000] {dag.py:3834} INFO - Setting next_dagrun for dataset_produces_2 to None, run_after=None
[2026-04-28T12:22:55.880+0000] {processor.py:183} INFO - Processing /home/airflow/.local/lib/python3.8/site-packages/airflow/example_dags/example_datasets.py took 0.350 seconds
[2026-04-28T12:23:26.077+0000] {processor.py:161} INFO - Started process (PID=1326) to work on /home/airflow/.local/lib/python3.8/site-packages/airflow/example_dags/example_datasets.py
[2026-04-28T12:23:26.078+0000] {processor.py:830} INFO - Processing file /home/airflow/.local/lib/python3.8/site-packages/airflow/example_dags/example_datasets.py for tasks to queue
[2026-04-28T12:23:26.080+0000] {logging_mixin.py:188} INFO - [2026-04-28T12:23:26.080+0000] {dagbag.py:540} INFO - Filling up the DagBag from /home/airflow/.local/lib/python3.8/site-packages/airflow/example_dags/example_datasets.py
[2026-04-28T12:23:26.091+0000] {processor.py:840} INFO - DAG(s) 'dataset_consumes_unknown_never_scheduled', 'dataset_consumes_1_and_2', 'dataset_consumes_1', 'dataset_consumes_1_never_scheduled', 'dataset_produces_1', 'dataset_produces_2' retrieved from /home/airflow/.local/lib/python3.8/site-packages/airflow/example_dags/example_datasets.py
[2026-04-28T12:23:26.140+0000] {logging_mixin.py:188} INFO - [2026-04-28T12:23:26.140+0000] {dag.py:3047} INFO - Sync 6 DAGs
[2026-04-28T12:23:26.169+0000] {logging_mixin.py:188} INFO - [2026-04-28T12:23:26.168+0000] {dag.py:3834} INFO - Setting next_dagrun for dataset_consumes_1 to None, run_after=None
[2026-04-28T12:23:26.172+0000] {logging_mixin.py:188} INFO - [2026-04-28T12:23:26.172+0000] {dag.py:3834} INFO - Setting next_dagrun for dataset_consumes_1_and_2 to None, run_after=None
[2026-04-28T12:23:26.174+0000] {logging_mixin.py:188} INFO - [2026-04-28T12:23:26.174+0000] {dag.py:3834} INFO - Setting next_dagrun for dataset_consumes_1_never_scheduled to None, run_after=None
[2026-04-28T12:23:26.175+0000] {logging_mixin.py:188} INFO - [2026-04-28T12:23:26.175+0000] {dag.py:3834} INFO - Setting next_dagrun for dataset_consumes_unknown_never_scheduled to None, run_after=None
[2026-04-28T12:23:26.178+0000] {logging_mixin.py:188} INFO - [2026-04-28T12:23:26.178+0000] {dag.py:3834} INFO - Setting next_dagrun for dataset_produces_1 to 2026-04-27 00:00:00+00:00, run_after=2026-04-28 00:00:00+00:00
[2026-04-28T12:23:26.179+0000] {logging_mixin.py:188} INFO - [2026-04-28T12:23:26.179+0000] {dag.py:3834} INFO - Setting next_dagrun for dataset_produces_2 to None, run_after=None
[2026-04-28T12:23:26.208+0000] {processor.py:183} INFO - Processing /home/airflow/.local/lib/python3.8/site-packages/airflow/example_dags/example_datasets.py took 0.135 seconds
[2026-04-28T12:23:56.846+0000] {processor.py:161} INFO - Started process (PID=1381) to work on /home/airflow/.local/lib/python3.8/site-packages/airflow/example_dags/example_datasets.py
[2026-04-28T12:23:56.853+0000] {processor.py:830} INFO - Processing file /home/airflow/.local/lib/python3.8/site-packages/airflow/example_dags/example_datasets.py for tasks to queue
[2026-04-28T12:23:56.857+0000] {logging_mixin.py:188} INFO - [2026-04-28T12:23:56.855+0000] {dagbag.py:540} INFO - Filling up the DagBag from /home/airflow/.local/lib/python3.8/site-packages/airflow/example_dags/example_datasets.py
[2026-04-28T12:23:56.879+0000] {processor.py:840} INFO - DAG(s) 'dataset_produces_1', 'dataset_consumes_unknown_never_scheduled', 'dataset_consumes_1_never_scheduled', 'dataset_consumes_1', 'dataset_consumes_1_and_2', 'dataset_produces_2' retrieved from /home/airflow/.local/lib/python3.8/site-packages/airflow/example_dags/example_datasets.py
[2026-04-28T12:23:56.935+0000] {logging_mixin.py:188} INFO - [2026-04-28T12:23:56.935+0000] {dag.py:3047} INFO - Sync 6 DAGs
[2026-04-28T12:23:56.962+0000] {logging_mixin.py:188} INFO - [2026-04-28T12:23:56.961+0000] {dag.py:3834} INFO - Setting next_dagrun for dataset_consumes_1 to None, run_after=None
[2026-04-28T12:23:56.968+0000] {logging_mixin.py:188} INFO - [2026-04-28T12:23:56.968+0000] {dag.py:3834} INFO - Setting next_dagrun for dataset_consumes_1_and_2 to None, run_after=None
[2026-04-28T12:23:56.971+0000] {logging_mixin.py:188} INFO - [2026-04-28T12:23:56.971+0000] {dag.py:3834} INFO - Setting next_dagrun for dataset_consumes_1_never_scheduled to None, run_after=None
[2026-04-28T12:23:56.973+0000] {logging_mixin.py:188} INFO - [2026-04-28T12:23:56.973+0000] {dag.py:3834} INFO - Setting next_dagrun for dataset_consumes_unknown_never_scheduled to None, run_after=None
[2026-04-28T12:23:56.977+0000] {logging_mixin.py:188} INFO - [2026-04-28T12:23:56.976+0000] {dag.py:3834} INFO - Setting next_dagrun for dataset_produces_1 to 2026-04-27 00:00:00+00:00, run_after=2026-04-28 00:00:00+00:00
[2026-04-28T12:23:56.979+0000] {logging_mixin.py:188} INFO - [2026-04-28T12:23:56.978+0000] {dag.py:3834} INFO - Setting next_dagrun for dataset_produces_2 to None, run_after=None
[2026-04-28T12:23:57.027+0000] {processor.py:183} INFO - Processing /home/airflow/.local/lib/python3.8/site-packages/airflow/example_dags/example_datasets.py took 0.189 seconds
[2026-04-28T12:24:27.534+0000] {processor.py:161} INFO - Started process (PID=1436) to work on /home/airflow/.local/lib/python3.8/site-packages/airflow/example_dags/example_datasets.py
[2026-04-28T12:24:27.536+0000] {processor.py:830} INFO - Processing file /home/airflow/.local/lib/python3.8/site-packages/airflow/example_dags/example_datasets.py for tasks to queue
[2026-04-28T12:24:27.539+0000] {logging_mixin.py:188} INFO - [2026-04-28T12:24:27.538+0000] {dagbag.py:540} INFO - Filling up the DagBag from /home/airflow/.local/lib/python3.8/site-packages/airflow/example_dags/example_datasets.py
[2026-04-28T12:24:27.550+0000] {processor.py:840} INFO - DAG(s) 'dataset_produces_2', 'dataset_consumes_1_never_scheduled', 'dataset_consumes_1_and_2', 'dataset_consumes_1', 'dataset_produces_1', 'dataset_consumes_unknown_never_scheduled' retrieved from /home/airflow/.local/lib/python3.8/site-packages/airflow/example_dags/example_datasets.py
[2026-04-28T12:24:27.588+0000] {logging_mixin.py:188} INFO - [2026-04-28T12:24:27.588+0000] {dag.py:3047} INFO - Sync 6 DAGs
[2026-04-28T12:24:27.615+0000] {logging_mixin.py:188} INFO - [2026-04-28T12:24:27.615+0000] {dag.py:3834} INFO - Setting next_dagrun for dataset_consumes_1 to None, run_after=None
[2026-04-28T12:24:27.619+0000] {logging_mixin.py:188} INFO - [2026-04-28T12:24:27.619+0000] {dag.py:3834} INFO - Setting next_dagrun for dataset_consumes_1_and_2 to None, run_after=None
[2026-04-28T12:24:27.621+0000] {logging_mixin.py:188} INFO - [2026-04-28T12:24:27.620+0000] {dag.py:3834} INFO - Setting next_dagrun for dataset_consumes_1_never_scheduled to None, run_after=None
[2026-04-28T12:24:27.622+0000] {logging_mixin.py:188} INFO - [2026-04-28T12:24:27.621+0000] {dag.py:3834} INFO - Setting next_dagrun for dataset_consumes_unknown_never_scheduled to None, run_after=None
[2026-04-28T12:24:27.624+0000] {logging_mixin.py:188} INFO - [2026-04-28T12:24:27.624+0000] {dag.py:3834} INFO - Setting next_dagrun for dataset_produces_1 to 2026-04-27 00:00:00+00:00, run_after=2026-04-28 00:00:00+00:00
[2026-04-28T12:24:27.625+0000] {logging_mixin.py:188} INFO - [2026-04-28T12:24:27.625+0000] {dag.py:3834} INFO - Setting next_dagrun for dataset_produces_2 to None, run_after=None
[2026-04-28T12:24:27.655+0000] {processor.py:183} INFO - Processing /home/airflow/.local/lib/python3.8/site-packages/airflow/example_dags/example_datasets.py took 0.124 seconds
[2026-04-28T12:24:57.838+0000] {processor.py:161} INFO - Started process (PID=1491) to work on /home/airflow/.local/lib/python3.8/site-packages/airflow/example_dags/example_datasets.py
[2026-04-28T12:24:57.841+0000] {processor.py:830} INFO - Processing file /home/airflow/.local/lib/python3.8/site-packages/airflow/example_dags/example_datasets.py for tasks to queue
[2026-04-28T12:24:57.843+0000] {logging_mixin.py:188} INFO - [2026-04-28T12:24:57.843+0000] {dagbag.py:540} INFO - Filling up the DagBag from /home/airflow/.local/lib/python3.8/site-packages/airflow/example_dags/example_datasets.py
[2026-04-28T12:24:57.854+0000] {processor.py:840} INFO - DAG(s) 'dataset_consumes_1_never_scheduled', 'dataset_produces_1', 'dataset_consumes_1', 'dataset_consumes_1_and_2', 'dataset_produces_2', 'dataset_consumes_unknown_never_scheduled' retrieved from /home/airflow/.local/lib/python3.8/site-packages/airflow/example_dags/example_datasets.py
[2026-04-28T12:24:57.893+0000] {logging_mixin.py:188} INFO - [2026-04-28T12:24:57.892+0000] {dag.py:3047} INFO - Sync 6 DAGs
[2026-04-28T12:24:57.918+0000] {logging_mixin.py:188} INFO - [2026-04-28T12:24:57.918+0000] {dag.py:3834} INFO - Setting next_dagrun for dataset_consumes_1 to None, run_after=None
[2026-04-28T12:24:57.922+0000] {logging_mixin.py:188} INFO - [2026-04-28T12:24:57.922+0000] {dag.py:3834} INFO - Setting next_dagrun for dataset_consumes_1_and_2 to None, run_after=None
[2026-04-28T12:24:57.924+0000] {logging_mixin.py:188} INFO - [2026-04-28T12:24:57.924+0000] {dag.py:3834} INFO - Setting next_dagrun for dataset_consumes_1_never_scheduled to None, run_after=None
[2026-04-28T12:24:57.925+0000] {logging_mixin.py:188} INFO - [2026-04-28T12:24:57.925+0000] {dag.py:3834} INFO - Setting next_dagrun for dataset_consumes_unknown_never_scheduled to None, run_after=None
[2026-04-28T12:24:57.929+0000] {logging_mixin.py:188} INFO - [2026-04-28T12:24:57.929+0000] {dag.py:3834} INFO - Setting next_dagrun for dataset_produces_1 to 2026-04-27 00:00:00+00:00, run_after=2026-04-28 00:00:00+00:00
[2026-04-28T12:24:57.930+0000] {logging_mixin.py:188} INFO - [2026-04-28T12:24:57.930+0000] {dag.py:3834} INFO - Setting next_dagrun for dataset_produces_2 to None, run_after=None
[2026-04-28T12:24:57.960+0000] {processor.py:183} INFO - Processing /home/airflow/.local/lib/python3.8/site-packages/airflow/example_dags/example_datasets.py took 0.126 seconds
[2026-04-28T12:25:28.182+0000] {processor.py:161} INFO - Started process (PID=1546) to work on /home/airflow/.local/lib/python3.8/site-packages/airflow/example_dags/example_datasets.py
[2026-04-28T12:25:28.183+0000] {processor.py:830} INFO - Processing file /home/airflow/.local/lib/python3.8/site-packages/airflow/example_dags/example_datasets.py for tasks to queue
[2026-04-28T12:25:28.185+0000] {logging_mixin.py:188} INFO - [2026-04-28T12:25:28.185+0000] {dagbag.py:540} INFO - Filling up the DagBag from /home/airflow/.local/lib/python3.8/site-packages/airflow/example_dags/example_datasets.py
[2026-04-28T12:25:28.196+0000] {processor.py:840} INFO - DAG(s) 'dataset_consumes_1', 'dataset_produces_1', 'dataset_produces_2', 'dataset_consumes_unknown_never_scheduled', 'dataset_consumes_1_and_2', 'dataset_consumes_1_never_scheduled' retrieved from /home/airflow/.local/lib/python3.8/site-packages/airflow/example_dags/example_datasets.py
[2026-04-28T12:25:28.238+0000] {logging_mixin.py:188} INFO - [2026-04-28T12:25:28.238+0000] {dag.py:3047} INFO - Sync 6 DAGs
[2026-04-28T12:25:28.265+0000] {logging_mixin.py:188} INFO - [2026-04-28T12:25:28.265+0000] {dag.py:3834} INFO - Setting next_dagrun for dataset_consumes_1 to None, run_after=None
[2026-04-28T12:25:28.269+0000] {logging_mixin.py:188} INFO - [2026-04-28T12:25:28.269+0000] {dag.py:3834} INFO - Setting next_dagrun for dataset_consumes_1_and_2 to None, run_after=None
[2026-04-28T12:25:28.271+0000] {logging_mixin.py:188} INFO - [2026-04-28T12:25:28.270+0000] {dag.py:3834} INFO - Setting next_dagrun for dataset_consumes_1_never_scheduled to None, run_after=None
[2026-04-28T12:25:28.272+0000] {logging_mixin.py:188} INFO - [2026-04-28T12:25:28.272+0000] {dag.py:3834} INFO - Setting next_dagrun for dataset_consumes_unknown_never_scheduled to None, run_after=None
[2026-04-28T12:25:28.278+0000] {logging_mixin.py:188} INFO - [2026-04-28T12:25:28.278+0000] {dag.py:3834} INFO - Setting next_dagrun for dataset_produces_1 to 2026-04-27 00:00:00+00:00, run_after=2026-04-28 00:00:00+00:00
[2026-04-28T12:25:28.284+0000] {logging_mixin.py:188} INFO - [2026-04-28T12:25:28.281+0000] {dag.py:3834} INFO - Setting next_dagrun for dataset_produces_2 to None, run_after=None
[2026-04-28T12:25:28.331+0000] {processor.py:183} INFO - Processing /home/airflow/.local/lib/python3.8/site-packages/airflow/example_dags/example_datasets.py took 0.153 seconds
[2026-04-28T12:25:58.508+0000] {processor.py:161} INFO - Started process (PID=1601) to work on /home/airflow/.local/lib/python3.8/site-packages/airflow/example_dags/example_datasets.py
[2026-04-28T12:25:58.509+0000] {processor.py:830} INFO - Processing file /home/airflow/.local/lib/python3.8/site-packages/airflow/example_dags/example_datasets.py for tasks to queue
[2026-04-28T12:25:58.511+0000] {logging_mixin.py:188} INFO - [2026-04-28T12:25:58.511+0000] {dagbag.py:540} INFO - Filling up the DagBag from /home/airflow/.local/lib/python3.8/site-packages/airflow/example_dags/example_datasets.py
[2026-04-28T12:25:58.522+0000] {processor.py:840} INFO - DAG(s) 'dataset_produces_1', 'dataset_consumes_1', 'dataset_consumes_unknown_never_scheduled', 'dataset_produces_2', 'dataset_consumes_1_never_scheduled', 'dataset_consumes_1_and_2' retrieved from /home/airflow/.local/lib/python3.8/site-packages/airflow/example_dags/example_datasets.py
[2026-04-28T12:25:58.589+0000] {logging_mixin.py:188} INFO - [2026-04-28T12:25:58.589+0000] {dag.py:3047} INFO - Sync 6 DAGs
[2026-04-28T12:25:58.614+0000] {logging_mixin.py:188} INFO - [2026-04-28T12:25:58.614+0000] {dag.py:3834} INFO - Setting next_dagrun for dataset_consumes_1 to None, run_after=None
[2026-04-28T12:25:58.618+0000] {logging_mixin.py:188} INFO - [2026-04-28T12:25:58.617+0000] {dag.py:3834} INFO - Setting next_dagrun for dataset_consumes_1_and_2 to None, run_after=None
[2026-04-28T12:25:58.619+0000] {logging_mixin.py:188} INFO - [2026-04-28T12:25:58.619+0000] {dag.py:3834} INFO - Setting next_dagrun for dataset_consumes_1_never_scheduled to None, run_after=None
[2026-04-28T12:25:58.620+0000] {logging_mixin.py:188} INFO - [2026-04-28T12:25:58.620+0000] {dag.py:3834} INFO - Setting next_dagrun for dataset_consumes_unknown_never_scheduled to None, run_after=None
[2026-04-28T12:25:58.623+0000] {logging_mixin.py:188} INFO - [2026-04-28T12:25:58.623+0000] {dag.py:3834} INFO - Setting next_dagrun for dataset_produces_1 to 2026-04-27 00:00:00+00:00, run_after=2026-04-28 00:00:00+00:00
[2026-04-28T12:25:58.624+0000] {logging_mixin.py:188} INFO - [2026-04-28T12:25:58.624+0000] {dag.py:3834} INFO - Setting next_dagrun for dataset_produces_2 to None, run_after=None
[2026-04-28T12:25:58.653+0000] {processor.py:183} INFO - Processing /home/airflow/.local/lib/python3.8/site-packages/airflow/example_dags/example_datasets.py took 0.148 seconds
[2026-04-28T12:26:29.238+0000] {processor.py:161} INFO - Started process (PID=1656) to work on /home/airflow/.local/lib/python3.8/site-packages/airflow/example_dags/example_datasets.py
[2026-04-28T12:26:29.239+0000] {processor.py:830} INFO - Processing file /home/airflow/.local/lib/python3.8/site-packages/airflow/example_dags/example_datasets.py for tasks to queue
[2026-04-28T12:26:29.241+0000] {logging_mixin.py:188} INFO - [2026-04-28T12:26:29.241+0000] {dagbag.py:540} INFO - Filling up the DagBag from /home/airflow/.local/lib/python3.8/site-packages/airflow/example_dags/example_datasets.py
[2026-04-28T12:26:29.252+0000] {processor.py:840} INFO - DAG(s) 'dataset_produces_1', 'dataset_produces_2', 'dataset_consumes_1', 'dataset_consumes_1_and_2', 'dataset_consumes_unknown_never_scheduled', 'dataset_consumes_1_never_scheduled' retrieved from /home/airflow/.local/lib/python3.8/site-packages/airflow/example_dags/example_datasets.py
[2026-04-28T12:26:29.290+0000] {logging_mixin.py:188} INFO - [2026-04-28T12:26:29.289+0000] {dag.py:3047} INFO - Sync 6 DAGs
[2026-04-28T12:26:29.316+0000] {logging_mixin.py:188} INFO - [2026-04-28T12:26:29.316+0000] {dag.py:3834} INFO - Setting next_dagrun for dataset_consumes_1 to None, run_after=None
[2026-04-28T12:26:29.320+0000] {logging_mixin.py:188} INFO - [2026-04-28T12:26:29.320+0000] {dag.py:3834} INFO - Setting next_dagrun for dataset_consumes_1_and_2 to None, run_after=None
[2026-04-28T12:26:29.321+0000] {logging_mixin.py:188} INFO - [2026-04-28T12:26:29.321+0000] {dag.py:3834} INFO - Setting next_dagrun for dataset_consumes_1_never_scheduled to None, run_after=None
[2026-04-28T12:26:29.323+0000] {logging_mixin.py:188} INFO - [2026-04-28T12:26:29.322+0000] {dag.py:3834} INFO - Setting next_dagrun for dataset_consumes_unknown_never_scheduled to None, run_after=None
[2026-04-28T12:26:29.325+0000] {logging_mixin.py:188} INFO - [2026-04-28T12:26:29.325+0000] {dag.py:3834} INFO - Setting next_dagrun for dataset_produces_1 to 2026-04-27 00:00:00+00:00, run_after=2026-04-28 00:00:00+00:00
[2026-04-28T12:26:29.327+0000] {logging_mixin.py:188} INFO - [2026-04-28T12:26:29.326+0000] {dag.py:3834} INFO - Setting next_dagrun for dataset_produces_2 to None, run_after=None
[2026-04-28T12:26:29.355+0000] {processor.py:183} INFO - Processing /home/airflow/.local/lib/python3.8/site-packages/airflow/example_dags/example_datasets.py took 0.120 seconds
[2026-04-28T12:27:00.182+0000] {processor.py:161} INFO - Started process (PID=1712) to work on /home/airflow/.local/lib/python3.8/site-packages/airflow/example_dags/example_datasets.py
[2026-04-28T12:27:00.183+0000] {processor.py:830} INFO - Processing file /home/airflow/.local/lib/python3.8/site-packages/airflow/example_dags/example_datasets.py for tasks to queue
[2026-04-28T12:27:00.185+0000] {logging_mixin.py:188} INFO - [2026-04-28T12:27:00.185+0000] {dagbag.py:540} INFO - Filling up the DagBag from /home/airflow/.local/lib/python3.8/site-packages/airflow/example_dags/example_datasets.py
[2026-04-28T12:27:00.196+0000] {processor.py:840} INFO - DAG(s) 'dataset_consumes_1', 'dataset_produces_1', 'dataset_consumes_unknown_never_scheduled', 'dataset_consumes_1_never_scheduled', 'dataset_produces_2', 'dataset_consumes_1_and_2' retrieved from /home/airflow/.local/lib/python3.8/site-packages/airflow/example_dags/example_datasets.py
[2026-04-28T12:27:00.234+0000] {logging_mixin.py:188} INFO - [2026-04-28T12:27:00.234+0000] {dag.py:3047} INFO - Sync 6 DAGs
[2026-04-28T12:27:00.261+0000] {logging_mixin.py:188} INFO - [2026-04-28T12:27:00.261+0000] {dag.py:3834} INFO - Setting next_dagrun for dataset_consumes_1 to None, run_after=None
[2026-04-28T12:27:00.265+0000] {logging_mixin.py:188} INFO - [2026-04-28T12:27:00.265+0000] {dag.py:3834} INFO - Setting next_dagrun for dataset_consumes_1_and_2 to None, run_after=None
[2026-04-28T12:27:00.266+0000] {logging_mixin.py:188} INFO - [2026-04-28T12:27:00.266+0000] {dag.py:3834} INFO - Setting next_dagrun for dataset_consumes_1_never_scheduled to None, run_after=None
[2026-04-28T12:27:00.268+0000] {logging_mixin.py:188} INFO - [2026-04-28T12:27:00.267+0000] {dag.py:3834} INFO - Setting next_dagrun for dataset_consumes_unknown_never_scheduled to None, run_after=None
[2026-04-28T12:27:00.271+0000] {logging_mixin.py:188} INFO - [2026-04-28T12:27:00.271+0000] {dag.py:3834} INFO - Setting next_dagrun for dataset_produces_1 to 2026-04-27 00:00:00+00:00, run_after=2026-04-28 00:00:00+00:00
[2026-04-28T12:27:00.272+0000] {logging_mixin.py:188} INFO - [2026-04-28T12:27:00.272+0000] {dag.py:3834} INFO - Setting next_dagrun for dataset_produces_2 to None, run_after=None
[2026-04-28T12:27:00.301+0000] {processor.py:183} INFO - Processing /home/airflow/.local/lib/python3.8/site-packages/airflow/example_dags/example_datasets.py took 0.122 seconds
[2026-04-28T12:27:30.501+0000] {processor.py:161} INFO - Started process (PID=1768) to work on /home/airflow/.local/lib/python3.8/site-packages/airflow/example_dags/example_datasets.py
[2026-04-28T12:27:30.502+0000] {processor.py:830} INFO - Processing file /home/airflow/.local/lib/python3.8/site-packages/airflow/example_dags/example_datasets.py for tasks to queue
[2026-04-28T12:27:30.504+0000] {logging_mixin.py:188} INFO - [2026-04-28T12:27:30.504+0000] {dagbag.py:540} INFO - Filling up the DagBag from /home/airflow/.local/lib/python3.8/site-packages/airflow/example_dags/example_datasets.py
[2026-04-28T12:27:30.515+0000] {processor.py:840} INFO - DAG(s) 'dataset_produces_1', 'dataset_consumes_1_never_scheduled', 'dataset_consumes_1', 'dataset_produces_2', 'dataset_consumes_unknown_never_scheduled', 'dataset_consumes_1_and_2' retrieved from /home/airflow/.local/lib/python3.8/site-packages/airflow/example_dags/example_datasets.py
[2026-04-28T12:27:30.554+0000] {logging_mixin.py:188} INFO - [2026-04-28T12:27:30.554+0000] {dag.py:3047} INFO - Sync 6 DAGs
[2026-04-28T12:27:30.592+0000] {logging_mixin.py:188} INFO - [2026-04-28T12:27:30.592+0000] {dag.py:3834} INFO - Setting next_dagrun for dataset_consumes_1 to None, run_after=None
[2026-04-28T12:27:30.596+0000] {logging_mixin.py:188} INFO - [2026-04-28T12:27:30.596+0000] {dag.py:3834} INFO - Setting next_dagrun for dataset_consumes_1_and_2 to None, run_after=None
[2026-04-28T12:27:30.597+0000] {logging_mixin.py:188} INFO - [2026-04-28T12:27:30.597+0000] {dag.py:3834} INFO - Setting next_dagrun for dataset_consumes_1_never_scheduled to None, run_after=None
[2026-04-28T12:27:30.598+0000] {logging_mixin.py:188} INFO - [2026-04-28T12:27:30.598+0000] {dag.py:3834} INFO - Setting next_dagrun for dataset_consumes_unknown_never_scheduled to None, run_after=None
[2026-04-28T12:27:30.601+0000] {logging_mixin.py:188} INFO - [2026-04-28T12:27:30.601+0000] {dag.py:3834} INFO - Setting next_dagrun for dataset_produces_1 to 2026-04-27 00:00:00+00:00, run_after=2026-04-28 00:00:00+00:00
[2026-04-28T12:27:30.602+0000] {logging_mixin.py:188} INFO - [2026-04-28T12:27:30.602+0000] {dag.py:3834} INFO - Setting next_dagrun for dataset_produces_2 to None, run_after=None
[2026-04-28T12:27:30.631+0000] {processor.py:183} INFO - Processing /home/airflow/.local/lib/python3.8/site-packages/airflow/example_dags/example_datasets.py took 0.134 seconds
[2026-04-28T12:28:00.766+0000] {processor.py:161} INFO - Started process (PID=1823) to work on /home/airflow/.local/lib/python3.8/site-packages/airflow/example_dags/example_datasets.py
[2026-04-28T12:28:00.768+0000] {processor.py:830} INFO - Processing file /home/airflow/.local/lib/python3.8/site-packages/airflow/example_dags/example_datasets.py for tasks to queue
[2026-04-28T12:28:00.770+0000] {logging_mixin.py:188} INFO - [2026-04-28T12:28:00.770+0000] {dagbag.py:540} INFO - Filling up the DagBag from /home/airflow/.local/lib/python3.8/site-packages/airflow/example_dags/example_datasets.py
[2026-04-28T12:28:00.782+0000] {processor.py:840} INFO - DAG(s) 'dataset_produces_2', 'dataset_consumes_1_and_2', 'dataset_produces_1', 'dataset_consumes_unknown_never_scheduled', 'dataset_consumes_1', 'dataset_consumes_1_never_scheduled' retrieved from /home/airflow/.local/lib/python3.8/site-packages/airflow/example_dags/example_datasets.py
[2026-04-28T12:28:00.822+0000] {logging_mixin.py:188} INFO - [2026-04-28T12:28:00.822+0000] {dag.py:3047} INFO - Sync 6 DAGs
[2026-04-28T12:28:00.847+0000] {logging_mixin.py:188} INFO - [2026-04-28T12:28:00.847+0000] {dag.py:3834} INFO - Setting next_dagrun for dataset_consumes_1 to None, run_after=None
[2026-04-28T12:28:00.851+0000] {logging_mixin.py:188} INFO - [2026-04-28T12:28:00.850+0000] {dag.py:3834} INFO - Setting next_dagrun for dataset_consumes_1_and_2 to None, run_after=None
[2026-04-28T12:28:00.852+0000] {logging_mixin.py:188} INFO - [2026-04-28T12:28:00.852+0000] {dag.py:3834} INFO - Setting next_dagrun for dataset_consumes_1_never_scheduled to None, run_after=None
[2026-04-28T12:28:00.853+0000] {logging_mixin.py:188} INFO - [2026-04-28T12:28:00.853+0000] {dag.py:3834} INFO - Setting next_dagrun for dataset_consumes_unknown_never_scheduled to None, run_after=None
[2026-04-28T12:28:00.856+0000] {logging_mixin.py:188} INFO - [2026-04-28T12:28:00.855+0000] {dag.py:3834} INFO - Setting next_dagrun for dataset_produces_1 to 2026-04-27 00:00:00+00:00, run_after=2026-04-28 00:00:00+00:00
[2026-04-28T12:28:00.857+0000] {logging_mixin.py:188} INFO - [2026-04-28T12:28:00.857+0000] {dag.py:3834} INFO - Setting next_dagrun for dataset_produces_2 to None, run_after=None
[2026-04-28T12:28:00.885+0000] {processor.py:183} INFO - Processing /home/airflow/.local/lib/python3.8/site-packages/airflow/example_dags/example_datasets.py took 0.123 seconds
[2026-04-28T12:28:31.679+0000] {processor.py:161} INFO - Started process (PID=1879) to work on /home/airflow/.local/lib/python3.8/site-packages/airflow/example_dags/example_datasets.py
[2026-04-28T12:28:31.680+0000] {processor.py:830} INFO - Processing file /home/airflow/.local/lib/python3.8/site-packages/airflow/example_dags/example_datasets.py for tasks to queue
[2026-04-28T12:28:31.683+0000] {logging_mixin.py:188} INFO - [2026-04-28T12:28:31.683+0000] {dagbag.py:540} INFO - Filling up the DagBag from /home/airflow/.local/lib/python3.8/site-packages/airflow/example_dags/example_datasets.py
[2026-04-28T12:28:31.694+0000] {processor.py:840} INFO - DAG(s) 'dataset_consumes_1_never_scheduled', 'dataset_produces_1', 'dataset_consumes_1_and_2', 'dataset_produces_2', 'dataset_consumes_1', 'dataset_consumes_unknown_never_scheduled' retrieved from /home/airflow/.local/lib/python3.8/site-packages/airflow/example_dags/example_datasets.py
[2026-04-28T12:28:31.737+0000] {logging_mixin.py:188} INFO - [2026-04-28T12:28:31.737+0000] {dag.py:3047} INFO - Sync 6 DAGs
[2026-04-28T12:28:31.762+0000] {logging_mixin.py:188} INFO - [2026-04-28T12:28:31.762+0000] {dag.py:3834} INFO - Setting next_dagrun for dataset_consumes_1 to None, run_after=None
[2026-04-28T12:28:31.766+0000] {logging_mixin.py:188} INFO - [2026-04-28T12:28:31.766+0000] {dag.py:3834} INFO - Setting next_dagrun for dataset_consumes_1_and_2 to None, run_after=None
[2026-04-28T12:28:31.767+0000] {logging_mixin.py:188} INFO - [2026-04-28T12:28:31.767+0000] {dag.py:3834} INFO - Setting next_dagrun for dataset_consumes_1_never_scheduled to None, run_after=None
[2026-04-28T12:28:31.769+0000] {logging_mixin.py:188} INFO - [2026-04-28T12:28:31.768+0000] {dag.py:3834} INFO - Setting next_dagrun for dataset_consumes_unknown_never_scheduled to None, run_after=None
[2026-04-28T12:28:31.772+0000] {logging_mixin.py:188} INFO - [2026-04-28T12:28:31.772+0000] {dag.py:3834} INFO - Setting next_dagrun for dataset_produces_1 to 2026-04-27 00:00:00+00:00, run_after=2026-04-28 00:00:00+00:00
[2026-04-28T12:28:31.773+0000] {logging_mixin.py:188} INFO - [2026-04-28T12:28:31.773+0000] {dag.py:3834} INFO - Setting next_dagrun for dataset_produces_2 to None, run_after=None
[2026-04-28T12:28:31.802+0000] {processor.py:183} INFO - Processing /home/airflow/.local/lib/python3.8/site-packages/airflow/example_dags/example_datasets.py took 0.126 seconds
[2026-04-28T12:29:02.262+0000] {processor.py:161} INFO - Started process (PID=1935) to work on /home/airflow/.local/lib/python3.8/site-packages/airflow/example_dags/example_datasets.py
[2026-04-28T12:29:02.263+0000] {processor.py:830} INFO - Processing file /home/airflow/.local/lib/python3.8/site-packages/airflow/example_dags/example_datasets.py for tasks to queue
[2026-04-28T12:29:02.267+0000] {logging_mixin.py:188} INFO - [2026-04-28T12:29:02.266+0000] {dagbag.py:540} INFO - Filling up the DagBag from /home/airflow/.local/lib/python3.8/site-packages/airflow/example_dags/example_datasets.py
[2026-04-28T12:29:02.277+0000] {processor.py:840} INFO - DAG(s) 'dataset_consumes_unknown_never_scheduled', 'dataset_produces_2', 'dataset_consumes_1', 'dataset_consumes_1_and_2', 'dataset_consumes_1_never_scheduled', 'dataset_produces_1' retrieved from /home/airflow/.local/lib/python3.8/site-packages/airflow/example_dags/example_datasets.py
[2026-04-28T12:29:02.315+0000] {logging_mixin.py:188} INFO - [2026-04-28T12:29:02.315+0000] {dag.py:3047} INFO - Sync 6 DAGs
[2026-04-28T12:29:02.482+0000] {logging_mixin.py:188} INFO - [2026-04-28T12:29:02.482+0000] {dag.py:3834} INFO - Setting next_dagrun for dataset_consumes_1 to None, run_after=None
[2026-04-28T12:29:02.485+0000] {logging_mixin.py:188} INFO - [2026-04-28T12:29:02.485+0000] {dag.py:3834} INFO - Setting next_dagrun for dataset_consumes_1_and_2 to None, run_after=None
[2026-04-28T12:29:02.486+0000] {logging_mixin.py:188} INFO - [2026-04-28T12:29:02.486+0000] {dag.py:3834} INFO - Setting next_dagrun for dataset_consumes_1_never_scheduled to None, run_after=None
[2026-04-28T12:29:02.487+0000] {logging_mixin.py:188} INFO - [2026-04-28T12:29:02.487+0000] {dag.py:3834} INFO - Setting next_dagrun for dataset_consumes_unknown_never_scheduled to None, run_after=None
[2026-04-28T12:29:02.489+0000] {logging_mixin.py:188} INFO - [2026-04-28T12:29:02.488+0000] {dag.py:3834} INFO - Setting next_dagrun for dataset_produces_1 to 2026-04-27 00:00:00+00:00, run_after=2026-04-28 00:00:00+00:00
[2026-04-28T12:29:02.490+0000] {logging_mixin.py:188} INFO - [2026-04-28T12:29:02.489+0000] {dag.py:3834} INFO - Setting next_dagrun for dataset_produces_2 to None, run_after=None
[2026-04-28T12:29:02.510+0000] {processor.py:183} INFO - Processing /home/airflow/.local/lib/python3.8/site-packages/airflow/example_dags/example_datasets.py took 0.252 seconds
[2026-04-28T12:29:32.679+0000] {processor.py:161} INFO - Started process (PID=1997) to work on /home/airflow/.local/lib/python3.8/site-packages/airflow/example_dags/example_datasets.py
[2026-04-28T12:29:32.683+0000] {processor.py:830} INFO - Processing file /home/airflow/.local/lib/python3.8/site-packages/airflow/example_dags/example_datasets.py for tasks to queue
[2026-04-28T12:29:32.685+0000] {logging_mixin.py:188} INFO - [2026-04-28T12:29:32.685+0000] {dagbag.py:540} INFO - Filling up the DagBag from /home/airflow/.local/lib/python3.8/site-packages/airflow/example_dags/example_datasets.py
[2026-04-28T12:29:32.708+0000] {processor.py:840} INFO - DAG(s) 'dataset_consumes_unknown_never_scheduled', 'dataset_produces_1', 'dataset_consumes_1_never_scheduled', 'dataset_consumes_1_and_2', 'dataset_produces_2', 'dataset_consumes_1' retrieved from /home/airflow/.local/lib/python3.8/site-packages/airflow/example_dags/example_datasets.py
[2026-04-28T12:29:32.774+0000] {logging_mixin.py:188} INFO - [2026-04-28T12:29:32.773+0000] {dag.py:3047} INFO - Sync 6 DAGs
[2026-04-28T12:29:32.975+0000] {logging_mixin.py:188} INFO - [2026-04-28T12:29:32.975+0000] {dag.py:3834} INFO - Setting next_dagrun for dataset_consumes_1 to None, run_after=None
[2026-04-28T12:29:32.980+0000] {logging_mixin.py:188} INFO - [2026-04-28T12:29:32.980+0000] {dag.py:3834} INFO - Setting next_dagrun for dataset_consumes_1_and_2 to None, run_after=None
[2026-04-28T12:29:32.981+0000] {logging_mixin.py:188} INFO - [2026-04-28T12:29:32.981+0000] {dag.py:3834} INFO - Setting next_dagrun for dataset_consumes_1_never_scheduled to None, run_after=None
[2026-04-28T12:29:32.982+0000] {logging_mixin.py:188} INFO - [2026-04-28T12:29:32.982+0000] {dag.py:3834} INFO - Setting next_dagrun for dataset_consumes_unknown_never_scheduled to None, run_after=None
[2026-04-28T12:29:32.986+0000] {logging_mixin.py:188} INFO - [2026-04-28T12:29:32.985+0000] {dag.py:3834} INFO - Setting next_dagrun for dataset_produces_1 to 2026-04-27 00:00:00+00:00, run_after=2026-04-28 00:00:00+00:00
[2026-04-28T12:29:32.987+0000] {logging_mixin.py:188} INFO - [2026-04-28T12:29:32.987+0000] {dag.py:3834} INFO - Setting next_dagrun for dataset_produces_2 to None, run_after=None
[2026-04-28T12:29:33.022+0000] {processor.py:183} INFO - Processing /home/airflow/.local/lib/python3.8/site-packages/airflow/example_dags/example_datasets.py took 0.351 seconds
[2026-04-28T12:30:03.402+0000] {processor.py:161} INFO - Started process (PID=2053) to work on /home/airflow/.local/lib/python3.8/site-packages/airflow/example_dags/example_datasets.py
[2026-04-28T12:30:03.403+0000] {processor.py:830} INFO - Processing file /home/airflow/.local/lib/python3.8/site-packages/airflow/example_dags/example_datasets.py for tasks to queue
[2026-04-28T12:30:03.405+0000] {logging_mixin.py:188} INFO - [2026-04-28T12:30:03.405+0000] {dagbag.py:540} INFO - Filling up the DagBag from /home/airflow/.local/lib/python3.8/site-packages/airflow/example_dags/example_datasets.py
[2026-04-28T12:30:03.416+0000] {processor.py:840} INFO - DAG(s) 'dataset_consumes_1_and_2', 'dataset_consumes_1_never_scheduled', 'dataset_consumes_unknown_never_scheduled', 'dataset_produces_1', 'dataset_consumes_1', 'dataset_produces_2' retrieved from /home/airflow/.local/lib/python3.8/site-packages/airflow/example_dags/example_datasets.py
[2026-04-28T12:30:03.467+0000] {logging_mixin.py:188} INFO - [2026-04-28T12:30:03.467+0000] {dag.py:3047} INFO - Sync 6 DAGs
[2026-04-28T12:30:03.515+0000] {logging_mixin.py:188} INFO - [2026-04-28T12:30:03.515+0000] {dag.py:3834} INFO - Setting next_dagrun for dataset_consumes_1 to None, run_after=None
[2026-04-28T12:30:03.702+0000] {logging_mixin.py:188} INFO - [2026-04-28T12:30:03.702+0000] {dag.py:3834} INFO - Setting next_dagrun for dataset_consumes_1_and_2 to None, run_after=None
[2026-04-28T12:30:03.704+0000] {logging_mixin.py:188} INFO - [2026-04-28T12:30:03.703+0000] {dag.py:3834} INFO - Setting next_dagrun for dataset_consumes_1_never_scheduled to None, run_after=None
[2026-04-28T12:30:03.705+0000] {logging_mixin.py:188} INFO - [2026-04-28T12:30:03.705+0000] {dag.py:3834} INFO - Setting next_dagrun for dataset_consumes_unknown_never_scheduled to None, run_after=None
[2026-04-28T12:30:03.708+0000] {logging_mixin.py:188} INFO - [2026-04-28T12:30:03.708+0000] {dag.py:3834} INFO - Setting next_dagrun for dataset_produces_1 to 2026-04-27 00:00:00+00:00, run_after=2026-04-28 00:00:00+00:00
[2026-04-28T12:30:03.709+0000] {logging_mixin.py:188} INFO - [2026-04-28T12:30:03.709+0000] {dag.py:3834} INFO - Setting next_dagrun for dataset_produces_2 to None, run_after=None
[2026-04-28T12:30:03.738+0000] {processor.py:183} INFO - Processing /home/airflow/.local/lib/python3.8/site-packages/airflow/example_dags/example_datasets.py took 0.339 seconds
[2026-04-28T12:30:33.849+0000] {processor.py:161} INFO - Started process (PID=2109) to work on /home/airflow/.local/lib/python3.8/site-packages/airflow/example_dags/example_datasets.py
[2026-04-28T12:30:33.850+0000] {processor.py:830} INFO - Processing file /home/airflow/.local/lib/python3.8/site-packages/airflow/example_dags/example_datasets.py for tasks to queue
[2026-04-28T12:30:33.852+0000] {logging_mixin.py:188} INFO - [2026-04-28T12:30:33.852+0000] {dagbag.py:540} INFO - Filling up the DagBag from /home/airflow/.local/lib/python3.8/site-packages/airflow/example_dags/example_datasets.py
[2026-04-28T12:30:33.863+0000] {processor.py:840} INFO - DAG(s) 'dataset_consumes_1_never_scheduled', 'dataset_consumes_unknown_never_scheduled', 'dataset_consumes_1', 'dataset_produces_2', 'dataset_consumes_1_and_2', 'dataset_produces_1' retrieved from /home/airflow/.local/lib/python3.8/site-packages/airflow/example_dags/example_datasets.py
[2026-04-28T12:30:33.903+0000] {logging_mixin.py:188} INFO - [2026-04-28T12:30:33.903+0000] {dag.py:3047} INFO - Sync 6 DAGs
[2026-04-28T12:30:33.928+0000] {logging_mixin.py:188} INFO - [2026-04-28T12:30:33.928+0000] {dag.py:3834} INFO - Setting next_dagrun for dataset_consumes_1 to None, run_after=None
[2026-04-28T12:30:33.933+0000] {logging_mixin.py:188} INFO - [2026-04-28T12:30:33.932+0000] {dag.py:3834} INFO - Setting next_dagrun for dataset_consumes_1_and_2 to None, run_after=None
[2026-04-28T12:30:33.934+0000] {logging_mixin.py:188} INFO - [2026-04-28T12:30:33.934+0000] {dag.py:3834} INFO - Setting next_dagrun for dataset_consumes_1_never_scheduled to None, run_after=None
[2026-04-28T12:30:33.935+0000] {logging_mixin.py:188} INFO - [2026-04-28T12:30:33.935+0000] {dag.py:3834} INFO - Setting next_dagrun for dataset_consumes_unknown_never_scheduled to None, run_after=None
[2026-04-28T12:30:33.938+0000] {logging_mixin.py:188} INFO - [2026-04-28T12:30:33.938+0000] {dag.py:3834} INFO - Setting next_dagrun for dataset_produces_1 to 2026-04-27 00:00:00+00:00, run_after=2026-04-28 00:00:00+00:00
[2026-04-28T12:30:33.939+0000] {logging_mixin.py:188} INFO - [2026-04-28T12:30:33.939+0000] {dag.py:3834} INFO - Setting next_dagrun for dataset_produces_2 to None, run_after=None
[2026-04-28T12:30:34.125+0000] {processor.py:183} INFO - Processing /home/airflow/.local/lib/python3.8/site-packages/airflow/example_dags/example_datasets.py took 0.280 seconds
[2026-04-28T12:31:04.379+0000] {processor.py:161} INFO - Started process (PID=2165) to work on /home/airflow/.local/lib/python3.8/site-packages/airflow/example_dags/example_datasets.py
[2026-04-28T12:31:04.381+0000] {processor.py:830} INFO - Processing file /home/airflow/.local/lib/python3.8/site-packages/airflow/example_dags/example_datasets.py for tasks to queue
[2026-04-28T12:31:04.383+0000] {logging_mixin.py:188} INFO - [2026-04-28T12:31:04.383+0000] {dagbag.py:540} INFO - Filling up the DagBag from /home/airflow/.local/lib/python3.8/site-packages/airflow/example_dags/example_datasets.py
[2026-04-28T12:31:04.394+0000] {processor.py:840} INFO - DAG(s) 'dataset_consumes_1_and_2', 'dataset_produces_1', 'dataset_consumes_1', 'dataset_consumes_unknown_never_scheduled', 'dataset_consumes_1_never_scheduled', 'dataset_produces_2' retrieved from /home/airflow/.local/lib/python3.8/site-packages/airflow/example_dags/example_datasets.py
[2026-04-28T12:31:04.432+0000] {logging_mixin.py:188} INFO - [2026-04-28T12:31:04.432+0000] {dag.py:3047} INFO - Sync 6 DAGs
[2026-04-28T12:31:04.457+0000] {logging_mixin.py:188} INFO - [2026-04-28T12:31:04.457+0000] {dag.py:3834} INFO - Setting next_dagrun for dataset_consumes_1 to None, run_after=None
[2026-04-28T12:31:04.462+0000] {logging_mixin.py:188} INFO - [2026-04-28T12:31:04.462+0000] {dag.py:3834} INFO - Setting next_dagrun for dataset_consumes_1_and_2 to None, run_after=None
[2026-04-28T12:31:04.465+0000] {logging_mixin.py:188} INFO - [2026-04-28T12:31:04.463+0000] {dag.py:3834} INFO - Setting next_dagrun for dataset_consumes_1_never_scheduled to None, run_after=None
[2026-04-28T12:31:04.467+0000] {logging_mixin.py:188} INFO - [2026-04-28T12:31:04.466+0000] {dag.py:3834} INFO - Setting next_dagrun for dataset_consumes_unknown_never_scheduled to None, run_after=None
[2026-04-28T12:31:04.471+0000] {logging_mixin.py:188} INFO - [2026-04-28T12:31:04.470+0000] {dag.py:3834} INFO - Setting next_dagrun for dataset_produces_1 to 2026-04-27 00:00:00+00:00, run_after=2026-04-28 00:00:00+00:00
[2026-04-28T12:31:04.472+0000] {logging_mixin.py:188} INFO - [2026-04-28T12:31:04.472+0000] {dag.py:3834} INFO - Setting next_dagrun for dataset_produces_2 to None, run_after=None
[2026-04-28T12:31:04.765+0000] {processor.py:183} INFO - Processing /home/airflow/.local/lib/python3.8/site-packages/airflow/example_dags/example_datasets.py took 0.390 seconds
[2026-04-28T12:31:35.551+0000] {processor.py:161} INFO - Started process (PID=2221) to work on /home/airflow/.local/lib/python3.8/site-packages/airflow/example_dags/example_datasets.py
[2026-04-28T12:31:35.552+0000] {processor.py:830} INFO - Processing file /home/airflow/.local/lib/python3.8/site-packages/airflow/example_dags/example_datasets.py for tasks to queue
[2026-04-28T12:31:35.554+0000] {logging_mixin.py:188} INFO - [2026-04-28T12:31:35.554+0000] {dagbag.py:540} INFO - Filling up the DagBag from /home/airflow/.local/lib/python3.8/site-packages/airflow/example_dags/example_datasets.py
[2026-04-28T12:31:35.566+0000] {processor.py:840} INFO - DAG(s) 'dataset_consumes_1_and_2', 'dataset_produces_2', 'dataset_consumes_unknown_never_scheduled', 'dataset_produces_1', 'dataset_consumes_1_never_scheduled', 'dataset_consumes_1' retrieved from /home/airflow/.local/lib/python3.8/site-packages/airflow/example_dags/example_datasets.py
[2026-04-28T12:31:35.605+0000] {logging_mixin.py:188} INFO - [2026-04-28T12:31:35.605+0000] {dag.py:3047} INFO - Sync 6 DAGs
[2026-04-28T12:31:35.631+0000] {logging_mixin.py:188} INFO - [2026-04-28T12:31:35.631+0000] {dag.py:3834} INFO - Setting next_dagrun for dataset_consumes_1 to None, run_after=None
[2026-04-28T12:31:35.635+0000] {logging_mixin.py:188} INFO - [2026-04-28T12:31:35.634+0000] {dag.py:3834} INFO - Setting next_dagrun for dataset_consumes_1_and_2 to None, run_after=None
[2026-04-28T12:31:35.636+0000] {logging_mixin.py:188} INFO - [2026-04-28T12:31:35.636+0000] {dag.py:3834} INFO - Setting next_dagrun for dataset_consumes_1_never_scheduled to None, run_after=None
[2026-04-28T12:31:35.637+0000] {logging_mixin.py:188} INFO - [2026-04-28T12:31:35.637+0000] {dag.py:3834} INFO - Setting next_dagrun for dataset_consumes_unknown_never_scheduled to None, run_after=None
[2026-04-28T12:31:35.640+0000] {logging_mixin.py:188} INFO - [2026-04-28T12:31:35.640+0000] {dag.py:3834} INFO - Setting next_dagrun for dataset_produces_1 to 2026-04-27 00:00:00+00:00, run_after=2026-04-28 00:00:00+00:00
[2026-04-28T12:31:35.641+0000] {logging_mixin.py:188} INFO - [2026-04-28T12:31:35.641+0000] {dag.py:3834} INFO - Setting next_dagrun for dataset_produces_2 to None, run_after=None
[2026-04-28T12:31:35.669+0000] {processor.py:183} INFO - Processing /home/airflow/.local/lib/python3.8/site-packages/airflow/example_dags/example_datasets.py took 0.121 seconds
[2026-04-28T12:32:06.134+0000] {processor.py:161} INFO - Started process (PID=2277) to work on /home/airflow/.local/lib/python3.8/site-packages/airflow/example_dags/example_datasets.py
[2026-04-28T12:32:06.137+0000] {processor.py:830} INFO - Processing file /home/airflow/.local/lib/python3.8/site-packages/airflow/example_dags/example_datasets.py for tasks to queue
[2026-04-28T12:32:06.139+0000] {logging_mixin.py:188} INFO - [2026-04-28T12:32:06.139+0000] {dagbag.py:540} INFO - Filling up the DagBag from /home/airflow/.local/lib/python3.8/site-packages/airflow/example_dags/example_datasets.py
[2026-04-28T12:32:06.151+0000] {processor.py:840} INFO - DAG(s) 'dataset_consumes_1', 'dataset_consumes_1_never_scheduled', 'dataset_produces_2', 'dataset_consumes_1_and_2', 'dataset_produces_1', 'dataset_consumes_unknown_never_scheduled' retrieved from /home/airflow/.local/lib/python3.8/site-packages/airflow/example_dags/example_datasets.py
[2026-04-28T12:32:06.192+0000] {logging_mixin.py:188} INFO - [2026-04-28T12:32:06.192+0000] {dag.py:3047} INFO - Sync 6 DAGs
[2026-04-28T12:32:06.250+0000] {logging_mixin.py:188} INFO - [2026-04-28T12:32:06.249+0000] {dag.py:3834} INFO - Setting next_dagrun for dataset_consumes_1 to None, run_after=None
[2026-04-28T12:32:06.262+0000] {logging_mixin.py:188} INFO - [2026-04-28T12:32:06.262+0000] {dag.py:3834} INFO - Setting next_dagrun for dataset_consumes_1_and_2 to None, run_after=None
[2026-04-28T12:32:06.267+0000] {logging_mixin.py:188} INFO - [2026-04-28T12:32:06.267+0000] {dag.py:3834} INFO - Setting next_dagrun for dataset_consumes_1_never_scheduled to None, run_after=None
[2026-04-28T12:32:06.272+0000] {logging_mixin.py:188} INFO - [2026-04-28T12:32:06.271+0000] {dag.py:3834} INFO - Setting next_dagrun for dataset_consumes_unknown_never_scheduled to None, run_after=None
[2026-04-28T12:32:06.282+0000] {logging_mixin.py:188} INFO - [2026-04-28T12:32:06.281+0000] {dag.py:3834} INFO - Setting next_dagrun for dataset_produces_1 to 2026-04-27 00:00:00+00:00, run_after=2026-04-28 00:00:00+00:00
[2026-04-28T12:32:06.285+0000] {logging_mixin.py:188} INFO - [2026-04-28T12:32:06.285+0000] {dag.py:3834} INFO - Setting next_dagrun for dataset_produces_2 to None, run_after=None
[2026-04-28T12:32:06.323+0000] {processor.py:183} INFO - Processing /home/airflow/.local/lib/python3.8/site-packages/airflow/example_dags/example_datasets.py took 0.197 seconds
[2026-04-28T12:32:36.691+0000] {processor.py:161} INFO - Started process (PID=2333) to work on /home/airflow/.local/lib/python3.8/site-packages/airflow/example_dags/example_datasets.py
[2026-04-28T12:32:36.692+0000] {processor.py:830} INFO - Processing file /home/airflow/.local/lib/python3.8/site-packages/airflow/example_dags/example_datasets.py for tasks to queue
[2026-04-28T12:32:36.694+0000] {logging_mixin.py:188} INFO - [2026-04-28T12:32:36.694+0000] {dagbag.py:540} INFO - Filling up the DagBag from /home/airflow/.local/lib/python3.8/site-packages/airflow/example_dags/example_datasets.py
[2026-04-28T12:32:36.706+0000] {processor.py:840} INFO - DAG(s) 'dataset_produces_2', 'dataset_consumes_1_and_2', 'dataset_produces_1', 'dataset_consumes_1', 'dataset_consumes_unknown_never_scheduled', 'dataset_consumes_1_never_scheduled' retrieved from /home/airflow/.local/lib/python3.8/site-packages/airflow/example_dags/example_datasets.py
[2026-04-28T12:32:36.746+0000] {logging_mixin.py:188} INFO - [2026-04-28T12:32:36.746+0000] {dag.py:3047} INFO - Sync 6 DAGs
[2026-04-28T12:32:36.776+0000] {logging_mixin.py:188} INFO - [2026-04-28T12:32:36.776+0000] {dag.py:3834} INFO - Setting next_dagrun for dataset_consumes_1 to None, run_after=None
[2026-04-28T12:32:36.784+0000] {logging_mixin.py:188} INFO - [2026-04-28T12:32:36.784+0000] {dag.py:3834} INFO - Setting next_dagrun for dataset_consumes_1_and_2 to None, run_after=None
[2026-04-28T12:32:36.786+0000] {logging_mixin.py:188} INFO - [2026-04-28T12:32:36.785+0000] {dag.py:3834} INFO - Setting next_dagrun for dataset_consumes_1_never_scheduled to None, run_after=None
[2026-04-28T12:32:36.787+0000] {logging_mixin.py:188} INFO - [2026-04-28T12:32:36.787+0000] {dag.py:3834} INFO - Setting next_dagrun for dataset_consumes_unknown_never_scheduled to None, run_after=None
[2026-04-28T12:32:36.790+0000] {logging_mixin.py:188} INFO - [2026-04-28T12:32:36.790+0000] {dag.py:3834} INFO - Setting next_dagrun for dataset_produces_1 to 2026-04-27 00:00:00+00:00, run_after=2026-04-28 00:00:00+00:00
[2026-04-28T12:32:36.791+0000] {logging_mixin.py:188} INFO - [2026-04-28T12:32:36.791+0000] {dag.py:3834} INFO - Setting next_dagrun for dataset_produces_2 to None, run_after=None
[2026-04-28T12:32:36.818+0000] {processor.py:183} INFO - Processing /home/airflow/.local/lib/python3.8/site-packages/airflow/example_dags/example_datasets.py took 0.130 seconds
[2026-04-28T12:33:06.951+0000] {processor.py:161} INFO - Started process (PID=2391) to work on /home/airflow/.local/lib/python3.8/site-packages/airflow/example_dags/example_datasets.py
[2026-04-28T12:33:06.953+0000] {processor.py:830} INFO - Processing file /home/airflow/.local/lib/python3.8/site-packages/airflow/example_dags/example_datasets.py for tasks to queue
[2026-04-28T12:33:06.955+0000] {logging_mixin.py:188} INFO - [2026-04-28T12:33:06.955+0000] {dagbag.py:540} INFO - Filling up the DagBag from /home/airflow/.local/lib/python3.8/site-packages/airflow/example_dags/example_datasets.py
[2026-04-28T12:33:06.966+0000] {processor.py:840} INFO - DAG(s) 'dataset_consumes_1', 'dataset_consumes_unknown_never_scheduled', 'dataset_consumes_1_never_scheduled', 'dataset_consumes_1_and_2', 'dataset_produces_2', 'dataset_produces_1' retrieved from /home/airflow/.local/lib/python3.8/site-packages/airflow/example_dags/example_datasets.py
[2026-04-28T12:33:07.007+0000] {logging_mixin.py:188} INFO - [2026-04-28T12:33:07.007+0000] {dag.py:3047} INFO - Sync 6 DAGs
[2026-04-28T12:33:07.034+0000] {logging_mixin.py:188} INFO - [2026-04-28T12:33:07.034+0000] {dag.py:3834} INFO - Setting next_dagrun for dataset_consumes_1 to None, run_after=None
[2026-04-28T12:33:07.039+0000] {logging_mixin.py:188} INFO - [2026-04-28T12:33:07.038+0000] {dag.py:3834} INFO - Setting next_dagrun for dataset_consumes_1_and_2 to None, run_after=None
[2026-04-28T12:33:07.040+0000] {logging_mixin.py:188} INFO - [2026-04-28T12:33:07.040+0000] {dag.py:3834} INFO - Setting next_dagrun for dataset_consumes_1_never_scheduled to None, run_after=None
[2026-04-28T12:33:07.041+0000] {logging_mixin.py:188} INFO - [2026-04-28T12:33:07.041+0000] {dag.py:3834} INFO - Setting next_dagrun for dataset_consumes_unknown_never_scheduled to None, run_after=None
[2026-04-28T12:33:07.044+0000] {logging_mixin.py:188} INFO - [2026-04-28T12:33:07.044+0000] {dag.py:3834} INFO - Setting next_dagrun for dataset_produces_1 to 2026-04-27 00:00:00+00:00, run_after=2026-04-28 00:00:00+00:00
[2026-04-28T12:33:07.045+0000] {logging_mixin.py:188} INFO - [2026-04-28T12:33:07.045+0000] {dag.py:3834} INFO - Setting next_dagrun for dataset_produces_2 to None, run_after=None
[2026-04-28T12:33:07.068+0000] {processor.py:183} INFO - Processing /home/airflow/.local/lib/python3.8/site-packages/airflow/example_dags/example_datasets.py took 0.121 seconds
[2026-04-28T12:33:37.117+0000] {processor.py:161} INFO - Started process (PID=2447) to work on /home/airflow/.local/lib/python3.8/site-packages/airflow/example_dags/example_datasets.py
[2026-04-28T12:33:37.118+0000] {processor.py:830} INFO - Processing file /home/airflow/.local/lib/python3.8/site-packages/airflow/example_dags/example_datasets.py for tasks to queue
[2026-04-28T12:33:37.120+0000] {logging_mixin.py:188} INFO - [2026-04-28T12:33:37.120+0000] {dagbag.py:540} INFO - Filling up the DagBag from /home/airflow/.local/lib/python3.8/site-packages/airflow/example_dags/example_datasets.py
[2026-04-28T12:33:37.132+0000] {processor.py:840} INFO - DAG(s) 'dataset_consumes_1_and_2', 'dataset_consumes_unknown_never_scheduled', 'dataset_produces_2', 'dataset_consumes_1_never_scheduled', 'dataset_produces_1', 'dataset_consumes_1' retrieved from /home/airflow/.local/lib/python3.8/site-packages/airflow/example_dags/example_datasets.py
[2026-04-28T12:33:37.170+0000] {logging_mixin.py:188} INFO - [2026-04-28T12:33:37.170+0000] {dag.py:3047} INFO - Sync 6 DAGs
[2026-04-28T12:33:37.194+0000] {logging_mixin.py:188} INFO - [2026-04-28T12:33:37.194+0000] {dag.py:3834} INFO - Setting next_dagrun for dataset_consumes_1 to None, run_after=None
[2026-04-28T12:33:37.198+0000] {logging_mixin.py:188} INFO - [2026-04-28T12:33:37.198+0000] {dag.py:3834} INFO - Setting next_dagrun for dataset_consumes_1_and_2 to None, run_after=None
[2026-04-28T12:33:37.199+0000] {logging_mixin.py:188} INFO - [2026-04-28T12:33:37.199+0000] {dag.py:3834} INFO - Setting next_dagrun for dataset_consumes_1_never_scheduled to None, run_after=None
[2026-04-28T12:33:37.201+0000] {logging_mixin.py:188} INFO - [2026-04-28T12:33:37.200+0000] {dag.py:3834} INFO - Setting next_dagrun for dataset_consumes_unknown_never_scheduled to None, run_after=None
[2026-04-28T12:33:37.204+0000] {logging_mixin.py:188} INFO - [2026-04-28T12:33:37.204+0000] {dag.py:3834} INFO - Setting next_dagrun for dataset_produces_1 to 2026-04-27 00:00:00+00:00, run_after=2026-04-28 00:00:00+00:00
[2026-04-28T12:33:37.205+0000] {logging_mixin.py:188} INFO - [2026-04-28T12:33:37.205+0000] {dag.py:3834} INFO - Setting next_dagrun for dataset_produces_2 to None, run_after=None
[2026-04-28T12:33:37.231+0000] {processor.py:183} INFO - Processing /home/airflow/.local/lib/python3.8/site-packages/airflow/example_dags/example_datasets.py took 0.117 seconds
[2026-04-28T12:34:07.383+0000] {processor.py:161} INFO - Started process (PID=2500) to work on /home/airflow/.local/lib/python3.8/site-packages/airflow/example_dags/example_datasets.py
[2026-04-28T12:34:07.386+0000] {processor.py:830} INFO - Processing file /home/airflow/.local/lib/python3.8/site-packages/airflow/example_dags/example_datasets.py for tasks to queue
[2026-04-28T12:34:07.389+0000] {logging_mixin.py:188} INFO - [2026-04-28T12:34:07.389+0000] {dagbag.py:540} INFO - Filling up the DagBag from /home/airflow/.local/lib/python3.8/site-packages/airflow/example_dags/example_datasets.py
[2026-04-28T12:34:07.408+0000] {processor.py:840} INFO - DAG(s) 'dataset_consumes_unknown_never_scheduled', 'dataset_produces_2', 'dataset_consumes_1', 'dataset_consumes_1_never_scheduled', 'dataset_produces_1', 'dataset_consumes_1_and_2' retrieved from /home/airflow/.local/lib/python3.8/site-packages/airflow/example_dags/example_datasets.py
[2026-04-28T12:34:07.518+0000] {logging_mixin.py:188} INFO - [2026-04-28T12:34:07.517+0000] {dag.py:3047} INFO - Sync 6 DAGs
[2026-04-28T12:34:07.584+0000] {logging_mixin.py:188} INFO - [2026-04-28T12:34:07.584+0000] {dag.py:3834} INFO - Setting next_dagrun for dataset_consumes_1 to None, run_after=None
[2026-04-28T12:34:07.593+0000] {logging_mixin.py:188} INFO - [2026-04-28T12:34:07.593+0000] {dag.py:3834} INFO - Setting next_dagrun for dataset_consumes_1_and_2 to None, run_after=None
[2026-04-28T12:34:07.595+0000] {logging_mixin.py:188} INFO - [2026-04-28T12:34:07.594+0000] {dag.py:3834} INFO - Setting next_dagrun for dataset_consumes_1_never_scheduled to None, run_after=None
[2026-04-28T12:34:07.599+0000] {logging_mixin.py:188} INFO - [2026-04-28T12:34:07.598+0000] {dag.py:3834} INFO - Setting next_dagrun for dataset_consumes_unknown_never_scheduled to None, run_after=None
[2026-04-28T12:34:07.604+0000] {logging_mixin.py:188} INFO - [2026-04-28T12:34:07.604+0000] {dag.py:3834} INFO - Setting next_dagrun for dataset_produces_1 to 2026-04-27 00:00:00+00:00, run_after=2026-04-28 00:00:00+00:00
[2026-04-28T12:34:07.607+0000] {logging_mixin.py:188} INFO - [2026-04-28T12:34:07.607+0000] {dag.py:3834} INFO - Setting next_dagrun for dataset_produces_2 to None, run_after=None
[2026-04-28T12:34:07.676+0000] {processor.py:183} INFO - Processing /home/airflow/.local/lib/python3.8/site-packages/airflow/example_dags/example_datasets.py took 0.297 seconds
[2026-04-28T12:34:37.816+0000] {processor.py:161} INFO - Started process (PID=2556) to work on /home/airflow/.local/lib/python3.8/site-packages/airflow/example_dags/example_datasets.py
[2026-04-28T12:34:37.825+0000] {processor.py:830} INFO - Processing file /home/airflow/.local/lib/python3.8/site-packages/airflow/example_dags/example_datasets.py for tasks to queue
[2026-04-28T12:34:37.829+0000] {logging_mixin.py:188} INFO - [2026-04-28T12:34:37.828+0000] {dagbag.py:540} INFO - Filling up the DagBag from /home/airflow/.local/lib/python3.8/site-packages/airflow/example_dags/example_datasets.py
[2026-04-28T12:34:37.859+0000] {processor.py:840} INFO - DAG(s) 'dataset_produces_1', 'dataset_consumes_unknown_never_scheduled', 'dataset_consumes_1_never_scheduled', 'dataset_produces_2', 'dataset_consumes_1', 'dataset_consumes_1_and_2' retrieved from /home/airflow/.local/lib/python3.8/site-packages/airflow/example_dags/example_datasets.py
[2026-04-28T12:34:37.967+0000] {logging_mixin.py:188} INFO - [2026-04-28T12:34:37.967+0000] {dag.py:3047} INFO - Sync 6 DAGs
[2026-04-28T12:34:38.021+0000] {logging_mixin.py:188} INFO - [2026-04-28T12:34:38.020+0000] {dag.py:3834} INFO - Setting next_dagrun for dataset_consumes_1 to None, run_after=None
[2026-04-28T12:34:38.032+0000] {logging_mixin.py:188} INFO - [2026-04-28T12:34:38.032+0000] {dag.py:3834} INFO - Setting next_dagrun for dataset_consumes_1_and_2 to None, run_after=None
[2026-04-28T12:34:38.036+0000] {logging_mixin.py:188} INFO - [2026-04-28T12:34:38.035+0000] {dag.py:3834} INFO - Setting next_dagrun for dataset_consumes_1_never_scheduled to None, run_after=None
[2026-04-28T12:34:38.043+0000] {logging_mixin.py:188} INFO - [2026-04-28T12:34:38.042+0000] {dag.py:3834} INFO - Setting next_dagrun for dataset_consumes_unknown_never_scheduled to None, run_after=None
[2026-04-28T12:34:38.054+0000] {logging_mixin.py:188} INFO - [2026-04-28T12:34:38.054+0000] {dag.py:3834} INFO - Setting next_dagrun for dataset_produces_1 to 2026-04-27 00:00:00+00:00, run_after=2026-04-28 00:00:00+00:00
[2026-04-28T12:34:38.058+0000] {logging_mixin.py:188} INFO - [2026-04-28T12:34:38.058+0000] {dag.py:3834} INFO - Setting next_dagrun for dataset_produces_2 to None, run_after=None
[2026-04-28T12:34:38.177+0000] {processor.py:183} INFO - Processing /home/airflow/.local/lib/python3.8/site-packages/airflow/example_dags/example_datasets.py took 0.367 seconds
[2026-04-28T12:35:09.013+0000] {processor.py:161} INFO - Started process (PID=2613) to work on /home/airflow/.local/lib/python3.8/site-packages/airflow/example_dags/example_datasets.py
[2026-04-28T12:35:09.014+0000] {processor.py:830} INFO - Processing file /home/airflow/.local/lib/python3.8/site-packages/airflow/example_dags/example_datasets.py for tasks to queue
[2026-04-28T12:35:09.016+0000] {logging_mixin.py:188} INFO - [2026-04-28T12:35:09.016+0000] {dagbag.py:540} INFO - Filling up the DagBag from /home/airflow/.local/lib/python3.8/site-packages/airflow/example_dags/example_datasets.py
[2026-04-28T12:35:09.028+0000] {processor.py:840} INFO - DAG(s) 'dataset_produces_1', 'dataset_consumes_1', 'dataset_consumes_1_and_2', 'dataset_consumes_1_never_scheduled', 'dataset_consumes_unknown_never_scheduled', 'dataset_produces_2' retrieved from /home/airflow/.local/lib/python3.8/site-packages/airflow/example_dags/example_datasets.py
[2026-04-28T12:35:09.067+0000] {logging_mixin.py:188} INFO - [2026-04-28T12:35:09.067+0000] {dag.py:3047} INFO - Sync 6 DAGs
[2026-04-28T12:35:09.095+0000] {logging_mixin.py:188} INFO - [2026-04-28T12:35:09.094+0000] {dag.py:3834} INFO - Setting next_dagrun for dataset_consumes_1 to None, run_after=None
[2026-04-28T12:35:09.098+0000] {logging_mixin.py:188} INFO - [2026-04-28T12:35:09.098+0000] {dag.py:3834} INFO - Setting next_dagrun for dataset_consumes_1_and_2 to None, run_after=None
[2026-04-28T12:35:09.099+0000] {logging_mixin.py:188} INFO - [2026-04-28T12:35:09.099+0000] {dag.py:3834} INFO - Setting next_dagrun for dataset_consumes_1_never_scheduled to None, run_after=None
[2026-04-28T12:35:09.101+0000] {logging_mixin.py:188} INFO - [2026-04-28T12:35:09.100+0000] {dag.py:3834} INFO - Setting next_dagrun for dataset_consumes_unknown_never_scheduled to None, run_after=None
[2026-04-28T12:35:09.104+0000] {logging_mixin.py:188} INFO - [2026-04-28T12:35:09.104+0000] {dag.py:3834} INFO - Setting next_dagrun for dataset_produces_1 to 2026-04-27 00:00:00+00:00, run_after=2026-04-28 00:00:00+00:00
[2026-04-28T12:35:09.105+0000] {logging_mixin.py:188} INFO - [2026-04-28T12:35:09.105+0000] {dag.py:3834} INFO - Setting next_dagrun for dataset_produces_2 to None, run_after=None
[2026-04-28T12:35:09.130+0000] {processor.py:183} INFO - Processing /home/airflow/.local/lib/python3.8/site-packages/airflow/example_dags/example_datasets.py took 0.121 seconds
[2026-04-28T12:35:39.645+0000] {processor.py:161} INFO - Started process (PID=2668) to work on /home/airflow/.local/lib/python3.8/site-packages/airflow/example_dags/example_datasets.py
[2026-04-28T12:35:39.646+0000] {processor.py:830} INFO - Processing file /home/airflow/.local/lib/python3.8/site-packages/airflow/example_dags/example_datasets.py for tasks to queue
[2026-04-28T12:35:39.648+0000] {logging_mixin.py:188} INFO - [2026-04-28T12:35:39.647+0000] {dagbag.py:540} INFO - Filling up the DagBag from /home/airflow/.local/lib/python3.8/site-packages/airflow/example_dags/example_datasets.py
[2026-04-28T12:35:39.659+0000] {processor.py:840} INFO - DAG(s) 'dataset_produces_1', 'dataset_consumes_1_never_scheduled', 'dataset_consumes_1', 'dataset_consumes_unknown_never_scheduled', 'dataset_produces_2', 'dataset_consumes_1_and_2' retrieved from /home/airflow/.local/lib/python3.8/site-packages/airflow/example_dags/example_datasets.py
[2026-04-28T12:35:39.702+0000] {logging_mixin.py:188} INFO - [2026-04-28T12:35:39.702+0000] {dag.py:3047} INFO - Sync 6 DAGs
[2026-04-28T12:35:39.727+0000] {logging_mixin.py:188} INFO - [2026-04-28T12:35:39.727+0000] {dag.py:3834} INFO - Setting next_dagrun for dataset_consumes_1 to None, run_after=None
[2026-04-28T12:35:39.731+0000] {logging_mixin.py:188} INFO - [2026-04-28T12:35:39.731+0000] {dag.py:3834} INFO - Setting next_dagrun for dataset_consumes_1_and_2 to None, run_after=None
[2026-04-28T12:35:39.733+0000] {logging_mixin.py:188} INFO - [2026-04-28T12:35:39.732+0000] {dag.py:3834} INFO - Setting next_dagrun for dataset_consumes_1_never_scheduled to None, run_after=None
[2026-04-28T12:35:39.734+0000] {logging_mixin.py:188} INFO - [2026-04-28T12:35:39.734+0000] {dag.py:3834} INFO - Setting next_dagrun for dataset_consumes_unknown_never_scheduled to None, run_after=None
[2026-04-28T12:35:39.737+0000] {logging_mixin.py:188} INFO - [2026-04-28T12:35:39.737+0000] {dag.py:3834} INFO - Setting next_dagrun for dataset_produces_1 to 2026-04-27 00:00:00+00:00, run_after=2026-04-28 00:00:00+00:00
[2026-04-28T12:35:39.738+0000] {logging_mixin.py:188} INFO - [2026-04-28T12:35:39.738+0000] {dag.py:3834} INFO - Setting next_dagrun for dataset_produces_2 to None, run_after=None
[2026-04-28T12:35:39.794+0000] {processor.py:183} INFO - Processing /home/airflow/.local/lib/python3.8/site-packages/airflow/example_dags/example_datasets.py took 0.153 seconds
[2026-04-28T12:36:10.065+0000] {processor.py:161} INFO - Started process (PID=2724) to work on /home/airflow/.local/lib/python3.8/site-packages/airflow/example_dags/example_datasets.py
[2026-04-28T12:36:10.066+0000] {processor.py:830} INFO - Processing file /home/airflow/.local/lib/python3.8/site-packages/airflow/example_dags/example_datasets.py for tasks to queue
[2026-04-28T12:36:10.068+0000] {logging_mixin.py:188} INFO - [2026-04-28T12:36:10.068+0000] {dagbag.py:540} INFO - Filling up the DagBag from /home/airflow/.local/lib/python3.8/site-packages/airflow/example_dags/example_datasets.py
[2026-04-28T12:36:10.079+0000] {processor.py:840} INFO - DAG(s) 'dataset_consumes_1', 'dataset_consumes_unknown_never_scheduled', 'dataset_produces_2', 'dataset_produces_1', 'dataset_consumes_1_never_scheduled', 'dataset_consumes_1_and_2' retrieved from /home/airflow/.local/lib/python3.8/site-packages/airflow/example_dags/example_datasets.py
[2026-04-28T12:36:10.119+0000] {logging_mixin.py:188} INFO - [2026-04-28T12:36:10.119+0000] {dag.py:3047} INFO - Sync 6 DAGs
[2026-04-28T12:36:10.144+0000] {logging_mixin.py:188} INFO - [2026-04-28T12:36:10.143+0000] {dag.py:3834} INFO - Setting next_dagrun for dataset_consumes_1 to None, run_after=None
[2026-04-28T12:36:10.147+0000] {logging_mixin.py:188} INFO - [2026-04-28T12:36:10.147+0000] {dag.py:3834} INFO - Setting next_dagrun for dataset_consumes_1_and_2 to None, run_after=None
[2026-04-28T12:36:10.148+0000] {logging_mixin.py:188} INFO - [2026-04-28T12:36:10.148+0000] {dag.py:3834} INFO - Setting next_dagrun for dataset_consumes_1_never_scheduled to None, run_after=None
[2026-04-28T12:36:10.150+0000] {logging_mixin.py:188} INFO - [2026-04-28T12:36:10.150+0000] {dag.py:3834} INFO - Setting next_dagrun for dataset_consumes_unknown_never_scheduled to None, run_after=None
[2026-04-28T12:36:10.153+0000] {logging_mixin.py:188} INFO - [2026-04-28T12:36:10.153+0000] {dag.py:3834} INFO - Setting next_dagrun for dataset_produces_1 to 2026-04-27 00:00:00+00:00, run_after=2026-04-28 00:00:00+00:00
[2026-04-28T12:36:10.154+0000] {logging_mixin.py:188} INFO - [2026-04-28T12:36:10.154+0000] {dag.py:3834} INFO - Setting next_dagrun for dataset_produces_2 to None, run_after=None
[2026-04-28T12:36:10.180+0000] {processor.py:183} INFO - Processing /home/airflow/.local/lib/python3.8/site-packages/airflow/example_dags/example_datasets.py took 0.118 seconds
[2026-04-28T12:36:40.693+0000] {processor.py:161} INFO - Started process (PID=2780) to work on /home/airflow/.local/lib/python3.8/site-packages/airflow/example_dags/example_datasets.py
[2026-04-28T12:36:40.694+0000] {processor.py:830} INFO - Processing file /home/airflow/.local/lib/python3.8/site-packages/airflow/example_dags/example_datasets.py for tasks to queue
[2026-04-28T12:36:40.696+0000] {logging_mixin.py:188} INFO - [2026-04-28T12:36:40.696+0000] {dagbag.py:540} INFO - Filling up the DagBag from /home/airflow/.local/lib/python3.8/site-packages/airflow/example_dags/example_datasets.py
[2026-04-28T12:36:40.708+0000] {processor.py:840} INFO - DAG(s) 'dataset_consumes_1_and_2', 'dataset_consumes_unknown_never_scheduled', 'dataset_produces_2', 'dataset_consumes_1', 'dataset_produces_1', 'dataset_consumes_1_never_scheduled' retrieved from /home/airflow/.local/lib/python3.8/site-packages/airflow/example_dags/example_datasets.py
[2026-04-28T12:36:40.750+0000] {logging_mixin.py:188} INFO - [2026-04-28T12:36:40.749+0000] {dag.py:3047} INFO - Sync 6 DAGs
[2026-04-28T12:36:40.774+0000] {logging_mixin.py:188} INFO - [2026-04-28T12:36:40.774+0000] {dag.py:3834} INFO - Setting next_dagrun for dataset_consumes_1 to None, run_after=None
[2026-04-28T12:36:40.778+0000] {logging_mixin.py:188} INFO - [2026-04-28T12:36:40.778+0000] {dag.py:3834} INFO - Setting next_dagrun for dataset_consumes_1_and_2 to None, run_after=None
[2026-04-28T12:36:40.779+0000] {logging_mixin.py:188} INFO - [2026-04-28T12:36:40.779+0000] {dag.py:3834} INFO - Setting next_dagrun for dataset_consumes_1_never_scheduled to None, run_after=None
[2026-04-28T12:36:40.781+0000] {logging_mixin.py:188} INFO - [2026-04-28T12:36:40.780+0000] {dag.py:3834} INFO - Setting next_dagrun for dataset_consumes_unknown_never_scheduled to None, run_after=None
[2026-04-28T12:36:40.784+0000] {logging_mixin.py:188} INFO - [2026-04-28T12:36:40.784+0000] {dag.py:3834} INFO - Setting next_dagrun for dataset_produces_1 to 2026-04-27 00:00:00+00:00, run_after=2026-04-28 00:00:00+00:00
[2026-04-28T12:36:40.786+0000] {logging_mixin.py:188} INFO - [2026-04-28T12:36:40.786+0000] {dag.py:3834} INFO - Setting next_dagrun for dataset_produces_2 to None, run_after=None
[2026-04-28T12:36:40.814+0000] {processor.py:183} INFO - Processing /home/airflow/.local/lib/python3.8/site-packages/airflow/example_dags/example_datasets.py took 0.124 seconds
[2026-04-28T12:37:11.292+0000] {processor.py:161} INFO - Started process (PID=2836) to work on /home/airflow/.local/lib/python3.8/site-packages/airflow/example_dags/example_datasets.py
[2026-04-28T12:37:11.293+0000] {processor.py:830} INFO - Processing file /home/airflow/.local/lib/python3.8/site-packages/airflow/example_dags/example_datasets.py for tasks to queue
[2026-04-28T12:37:11.295+0000] {logging_mixin.py:188} INFO - [2026-04-28T12:37:11.295+0000] {dagbag.py:540} INFO - Filling up the DagBag from /home/airflow/.local/lib/python3.8/site-packages/airflow/example_dags/example_datasets.py
[2026-04-28T12:37:11.307+0000] {processor.py:840} INFO - DAG(s) 'dataset_produces_1', 'dataset_consumes_unknown_never_scheduled', 'dataset_produces_2', 'dataset_consumes_1_never_scheduled', 'dataset_consumes_1', 'dataset_consumes_1_and_2' retrieved from /home/airflow/.local/lib/python3.8/site-packages/airflow/example_dags/example_datasets.py
[2026-04-28T12:37:11.344+0000] {logging_mixin.py:188} INFO - [2026-04-28T12:37:11.344+0000] {dag.py:3047} INFO - Sync 6 DAGs
[2026-04-28T12:37:11.369+0000] {logging_mixin.py:188} INFO - [2026-04-28T12:37:11.369+0000] {dag.py:3834} INFO - Setting next_dagrun for dataset_consumes_1 to None, run_after=None
[2026-04-28T12:37:11.372+0000] {logging_mixin.py:188} INFO - [2026-04-28T12:37:11.372+0000] {dag.py:3834} INFO - Setting next_dagrun for dataset_consumes_1_and_2 to None, run_after=None
[2026-04-28T12:37:11.374+0000] {logging_mixin.py:188} INFO - [2026-04-28T12:37:11.373+0000] {dag.py:3834} INFO - Setting next_dagrun for dataset_consumes_1_never_scheduled to None, run_after=None
[2026-04-28T12:37:11.375+0000] {logging_mixin.py:188} INFO - [2026-04-28T12:37:11.375+0000] {dag.py:3834} INFO - Setting next_dagrun for dataset_consumes_unknown_never_scheduled to None, run_after=None
[2026-04-28T12:37:11.378+0000] {logging_mixin.py:188} INFO - [2026-04-28T12:37:11.378+0000] {dag.py:3834} INFO - Setting next_dagrun for dataset_produces_1 to 2026-04-27 00:00:00+00:00, run_after=2026-04-28 00:00:00+00:00
[2026-04-28T12:37:11.380+0000] {logging_mixin.py:188} INFO - [2026-04-28T12:37:11.379+0000] {dag.py:3834} INFO - Setting next_dagrun for dataset_produces_2 to None, run_after=None
[2026-04-28T12:37:11.412+0000] {processor.py:183} INFO - Processing /home/airflow/.local/lib/python3.8/site-packages/airflow/example_dags/example_datasets.py took 0.123 seconds
[2026-04-28T12:37:42.121+0000] {processor.py:161} INFO - Started process (PID=2892) to work on /home/airflow/.local/lib/python3.8/site-packages/airflow/example_dags/example_datasets.py
[2026-04-28T12:37:42.122+0000] {processor.py:830} INFO - Processing file /home/airflow/.local/lib/python3.8/site-packages/airflow/example_dags/example_datasets.py for tasks to queue
[2026-04-28T12:37:42.124+0000] {logging_mixin.py:188} INFO - [2026-04-28T12:37:42.124+0000] {dagbag.py:540} INFO - Filling up the DagBag from /home/airflow/.local/lib/python3.8/site-packages/airflow/example_dags/example_datasets.py
[2026-04-28T12:37:42.136+0000] {processor.py:840} INFO - DAG(s) 'dataset_consumes_1_and_2', 'dataset_consumes_unknown_never_scheduled', 'dataset_consumes_1', 'dataset_consumes_1_never_scheduled', 'dataset_produces_2', 'dataset_produces_1' retrieved from /home/airflow/.local/lib/python3.8/site-packages/airflow/example_dags/example_datasets.py
[2026-04-28T12:37:42.174+0000] {logging_mixin.py:188} INFO - [2026-04-28T12:37:42.174+0000] {dag.py:3047} INFO - Sync 6 DAGs
[2026-04-28T12:37:42.235+0000] {logging_mixin.py:188} INFO - [2026-04-28T12:37:42.234+0000] {dag.py:3834} INFO - Setting next_dagrun for dataset_consumes_1 to None, run_after=None
[2026-04-28T12:37:42.242+0000] {logging_mixin.py:188} INFO - [2026-04-28T12:37:42.242+0000] {dag.py:3834} INFO - Setting next_dagrun for dataset_consumes_1_and_2 to None, run_after=None
[2026-04-28T12:37:42.245+0000] {logging_mixin.py:188} INFO - [2026-04-28T12:37:42.244+0000] {dag.py:3834} INFO - Setting next_dagrun for dataset_consumes_1_never_scheduled to None, run_after=None
[2026-04-28T12:37:42.246+0000] {logging_mixin.py:188} INFO - [2026-04-28T12:37:42.246+0000] {dag.py:3834} INFO - Setting next_dagrun for dataset_consumes_unknown_never_scheduled to None, run_after=None
[2026-04-28T12:37:42.249+0000] {logging_mixin.py:188} INFO - [2026-04-28T12:37:42.249+0000] {dag.py:3834} INFO - Setting next_dagrun for dataset_produces_1 to 2026-04-27 00:00:00+00:00, run_after=2026-04-28 00:00:00+00:00
[2026-04-28T12:37:42.250+0000] {logging_mixin.py:188} INFO - [2026-04-28T12:37:42.250+0000] {dag.py:3834} INFO - Setting next_dagrun for dataset_produces_2 to None, run_after=None
[2026-04-28T12:37:42.277+0000] {processor.py:183} INFO - Processing /home/airflow/.local/lib/python3.8/site-packages/airflow/example_dags/example_datasets.py took 0.160 seconds
[2026-04-28T12:38:12.747+0000] {processor.py:161} INFO - Started process (PID=2948) to work on /home/airflow/.local/lib/python3.8/site-packages/airflow/example_dags/example_datasets.py
[2026-04-28T12:38:12.748+0000] {processor.py:830} INFO - Processing file /home/airflow/.local/lib/python3.8/site-packages/airflow/example_dags/example_datasets.py for tasks to queue
[2026-04-28T12:38:12.750+0000] {logging_mixin.py:188} INFO - [2026-04-28T12:38:12.750+0000] {dagbag.py:540} INFO - Filling up the DagBag from /home/airflow/.local/lib/python3.8/site-packages/airflow/example_dags/example_datasets.py
[2026-04-28T12:38:12.762+0000] {processor.py:840} INFO - DAG(s) 'dataset_consumes_1_and_2', 'dataset_produces_1', 'dataset_produces_2', 'dataset_consumes_unknown_never_scheduled', 'dataset_consumes_1_never_scheduled', 'dataset_consumes_1' retrieved from /home/airflow/.local/lib/python3.8/site-packages/airflow/example_dags/example_datasets.py
[2026-04-28T12:38:12.800+0000] {logging_mixin.py:188} INFO - [2026-04-28T12:38:12.800+0000] {dag.py:3047} INFO - Sync 6 DAGs
[2026-04-28T12:38:12.826+0000] {logging_mixin.py:188} INFO - [2026-04-28T12:38:12.825+0000] {dag.py:3834} INFO - Setting next_dagrun for dataset_consumes_1 to None, run_after=None
[2026-04-28T12:38:12.829+0000] {logging_mixin.py:188} INFO - [2026-04-28T12:38:12.829+0000] {dag.py:3834} INFO - Setting next_dagrun for dataset_consumes_1_and_2 to None, run_after=None
[2026-04-28T12:38:12.830+0000] {logging_mixin.py:188} INFO - [2026-04-28T12:38:12.830+0000] {dag.py:3834} INFO - Setting next_dagrun for dataset_consumes_1_never_scheduled to None, run_after=None
[2026-04-28T12:38:12.832+0000] {logging_mixin.py:188} INFO - [2026-04-28T12:38:12.832+0000] {dag.py:3834} INFO - Setting next_dagrun for dataset_consumes_unknown_never_scheduled to None, run_after=None
[2026-04-28T12:38:12.835+0000] {logging_mixin.py:188} INFO - [2026-04-28T12:38:12.835+0000] {dag.py:3834} INFO - Setting next_dagrun for dataset_produces_1 to 2026-04-27 00:00:00+00:00, run_after=2026-04-28 00:00:00+00:00
[2026-04-28T12:38:12.836+0000] {logging_mixin.py:188} INFO - [2026-04-28T12:38:12.836+0000] {dag.py:3834} INFO - Setting next_dagrun for dataset_produces_2 to None, run_after=None
[2026-04-28T12:38:12.861+0000] {processor.py:183} INFO - Processing /home/airflow/.local/lib/python3.8/site-packages/airflow/example_dags/example_datasets.py took 0.118 seconds
[2026-04-28T12:38:43.334+0000] {processor.py:161} INFO - Started process (PID=3004) to work on /home/airflow/.local/lib/python3.8/site-packages/airflow/example_dags/example_datasets.py
[2026-04-28T12:38:43.335+0000] {processor.py:830} INFO - Processing file /home/airflow/.local/lib/python3.8/site-packages/airflow/example_dags/example_datasets.py for tasks to queue
[2026-04-28T12:38:43.337+0000] {logging_mixin.py:188} INFO - [2026-04-28T12:38:43.336+0000] {dagbag.py:540} INFO - Filling up the DagBag from /home/airflow/.local/lib/python3.8/site-packages/airflow/example_dags/example_datasets.py
[2026-04-28T12:38:43.348+0000] {processor.py:840} INFO - DAG(s) 'dataset_consumes_1_never_scheduled', 'dataset_produces_1', 'dataset_consumes_unknown_never_scheduled', 'dataset_produces_2', 'dataset_consumes_1_and_2', 'dataset_consumes_1' retrieved from /home/airflow/.local/lib/python3.8/site-packages/airflow/example_dags/example_datasets.py
[2026-04-28T12:38:43.390+0000] {logging_mixin.py:188} INFO - [2026-04-28T12:38:43.390+0000] {dag.py:3047} INFO - Sync 6 DAGs
[2026-04-28T12:38:43.430+0000] {logging_mixin.py:188} INFO - [2026-04-28T12:38:43.430+0000] {dag.py:3834} INFO - Setting next_dagrun for dataset_consumes_1 to None, run_after=None
[2026-04-28T12:38:43.434+0000] {logging_mixin.py:188} INFO - [2026-04-28T12:38:43.434+0000] {dag.py:3834} INFO - Setting next_dagrun for dataset_consumes_1_and_2 to None, run_after=None
[2026-04-28T12:38:43.435+0000] {logging_mixin.py:188} INFO - [2026-04-28T12:38:43.435+0000] {dag.py:3834} INFO - Setting next_dagrun for dataset_consumes_1_never_scheduled to None, run_after=None
[2026-04-28T12:38:43.436+0000] {logging_mixin.py:188} INFO - [2026-04-28T12:38:43.436+0000] {dag.py:3834} INFO - Setting next_dagrun for dataset_consumes_unknown_never_scheduled to None, run_after=None
[2026-04-28T12:38:43.443+0000] {logging_mixin.py:188} INFO - [2026-04-28T12:38:43.442+0000] {dag.py:3834} INFO - Setting next_dagrun for dataset_produces_1 to 2026-04-27 00:00:00+00:00, run_after=2026-04-28 00:00:00+00:00
[2026-04-28T12:38:43.444+0000] {logging_mixin.py:188} INFO - [2026-04-28T12:38:43.444+0000] {dag.py:3834} INFO - Setting next_dagrun for dataset_produces_2 to None, run_after=None
[2026-04-28T12:38:43.489+0000] {processor.py:183} INFO - Processing /home/airflow/.local/lib/python3.8/site-packages/airflow/example_dags/example_datasets.py took 0.159 seconds
[2026-04-28T12:39:13.722+0000] {processor.py:161} INFO - Started process (PID=3060) to work on /home/airflow/.local/lib/python3.8/site-packages/airflow/example_dags/example_datasets.py
[2026-04-28T12:39:13.724+0000] {processor.py:830} INFO - Processing file /home/airflow/.local/lib/python3.8/site-packages/airflow/example_dags/example_datasets.py for tasks to queue
[2026-04-28T12:39:13.728+0000] {logging_mixin.py:188} INFO - [2026-04-28T12:39:13.728+0000] {dagbag.py:540} INFO - Filling up the DagBag from /home/airflow/.local/lib/python3.8/site-packages/airflow/example_dags/example_datasets.py
[2026-04-28T12:39:13.741+0000] {processor.py:840} INFO - DAG(s) 'dataset_produces_2', 'dataset_consumes_unknown_never_scheduled', 'dataset_consumes_1_never_scheduled', 'dataset_consumes_1', 'dataset_produces_1', 'dataset_consumes_1_and_2' retrieved from /home/airflow/.local/lib/python3.8/site-packages/airflow/example_dags/example_datasets.py
[2026-04-28T12:39:13.780+0000] {logging_mixin.py:188} INFO - [2026-04-28T12:39:13.780+0000] {dag.py:3047} INFO - Sync 6 DAGs
[2026-04-28T12:39:13.805+0000] {logging_mixin.py:188} INFO - [2026-04-28T12:39:13.805+0000] {dag.py:3834} INFO - Setting next_dagrun for dataset_consumes_1 to None, run_after=None
[2026-04-28T12:39:13.809+0000] {logging_mixin.py:188} INFO - [2026-04-28T12:39:13.809+0000] {dag.py:3834} INFO - Setting next_dagrun for dataset_consumes_1_and_2 to None, run_after=None
[2026-04-28T12:39:13.810+0000] {logging_mixin.py:188} INFO - [2026-04-28T12:39:13.810+0000] {dag.py:3834} INFO - Setting next_dagrun for dataset_consumes_1_never_scheduled to None, run_after=None
[2026-04-28T12:39:13.811+0000] {logging_mixin.py:188} INFO - [2026-04-28T12:39:13.811+0000] {dag.py:3834} INFO - Setting next_dagrun for dataset_consumes_unknown_never_scheduled to None, run_after=None
[2026-04-28T12:39:13.814+0000] {logging_mixin.py:188} INFO - [2026-04-28T12:39:13.814+0000] {dag.py:3834} INFO - Setting next_dagrun for dataset_produces_1 to 2026-04-27 00:00:00+00:00, run_after=2026-04-28 00:00:00+00:00
[2026-04-28T12:39:13.816+0000] {logging_mixin.py:188} INFO - [2026-04-28T12:39:13.816+0000] {dag.py:3834} INFO - Setting next_dagrun for dataset_produces_2 to None, run_after=None
[2026-04-28T12:39:13.847+0000] {processor.py:183} INFO - Processing /home/airflow/.local/lib/python3.8/site-packages/airflow/example_dags/example_datasets.py took 0.128 seconds
[2026-04-28T12:39:44.232+0000] {processor.py:161} INFO - Started process (PID=3116) to work on /home/airflow/.local/lib/python3.8/site-packages/airflow/example_dags/example_datasets.py
[2026-04-28T12:39:44.233+0000] {processor.py:830} INFO - Processing file /home/airflow/.local/lib/python3.8/site-packages/airflow/example_dags/example_datasets.py for tasks to queue
[2026-04-28T12:39:44.235+0000] {logging_mixin.py:188} INFO - [2026-04-28T12:39:44.234+0000] {dagbag.py:540} INFO - Filling up the DagBag from /home/airflow/.local/lib/python3.8/site-packages/airflow/example_dags/example_datasets.py
[2026-04-28T12:39:44.270+0000] {processor.py:840} INFO - DAG(s) 'dataset_consumes_1_and_2', 'dataset_produces_1', 'dataset_consumes_unknown_never_scheduled', 'dataset_produces_2', 'dataset_consumes_1_never_scheduled', 'dataset_consumes_1' retrieved from /home/airflow/.local/lib/python3.8/site-packages/airflow/example_dags/example_datasets.py
[2026-04-28T12:39:44.335+0000] {logging_mixin.py:188} INFO - [2026-04-28T12:39:44.335+0000] {dag.py:3047} INFO - Sync 6 DAGs
[2026-04-28T12:39:44.361+0000] {logging_mixin.py:188} INFO - [2026-04-28T12:39:44.361+0000] {dag.py:3834} INFO - Setting next_dagrun for dataset_consumes_1 to None, run_after=None
[2026-04-28T12:39:44.364+0000] {logging_mixin.py:188} INFO - [2026-04-28T12:39:44.364+0000] {dag.py:3834} INFO - Setting next_dagrun for dataset_consumes_1_and_2 to None, run_after=None
[2026-04-28T12:39:44.366+0000] {logging_mixin.py:188} INFO - [2026-04-28T12:39:44.366+0000] {dag.py:3834} INFO - Setting next_dagrun for dataset_consumes_1_never_scheduled to None, run_after=None
[2026-04-28T12:39:44.367+0000] {logging_mixin.py:188} INFO - [2026-04-28T12:39:44.367+0000] {dag.py:3834} INFO - Setting next_dagrun for dataset_consumes_unknown_never_scheduled to None, run_after=None
[2026-04-28T12:39:44.369+0000] {logging_mixin.py:188} INFO - [2026-04-28T12:39:44.369+0000] {dag.py:3834} INFO - Setting next_dagrun for dataset_produces_1 to 2026-04-27 00:00:00+00:00, run_after=2026-04-28 00:00:00+00:00
[2026-04-28T12:39:44.371+0000] {logging_mixin.py:188} INFO - [2026-04-28T12:39:44.370+0000] {dag.py:3834} INFO - Setting next_dagrun for dataset_produces_2 to None, run_after=None
[2026-04-28T12:39:44.393+0000] {processor.py:183} INFO - Processing /home/airflow/.local/lib/python3.8/site-packages/airflow/example_dags/example_datasets.py took 0.165 seconds
[2026-04-28T12:40:14.826+0000] {processor.py:161} INFO - Started process (PID=3172) to work on /home/airflow/.local/lib/python3.8/site-packages/airflow/example_dags/example_datasets.py
[2026-04-28T12:40:14.827+0000] {processor.py:830} INFO - Processing file /home/airflow/.local/lib/python3.8/site-packages/airflow/example_dags/example_datasets.py for tasks to queue
[2026-04-28T12:40:14.829+0000] {logging_mixin.py:188} INFO - [2026-04-28T12:40:14.829+0000] {dagbag.py:540} INFO - Filling up the DagBag from /home/airflow/.local/lib/python3.8/site-packages/airflow/example_dags/example_datasets.py
[2026-04-28T12:40:14.841+0000] {processor.py:840} INFO - DAG(s) 'dataset_consumes_unknown_never_scheduled', 'dataset_consumes_1_and_2', 'dataset_consumes_1_never_scheduled', 'dataset_produces_2', 'dataset_produces_1', 'dataset_consumes_1' retrieved from /home/airflow/.local/lib/python3.8/site-packages/airflow/example_dags/example_datasets.py
[2026-04-28T12:40:14.880+0000] {logging_mixin.py:188} INFO - [2026-04-28T12:40:14.879+0000] {dag.py:3047} INFO - Sync 6 DAGs
[2026-04-28T12:40:14.905+0000] {logging_mixin.py:188} INFO - [2026-04-28T12:40:14.905+0000] {dag.py:3834} INFO - Setting next_dagrun for dataset_consumes_1 to None, run_after=None
[2026-04-28T12:40:14.908+0000] {logging_mixin.py:188} INFO - [2026-04-28T12:40:14.908+0000] {dag.py:3834} INFO - Setting next_dagrun for dataset_consumes_1_and_2 to None, run_after=None
[2026-04-28T12:40:14.910+0000] {logging_mixin.py:188} INFO - [2026-04-28T12:40:14.909+0000] {dag.py:3834} INFO - Setting next_dagrun for dataset_consumes_1_never_scheduled to None, run_after=None
[2026-04-28T12:40:14.911+0000] {logging_mixin.py:188} INFO - [2026-04-28T12:40:14.911+0000] {dag.py:3834} INFO - Setting next_dagrun for dataset_consumes_unknown_never_scheduled to None, run_after=None
[2026-04-28T12:40:14.914+0000] {logging_mixin.py:188} INFO - [2026-04-28T12:40:14.914+0000] {dag.py:3834} INFO - Setting next_dagrun for dataset_produces_1 to 2026-04-27 00:00:00+00:00, run_after=2026-04-28 00:00:00+00:00
[2026-04-28T12:40:14.915+0000] {logging_mixin.py:188} INFO - [2026-04-28T12:40:14.915+0000] {dag.py:3834} INFO - Setting next_dagrun for dataset_produces_2 to None, run_after=None
[2026-04-28T12:40:14.941+0000] {processor.py:183} INFO - Processing /home/airflow/.local/lib/python3.8/site-packages/airflow/example_dags/example_datasets.py took 0.119 seconds
[2026-04-28T12:40:45.316+0000] {processor.py:161} INFO - Started process (PID=3228) to work on /home/airflow/.local/lib/python3.8/site-packages/airflow/example_dags/example_datasets.py
[2026-04-28T12:40:45.317+0000] {processor.py:830} INFO - Processing file /home/airflow/.local/lib/python3.8/site-packages/airflow/example_dags/example_datasets.py for tasks to queue
[2026-04-28T12:40:45.327+0000] {logging_mixin.py:188} INFO - [2026-04-28T12:40:45.327+0000] {dagbag.py:540} INFO - Filling up the DagBag from /home/airflow/.local/lib/python3.8/site-packages/airflow/example_dags/example_datasets.py
[2026-04-28T12:40:45.384+0000] {processor.py:840} INFO - DAG(s) 'dataset_consumes_1_and_2', 'dataset_consumes_unknown_never_scheduled', 'dataset_produces_1', 'dataset_consumes_1', 'dataset_produces_2', 'dataset_consumes_1_never_scheduled' retrieved from /home/airflow/.local/lib/python3.8/site-packages/airflow/example_dags/example_datasets.py
[2026-04-28T12:40:45.531+0000] {logging_mixin.py:188} INFO - [2026-04-28T12:40:45.531+0000] {dag.py:3047} INFO - Sync 6 DAGs
[2026-04-28T12:40:45.755+0000] {logging_mixin.py:188} INFO - [2026-04-28T12:40:45.751+0000] {dag.py:3834} INFO - Setting next_dagrun for dataset_consumes_1 to None, run_after=None
[2026-04-28T12:40:45.779+0000] {logging_mixin.py:188} INFO - [2026-04-28T12:40:45.779+0000] {dag.py:3834} INFO - Setting next_dagrun for dataset_consumes_1_and_2 to None, run_after=None
[2026-04-28T12:40:45.788+0000] {logging_mixin.py:188} INFO - [2026-04-28T12:40:45.783+0000] {dag.py:3834} INFO - Setting next_dagrun for dataset_consumes_1_never_scheduled to None, run_after=None
[2026-04-28T12:40:45.790+0000] {logging_mixin.py:188} INFO - [2026-04-28T12:40:45.790+0000] {dag.py:3834} INFO - Setting next_dagrun for dataset_consumes_unknown_never_scheduled to None, run_after=None
[2026-04-28T12:40:45.799+0000] {logging_mixin.py:188} INFO - [2026-04-28T12:40:45.798+0000] {dag.py:3834} INFO - Setting next_dagrun for dataset_produces_1 to 2026-04-27 00:00:00+00:00, run_after=2026-04-28 00:00:00+00:00
[2026-04-28T12:40:45.806+0000] {logging_mixin.py:188} INFO - [2026-04-28T12:40:45.806+0000] {dag.py:3834} INFO - Setting next_dagrun for dataset_produces_2 to None, run_after=None
[2026-04-28T12:40:45.849+0000] {processor.py:183} INFO - Processing /home/airflow/.local/lib/python3.8/site-packages/airflow/example_dags/example_datasets.py took 0.552 seconds
[2026-04-28T12:41:16.541+0000] {processor.py:161} INFO - Started process (PID=3284) to work on /home/airflow/.local/lib/python3.8/site-packages/airflow/example_dags/example_datasets.py
[2026-04-28T12:41:16.542+0000] {processor.py:830} INFO - Processing file /home/airflow/.local/lib/python3.8/site-packages/airflow/example_dags/example_datasets.py for tasks to queue
[2026-04-28T12:41:16.544+0000] {logging_mixin.py:188} INFO - [2026-04-28T12:41:16.544+0000] {dagbag.py:540} INFO - Filling up the DagBag from /home/airflow/.local/lib/python3.8/site-packages/airflow/example_dags/example_datasets.py
[2026-04-28T12:41:16.556+0000] {processor.py:840} INFO - DAG(s) 'dataset_consumes_1_never_scheduled', 'dataset_consumes_1', 'dataset_produces_1', 'dataset_consumes_unknown_never_scheduled', 'dataset_consumes_1_and_2', 'dataset_produces_2' retrieved from /home/airflow/.local/lib/python3.8/site-packages/airflow/example_dags/example_datasets.py
[2026-04-28T12:41:16.666+0000] {logging_mixin.py:188} INFO - [2026-04-28T12:41:16.665+0000] {dag.py:3047} INFO - Sync 6 DAGs
[2026-04-28T12:41:16.718+0000] {logging_mixin.py:188} INFO - [2026-04-28T12:41:16.718+0000] {dag.py:3834} INFO - Setting next_dagrun for dataset_consumes_1 to None, run_after=None
[2026-04-28T12:41:16.721+0000] {logging_mixin.py:188} INFO - [2026-04-28T12:41:16.721+0000] {dag.py:3834} INFO - Setting next_dagrun for dataset_consumes_1_and_2 to None, run_after=None
[2026-04-28T12:41:16.722+0000] {logging_mixin.py:188} INFO - [2026-04-28T12:41:16.722+0000] {dag.py:3834} INFO - Setting next_dagrun for dataset_consumes_1_never_scheduled to None, run_after=None
[2026-04-28T12:41:16.723+0000] {logging_mixin.py:188} INFO - [2026-04-28T12:41:16.723+0000] {dag.py:3834} INFO - Setting next_dagrun for dataset_consumes_unknown_never_scheduled to None, run_after=None
[2026-04-28T12:41:16.725+0000] {logging_mixin.py:188} INFO - [2026-04-28T12:41:16.725+0000] {dag.py:3834} INFO - Setting next_dagrun for dataset_produces_1 to 2026-04-27 00:00:00+00:00, run_after=2026-04-28 00:00:00+00:00
[2026-04-28T12:41:16.727+0000] {logging_mixin.py:188} INFO - [2026-04-28T12:41:16.727+0000] {dag.py:3834} INFO - Setting next_dagrun for dataset_produces_2 to None, run_after=None
[2026-04-28T12:41:16.749+0000] {processor.py:183} INFO - Processing /home/airflow/.local/lib/python3.8/site-packages/airflow/example_dags/example_datasets.py took 0.211 seconds
[2026-04-28T12:41:46.956+0000] {processor.py:161} INFO - Started process (PID=3340) to work on /home/airflow/.local/lib/python3.8/site-packages/airflow/example_dags/example_datasets.py
[2026-04-28T12:41:46.957+0000] {processor.py:830} INFO - Processing file /home/airflow/.local/lib/python3.8/site-packages/airflow/example_dags/example_datasets.py for tasks to queue
[2026-04-28T12:41:46.959+0000] {logging_mixin.py:188} INFO - [2026-04-28T12:41:46.959+0000] {dagbag.py:540} INFO - Filling up the DagBag from /home/airflow/.local/lib/python3.8/site-packages/airflow/example_dags/example_datasets.py
[2026-04-28T12:41:46.971+0000] {processor.py:840} INFO - DAG(s) 'dataset_produces_1', 'dataset_consumes_1', 'dataset_consumes_1_and_2', 'dataset_consumes_1_never_scheduled', 'dataset_produces_2', 'dataset_consumes_unknown_never_scheduled' retrieved from /home/airflow/.local/lib/python3.8/site-packages/airflow/example_dags/example_datasets.py
[2026-04-28T12:41:47.012+0000] {logging_mixin.py:188} INFO - [2026-04-28T12:41:47.012+0000] {dag.py:3047} INFO - Sync 6 DAGs
[2026-04-28T12:41:47.037+0000] {logging_mixin.py:188} INFO - [2026-04-28T12:41:47.037+0000] {dag.py:3834} INFO - Setting next_dagrun for dataset_consumes_1 to None, run_after=None
[2026-04-28T12:41:47.040+0000] {logging_mixin.py:188} INFO - [2026-04-28T12:41:47.040+0000] {dag.py:3834} INFO - Setting next_dagrun for dataset_consumes_1_and_2 to None, run_after=None
[2026-04-28T12:41:47.042+0000] {logging_mixin.py:188} INFO - [2026-04-28T12:41:47.041+0000] {dag.py:3834} INFO - Setting next_dagrun for dataset_consumes_1_never_scheduled to None, run_after=None
[2026-04-28T12:41:47.043+0000] {logging_mixin.py:188} INFO - [2026-04-28T12:41:47.043+0000] {dag.py:3834} INFO - Setting next_dagrun for dataset_consumes_unknown_never_scheduled to None, run_after=None
[2026-04-28T12:41:47.046+0000] {logging_mixin.py:188} INFO - [2026-04-28T12:41:47.046+0000] {dag.py:3834} INFO - Setting next_dagrun for dataset_produces_1 to 2026-04-27 00:00:00+00:00, run_after=2026-04-28 00:00:00+00:00
[2026-04-28T12:41:47.049+0000] {logging_mixin.py:188} INFO - [2026-04-28T12:41:47.048+0000] {dag.py:3834} INFO - Setting next_dagrun for dataset_produces_2 to None, run_after=None
[2026-04-28T12:41:47.074+0000] {processor.py:183} INFO - Processing /home/airflow/.local/lib/python3.8/site-packages/airflow/example_dags/example_datasets.py took 0.121 seconds
[2026-04-28T12:42:17.156+0000] {processor.py:161} INFO - Started process (PID=3396) to work on /home/airflow/.local/lib/python3.8/site-packages/airflow/example_dags/example_datasets.py
[2026-04-28T12:42:17.157+0000] {processor.py:830} INFO - Processing file /home/airflow/.local/lib/python3.8/site-packages/airflow/example_dags/example_datasets.py for tasks to queue
[2026-04-28T12:42:17.159+0000] {logging_mixin.py:188} INFO - [2026-04-28T12:42:17.159+0000] {dagbag.py:540} INFO - Filling up the DagBag from /home/airflow/.local/lib/python3.8/site-packages/airflow/example_dags/example_datasets.py
[2026-04-28T12:42:17.171+0000] {processor.py:840} INFO - DAG(s) 'dataset_consumes_1', 'dataset_produces_1', 'dataset_consumes_1_and_2', 'dataset_consumes_1_never_scheduled', 'dataset_consumes_unknown_never_scheduled', 'dataset_produces_2' retrieved from /home/airflow/.local/lib/python3.8/site-packages/airflow/example_dags/example_datasets.py
[2026-04-28T12:42:17.210+0000] {logging_mixin.py:188} INFO - [2026-04-28T12:42:17.210+0000] {dag.py:3047} INFO - Sync 6 DAGs
[2026-04-28T12:42:17.237+0000] {logging_mixin.py:188} INFO - [2026-04-28T12:42:17.236+0000] {dag.py:3834} INFO - Setting next_dagrun for dataset_consumes_1 to None, run_after=None
[2026-04-28T12:42:17.240+0000] {logging_mixin.py:188} INFO - [2026-04-28T12:42:17.240+0000] {dag.py:3834} INFO - Setting next_dagrun for dataset_consumes_1_and_2 to None, run_after=None
[2026-04-28T12:42:17.242+0000] {logging_mixin.py:188} INFO - [2026-04-28T12:42:17.241+0000] {dag.py:3834} INFO - Setting next_dagrun for dataset_consumes_1_never_scheduled to None, run_after=None
[2026-04-28T12:42:17.243+0000] {logging_mixin.py:188} INFO - [2026-04-28T12:42:17.243+0000] {dag.py:3834} INFO - Setting next_dagrun for dataset_consumes_unknown_never_scheduled to None, run_after=None
[2026-04-28T12:42:17.247+0000] {logging_mixin.py:188} INFO - [2026-04-28T12:42:17.247+0000] {dag.py:3834} INFO - Setting next_dagrun for dataset_produces_1 to 2026-04-27 00:00:00+00:00, run_after=2026-04-28 00:00:00+00:00
[2026-04-28T12:42:17.248+0000] {logging_mixin.py:188} INFO - [2026-04-28T12:42:17.248+0000] {dag.py:3834} INFO - Setting next_dagrun for dataset_produces_2 to None, run_after=None
[2026-04-28T12:42:17.369+0000] {processor.py:183} INFO - Processing /home/airflow/.local/lib/python3.8/site-packages/airflow/example_dags/example_datasets.py took 0.227 seconds
[2026-04-28T12:42:47.569+0000] {processor.py:161} INFO - Started process (PID=3452) to work on /home/airflow/.local/lib/python3.8/site-packages/airflow/example_dags/example_datasets.py
[2026-04-28T12:42:47.570+0000] {processor.py:830} INFO - Processing file /home/airflow/.local/lib/python3.8/site-packages/airflow/example_dags/example_datasets.py for tasks to queue
[2026-04-28T12:42:47.572+0000] {logging_mixin.py:188} INFO - [2026-04-28T12:42:47.572+0000] {dagbag.py:540} INFO - Filling up the DagBag from /home/airflow/.local/lib/python3.8/site-packages/airflow/example_dags/example_datasets.py
[2026-04-28T12:42:47.584+0000] {processor.py:840} INFO - DAG(s) 'dataset_consumes_1', 'dataset_produces_1', 'dataset_consumes_unknown_never_scheduled', 'dataset_consumes_1_never_scheduled', 'dataset_consumes_1_and_2', 'dataset_produces_2' retrieved from /home/airflow/.local/lib/python3.8/site-packages/airflow/example_dags/example_datasets.py
[2026-04-28T12:42:47.640+0000] {logging_mixin.py:188} INFO - [2026-04-28T12:42:47.640+0000] {dag.py:3047} INFO - Sync 6 DAGs
[2026-04-28T12:42:47.691+0000] {logging_mixin.py:188} INFO - [2026-04-28T12:42:47.691+0000] {dag.py:3834} INFO - Setting next_dagrun for dataset_consumes_1 to None, run_after=None
[2026-04-28T12:42:47.695+0000] {logging_mixin.py:188} INFO - [2026-04-28T12:42:47.695+0000] {dag.py:3834} INFO - Setting next_dagrun for dataset_consumes_1_and_2 to None, run_after=None
[2026-04-28T12:42:47.696+0000] {logging_mixin.py:188} INFO - [2026-04-28T12:42:47.696+0000] {dag.py:3834} INFO - Setting next_dagrun for dataset_consumes_1_never_scheduled to None, run_after=None
[2026-04-28T12:42:47.698+0000] {logging_mixin.py:188} INFO - [2026-04-28T12:42:47.698+0000] {dag.py:3834} INFO - Setting next_dagrun for dataset_consumes_unknown_never_scheduled to None, run_after=None
[2026-04-28T12:42:47.701+0000] {logging_mixin.py:188} INFO - [2026-04-28T12:42:47.701+0000] {dag.py:3834} INFO - Setting next_dagrun for dataset_produces_1 to 2026-04-27 00:00:00+00:00, run_after=2026-04-28 00:00:00+00:00
[2026-04-28T12:42:47.702+0000] {logging_mixin.py:188} INFO - [2026-04-28T12:42:47.702+0000] {dag.py:3834} INFO - Setting next_dagrun for dataset_produces_2 to None, run_after=None
[2026-04-28T12:42:47.733+0000] {processor.py:183} INFO - Processing /home/airflow/.local/lib/python3.8/site-packages/airflow/example_dags/example_datasets.py took 0.168 seconds
[2026-04-28T12:43:17.862+0000] {processor.py:161} INFO - Started process (PID=3508) to work on /home/airflow/.local/lib/python3.8/site-packages/airflow/example_dags/example_datasets.py
[2026-04-28T12:43:17.863+0000] {processor.py:830} INFO - Processing file /home/airflow/.local/lib/python3.8/site-packages/airflow/example_dags/example_datasets.py for tasks to queue
[2026-04-28T12:43:17.865+0000] {logging_mixin.py:188} INFO - [2026-04-28T12:43:17.865+0000] {dagbag.py:540} INFO - Filling up the DagBag from /home/airflow/.local/lib/python3.8/site-packages/airflow/example_dags/example_datasets.py
[2026-04-28T12:43:17.877+0000] {processor.py:840} INFO - DAG(s) 'dataset_consumes_unknown_never_scheduled', 'dataset_produces_1', 'dataset_produces_2', 'dataset_consumes_1_never_scheduled', 'dataset_consumes_1', 'dataset_consumes_1_and_2' retrieved from /home/airflow/.local/lib/python3.8/site-packages/airflow/example_dags/example_datasets.py
[2026-04-28T12:43:18.004+0000] {logging_mixin.py:188} INFO - [2026-04-28T12:43:18.004+0000] {dag.py:3047} INFO - Sync 6 DAGs
[2026-04-28T12:43:18.061+0000] {logging_mixin.py:188} INFO - [2026-04-28T12:43:18.060+0000] {dag.py:3834} INFO - Setting next_dagrun for dataset_consumes_1 to None, run_after=None
[2026-04-28T12:43:18.065+0000] {logging_mixin.py:188} INFO - [2026-04-28T12:43:18.065+0000] {dag.py:3834} INFO - Setting next_dagrun for dataset_consumes_1_and_2 to None, run_after=None
[2026-04-28T12:43:18.066+0000] {logging_mixin.py:188} INFO - [2026-04-28T12:43:18.066+0000] {dag.py:3834} INFO - Setting next_dagrun for dataset_consumes_1_never_scheduled to None, run_after=None
[2026-04-28T12:43:18.068+0000] {logging_mixin.py:188} INFO - [2026-04-28T12:43:18.068+0000] {dag.py:3834} INFO - Setting next_dagrun for dataset_consumes_unknown_never_scheduled to None, run_after=None
[2026-04-28T12:43:18.071+0000] {logging_mixin.py:188} INFO - [2026-04-28T12:43:18.070+0000] {dag.py:3834} INFO - Setting next_dagrun for dataset_produces_1 to 2026-04-27 00:00:00+00:00, run_after=2026-04-28 00:00:00+00:00
[2026-04-28T12:43:18.072+0000] {logging_mixin.py:188} INFO - [2026-04-28T12:43:18.072+0000] {dag.py:3834} INFO - Setting next_dagrun for dataset_produces_2 to None, run_after=None
[2026-04-28T12:43:18.097+0000] {processor.py:183} INFO - Processing /home/airflow/.local/lib/python3.8/site-packages/airflow/example_dags/example_datasets.py took 0.240 seconds
[2026-04-28T12:43:48.141+0000] {processor.py:161} INFO - Started process (PID=3563) to work on /home/airflow/.local/lib/python3.8/site-packages/airflow/example_dags/example_datasets.py
[2026-04-28T12:43:48.142+0000] {processor.py:830} INFO - Processing file /home/airflow/.local/lib/python3.8/site-packages/airflow/example_dags/example_datasets.py for tasks to queue
[2026-04-28T12:43:48.144+0000] {logging_mixin.py:188} INFO - [2026-04-28T12:43:48.144+0000] {dagbag.py:540} INFO - Filling up the DagBag from /home/airflow/.local/lib/python3.8/site-packages/airflow/example_dags/example_datasets.py
[2026-04-28T12:43:48.156+0000] {processor.py:840} INFO - DAG(s) 'dataset_consumes_1_and_2', 'dataset_consumes_1', 'dataset_produces_1', 'dataset_consumes_unknown_never_scheduled', 'dataset_consumes_1_never_scheduled', 'dataset_produces_2' retrieved from /home/airflow/.local/lib/python3.8/site-packages/airflow/example_dags/example_datasets.py
[2026-04-28T12:43:48.195+0000] {logging_mixin.py:188} INFO - [2026-04-28T12:43:48.195+0000] {dag.py:3047} INFO - Sync 6 DAGs
[2026-04-28T12:43:48.223+0000] {logging_mixin.py:188} INFO - [2026-04-28T12:43:48.222+0000] {dag.py:3834} INFO - Setting next_dagrun for dataset_consumes_1 to None, run_after=None
[2026-04-28T12:43:48.226+0000] {logging_mixin.py:188} INFO - [2026-04-28T12:43:48.226+0000] {dag.py:3834} INFO - Setting next_dagrun for dataset_consumes_1_and_2 to None, run_after=None
[2026-04-28T12:43:48.227+0000] {logging_mixin.py:188} INFO - [2026-04-28T12:43:48.227+0000] {dag.py:3834} INFO - Setting next_dagrun for dataset_consumes_1_never_scheduled to None, run_after=None
[2026-04-28T12:43:48.229+0000] {logging_mixin.py:188} INFO - [2026-04-28T12:43:48.228+0000] {dag.py:3834} INFO - Setting next_dagrun for dataset_consumes_unknown_never_scheduled to None, run_after=None
[2026-04-28T12:43:48.232+0000] {logging_mixin.py:188} INFO - [2026-04-28T12:43:48.232+0000] {dag.py:3834} INFO - Setting next_dagrun for dataset_produces_1 to 2026-04-27 00:00:00+00:00, run_after=2026-04-28 00:00:00+00:00
[2026-04-28T12:43:48.233+0000] {logging_mixin.py:188} INFO - [2026-04-28T12:43:48.233+0000] {dag.py:3834} INFO - Setting next_dagrun for dataset_produces_2 to None, run_after=None
[2026-04-28T12:43:48.258+0000] {processor.py:183} INFO - Processing /home/airflow/.local/lib/python3.8/site-packages/airflow/example_dags/example_datasets.py took 0.121 seconds
[2026-04-28T12:44:18.311+0000] {processor.py:161} INFO - Started process (PID=3619) to work on /home/airflow/.local/lib/python3.8/site-packages/airflow/example_dags/example_datasets.py
[2026-04-28T12:44:18.312+0000] {processor.py:830} INFO - Processing file /home/airflow/.local/lib/python3.8/site-packages/airflow/example_dags/example_datasets.py for tasks to queue
[2026-04-28T12:44:18.314+0000] {logging_mixin.py:188} INFO - [2026-04-28T12:44:18.314+0000] {dagbag.py:540} INFO - Filling up the DagBag from /home/airflow/.local/lib/python3.8/site-packages/airflow/example_dags/example_datasets.py
[2026-04-28T12:44:18.326+0000] {processor.py:840} INFO - DAG(s) 'dataset_produces_2', 'dataset_consumes_unknown_never_scheduled', 'dataset_consumes_1_and_2', 'dataset_consumes_1_never_scheduled', 'dataset_consumes_1', 'dataset_produces_1' retrieved from /home/airflow/.local/lib/python3.8/site-packages/airflow/example_dags/example_datasets.py
[2026-04-28T12:44:18.393+0000] {logging_mixin.py:188} INFO - [2026-04-28T12:44:18.393+0000] {dag.py:3047} INFO - Sync 6 DAGs
[2026-04-28T12:44:18.418+0000] {logging_mixin.py:188} INFO - [2026-04-28T12:44:18.418+0000] {dag.py:3834} INFO - Setting next_dagrun for dataset_consumes_1 to None, run_after=None
[2026-04-28T12:44:18.422+0000] {logging_mixin.py:188} INFO - [2026-04-28T12:44:18.422+0000] {dag.py:3834} INFO - Setting next_dagrun for dataset_consumes_1_and_2 to None, run_after=None
[2026-04-28T12:44:18.423+0000] {logging_mixin.py:188} INFO - [2026-04-28T12:44:18.423+0000] {dag.py:3834} INFO - Setting next_dagrun for dataset_consumes_1_never_scheduled to None, run_after=None
[2026-04-28T12:44:18.425+0000] {logging_mixin.py:188} INFO - [2026-04-28T12:44:18.424+0000] {dag.py:3834} INFO - Setting next_dagrun for dataset_consumes_unknown_never_scheduled to None, run_after=None
[2026-04-28T12:44:18.428+0000] {logging_mixin.py:188} INFO - [2026-04-28T12:44:18.428+0000] {dag.py:3834} INFO - Setting next_dagrun for dataset_produces_1 to 2026-04-27 00:00:00+00:00, run_after=2026-04-28 00:00:00+00:00
[2026-04-28T12:44:18.429+0000] {logging_mixin.py:188} INFO - [2026-04-28T12:44:18.429+0000] {dag.py:3834} INFO - Setting next_dagrun for dataset_produces_2 to None, run_after=None
[2026-04-28T12:44:18.457+0000] {processor.py:183} INFO - Processing /home/airflow/.local/lib/python3.8/site-packages/airflow/example_dags/example_datasets.py took 0.150 seconds
[2026-04-28T12:44:49.008+0000] {processor.py:161} INFO - Started process (PID=3675) to work on /home/airflow/.local/lib/python3.8/site-packages/airflow/example_dags/example_datasets.py
[2026-04-28T12:44:49.009+0000] {processor.py:830} INFO - Processing file /home/airflow/.local/lib/python3.8/site-packages/airflow/example_dags/example_datasets.py for tasks to queue
[2026-04-28T12:44:49.011+0000] {logging_mixin.py:188} INFO - [2026-04-28T12:44:49.010+0000] {dagbag.py:540} INFO - Filling up the DagBag from /home/airflow/.local/lib/python3.8/site-packages/airflow/example_dags/example_datasets.py
[2026-04-28T12:44:49.023+0000] {processor.py:840} INFO - DAG(s) 'dataset_consumes_unknown_never_scheduled', 'dataset_consumes_1', 'dataset_produces_1', 'dataset_produces_2', 'dataset_consumes_1_never_scheduled', 'dataset_consumes_1_and_2' retrieved from /home/airflow/.local/lib/python3.8/site-packages/airflow/example_dags/example_datasets.py
[2026-04-28T12:44:49.084+0000] {logging_mixin.py:188} INFO - [2026-04-28T12:44:49.084+0000] {dag.py:3047} INFO - Sync 6 DAGs
[2026-04-28T12:44:49.111+0000] {logging_mixin.py:188} INFO - [2026-04-28T12:44:49.110+0000] {dag.py:3834} INFO - Setting next_dagrun for dataset_consumes_1 to None, run_after=None
[2026-04-28T12:44:49.114+0000] {logging_mixin.py:188} INFO - [2026-04-28T12:44:49.114+0000] {dag.py:3834} INFO - Setting next_dagrun for dataset_consumes_1_and_2 to None, run_after=None
[2026-04-28T12:44:49.116+0000] {logging_mixin.py:188} INFO - [2026-04-28T12:44:49.115+0000] {dag.py:3834} INFO - Setting next_dagrun for dataset_consumes_1_never_scheduled to None, run_after=None
[2026-04-28T12:44:49.117+0000] {logging_mixin.py:188} INFO - [2026-04-28T12:44:49.117+0000] {dag.py:3834} INFO - Setting next_dagrun for dataset_consumes_unknown_never_scheduled to None, run_after=None
[2026-04-28T12:44:49.120+0000] {logging_mixin.py:188} INFO - [2026-04-28T12:44:49.120+0000] {dag.py:3834} INFO - Setting next_dagrun for dataset_produces_1 to 2026-04-27 00:00:00+00:00, run_after=2026-04-28 00:00:00+00:00
[2026-04-28T12:44:49.122+0000] {logging_mixin.py:188} INFO - [2026-04-28T12:44:49.121+0000] {dag.py:3834} INFO - Setting next_dagrun for dataset_produces_2 to None, run_after=None
[2026-04-28T12:44:49.155+0000] {processor.py:183} INFO - Processing /home/airflow/.local/lib/python3.8/site-packages/airflow/example_dags/example_datasets.py took 0.151 seconds
[2026-04-28T12:45:19.875+0000] {processor.py:161} INFO - Started process (PID=3730) to work on /home/airflow/.local/lib/python3.8/site-packages/airflow/example_dags/example_datasets.py
[2026-04-28T12:45:19.877+0000] {processor.py:830} INFO - Processing file /home/airflow/.local/lib/python3.8/site-packages/airflow/example_dags/example_datasets.py for tasks to queue
[2026-04-28T12:45:19.880+0000] {logging_mixin.py:188} INFO - [2026-04-28T12:45:19.879+0000] {dagbag.py:540} INFO - Filling up the DagBag from /home/airflow/.local/lib/python3.8/site-packages/airflow/example_dags/example_datasets.py
[2026-04-28T12:45:19.895+0000] {processor.py:840} INFO - DAG(s) 'dataset_consumes_1_and_2', 'dataset_consumes_1_never_scheduled', 'dataset_produces_1', 'dataset_consumes_1', 'dataset_produces_2', 'dataset_consumes_unknown_never_scheduled' retrieved from /home/airflow/.local/lib/python3.8/site-packages/airflow/example_dags/example_datasets.py
[2026-04-28T12:45:19.934+0000] {logging_mixin.py:188} INFO - [2026-04-28T12:45:19.933+0000] {dag.py:3047} INFO - Sync 6 DAGs
[2026-04-28T12:45:19.960+0000] {logging_mixin.py:188} INFO - [2026-04-28T12:45:19.959+0000] {dag.py:3834} INFO - Setting next_dagrun for dataset_consumes_1 to None, run_after=None
[2026-04-28T12:45:19.963+0000] {logging_mixin.py:188} INFO - [2026-04-28T12:45:19.963+0000] {dag.py:3834} INFO - Setting next_dagrun for dataset_consumes_1_and_2 to None, run_after=None
[2026-04-28T12:45:19.965+0000] {logging_mixin.py:188} INFO - [2026-04-28T12:45:19.964+0000] {dag.py:3834} INFO - Setting next_dagrun for dataset_consumes_1_never_scheduled to None, run_after=None
[2026-04-28T12:45:19.966+0000] {logging_mixin.py:188} INFO - [2026-04-28T12:45:19.966+0000] {dag.py:3834} INFO - Setting next_dagrun for dataset_consumes_unknown_never_scheduled to None, run_after=None
[2026-04-28T12:45:19.969+0000] {logging_mixin.py:188} INFO - [2026-04-28T12:45:19.969+0000] {dag.py:3834} INFO - Setting next_dagrun for dataset_produces_1 to 2026-04-27 00:00:00+00:00, run_after=2026-04-28 00:00:00+00:00
[2026-04-28T12:45:19.970+0000] {logging_mixin.py:188} INFO - [2026-04-28T12:45:19.970+0000] {dag.py:3834} INFO - Setting next_dagrun for dataset_produces_2 to None, run_after=None
[2026-04-28T12:45:20.004+0000] {processor.py:183} INFO - Processing /home/airflow/.local/lib/python3.8/site-packages/airflow/example_dags/example_datasets.py took 0.132 seconds
[2026-04-28T12:45:50.858+0000] {processor.py:161} INFO - Started process (PID=3786) to work on /home/airflow/.local/lib/python3.8/site-packages/airflow/example_dags/example_datasets.py
[2026-04-28T12:45:50.859+0000] {processor.py:830} INFO - Processing file /home/airflow/.local/lib/python3.8/site-packages/airflow/example_dags/example_datasets.py for tasks to queue
[2026-04-28T12:45:50.861+0000] {logging_mixin.py:188} INFO - [2026-04-28T12:45:50.860+0000] {dagbag.py:540} INFO - Filling up the DagBag from /home/airflow/.local/lib/python3.8/site-packages/airflow/example_dags/example_datasets.py
[2026-04-28T12:45:50.872+0000] {processor.py:840} INFO - DAG(s) 'dataset_produces_1', 'dataset_produces_2', 'dataset_consumes_1', 'dataset_consumes_unknown_never_scheduled', 'dataset_consumes_1_and_2', 'dataset_consumes_1_never_scheduled' retrieved from /home/airflow/.local/lib/python3.8/site-packages/airflow/example_dags/example_datasets.py
[2026-04-28T12:45:50.912+0000] {logging_mixin.py:188} INFO - [2026-04-28T12:45:50.912+0000] {dag.py:3047} INFO - Sync 6 DAGs
[2026-04-28T12:45:50.939+0000] {logging_mixin.py:188} INFO - [2026-04-28T12:45:50.939+0000] {dag.py:3834} INFO - Setting next_dagrun for dataset_consumes_1 to None, run_after=None
[2026-04-28T12:45:50.943+0000] {logging_mixin.py:188} INFO - [2026-04-28T12:45:50.942+0000] {dag.py:3834} INFO - Setting next_dagrun for dataset_consumes_1_and_2 to None, run_after=None
[2026-04-28T12:45:50.944+0000] {logging_mixin.py:188} INFO - [2026-04-28T12:45:50.944+0000] {dag.py:3834} INFO - Setting next_dagrun for dataset_consumes_1_never_scheduled to None, run_after=None
[2026-04-28T12:45:50.945+0000] {logging_mixin.py:188} INFO - [2026-04-28T12:45:50.945+0000] {dag.py:3834} INFO - Setting next_dagrun for dataset_consumes_unknown_never_scheduled to None, run_after=None
[2026-04-28T12:45:50.948+0000] {logging_mixin.py:188} INFO - [2026-04-28T12:45:50.948+0000] {dag.py:3834} INFO - Setting next_dagrun for dataset_produces_1 to 2026-04-27 00:00:00+00:00, run_after=2026-04-28 00:00:00+00:00
[2026-04-28T12:45:50.950+0000] {logging_mixin.py:188} INFO - [2026-04-28T12:45:50.950+0000] {dag.py:3834} INFO - Setting next_dagrun for dataset_produces_2 to None, run_after=None
[2026-04-28T12:45:50.982+0000] {processor.py:183} INFO - Processing /home/airflow/.local/lib/python3.8/site-packages/airflow/example_dags/example_datasets.py took 0.128 seconds
[2026-04-28T12:46:21.073+0000] {processor.py:161} INFO - Started process (PID=3842) to work on /home/airflow/.local/lib/python3.8/site-packages/airflow/example_dags/example_datasets.py
[2026-04-28T12:46:21.074+0000] {processor.py:830} INFO - Processing file /home/airflow/.local/lib/python3.8/site-packages/airflow/example_dags/example_datasets.py for tasks to queue
[2026-04-28T12:46:21.078+0000] {logging_mixin.py:188} INFO - [2026-04-28T12:46:21.077+0000] {dagbag.py:540} INFO - Filling up the DagBag from /home/airflow/.local/lib/python3.8/site-packages/airflow/example_dags/example_datasets.py
[2026-04-28T12:46:21.102+0000] {processor.py:840} INFO - DAG(s) 'dataset_consumes_1', 'dataset_consumes_1_never_scheduled', 'dataset_produces_2', 'dataset_produces_1', 'dataset_consumes_1_and_2', 'dataset_consumes_unknown_never_scheduled' retrieved from /home/airflow/.local/lib/python3.8/site-packages/airflow/example_dags/example_datasets.py
[2026-04-28T12:46:21.157+0000] {logging_mixin.py:188} INFO - [2026-04-28T12:46:21.157+0000] {dag.py:3047} INFO - Sync 6 DAGs
[2026-04-28T12:46:21.187+0000] {logging_mixin.py:188} INFO - [2026-04-28T12:46:21.187+0000] {dag.py:3834} INFO - Setting next_dagrun for dataset_consumes_1 to None, run_after=None
[2026-04-28T12:46:21.191+0000] {logging_mixin.py:188} INFO - [2026-04-28T12:46:21.191+0000] {dag.py:3834} INFO - Setting next_dagrun for dataset_consumes_1_and_2 to None, run_after=None
[2026-04-28T12:46:21.192+0000] {logging_mixin.py:188} INFO - [2026-04-28T12:46:21.192+0000] {dag.py:3834} INFO - Setting next_dagrun for dataset_consumes_1_never_scheduled to None, run_after=None
[2026-04-28T12:46:21.194+0000] {logging_mixin.py:188} INFO - [2026-04-28T12:46:21.193+0000] {dag.py:3834} INFO - Setting next_dagrun for dataset_consumes_unknown_never_scheduled to None, run_after=None
[2026-04-28T12:46:21.197+0000] {logging_mixin.py:188} INFO - [2026-04-28T12:46:21.197+0000] {dag.py:3834} INFO - Setting next_dagrun for dataset_produces_1 to 2026-04-27 00:00:00+00:00, run_after=2026-04-28 00:00:00+00:00
[2026-04-28T12:46:21.198+0000] {logging_mixin.py:188} INFO - [2026-04-28T12:46:21.198+0000] {dag.py:3834} INFO - Setting next_dagrun for dataset_produces_2 to None, run_after=None
[2026-04-28T12:46:21.226+0000] {processor.py:183} INFO - Processing /home/airflow/.local/lib/python3.8/site-packages/airflow/example_dags/example_datasets.py took 0.165 seconds
[2026-04-28T12:46:51.479+0000] {processor.py:161} INFO - Started process (PID=3898) to work on /home/airflow/.local/lib/python3.8/site-packages/airflow/example_dags/example_datasets.py
[2026-04-28T12:46:51.480+0000] {processor.py:830} INFO - Processing file /home/airflow/.local/lib/python3.8/site-packages/airflow/example_dags/example_datasets.py for tasks to queue
[2026-04-28T12:46:51.482+0000] {logging_mixin.py:188} INFO - [2026-04-28T12:46:51.481+0000] {dagbag.py:540} INFO - Filling up the DagBag from /home/airflow/.local/lib/python3.8/site-packages/airflow/example_dags/example_datasets.py
[2026-04-28T12:46:51.497+0000] {processor.py:840} INFO - DAG(s) 'dataset_produces_1', 'dataset_consumes_1_never_scheduled', 'dataset_produces_2', 'dataset_consumes_unknown_never_scheduled', 'dataset_consumes_1_and_2', 'dataset_consumes_1' retrieved from /home/airflow/.local/lib/python3.8/site-packages/airflow/example_dags/example_datasets.py
[2026-04-28T12:46:51.539+0000] {logging_mixin.py:188} INFO - [2026-04-28T12:46:51.539+0000] {dag.py:3047} INFO - Sync 6 DAGs
[2026-04-28T12:46:51.582+0000] {logging_mixin.py:188} INFO - [2026-04-28T12:46:51.582+0000] {dag.py:3834} INFO - Setting next_dagrun for dataset_consumes_1 to None, run_after=None
[2026-04-28T12:46:51.588+0000] {logging_mixin.py:188} INFO - [2026-04-28T12:46:51.587+0000] {dag.py:3834} INFO - Setting next_dagrun for dataset_consumes_1_and_2 to None, run_after=None
[2026-04-28T12:46:51.589+0000] {logging_mixin.py:188} INFO - [2026-04-28T12:46:51.589+0000] {dag.py:3834} INFO - Setting next_dagrun for dataset_consumes_1_never_scheduled to None, run_after=None
[2026-04-28T12:46:51.591+0000] {logging_mixin.py:188} INFO - [2026-04-28T12:46:51.591+0000] {dag.py:3834} INFO - Setting next_dagrun for dataset_consumes_unknown_never_scheduled to None, run_after=None
[2026-04-28T12:46:51.598+0000] {logging_mixin.py:188} INFO - [2026-04-28T12:46:51.598+0000] {dag.py:3834} INFO - Setting next_dagrun for dataset_produces_1 to 2026-04-27 00:00:00+00:00, run_after=2026-04-28 00:00:00+00:00
[2026-04-28T12:46:51.600+0000] {logging_mixin.py:188} INFO - [2026-04-28T12:46:51.600+0000] {dag.py:3834} INFO - Setting next_dagrun for dataset_produces_2 to None, run_after=None
[2026-04-28T12:46:51.648+0000] {processor.py:183} INFO - Processing /home/airflow/.local/lib/python3.8/site-packages/airflow/example_dags/example_datasets.py took 0.173 seconds
[2026-04-28T12:47:22.386+0000] {processor.py:161} INFO - Started process (PID=3954) to work on /home/airflow/.local/lib/python3.8/site-packages/airflow/example_dags/example_datasets.py
[2026-04-28T12:47:22.387+0000] {processor.py:830} INFO - Processing file /home/airflow/.local/lib/python3.8/site-packages/airflow/example_dags/example_datasets.py for tasks to queue
[2026-04-28T12:47:22.389+0000] {logging_mixin.py:188} INFO - [2026-04-28T12:47:22.389+0000] {dagbag.py:540} INFO - Filling up the DagBag from /home/airflow/.local/lib/python3.8/site-packages/airflow/example_dags/example_datasets.py
[2026-04-28T12:47:22.401+0000] {processor.py:840} INFO - DAG(s) 'dataset_consumes_1_never_scheduled', 'dataset_produces_2', 'dataset_consumes_1_and_2', 'dataset_consumes_unknown_never_scheduled', 'dataset_produces_1', 'dataset_consumes_1' retrieved from /home/airflow/.local/lib/python3.8/site-packages/airflow/example_dags/example_datasets.py
[2026-04-28T12:47:22.440+0000] {logging_mixin.py:188} INFO - [2026-04-28T12:47:22.440+0000] {dag.py:3047} INFO - Sync 6 DAGs
[2026-04-28T12:47:22.465+0000] {logging_mixin.py:188} INFO - [2026-04-28T12:47:22.465+0000] {dag.py:3834} INFO - Setting next_dagrun for dataset_consumes_1 to None, run_after=None
[2026-04-28T12:47:22.468+0000] {logging_mixin.py:188} INFO - [2026-04-28T12:47:22.468+0000] {dag.py:3834} INFO - Setting next_dagrun for dataset_consumes_1_and_2 to None, run_after=None
[2026-04-28T12:47:22.470+0000] {logging_mixin.py:188} INFO - [2026-04-28T12:47:22.470+0000] {dag.py:3834} INFO - Setting next_dagrun for dataset_consumes_1_never_scheduled to None, run_after=None
[2026-04-28T12:47:22.471+0000] {logging_mixin.py:188} INFO - [2026-04-28T12:47:22.471+0000] {dag.py:3834} INFO - Setting next_dagrun for dataset_consumes_unknown_never_scheduled to None, run_after=None
[2026-04-28T12:47:22.474+0000] {logging_mixin.py:188} INFO - [2026-04-28T12:47:22.474+0000] {dag.py:3834} INFO - Setting next_dagrun for dataset_produces_1 to 2026-04-27 00:00:00+00:00, run_after=2026-04-28 00:00:00+00:00
[2026-04-28T12:47:22.476+0000] {logging_mixin.py:188} INFO - [2026-04-28T12:47:22.476+0000] {dag.py:3834} INFO - Setting next_dagrun for dataset_produces_2 to None, run_after=None
[2026-04-28T12:47:22.502+0000] {processor.py:183} INFO - Processing /home/airflow/.local/lib/python3.8/site-packages/airflow/example_dags/example_datasets.py took 0.119 seconds
[2026-04-28T12:47:52.722+0000] {processor.py:161} INFO - Started process (PID=4010) to work on /home/airflow/.local/lib/python3.8/site-packages/airflow/example_dags/example_datasets.py
[2026-04-28T12:47:52.724+0000] {processor.py:830} INFO - Processing file /home/airflow/.local/lib/python3.8/site-packages/airflow/example_dags/example_datasets.py for tasks to queue
[2026-04-28T12:47:52.729+0000] {logging_mixin.py:188} INFO - [2026-04-28T12:47:52.728+0000] {dagbag.py:540} INFO - Filling up the DagBag from /home/airflow/.local/lib/python3.8/site-packages/airflow/example_dags/example_datasets.py
[2026-04-28T12:47:52.753+0000] {processor.py:840} INFO - DAG(s) 'dataset_consumes_1_never_scheduled', 'dataset_produces_1', 'dataset_consumes_unknown_never_scheduled', 'dataset_produces_2', 'dataset_consumes_1_and_2', 'dataset_consumes_1' retrieved from /home/airflow/.local/lib/python3.8/site-packages/airflow/example_dags/example_datasets.py
[2026-04-28T12:47:52.794+0000] {logging_mixin.py:188} INFO - [2026-04-28T12:47:52.794+0000] {dag.py:3047} INFO - Sync 6 DAGs
[2026-04-28T12:47:52.821+0000] {logging_mixin.py:188} INFO - [2026-04-28T12:47:52.820+0000] {dag.py:3834} INFO - Setting next_dagrun for dataset_consumes_1 to None, run_after=None
[2026-04-28T12:47:52.824+0000] {logging_mixin.py:188} INFO - [2026-04-28T12:47:52.824+0000] {dag.py:3834} INFO - Setting next_dagrun for dataset_consumes_1_and_2 to None, run_after=None
[2026-04-28T12:47:52.825+0000] {logging_mixin.py:188} INFO - [2026-04-28T12:47:52.825+0000] {dag.py:3834} INFO - Setting next_dagrun for dataset_consumes_1_never_scheduled to None, run_after=None
[2026-04-28T12:47:52.827+0000] {logging_mixin.py:188} INFO - [2026-04-28T12:47:52.826+0000] {dag.py:3834} INFO - Setting next_dagrun for dataset_consumes_unknown_never_scheduled to None, run_after=None
[2026-04-28T12:47:52.830+0000] {logging_mixin.py:188} INFO - [2026-04-28T12:47:52.830+0000] {dag.py:3834} INFO - Setting next_dagrun for dataset_produces_1 to 2026-04-27 00:00:00+00:00, run_after=2026-04-28 00:00:00+00:00
[2026-04-28T12:47:52.831+0000] {logging_mixin.py:188} INFO - [2026-04-28T12:47:52.831+0000] {dag.py:3834} INFO - Setting next_dagrun for dataset_produces_2 to None, run_after=None
[2026-04-28T12:47:52.863+0000] {processor.py:183} INFO - Processing /home/airflow/.local/lib/python3.8/site-packages/airflow/example_dags/example_datasets.py took 0.146 seconds
[2026-04-28T12:48:23.584+0000] {processor.py:161} INFO - Started process (PID=4066) to work on /home/airflow/.local/lib/python3.8/site-packages/airflow/example_dags/example_datasets.py
[2026-04-28T12:48:23.586+0000] {processor.py:830} INFO - Processing file /home/airflow/.local/lib/python3.8/site-packages/airflow/example_dags/example_datasets.py for tasks to queue
[2026-04-28T12:48:23.588+0000] {logging_mixin.py:188} INFO - [2026-04-28T12:48:23.588+0000] {dagbag.py:540} INFO - Filling up the DagBag from /home/airflow/.local/lib/python3.8/site-packages/airflow/example_dags/example_datasets.py
[2026-04-28T12:48:23.603+0000] {processor.py:840} INFO - DAG(s) 'dataset_consumes_1_and_2', 'dataset_consumes_unknown_never_scheduled', 'dataset_consumes_1_never_scheduled', 'dataset_consumes_1', 'dataset_produces_2', 'dataset_produces_1' retrieved from /home/airflow/.local/lib/python3.8/site-packages/airflow/example_dags/example_datasets.py
[2026-04-28T12:48:23.675+0000] {logging_mixin.py:188} INFO - [2026-04-28T12:48:23.675+0000] {dag.py:3047} INFO - Sync 6 DAGs
[2026-04-28T12:48:23.725+0000] {logging_mixin.py:188} INFO - [2026-04-28T12:48:23.725+0000] {dag.py:3834} INFO - Setting next_dagrun for dataset_consumes_1 to None, run_after=None
[2026-04-28T12:48:23.730+0000] {logging_mixin.py:188} INFO - [2026-04-28T12:48:23.730+0000] {dag.py:3834} INFO - Setting next_dagrun for dataset_consumes_1_and_2 to None, run_after=None
[2026-04-28T12:48:23.732+0000] {logging_mixin.py:188} INFO - [2026-04-28T12:48:23.732+0000] {dag.py:3834} INFO - Setting next_dagrun for dataset_consumes_1_never_scheduled to None, run_after=None
[2026-04-28T12:48:23.734+0000] {logging_mixin.py:188} INFO - [2026-04-28T12:48:23.733+0000] {dag.py:3834} INFO - Setting next_dagrun for dataset_consumes_unknown_never_scheduled to None, run_after=None
[2026-04-28T12:48:23.740+0000] {logging_mixin.py:188} INFO - [2026-04-28T12:48:23.740+0000] {dag.py:3834} INFO - Setting next_dagrun for dataset_produces_1 to 2026-04-27 00:00:00+00:00, run_after=2026-04-28 00:00:00+00:00
[2026-04-28T12:48:23.743+0000] {logging_mixin.py:188} INFO - [2026-04-28T12:48:23.742+0000] {dag.py:3834} INFO - Setting next_dagrun for dataset_produces_2 to None, run_after=None
[2026-04-28T12:48:23.802+0000] {processor.py:183} INFO - Processing /home/airflow/.local/lib/python3.8/site-packages/airflow/example_dags/example_datasets.py took 0.222 seconds
[2026-04-28T12:48:53.887+0000] {processor.py:161} INFO - Started process (PID=4122) to work on /home/airflow/.local/lib/python3.8/site-packages/airflow/example_dags/example_datasets.py
[2026-04-28T12:48:53.888+0000] {processor.py:830} INFO - Processing file /home/airflow/.local/lib/python3.8/site-packages/airflow/example_dags/example_datasets.py for tasks to queue
[2026-04-28T12:48:53.890+0000] {logging_mixin.py:188} INFO - [2026-04-28T12:48:53.890+0000] {dagbag.py:540} INFO - Filling up the DagBag from /home/airflow/.local/lib/python3.8/site-packages/airflow/example_dags/example_datasets.py
[2026-04-28T12:48:53.901+0000] {processor.py:840} INFO - DAG(s) 'dataset_consumes_1', 'dataset_consumes_1_never_scheduled', 'dataset_produces_1', 'dataset_produces_2', 'dataset_consumes_unknown_never_scheduled', 'dataset_consumes_1_and_2' retrieved from /home/airflow/.local/lib/python3.8/site-packages/airflow/example_dags/example_datasets.py
[2026-04-28T12:48:53.949+0000] {logging_mixin.py:188} INFO - [2026-04-28T12:48:53.949+0000] {dag.py:3047} INFO - Sync 6 DAGs
[2026-04-28T12:48:53.975+0000] {logging_mixin.py:188} INFO - [2026-04-28T12:48:53.975+0000] {dag.py:3834} INFO - Setting next_dagrun for dataset_consumes_1 to None, run_after=None
[2026-04-28T12:48:53.979+0000] {logging_mixin.py:188} INFO - [2026-04-28T12:48:53.979+0000] {dag.py:3834} INFO - Setting next_dagrun for dataset_consumes_1_and_2 to None, run_after=None
[2026-04-28T12:48:53.980+0000] {logging_mixin.py:188} INFO - [2026-04-28T12:48:53.980+0000] {dag.py:3834} INFO - Setting next_dagrun for dataset_consumes_1_never_scheduled to None, run_after=None
[2026-04-28T12:48:53.982+0000] {logging_mixin.py:188} INFO - [2026-04-28T12:48:53.981+0000] {dag.py:3834} INFO - Setting next_dagrun for dataset_consumes_unknown_never_scheduled to None, run_after=None
[2026-04-28T12:48:53.985+0000] {logging_mixin.py:188} INFO - [2026-04-28T12:48:53.985+0000] {dag.py:3834} INFO - Setting next_dagrun for dataset_produces_1 to 2026-04-27 00:00:00+00:00, run_after=2026-04-28 00:00:00+00:00
[2026-04-28T12:48:53.986+0000] {logging_mixin.py:188} INFO - [2026-04-28T12:48:53.986+0000] {dag.py:3834} INFO - Setting next_dagrun for dataset_produces_2 to None, run_after=None
[2026-04-28T12:48:54.043+0000] {processor.py:183} INFO - Processing /home/airflow/.local/lib/python3.8/site-packages/airflow/example_dags/example_datasets.py took 0.160 seconds
[2026-04-28T12:49:24.444+0000] {processor.py:161} INFO - Started process (PID=4178) to work on /home/airflow/.local/lib/python3.8/site-packages/airflow/example_dags/example_datasets.py
[2026-04-28T12:49:24.446+0000] {processor.py:830} INFO - Processing file /home/airflow/.local/lib/python3.8/site-packages/airflow/example_dags/example_datasets.py for tasks to queue
[2026-04-28T12:49:24.448+0000] {logging_mixin.py:188} INFO - [2026-04-28T12:49:24.447+0000] {dagbag.py:540} INFO - Filling up the DagBag from /home/airflow/.local/lib/python3.8/site-packages/airflow/example_dags/example_datasets.py
[2026-04-28T12:49:24.468+0000] {processor.py:840} INFO - DAG(s) 'dataset_consumes_1', 'dataset_produces_2', 'dataset_consumes_1_never_scheduled', 'dataset_consumes_unknown_never_scheduled', 'dataset_consumes_1_and_2', 'dataset_produces_1' retrieved from /home/airflow/.local/lib/python3.8/site-packages/airflow/example_dags/example_datasets.py
[2026-04-28T12:49:24.530+0000] {logging_mixin.py:188} INFO - [2026-04-28T12:49:24.530+0000] {dag.py:3047} INFO - Sync 6 DAGs
[2026-04-28T12:49:24.565+0000] {logging_mixin.py:188} INFO - [2026-04-28T12:49:24.565+0000] {dag.py:3834} INFO - Setting next_dagrun for dataset_consumes_1 to None, run_after=None
[2026-04-28T12:49:24.569+0000] {logging_mixin.py:188} INFO - [2026-04-28T12:49:24.569+0000] {dag.py:3834} INFO - Setting next_dagrun for dataset_consumes_1_and_2 to None, run_after=None
[2026-04-28T12:49:24.571+0000] {logging_mixin.py:188} INFO - [2026-04-28T12:49:24.570+0000] {dag.py:3834} INFO - Setting next_dagrun for dataset_consumes_1_never_scheduled to None, run_after=None
[2026-04-28T12:49:24.572+0000] {logging_mixin.py:188} INFO - [2026-04-28T12:49:24.572+0000] {dag.py:3834} INFO - Setting next_dagrun for dataset_consumes_unknown_never_scheduled to None, run_after=None
[2026-04-28T12:49:24.578+0000] {logging_mixin.py:188} INFO - [2026-04-28T12:49:24.578+0000] {dag.py:3834} INFO - Setting next_dagrun for dataset_produces_1 to 2026-04-27 00:00:00+00:00, run_after=2026-04-28 00:00:00+00:00
[2026-04-28T12:49:24.580+0000] {logging_mixin.py:188} INFO - [2026-04-28T12:49:24.580+0000] {dag.py:3834} INFO - Setting next_dagrun for dataset_produces_2 to None, run_after=None
[2026-04-28T12:49:24.628+0000] {processor.py:183} INFO - Processing /home/airflow/.local/lib/python3.8/site-packages/airflow/example_dags/example_datasets.py took 0.187 seconds
[2026-04-28T12:49:54.699+0000] {processor.py:161} INFO - Started process (PID=4234) to work on /home/airflow/.local/lib/python3.8/site-packages/airflow/example_dags/example_datasets.py
[2026-04-28T12:49:54.703+0000] {processor.py:830} INFO - Processing file /home/airflow/.local/lib/python3.8/site-packages/airflow/example_dags/example_datasets.py for tasks to queue
[2026-04-28T12:49:54.708+0000] {logging_mixin.py:188} INFO - [2026-04-28T12:49:54.708+0000] {dagbag.py:540} INFO - Filling up the DagBag from /home/airflow/.local/lib/python3.8/site-packages/airflow/example_dags/example_datasets.py
[2026-04-28T12:49:54.733+0000] {processor.py:840} INFO - DAG(s) 'dataset_produces_1', 'dataset_consumes_1', 'dataset_produces_2', 'dataset_consumes_unknown_never_scheduled', 'dataset_consumes_1_and_2', 'dataset_consumes_1_never_scheduled' retrieved from /home/airflow/.local/lib/python3.8/site-packages/airflow/example_dags/example_datasets.py
[2026-04-28T12:49:54.819+0000] {logging_mixin.py:188} INFO - [2026-04-28T12:49:54.819+0000] {dag.py:3047} INFO - Sync 6 DAGs
[2026-04-28T12:49:54.875+0000] {logging_mixin.py:188} INFO - [2026-04-28T12:49:54.874+0000] {dag.py:3834} INFO - Setting next_dagrun for dataset_consumes_1 to None, run_after=None
[2026-04-28T12:49:54.878+0000] {logging_mixin.py:188} INFO - [2026-04-28T12:49:54.878+0000] {dag.py:3834} INFO - Setting next_dagrun for dataset_consumes_1_and_2 to None, run_after=None
[2026-04-28T12:49:54.880+0000] {logging_mixin.py:188} INFO - [2026-04-28T12:49:54.879+0000] {dag.py:3834} INFO - Setting next_dagrun for dataset_consumes_1_never_scheduled to None, run_after=None
[2026-04-28T12:49:54.881+0000] {logging_mixin.py:188} INFO - [2026-04-28T12:49:54.881+0000] {dag.py:3834} INFO - Setting next_dagrun for dataset_consumes_unknown_never_scheduled to None, run_after=None
[2026-04-28T12:49:54.884+0000] {logging_mixin.py:188} INFO - [2026-04-28T12:49:54.884+0000] {dag.py:3834} INFO - Setting next_dagrun for dataset_produces_1 to 2026-04-27 00:00:00+00:00, run_after=2026-04-28 00:00:00+00:00
[2026-04-28T12:49:54.885+0000] {logging_mixin.py:188} INFO - [2026-04-28T12:49:54.885+0000] {dag.py:3834} INFO - Setting next_dagrun for dataset_produces_2 to None, run_after=None
[2026-04-28T12:49:54.910+0000] {processor.py:183} INFO - Processing /home/airflow/.local/lib/python3.8/site-packages/airflow/example_dags/example_datasets.py took 0.218 seconds
[2026-04-28T12:50:25.616+0000] {processor.py:161} INFO - Started process (PID=4290) to work on /home/airflow/.local/lib/python3.8/site-packages/airflow/example_dags/example_datasets.py
[2026-04-28T12:50:25.619+0000] {processor.py:830} INFO - Processing file /home/airflow/.local/lib/python3.8/site-packages/airflow/example_dags/example_datasets.py for tasks to queue
[2026-04-28T12:50:25.624+0000] {logging_mixin.py:188} INFO - [2026-04-28T12:50:25.624+0000] {dagbag.py:540} INFO - Filling up the DagBag from /home/airflow/.local/lib/python3.8/site-packages/airflow/example_dags/example_datasets.py
[2026-04-28T12:50:25.685+0000] {processor.py:840} INFO - DAG(s) 'dataset_produces_2', 'dataset_consumes_1_never_scheduled', 'dataset_consumes_unknown_never_scheduled', 'dataset_consumes_1', 'dataset_produces_1', 'dataset_consumes_1_and_2' retrieved from /home/airflow/.local/lib/python3.8/site-packages/airflow/example_dags/example_datasets.py
[2026-04-28T12:50:25.791+0000] {logging_mixin.py:188} INFO - [2026-04-28T12:50:25.790+0000] {dag.py:3047} INFO - Sync 6 DAGs
[2026-04-28T12:50:25.817+0000] {logging_mixin.py:188} INFO - [2026-04-28T12:50:25.816+0000] {dag.py:3834} INFO - Setting next_dagrun for dataset_consumes_1 to None, run_after=None
[2026-04-28T12:50:25.820+0000] {logging_mixin.py:188} INFO - [2026-04-28T12:50:25.820+0000] {dag.py:3834} INFO - Setting next_dagrun for dataset_consumes_1_and_2 to None, run_after=None
[2026-04-28T12:50:25.822+0000] {logging_mixin.py:188} INFO - [2026-04-28T12:50:25.821+0000] {dag.py:3834} INFO - Setting next_dagrun for dataset_consumes_1_never_scheduled to None, run_after=None
[2026-04-28T12:50:25.823+0000] {logging_mixin.py:188} INFO - [2026-04-28T12:50:25.823+0000] {dag.py:3834} INFO - Setting next_dagrun for dataset_consumes_unknown_never_scheduled to None, run_after=None
[2026-04-28T12:50:25.826+0000] {logging_mixin.py:188} INFO - [2026-04-28T12:50:25.826+0000] {dag.py:3834} INFO - Setting next_dagrun for dataset_produces_1 to 2026-04-27 00:00:00+00:00, run_after=2026-04-28 00:00:00+00:00
[2026-04-28T12:50:25.828+0000] {logging_mixin.py:188} INFO - [2026-04-28T12:50:25.827+0000] {dag.py:3834} INFO - Setting next_dagrun for dataset_produces_2 to None, run_after=None
[2026-04-28T12:50:25.857+0000] {processor.py:183} INFO - Processing /home/airflow/.local/lib/python3.8/site-packages/airflow/example_dags/example_datasets.py took 0.253 seconds
[2026-04-28T12:50:55.943+0000] {processor.py:161} INFO - Started process (PID=4347) to work on /home/airflow/.local/lib/python3.8/site-packages/airflow/example_dags/example_datasets.py
[2026-04-28T12:50:55.944+0000] {processor.py:830} INFO - Processing file /home/airflow/.local/lib/python3.8/site-packages/airflow/example_dags/example_datasets.py for tasks to queue
[2026-04-28T12:50:55.945+0000] {logging_mixin.py:188} INFO - [2026-04-28T12:50:55.945+0000] {dagbag.py:540} INFO - Filling up the DagBag from /home/airflow/.local/lib/python3.8/site-packages/airflow/example_dags/example_datasets.py
[2026-04-28T12:50:55.956+0000] {processor.py:840} INFO - DAG(s) 'dataset_consumes_unknown_never_scheduled', 'dataset_consumes_1_and_2', 'dataset_produces_2', 'dataset_consumes_1', 'dataset_produces_1', 'dataset_consumes_1_never_scheduled' retrieved from /home/airflow/.local/lib/python3.8/site-packages/airflow/example_dags/example_datasets.py
[2026-04-28T12:50:55.991+0000] {logging_mixin.py:188} INFO - [2026-04-28T12:50:55.991+0000] {dag.py:3047} INFO - Sync 6 DAGs
[2026-04-28T12:50:56.019+0000] {logging_mixin.py:188} INFO - [2026-04-28T12:50:56.019+0000] {dag.py:3834} INFO - Setting next_dagrun for dataset_consumes_1 to None, run_after=None
[2026-04-28T12:50:56.027+0000] {logging_mixin.py:188} INFO - [2026-04-28T12:50:56.027+0000] {dag.py:3834} INFO - Setting next_dagrun for dataset_consumes_1_and_2 to None, run_after=None
[2026-04-28T12:50:56.028+0000] {logging_mixin.py:188} INFO - [2026-04-28T12:50:56.028+0000] {dag.py:3834} INFO - Setting next_dagrun for dataset_consumes_1_never_scheduled to None, run_after=None
[2026-04-28T12:50:56.030+0000] {logging_mixin.py:188} INFO - [2026-04-28T12:50:56.030+0000] {dag.py:3834} INFO - Setting next_dagrun for dataset_consumes_unknown_never_scheduled to None, run_after=None
[2026-04-28T12:50:56.034+0000] {logging_mixin.py:188} INFO - [2026-04-28T12:50:56.033+0000] {dag.py:3834} INFO - Setting next_dagrun for dataset_produces_1 to 2026-04-27 00:00:00+00:00, run_after=2026-04-28 00:00:00+00:00
[2026-04-28T12:50:56.035+0000] {logging_mixin.py:188} INFO - [2026-04-28T12:50:56.035+0000] {dag.py:3834} INFO - Setting next_dagrun for dataset_produces_2 to None, run_after=None
[2026-04-28T12:50:56.069+0000] {processor.py:183} INFO - Processing /home/airflow/.local/lib/python3.8/site-packages/airflow/example_dags/example_datasets.py took 0.129 seconds
[2026-04-28T12:51:26.135+0000] {processor.py:161} INFO - Started process (PID=4403) to work on /home/airflow/.local/lib/python3.8/site-packages/airflow/example_dags/example_datasets.py
[2026-04-28T12:51:26.136+0000] {processor.py:830} INFO - Processing file /home/airflow/.local/lib/python3.8/site-packages/airflow/example_dags/example_datasets.py for tasks to queue
[2026-04-28T12:51:26.138+0000] {logging_mixin.py:188} INFO - [2026-04-28T12:51:26.138+0000] {dagbag.py:540} INFO - Filling up the DagBag from /home/airflow/.local/lib/python3.8/site-packages/airflow/example_dags/example_datasets.py
[2026-04-28T12:51:26.146+0000] {processor.py:840} INFO - DAG(s) 'dataset_consumes_1_and_2', 'dataset_consumes_unknown_never_scheduled', 'dataset_produces_1', 'dataset_consumes_1', 'dataset_produces_2', 'dataset_consumes_1_never_scheduled' retrieved from /home/airflow/.local/lib/python3.8/site-packages/airflow/example_dags/example_datasets.py
[2026-04-28T12:51:26.173+0000] {logging_mixin.py:188} INFO - [2026-04-28T12:51:26.173+0000] {dag.py:3047} INFO - Sync 6 DAGs
[2026-04-28T12:51:26.191+0000] {logging_mixin.py:188} INFO - [2026-04-28T12:51:26.191+0000] {dag.py:3834} INFO - Setting next_dagrun for dataset_consumes_1 to None, run_after=None
[2026-04-28T12:51:26.194+0000] {logging_mixin.py:188} INFO - [2026-04-28T12:51:26.193+0000] {dag.py:3834} INFO - Setting next_dagrun for dataset_consumes_1_and_2 to None, run_after=None
[2026-04-28T12:51:26.195+0000] {logging_mixin.py:188} INFO - [2026-04-28T12:51:26.194+0000] {dag.py:3834} INFO - Setting next_dagrun for dataset_consumes_1_never_scheduled to None, run_after=None
[2026-04-28T12:51:26.196+0000] {logging_mixin.py:188} INFO - [2026-04-28T12:51:26.195+0000] {dag.py:3834} INFO - Setting next_dagrun for dataset_consumes_unknown_never_scheduled to None, run_after=None
[2026-04-28T12:51:26.198+0000] {logging_mixin.py:188} INFO - [2026-04-28T12:51:26.197+0000] {dag.py:3834} INFO - Setting next_dagrun for dataset_produces_1 to 2026-04-27 00:00:00+00:00, run_after=2026-04-28 00:00:00+00:00
[2026-04-28T12:51:26.199+0000] {logging_mixin.py:188} INFO - [2026-04-28T12:51:26.198+0000] {dag.py:3834} INFO - Setting next_dagrun for dataset_produces_2 to None, run_after=None
[2026-04-28T12:51:26.221+0000] {processor.py:183} INFO - Processing /home/airflow/.local/lib/python3.8/site-packages/airflow/example_dags/example_datasets.py took 0.088 seconds
[2026-04-28T12:51:56.694+0000] {processor.py:161} INFO - Started process (PID=4457) to work on /home/airflow/.local/lib/python3.8/site-packages/airflow/example_dags/example_datasets.py
[2026-04-28T12:51:56.697+0000] {processor.py:830} INFO - Processing file /home/airflow/.local/lib/python3.8/site-packages/airflow/example_dags/example_datasets.py for tasks to queue
[2026-04-28T12:51:56.703+0000] {logging_mixin.py:188} INFO - [2026-04-28T12:51:56.703+0000] {dagbag.py:540} INFO - Filling up the DagBag from /home/airflow/.local/lib/python3.8/site-packages/airflow/example_dags/example_datasets.py
[2026-04-28T12:51:56.731+0000] {processor.py:840} INFO - DAG(s) 'dataset_consumes_1_never_scheduled', 'dataset_consumes_1', 'dataset_produces_2', 'dataset_consumes_unknown_never_scheduled', 'dataset_consumes_1_and_2', 'dataset_produces_1' retrieved from /home/airflow/.local/lib/python3.8/site-packages/airflow/example_dags/example_datasets.py
[2026-04-28T12:51:56.800+0000] {logging_mixin.py:188} INFO - [2026-04-28T12:51:56.799+0000] {dag.py:3047} INFO - Sync 6 DAGs
[2026-04-28T12:51:56.864+0000] {logging_mixin.py:188} INFO - [2026-04-28T12:51:56.863+0000] {dag.py:3834} INFO - Setting next_dagrun for dataset_consumes_1 to None, run_after=None
[2026-04-28T12:51:56.867+0000] {logging_mixin.py:188} INFO - [2026-04-28T12:51:56.867+0000] {dag.py:3834} INFO - Setting next_dagrun for dataset_consumes_1_and_2 to None, run_after=None
[2026-04-28T12:51:56.869+0000] {logging_mixin.py:188} INFO - [2026-04-28T12:51:56.869+0000] {dag.py:3834} INFO - Setting next_dagrun for dataset_consumes_1_never_scheduled to None, run_after=None
[2026-04-28T12:51:56.870+0000] {logging_mixin.py:188} INFO - [2026-04-28T12:51:56.870+0000] {dag.py:3834} INFO - Setting next_dagrun for dataset_consumes_unknown_never_scheduled to None, run_after=None
[2026-04-28T12:51:56.875+0000] {logging_mixin.py:188} INFO - [2026-04-28T12:51:56.875+0000] {dag.py:3834} INFO - Setting next_dagrun for dataset_produces_1 to 2026-04-27 00:00:00+00:00, run_after=2026-04-28 00:00:00+00:00
[2026-04-28T12:51:56.879+0000] {logging_mixin.py:188} INFO - [2026-04-28T12:51:56.879+0000] {dag.py:3834} INFO - Setting next_dagrun for dataset_produces_2 to None, run_after=None
[2026-04-28T12:51:56.936+0000] {processor.py:183} INFO - Processing /home/airflow/.local/lib/python3.8/site-packages/airflow/example_dags/example_datasets.py took 0.246 seconds
[2026-04-28T12:52:27.549+0000] {processor.py:161} INFO - Started process (PID=4513) to work on /home/airflow/.local/lib/python3.8/site-packages/airflow/example_dags/example_datasets.py
[2026-04-28T12:52:27.550+0000] {processor.py:830} INFO - Processing file /home/airflow/.local/lib/python3.8/site-packages/airflow/example_dags/example_datasets.py for tasks to queue
[2026-04-28T12:52:27.552+0000] {logging_mixin.py:188} INFO - [2026-04-28T12:52:27.551+0000] {dagbag.py:540} INFO - Filling up the DagBag from /home/airflow/.local/lib/python3.8/site-packages/airflow/example_dags/example_datasets.py
[2026-04-28T12:52:27.563+0000] {processor.py:840} INFO - DAG(s) 'dataset_consumes_1_never_scheduled', 'dataset_produces_2', 'dataset_consumes_1_and_2', 'dataset_consumes_unknown_never_scheduled', 'dataset_consumes_1', 'dataset_produces_1' retrieved from /home/airflow/.local/lib/python3.8/site-packages/airflow/example_dags/example_datasets.py
[2026-04-28T12:52:27.602+0000] {logging_mixin.py:188} INFO - [2026-04-28T12:52:27.602+0000] {dag.py:3047} INFO - Sync 6 DAGs
[2026-04-28T12:52:27.630+0000] {logging_mixin.py:188} INFO - [2026-04-28T12:52:27.629+0000] {dag.py:3834} INFO - Setting next_dagrun for dataset_consumes_1 to None, run_after=None
[2026-04-28T12:52:27.634+0000] {logging_mixin.py:188} INFO - [2026-04-28T12:52:27.633+0000] {dag.py:3834} INFO - Setting next_dagrun for dataset_consumes_1_and_2 to None, run_after=None
[2026-04-28T12:52:27.635+0000] {logging_mixin.py:188} INFO - [2026-04-28T12:52:27.635+0000] {dag.py:3834} INFO - Setting next_dagrun for dataset_consumes_1_never_scheduled to None, run_after=None
[2026-04-28T12:52:27.636+0000] {logging_mixin.py:188} INFO - [2026-04-28T12:52:27.636+0000] {dag.py:3834} INFO - Setting next_dagrun for dataset_consumes_unknown_never_scheduled to None, run_after=None
[2026-04-28T12:52:27.639+0000] {logging_mixin.py:188} INFO - [2026-04-28T12:52:27.639+0000] {dag.py:3834} INFO - Setting next_dagrun for dataset_produces_1 to 2026-04-27 00:00:00+00:00, run_after=2026-04-28 00:00:00+00:00
[2026-04-28T12:52:27.641+0000] {logging_mixin.py:188} INFO - [2026-04-28T12:52:27.640+0000] {dag.py:3834} INFO - Setting next_dagrun for dataset_produces_2 to None, run_after=None
[2026-04-28T12:52:27.668+0000] {processor.py:183} INFO - Processing /home/airflow/.local/lib/python3.8/site-packages/airflow/example_dags/example_datasets.py took 0.123 seconds
[2026-04-28T12:52:58.433+0000] {processor.py:161} INFO - Started process (PID=4569) to work on /home/airflow/.local/lib/python3.8/site-packages/airflow/example_dags/example_datasets.py
[2026-04-28T12:52:58.434+0000] {processor.py:830} INFO - Processing file /home/airflow/.local/lib/python3.8/site-packages/airflow/example_dags/example_datasets.py for tasks to queue
[2026-04-28T12:52:58.437+0000] {logging_mixin.py:188} INFO - [2026-04-28T12:52:58.437+0000] {dagbag.py:540} INFO - Filling up the DagBag from /home/airflow/.local/lib/python3.8/site-packages/airflow/example_dags/example_datasets.py
[2026-04-28T12:52:58.449+0000] {processor.py:840} INFO - DAG(s) 'dataset_produces_1', 'dataset_consumes_1', 'dataset_consumes_1_never_scheduled', 'dataset_consumes_unknown_never_scheduled', 'dataset_consumes_1_and_2', 'dataset_produces_2' retrieved from /home/airflow/.local/lib/python3.8/site-packages/airflow/example_dags/example_datasets.py
[2026-04-28T12:52:58.490+0000] {logging_mixin.py:188} INFO - [2026-04-28T12:52:58.490+0000] {dag.py:3047} INFO - Sync 6 DAGs
[2026-04-28T12:52:58.516+0000] {logging_mixin.py:188} INFO - [2026-04-28T12:52:58.515+0000] {dag.py:3834} INFO - Setting next_dagrun for dataset_consumes_1 to None, run_after=None
[2026-04-28T12:52:58.519+0000] {logging_mixin.py:188} INFO - [2026-04-28T12:52:58.519+0000] {dag.py:3834} INFO - Setting next_dagrun for dataset_consumes_1_and_2 to None, run_after=None
[2026-04-28T12:52:58.520+0000] {logging_mixin.py:188} INFO - [2026-04-28T12:52:58.520+0000] {dag.py:3834} INFO - Setting next_dagrun for dataset_consumes_1_never_scheduled to None, run_after=None
[2026-04-28T12:52:58.522+0000] {logging_mixin.py:188} INFO - [2026-04-28T12:52:58.521+0000] {dag.py:3834} INFO - Setting next_dagrun for dataset_consumes_unknown_never_scheduled to None, run_after=None
[2026-04-28T12:52:58.525+0000] {logging_mixin.py:188} INFO - [2026-04-28T12:52:58.525+0000] {dag.py:3834} INFO - Setting next_dagrun for dataset_produces_1 to 2026-04-27 00:00:00+00:00, run_after=2026-04-28 00:00:00+00:00
[2026-04-28T12:52:58.526+0000] {logging_mixin.py:188} INFO - [2026-04-28T12:52:58.526+0000] {dag.py:3834} INFO - Setting next_dagrun for dataset_produces_2 to None, run_after=None
[2026-04-28T12:52:58.554+0000] {processor.py:183} INFO - Processing /home/airflow/.local/lib/python3.8/site-packages/airflow/example_dags/example_datasets.py took 0.125 seconds
[2026-04-28T12:53:28.644+0000] {processor.py:161} INFO - Started process (PID=4625) to work on /home/airflow/.local/lib/python3.8/site-packages/airflow/example_dags/example_datasets.py
[2026-04-28T12:53:28.648+0000] {processor.py:830} INFO - Processing file /home/airflow/.local/lib/python3.8/site-packages/airflow/example_dags/example_datasets.py for tasks to queue
[2026-04-28T12:53:28.652+0000] {logging_mixin.py:188} INFO - [2026-04-28T12:53:28.652+0000] {dagbag.py:540} INFO - Filling up the DagBag from /home/airflow/.local/lib/python3.8/site-packages/airflow/example_dags/example_datasets.py
[2026-04-28T12:53:28.668+0000] {processor.py:840} INFO - DAG(s) 'dataset_produces_2', 'dataset_consumes_1_and_2', 'dataset_consumes_1_never_scheduled', 'dataset_produces_1', 'dataset_consumes_unknown_never_scheduled', 'dataset_consumes_1' retrieved from /home/airflow/.local/lib/python3.8/site-packages/airflow/example_dags/example_datasets.py
[2026-04-28T12:53:28.716+0000] {logging_mixin.py:188} INFO - [2026-04-28T12:53:28.716+0000] {dag.py:3047} INFO - Sync 6 DAGs
[2026-04-28T12:53:28.752+0000] {logging_mixin.py:188} INFO - [2026-04-28T12:53:28.751+0000] {dag.py:3834} INFO - Setting next_dagrun for dataset_consumes_1 to None, run_after=None
[2026-04-28T12:53:28.760+0000] {logging_mixin.py:188} INFO - [2026-04-28T12:53:28.759+0000] {dag.py:3834} INFO - Setting next_dagrun for dataset_consumes_1_and_2 to None, run_after=None
[2026-04-28T12:53:28.763+0000] {logging_mixin.py:188} INFO - [2026-04-28T12:53:28.762+0000] {dag.py:3834} INFO - Setting next_dagrun for dataset_consumes_1_never_scheduled to None, run_after=None
[2026-04-28T12:53:28.765+0000] {logging_mixin.py:188} INFO - [2026-04-28T12:53:28.765+0000] {dag.py:3834} INFO - Setting next_dagrun for dataset_consumes_unknown_never_scheduled to None, run_after=None
[2026-04-28T12:53:28.768+0000] {logging_mixin.py:188} INFO - [2026-04-28T12:53:28.768+0000] {dag.py:3834} INFO - Setting next_dagrun for dataset_produces_1 to 2026-04-27 00:00:00+00:00, run_after=2026-04-28 00:00:00+00:00
[2026-04-28T12:53:28.772+0000] {logging_mixin.py:188} INFO - [2026-04-28T12:53:28.771+0000] {dag.py:3834} INFO - Setting next_dagrun for dataset_produces_2 to None, run_after=None
[2026-04-28T12:53:28.820+0000] {processor.py:183} INFO - Processing /home/airflow/.local/lib/python3.8/site-packages/airflow/example_dags/example_datasets.py took 0.187 seconds
[2026-04-28T12:53:59.757+0000] {processor.py:161} INFO - Started process (PID=4681) to work on /home/airflow/.local/lib/python3.8/site-packages/airflow/example_dags/example_datasets.py
[2026-04-28T12:53:59.762+0000] {processor.py:830} INFO - Processing file /home/airflow/.local/lib/python3.8/site-packages/airflow/example_dags/example_datasets.py for tasks to queue
[2026-04-28T12:53:59.767+0000] {logging_mixin.py:188} INFO - [2026-04-28T12:53:59.767+0000] {dagbag.py:540} INFO - Filling up the DagBag from /home/airflow/.local/lib/python3.8/site-packages/airflow/example_dags/example_datasets.py
[2026-04-28T12:53:59.796+0000] {processor.py:840} INFO - DAG(s) 'dataset_consumes_unknown_never_scheduled', 'dataset_consumes_1_never_scheduled', 'dataset_consumes_1_and_2', 'dataset_consumes_1', 'dataset_produces_2', 'dataset_produces_1' retrieved from /home/airflow/.local/lib/python3.8/site-packages/airflow/example_dags/example_datasets.py
[2026-04-28T12:53:59.870+0000] {logging_mixin.py:188} INFO - [2026-04-28T12:53:59.869+0000] {dag.py:3047} INFO - Sync 6 DAGs
[2026-04-28T12:53:59.896+0000] {logging_mixin.py:188} INFO - [2026-04-28T12:53:59.896+0000] {dag.py:3834} INFO - Setting next_dagrun for dataset_consumes_1 to None, run_after=None
[2026-04-28T12:53:59.900+0000] {logging_mixin.py:188} INFO - [2026-04-28T12:53:59.900+0000] {dag.py:3834} INFO - Setting next_dagrun for dataset_consumes_1_and_2 to None, run_after=None
[2026-04-28T12:53:59.901+0000] {logging_mixin.py:188} INFO - [2026-04-28T12:53:59.901+0000] {dag.py:3834} INFO - Setting next_dagrun for dataset_consumes_1_never_scheduled to None, run_after=None
[2026-04-28T12:53:59.902+0000] {logging_mixin.py:188} INFO - [2026-04-28T12:53:59.902+0000] {dag.py:3834} INFO - Setting next_dagrun for dataset_consumes_unknown_never_scheduled to None, run_after=None
[2026-04-28T12:53:59.906+0000] {logging_mixin.py:188} INFO - [2026-04-28T12:53:59.905+0000] {dag.py:3834} INFO - Setting next_dagrun for dataset_produces_1 to 2026-04-27 00:00:00+00:00, run_after=2026-04-28 00:00:00+00:00
[2026-04-28T12:53:59.907+0000] {logging_mixin.py:188} INFO - [2026-04-28T12:53:59.907+0000] {dag.py:3834} INFO - Setting next_dagrun for dataset_produces_2 to None, run_after=None
[2026-04-28T12:53:59.953+0000] {processor.py:183} INFO - Processing /home/airflow/.local/lib/python3.8/site-packages/airflow/example_dags/example_datasets.py took 0.205 seconds
[2026-04-28T12:54:30.006+0000] {processor.py:161} INFO - Started process (PID=4737) to work on /home/airflow/.local/lib/python3.8/site-packages/airflow/example_dags/example_datasets.py
[2026-04-28T12:54:30.007+0000] {processor.py:830} INFO - Processing file /home/airflow/.local/lib/python3.8/site-packages/airflow/example_dags/example_datasets.py for tasks to queue
[2026-04-28T12:54:30.008+0000] {logging_mixin.py:188} INFO - [2026-04-28T12:54:30.008+0000] {dagbag.py:540} INFO - Filling up the DagBag from /home/airflow/.local/lib/python3.8/site-packages/airflow/example_dags/example_datasets.py
[2026-04-28T12:54:30.017+0000] {processor.py:840} INFO - DAG(s) 'dataset_produces_2', 'dataset_consumes_1_never_scheduled', 'dataset_produces_1', 'dataset_consumes_unknown_never_scheduled', 'dataset_consumes_1', 'dataset_consumes_1_and_2' retrieved from /home/airflow/.local/lib/python3.8/site-packages/airflow/example_dags/example_datasets.py
[2026-04-28T12:54:30.052+0000] {logging_mixin.py:188} INFO - [2026-04-28T12:54:30.051+0000] {dag.py:3047} INFO - Sync 6 DAGs
[2026-04-28T12:54:30.077+0000] {logging_mixin.py:188} INFO - [2026-04-28T12:54:30.077+0000] {dag.py:3834} INFO - Setting next_dagrun for dataset_consumes_1 to None, run_after=None
[2026-04-28T12:54:30.081+0000] {logging_mixin.py:188} INFO - [2026-04-28T12:54:30.080+0000] {dag.py:3834} INFO - Setting next_dagrun for dataset_consumes_1_and_2 to None, run_after=None
[2026-04-28T12:54:30.082+0000] {logging_mixin.py:188} INFO - [2026-04-28T12:54:30.082+0000] {dag.py:3834} INFO - Setting next_dagrun for dataset_consumes_1_never_scheduled to None, run_after=None
[2026-04-28T12:54:30.083+0000] {logging_mixin.py:188} INFO - [2026-04-28T12:54:30.083+0000] {dag.py:3834} INFO - Setting next_dagrun for dataset_consumes_unknown_never_scheduled to None, run_after=None
[2026-04-28T12:54:30.087+0000] {logging_mixin.py:188} INFO - [2026-04-28T12:54:30.086+0000] {dag.py:3834} INFO - Setting next_dagrun for dataset_produces_1 to 2026-04-27 00:00:00+00:00, run_after=2026-04-28 00:00:00+00:00
[2026-04-28T12:54:30.089+0000] {logging_mixin.py:188} INFO - [2026-04-28T12:54:30.089+0000] {dag.py:3834} INFO - Setting next_dagrun for dataset_produces_2 to None, run_after=None
[2026-04-28T12:54:30.131+0000] {processor.py:183} INFO - Processing /home/airflow/.local/lib/python3.8/site-packages/airflow/example_dags/example_datasets.py took 0.128 seconds
[2026-04-28T12:55:00.541+0000] {processor.py:161} INFO - Started process (PID=4793) to work on /home/airflow/.local/lib/python3.8/site-packages/airflow/example_dags/example_datasets.py
[2026-04-28T12:55:00.542+0000] {processor.py:830} INFO - Processing file /home/airflow/.local/lib/python3.8/site-packages/airflow/example_dags/example_datasets.py for tasks to queue
[2026-04-28T12:55:00.545+0000] {logging_mixin.py:188} INFO - [2026-04-28T12:55:00.544+0000] {dagbag.py:540} INFO - Filling up the DagBag from /home/airflow/.local/lib/python3.8/site-packages/airflow/example_dags/example_datasets.py
[2026-04-28T12:55:00.557+0000] {processor.py:840} INFO - DAG(s) 'dataset_consumes_1', 'dataset_produces_2', 'dataset_consumes_1_and_2', 'dataset_consumes_1_never_scheduled', 'dataset_produces_1', 'dataset_consumes_unknown_never_scheduled' retrieved from /home/airflow/.local/lib/python3.8/site-packages/airflow/example_dags/example_datasets.py
[2026-04-28T12:55:00.595+0000] {logging_mixin.py:188} INFO - [2026-04-28T12:55:00.595+0000] {dag.py:3047} INFO - Sync 6 DAGs
[2026-04-28T12:55:00.620+0000] {logging_mixin.py:188} INFO - [2026-04-28T12:55:00.619+0000] {dag.py:3834} INFO - Setting next_dagrun for dataset_consumes_1 to None, run_after=None
[2026-04-28T12:55:00.623+0000] {logging_mixin.py:188} INFO - [2026-04-28T12:55:00.623+0000] {dag.py:3834} INFO - Setting next_dagrun for dataset_consumes_1_and_2 to None, run_after=None
[2026-04-28T12:55:00.624+0000] {logging_mixin.py:188} INFO - [2026-04-28T12:55:00.624+0000] {dag.py:3834} INFO - Setting next_dagrun for dataset_consumes_1_never_scheduled to None, run_after=None
[2026-04-28T12:55:00.626+0000] {logging_mixin.py:188} INFO - [2026-04-28T12:55:00.625+0000] {dag.py:3834} INFO - Setting next_dagrun for dataset_consumes_unknown_never_scheduled to None, run_after=None
[2026-04-28T12:55:00.629+0000] {logging_mixin.py:188} INFO - [2026-04-28T12:55:00.628+0000] {dag.py:3834} INFO - Setting next_dagrun for dataset_produces_1 to 2026-04-27 00:00:00+00:00, run_after=2026-04-28 00:00:00+00:00
[2026-04-28T12:55:00.630+0000] {logging_mixin.py:188} INFO - [2026-04-28T12:55:00.630+0000] {dag.py:3834} INFO - Setting next_dagrun for dataset_produces_2 to None, run_after=None
[2026-04-28T12:55:00.665+0000] {processor.py:183} INFO - Processing /home/airflow/.local/lib/python3.8/site-packages/airflow/example_dags/example_datasets.py took 0.127 seconds
[2026-04-28T12:55:31.381+0000] {processor.py:161} INFO - Started process (PID=4849) to work on /home/airflow/.local/lib/python3.8/site-packages/airflow/example_dags/example_datasets.py
[2026-04-28T12:55:31.382+0000] {processor.py:830} INFO - Processing file /home/airflow/.local/lib/python3.8/site-packages/airflow/example_dags/example_datasets.py for tasks to queue
[2026-04-28T12:55:31.384+0000] {logging_mixin.py:188} INFO - [2026-04-28T12:55:31.383+0000] {dagbag.py:540} INFO - Filling up the DagBag from /home/airflow/.local/lib/python3.8/site-packages/airflow/example_dags/example_datasets.py
[2026-04-28T12:55:31.395+0000] {processor.py:840} INFO - DAG(s) 'dataset_produces_1', 'dataset_consumes_1_and_2', 'dataset_consumes_unknown_never_scheduled', 'dataset_consumes_1', 'dataset_consumes_1_never_scheduled', 'dataset_produces_2' retrieved from /home/airflow/.local/lib/python3.8/site-packages/airflow/example_dags/example_datasets.py
[2026-04-28T12:55:31.435+0000] {logging_mixin.py:188} INFO - [2026-04-28T12:55:31.435+0000] {dag.py:3047} INFO - Sync 6 DAGs
[2026-04-28T12:55:31.460+0000] {logging_mixin.py:188} INFO - [2026-04-28T12:55:31.460+0000] {dag.py:3834} INFO - Setting next_dagrun for dataset_consumes_1 to None, run_after=None
[2026-04-28T12:55:31.463+0000] {logging_mixin.py:188} INFO - [2026-04-28T12:55:31.463+0000] {dag.py:3834} INFO - Setting next_dagrun for dataset_consumes_1_and_2 to None, run_after=None
[2026-04-28T12:55:31.464+0000] {logging_mixin.py:188} INFO - [2026-04-28T12:55:31.464+0000] {dag.py:3834} INFO - Setting next_dagrun for dataset_consumes_1_never_scheduled to None, run_after=None
[2026-04-28T12:55:31.466+0000] {logging_mixin.py:188} INFO - [2026-04-28T12:55:31.465+0000] {dag.py:3834} INFO - Setting next_dagrun for dataset_consumes_unknown_never_scheduled to None, run_after=None
[2026-04-28T12:55:31.469+0000] {logging_mixin.py:188} INFO - [2026-04-28T12:55:31.469+0000] {dag.py:3834} INFO - Setting next_dagrun for dataset_produces_1 to 2026-04-27 00:00:00+00:00, run_after=2026-04-28 00:00:00+00:00
[2026-04-28T12:55:31.471+0000] {logging_mixin.py:188} INFO - [2026-04-28T12:55:31.470+0000] {dag.py:3834} INFO - Setting next_dagrun for dataset_produces_2 to None, run_after=None
[2026-04-28T12:55:31.498+0000] {processor.py:183} INFO - Processing /home/airflow/.local/lib/python3.8/site-packages/airflow/example_dags/example_datasets.py took 0.121 seconds
[2026-04-28T12:56:02.258+0000] {processor.py:161} INFO - Started process (PID=4905) to work on /home/airflow/.local/lib/python3.8/site-packages/airflow/example_dags/example_datasets.py
[2026-04-28T12:56:02.259+0000] {processor.py:830} INFO - Processing file /home/airflow/.local/lib/python3.8/site-packages/airflow/example_dags/example_datasets.py for tasks to queue
[2026-04-28T12:56:02.261+0000] {logging_mixin.py:188} INFO - [2026-04-28T12:56:02.261+0000] {dagbag.py:540} INFO - Filling up the DagBag from /home/airflow/.local/lib/python3.8/site-packages/airflow/example_dags/example_datasets.py
[2026-04-28T12:56:02.273+0000] {processor.py:840} INFO - DAG(s) 'dataset_consumes_unknown_never_scheduled', 'dataset_consumes_1_and_2', 'dataset_consumes_1_never_scheduled', 'dataset_consumes_1', 'dataset_produces_1', 'dataset_produces_2' retrieved from /home/airflow/.local/lib/python3.8/site-packages/airflow/example_dags/example_datasets.py
[2026-04-28T12:56:02.312+0000] {logging_mixin.py:188} INFO - [2026-04-28T12:56:02.311+0000] {dag.py:3047} INFO - Sync 6 DAGs
[2026-04-28T12:56:02.338+0000] {logging_mixin.py:188} INFO - [2026-04-28T12:56:02.337+0000] {dag.py:3834} INFO - Setting next_dagrun for dataset_consumes_1 to None, run_after=None
[2026-04-28T12:56:02.341+0000] {logging_mixin.py:188} INFO - [2026-04-28T12:56:02.341+0000] {dag.py:3834} INFO - Setting next_dagrun for dataset_consumes_1_and_2 to None, run_after=None
[2026-04-28T12:56:02.343+0000] {logging_mixin.py:188} INFO - [2026-04-28T12:56:02.343+0000] {dag.py:3834} INFO - Setting next_dagrun for dataset_consumes_1_never_scheduled to None, run_after=None
[2026-04-28T12:56:02.344+0000] {logging_mixin.py:188} INFO - [2026-04-28T12:56:02.344+0000] {dag.py:3834} INFO - Setting next_dagrun for dataset_consumes_unknown_never_scheduled to None, run_after=None
[2026-04-28T12:56:02.348+0000] {logging_mixin.py:188} INFO - [2026-04-28T12:56:02.347+0000] {dag.py:3834} INFO - Setting next_dagrun for dataset_produces_1 to 2026-04-27 00:00:00+00:00, run_after=2026-04-28 00:00:00+00:00
[2026-04-28T12:56:02.349+0000] {logging_mixin.py:188} INFO - [2026-04-28T12:56:02.349+0000] {dag.py:3834} INFO - Setting next_dagrun for dataset_produces_2 to None, run_after=None
[2026-04-28T12:56:02.378+0000] {processor.py:183} INFO - Processing /home/airflow/.local/lib/python3.8/site-packages/airflow/example_dags/example_datasets.py took 0.123 seconds
[2026-04-28T12:56:32.790+0000] {processor.py:161} INFO - Started process (PID=4960) to work on /home/airflow/.local/lib/python3.8/site-packages/airflow/example_dags/example_datasets.py
[2026-04-28T12:56:32.791+0000] {processor.py:830} INFO - Processing file /home/airflow/.local/lib/python3.8/site-packages/airflow/example_dags/example_datasets.py for tasks to queue
[2026-04-28T12:56:32.793+0000] {logging_mixin.py:188} INFO - [2026-04-28T12:56:32.792+0000] {dagbag.py:540} INFO - Filling up the DagBag from /home/airflow/.local/lib/python3.8/site-packages/airflow/example_dags/example_datasets.py
[2026-04-28T12:56:32.804+0000] {processor.py:840} INFO - DAG(s) 'dataset_consumes_1_and_2', 'dataset_consumes_1', 'dataset_produces_2', 'dataset_consumes_1_never_scheduled', 'dataset_produces_1', 'dataset_consumes_unknown_never_scheduled' retrieved from /home/airflow/.local/lib/python3.8/site-packages/airflow/example_dags/example_datasets.py
[2026-04-28T12:56:32.850+0000] {logging_mixin.py:188} INFO - [2026-04-28T12:56:32.850+0000] {dag.py:3047} INFO - Sync 6 DAGs
[2026-04-28T12:56:32.879+0000] {logging_mixin.py:188} INFO - [2026-04-28T12:56:32.879+0000] {dag.py:3834} INFO - Setting next_dagrun for dataset_consumes_1 to None, run_after=None
[2026-04-28T12:56:32.882+0000] {logging_mixin.py:188} INFO - [2026-04-28T12:56:32.882+0000] {dag.py:3834} INFO - Setting next_dagrun for dataset_consumes_1_and_2 to None, run_after=None
[2026-04-28T12:56:32.884+0000] {logging_mixin.py:188} INFO - [2026-04-28T12:56:32.883+0000] {dag.py:3834} INFO - Setting next_dagrun for dataset_consumes_1_never_scheduled to None, run_after=None
[2026-04-28T12:56:32.885+0000] {logging_mixin.py:188} INFO - [2026-04-28T12:56:32.885+0000] {dag.py:3834} INFO - Setting next_dagrun for dataset_consumes_unknown_never_scheduled to None, run_after=None
[2026-04-28T12:56:32.888+0000] {logging_mixin.py:188} INFO - [2026-04-28T12:56:32.888+0000] {dag.py:3834} INFO - Setting next_dagrun for dataset_produces_1 to 2026-04-27 00:00:00+00:00, run_after=2026-04-28 00:00:00+00:00
[2026-04-28T12:56:32.890+0000] {logging_mixin.py:188} INFO - [2026-04-28T12:56:32.889+0000] {dag.py:3834} INFO - Setting next_dagrun for dataset_produces_2 to None, run_after=None
[2026-04-28T12:56:32.919+0000] {processor.py:183} INFO - Processing /home/airflow/.local/lib/python3.8/site-packages/airflow/example_dags/example_datasets.py took 0.132 seconds
[2026-04-28T12:57:03.664+0000] {processor.py:161} INFO - Started process (PID=5016) to work on /home/airflow/.local/lib/python3.8/site-packages/airflow/example_dags/example_datasets.py
[2026-04-28T12:57:03.665+0000] {processor.py:830} INFO - Processing file /home/airflow/.local/lib/python3.8/site-packages/airflow/example_dags/example_datasets.py for tasks to queue
[2026-04-28T12:57:03.668+0000] {logging_mixin.py:188} INFO - [2026-04-28T12:57:03.667+0000] {dagbag.py:540} INFO - Filling up the DagBag from /home/airflow/.local/lib/python3.8/site-packages/airflow/example_dags/example_datasets.py
[2026-04-28T12:57:03.691+0000] {processor.py:840} INFO - DAG(s) 'dataset_produces_1', 'dataset_consumes_unknown_never_scheduled', 'dataset_consumes_1', 'dataset_consumes_1_never_scheduled', 'dataset_produces_2', 'dataset_consumes_1_and_2' retrieved from /home/airflow/.local/lib/python3.8/site-packages/airflow/example_dags/example_datasets.py
[2026-04-28T12:57:03.729+0000] {logging_mixin.py:188} INFO - [2026-04-28T12:57:03.729+0000] {dag.py:3047} INFO - Sync 6 DAGs
[2026-04-28T12:57:03.755+0000] {logging_mixin.py:188} INFO - [2026-04-28T12:57:03.754+0000] {dag.py:3834} INFO - Setting next_dagrun for dataset_consumes_1 to None, run_after=None
[2026-04-28T12:57:03.758+0000] {logging_mixin.py:188} INFO - [2026-04-28T12:57:03.758+0000] {dag.py:3834} INFO - Setting next_dagrun for dataset_consumes_1_and_2 to None, run_after=None
[2026-04-28T12:57:03.760+0000] {logging_mixin.py:188} INFO - [2026-04-28T12:57:03.759+0000] {dag.py:3834} INFO - Setting next_dagrun for dataset_consumes_1_never_scheduled to None, run_after=None
[2026-04-28T12:57:03.761+0000] {logging_mixin.py:188} INFO - [2026-04-28T12:57:03.761+0000] {dag.py:3834} INFO - Setting next_dagrun for dataset_consumes_unknown_never_scheduled to None, run_after=None
[2026-04-28T12:57:03.763+0000] {logging_mixin.py:188} INFO - [2026-04-28T12:57:03.763+0000] {dag.py:3834} INFO - Setting next_dagrun for dataset_produces_1 to 2026-04-27 00:00:00+00:00, run_after=2026-04-28 00:00:00+00:00
[2026-04-28T12:57:03.765+0000] {logging_mixin.py:188} INFO - [2026-04-28T12:57:03.764+0000] {dag.py:3834} INFO - Setting next_dagrun for dataset_produces_2 to None, run_after=None
[2026-04-28T12:57:03.789+0000] {processor.py:183} INFO - Processing /home/airflow/.local/lib/python3.8/site-packages/airflow/example_dags/example_datasets.py took 0.128 seconds
[2026-04-28T12:57:33.838+0000] {processor.py:161} INFO - Started process (PID=5072) to work on /home/airflow/.local/lib/python3.8/site-packages/airflow/example_dags/example_datasets.py
[2026-04-28T12:57:33.839+0000] {processor.py:830} INFO - Processing file /home/airflow/.local/lib/python3.8/site-packages/airflow/example_dags/example_datasets.py for tasks to queue
[2026-04-28T12:57:33.841+0000] {logging_mixin.py:188} INFO - [2026-04-28T12:57:33.841+0000] {dagbag.py:540} INFO - Filling up the DagBag from /home/airflow/.local/lib/python3.8/site-packages/airflow/example_dags/example_datasets.py
[2026-04-28T12:57:33.853+0000] {processor.py:840} INFO - DAG(s) 'dataset_consumes_1', 'dataset_produces_2', 'dataset_consumes_1_and_2', 'dataset_consumes_1_never_scheduled', 'dataset_consumes_unknown_never_scheduled', 'dataset_produces_1' retrieved from /home/airflow/.local/lib/python3.8/site-packages/airflow/example_dags/example_datasets.py
[2026-04-28T12:57:33.891+0000] {logging_mixin.py:188} INFO - [2026-04-28T12:57:33.891+0000] {dag.py:3047} INFO - Sync 6 DAGs
[2026-04-28T12:57:33.917+0000] {logging_mixin.py:188} INFO - [2026-04-28T12:57:33.917+0000] {dag.py:3834} INFO - Setting next_dagrun for dataset_consumes_1 to None, run_after=None
[2026-04-28T12:57:33.921+0000] {logging_mixin.py:188} INFO - [2026-04-28T12:57:33.921+0000] {dag.py:3834} INFO - Setting next_dagrun for dataset_consumes_1_and_2 to None, run_after=None
[2026-04-28T12:57:33.922+0000] {logging_mixin.py:188} INFO - [2026-04-28T12:57:33.922+0000] {dag.py:3834} INFO - Setting next_dagrun for dataset_consumes_1_never_scheduled to None, run_after=None
[2026-04-28T12:57:33.923+0000] {logging_mixin.py:188} INFO - [2026-04-28T12:57:33.923+0000] {dag.py:3834} INFO - Setting next_dagrun for dataset_consumes_unknown_never_scheduled to None, run_after=None
[2026-04-28T12:57:33.927+0000] {logging_mixin.py:188} INFO - [2026-04-28T12:57:33.927+0000] {dag.py:3834} INFO - Setting next_dagrun for dataset_produces_1 to 2026-04-27 00:00:00+00:00, run_after=2026-04-28 00:00:00+00:00
[2026-04-28T12:57:33.928+0000] {logging_mixin.py:188} INFO - [2026-04-28T12:57:33.928+0000] {dag.py:3834} INFO - Setting next_dagrun for dataset_produces_2 to None, run_after=None
[2026-04-28T12:57:33.954+0000] {processor.py:183} INFO - Processing /home/airflow/.local/lib/python3.8/site-packages/airflow/example_dags/example_datasets.py took 0.120 seconds
[2026-04-28T12:58:04.105+0000] {processor.py:161} INFO - Started process (PID=5128) to work on /home/airflow/.local/lib/python3.8/site-packages/airflow/example_dags/example_datasets.py
[2026-04-28T12:58:04.106+0000] {processor.py:830} INFO - Processing file /home/airflow/.local/lib/python3.8/site-packages/airflow/example_dags/example_datasets.py for tasks to queue
[2026-04-28T12:58:04.108+0000] {logging_mixin.py:188} INFO - [2026-04-28T12:58:04.108+0000] {dagbag.py:540} INFO - Filling up the DagBag from /home/airflow/.local/lib/python3.8/site-packages/airflow/example_dags/example_datasets.py
[2026-04-28T12:58:04.120+0000] {processor.py:840} INFO - DAG(s) 'dataset_consumes_1_and_2', 'dataset_consumes_1', 'dataset_consumes_1_never_scheduled', 'dataset_produces_2', 'dataset_produces_1', 'dataset_consumes_unknown_never_scheduled' retrieved from /home/airflow/.local/lib/python3.8/site-packages/airflow/example_dags/example_datasets.py
[2026-04-28T12:58:04.159+0000] {logging_mixin.py:188} INFO - [2026-04-28T12:58:04.158+0000] {dag.py:3047} INFO - Sync 6 DAGs
[2026-04-28T12:58:04.183+0000] {logging_mixin.py:188} INFO - [2026-04-28T12:58:04.183+0000] {dag.py:3834} INFO - Setting next_dagrun for dataset_consumes_1 to None, run_after=None
[2026-04-28T12:58:04.186+0000] {logging_mixin.py:188} INFO - [2026-04-28T12:58:04.186+0000] {dag.py:3834} INFO - Setting next_dagrun for dataset_consumes_1_and_2 to None, run_after=None
[2026-04-28T12:58:04.188+0000] {logging_mixin.py:188} INFO - [2026-04-28T12:58:04.187+0000] {dag.py:3834} INFO - Setting next_dagrun for dataset_consumes_1_never_scheduled to None, run_after=None
[2026-04-28T12:58:04.189+0000] {logging_mixin.py:188} INFO - [2026-04-28T12:58:04.189+0000] {dag.py:3834} INFO - Setting next_dagrun for dataset_consumes_unknown_never_scheduled to None, run_after=None
[2026-04-28T12:58:04.192+0000] {logging_mixin.py:188} INFO - [2026-04-28T12:58:04.192+0000] {dag.py:3834} INFO - Setting next_dagrun for dataset_produces_1 to 2026-04-27 00:00:00+00:00, run_after=2026-04-28 00:00:00+00:00
[2026-04-28T12:58:04.193+0000] {logging_mixin.py:188} INFO - [2026-04-28T12:58:04.193+0000] {dag.py:3834} INFO - Setting next_dagrun for dataset_produces_2 to None, run_after=None
[2026-04-28T12:58:04.226+0000] {processor.py:183} INFO - Processing /home/airflow/.local/lib/python3.8/site-packages/airflow/example_dags/example_datasets.py took 0.124 seconds
[2026-04-28T12:58:34.377+0000] {processor.py:161} INFO - Started process (PID=5183) to work on /home/airflow/.local/lib/python3.8/site-packages/airflow/example_dags/example_datasets.py
[2026-04-28T12:58:34.378+0000] {processor.py:830} INFO - Processing file /home/airflow/.local/lib/python3.8/site-packages/airflow/example_dags/example_datasets.py for tasks to queue
[2026-04-28T12:58:34.380+0000] {logging_mixin.py:188} INFO - [2026-04-28T12:58:34.380+0000] {dagbag.py:540} INFO - Filling up the DagBag from /home/airflow/.local/lib/python3.8/site-packages/airflow/example_dags/example_datasets.py
[2026-04-28T12:58:34.392+0000] {processor.py:840} INFO - DAG(s) 'dataset_consumes_1_never_scheduled', 'dataset_consumes_1_and_2', 'dataset_consumes_1', 'dataset_produces_1', 'dataset_consumes_unknown_never_scheduled', 'dataset_produces_2' retrieved from /home/airflow/.local/lib/python3.8/site-packages/airflow/example_dags/example_datasets.py
[2026-04-28T12:58:34.431+0000] {logging_mixin.py:188} INFO - [2026-04-28T12:58:34.431+0000] {dag.py:3047} INFO - Sync 6 DAGs
[2026-04-28T12:58:34.456+0000] {logging_mixin.py:188} INFO - [2026-04-28T12:58:34.456+0000] {dag.py:3834} INFO - Setting next_dagrun for dataset_consumes_1 to None, run_after=None
[2026-04-28T12:58:34.459+0000] {logging_mixin.py:188} INFO - [2026-04-28T12:58:34.459+0000] {dag.py:3834} INFO - Setting next_dagrun for dataset_consumes_1_and_2 to None, run_after=None
[2026-04-28T12:58:34.461+0000] {logging_mixin.py:188} INFO - [2026-04-28T12:58:34.460+0000] {dag.py:3834} INFO - Setting next_dagrun for dataset_consumes_1_never_scheduled to None, run_after=None
[2026-04-28T12:58:34.462+0000] {logging_mixin.py:188} INFO - [2026-04-28T12:58:34.462+0000] {dag.py:3834} INFO - Setting next_dagrun for dataset_consumes_unknown_never_scheduled to None, run_after=None
[2026-04-28T12:58:34.465+0000] {logging_mixin.py:188} INFO - [2026-04-28T12:58:34.465+0000] {dag.py:3834} INFO - Setting next_dagrun for dataset_produces_1 to 2026-04-27 00:00:00+00:00, run_after=2026-04-28 00:00:00+00:00
[2026-04-28T12:58:34.466+0000] {logging_mixin.py:188} INFO - [2026-04-28T12:58:34.466+0000] {dag.py:3834} INFO - Setting next_dagrun for dataset_produces_2 to None, run_after=None
[2026-04-28T12:58:34.493+0000] {processor.py:183} INFO - Processing /home/airflow/.local/lib/python3.8/site-packages/airflow/example_dags/example_datasets.py took 0.120 seconds
[2026-04-28T12:59:05.346+0000] {processor.py:161} INFO - Started process (PID=5239) to work on /home/airflow/.local/lib/python3.8/site-packages/airflow/example_dags/example_datasets.py
[2026-04-28T12:59:05.349+0000] {processor.py:830} INFO - Processing file /home/airflow/.local/lib/python3.8/site-packages/airflow/example_dags/example_datasets.py for tasks to queue
[2026-04-28T12:59:05.351+0000] {logging_mixin.py:188} INFO - [2026-04-28T12:59:05.351+0000] {dagbag.py:540} INFO - Filling up the DagBag from /home/airflow/.local/lib/python3.8/site-packages/airflow/example_dags/example_datasets.py
[2026-04-28T12:59:05.368+0000] {processor.py:840} INFO - DAG(s) 'dataset_consumes_1_and_2', 'dataset_consumes_unknown_never_scheduled', 'dataset_consumes_1', 'dataset_produces_2', 'dataset_produces_1', 'dataset_consumes_1_never_scheduled' retrieved from /home/airflow/.local/lib/python3.8/site-packages/airflow/example_dags/example_datasets.py
[2026-04-28T12:59:05.407+0000] {logging_mixin.py:188} INFO - [2026-04-28T12:59:05.406+0000] {dag.py:3047} INFO - Sync 6 DAGs
[2026-04-28T12:59:05.431+0000] {logging_mixin.py:188} INFO - [2026-04-28T12:59:05.431+0000] {dag.py:3834} INFO - Setting next_dagrun for dataset_consumes_1 to None, run_after=None
[2026-04-28T12:59:05.435+0000] {logging_mixin.py:188} INFO - [2026-04-28T12:59:05.435+0000] {dag.py:3834} INFO - Setting next_dagrun for dataset_consumes_1_and_2 to None, run_after=None
[2026-04-28T12:59:05.436+0000] {logging_mixin.py:188} INFO - [2026-04-28T12:59:05.436+0000] {dag.py:3834} INFO - Setting next_dagrun for dataset_consumes_1_never_scheduled to None, run_after=None
[2026-04-28T12:59:05.437+0000] {logging_mixin.py:188} INFO - [2026-04-28T12:59:05.437+0000] {dag.py:3834} INFO - Setting next_dagrun for dataset_consumes_unknown_never_scheduled to None, run_after=None
[2026-04-28T12:59:05.440+0000] {logging_mixin.py:188} INFO - [2026-04-28T12:59:05.440+0000] {dag.py:3834} INFO - Setting next_dagrun for dataset_produces_1 to 2026-04-27 00:00:00+00:00, run_after=2026-04-28 00:00:00+00:00
[2026-04-28T12:59:05.441+0000] {logging_mixin.py:188} INFO - [2026-04-28T12:59:05.441+0000] {dag.py:3834} INFO - Setting next_dagrun for dataset_produces_2 to None, run_after=None
[2026-04-28T12:59:05.471+0000] {processor.py:183} INFO - Processing /home/airflow/.local/lib/python3.8/site-packages/airflow/example_dags/example_datasets.py took 0.129 seconds
[2026-04-28T12:59:36.011+0000] {processor.py:161} INFO - Started process (PID=5295) to work on /home/airflow/.local/lib/python3.8/site-packages/airflow/example_dags/example_datasets.py
[2026-04-28T12:59:36.013+0000] {processor.py:830} INFO - Processing file /home/airflow/.local/lib/python3.8/site-packages/airflow/example_dags/example_datasets.py for tasks to queue
[2026-04-28T12:59:36.015+0000] {logging_mixin.py:188} INFO - [2026-04-28T12:59:36.015+0000] {dagbag.py:540} INFO - Filling up the DagBag from /home/airflow/.local/lib/python3.8/site-packages/airflow/example_dags/example_datasets.py
[2026-04-28T12:59:36.032+0000] {processor.py:840} INFO - DAG(s) 'dataset_consumes_1', 'dataset_consumes_1_never_scheduled', 'dataset_consumes_unknown_never_scheduled', 'dataset_produces_2', 'dataset_consumes_1_and_2', 'dataset_produces_1' retrieved from /home/airflow/.local/lib/python3.8/site-packages/airflow/example_dags/example_datasets.py
[2026-04-28T12:59:36.074+0000] {logging_mixin.py:188} INFO - [2026-04-28T12:59:36.074+0000] {dag.py:3047} INFO - Sync 6 DAGs
[2026-04-28T12:59:36.098+0000] {logging_mixin.py:188} INFO - [2026-04-28T12:59:36.098+0000] {dag.py:3834} INFO - Setting next_dagrun for dataset_consumes_1 to None, run_after=None
[2026-04-28T12:59:36.102+0000] {logging_mixin.py:188} INFO - [2026-04-28T12:59:36.102+0000] {dag.py:3834} INFO - Setting next_dagrun for dataset_consumes_1_and_2 to None, run_after=None
[2026-04-28T12:59:36.103+0000] {logging_mixin.py:188} INFO - [2026-04-28T12:59:36.103+0000] {dag.py:3834} INFO - Setting next_dagrun for dataset_consumes_1_never_scheduled to None, run_after=None
[2026-04-28T12:59:36.105+0000] {logging_mixin.py:188} INFO - [2026-04-28T12:59:36.104+0000] {dag.py:3834} INFO - Setting next_dagrun for dataset_consumes_unknown_never_scheduled to None, run_after=None
[2026-04-28T12:59:36.107+0000] {logging_mixin.py:188} INFO - [2026-04-28T12:59:36.107+0000] {dag.py:3834} INFO - Setting next_dagrun for dataset_produces_1 to 2026-04-27 00:00:00+00:00, run_after=2026-04-28 00:00:00+00:00
[2026-04-28T12:59:36.109+0000] {logging_mixin.py:188} INFO - [2026-04-28T12:59:36.109+0000] {dag.py:3834} INFO - Setting next_dagrun for dataset_produces_2 to None, run_after=None
[2026-04-28T12:59:36.133+0000] {processor.py:183} INFO - Processing /home/airflow/.local/lib/python3.8/site-packages/airflow/example_dags/example_datasets.py took 0.126 seconds
[2026-04-28T13:00:06.546+0000] {processor.py:161} INFO - Started process (PID=5351) to work on /home/airflow/.local/lib/python3.8/site-packages/airflow/example_dags/example_datasets.py
[2026-04-28T13:00:06.547+0000] {processor.py:830} INFO - Processing file /home/airflow/.local/lib/python3.8/site-packages/airflow/example_dags/example_datasets.py for tasks to queue
[2026-04-28T13:00:06.549+0000] {logging_mixin.py:188} INFO - [2026-04-28T13:00:06.549+0000] {dagbag.py:540} INFO - Filling up the DagBag from /home/airflow/.local/lib/python3.8/site-packages/airflow/example_dags/example_datasets.py
[2026-04-28T13:00:06.561+0000] {processor.py:840} INFO - DAG(s) 'dataset_consumes_1', 'dataset_consumes_1_never_scheduled', 'dataset_produces_1', 'dataset_consumes_1_and_2', 'dataset_produces_2', 'dataset_consumes_unknown_never_scheduled' retrieved from /home/airflow/.local/lib/python3.8/site-packages/airflow/example_dags/example_datasets.py
[2026-04-28T13:00:06.612+0000] {logging_mixin.py:188} INFO - [2026-04-28T13:00:06.612+0000] {dag.py:3047} INFO - Sync 6 DAGs
[2026-04-28T13:00:06.636+0000] {logging_mixin.py:188} INFO - [2026-04-28T13:00:06.636+0000] {dag.py:3834} INFO - Setting next_dagrun for dataset_consumes_1 to None, run_after=None
[2026-04-28T13:00:06.640+0000] {logging_mixin.py:188} INFO - [2026-04-28T13:00:06.640+0000] {dag.py:3834} INFO - Setting next_dagrun for dataset_consumes_1_and_2 to None, run_after=None
[2026-04-28T13:00:06.641+0000] {logging_mixin.py:188} INFO - [2026-04-28T13:00:06.641+0000] {dag.py:3834} INFO - Setting next_dagrun for dataset_consumes_1_never_scheduled to None, run_after=None
[2026-04-28T13:00:06.642+0000] {logging_mixin.py:188} INFO - [2026-04-28T13:00:06.642+0000] {dag.py:3834} INFO - Setting next_dagrun for dataset_consumes_unknown_never_scheduled to None, run_after=None
[2026-04-28T13:00:06.645+0000] {logging_mixin.py:188} INFO - [2026-04-28T13:00:06.645+0000] {dag.py:3834} INFO - Setting next_dagrun for dataset_produces_1 to 2026-04-27 00:00:00+00:00, run_after=2026-04-28 00:00:00+00:00
[2026-04-28T13:00:06.648+0000] {logging_mixin.py:188} INFO - [2026-04-28T13:00:06.648+0000] {dag.py:3834} INFO - Setting next_dagrun for dataset_produces_2 to None, run_after=None
[2026-04-28T13:00:06.683+0000] {processor.py:183} INFO - Processing /home/airflow/.local/lib/python3.8/site-packages/airflow/example_dags/example_datasets.py took 0.140 seconds
[2026-04-28T13:00:37.371+0000] {processor.py:161} INFO - Started process (PID=5412) to work on /home/airflow/.local/lib/python3.8/site-packages/airflow/example_dags/example_datasets.py
[2026-04-28T13:00:37.372+0000] {processor.py:830} INFO - Processing file /home/airflow/.local/lib/python3.8/site-packages/airflow/example_dags/example_datasets.py for tasks to queue
[2026-04-28T13:00:37.374+0000] {logging_mixin.py:188} INFO - [2026-04-28T13:00:37.373+0000] {dagbag.py:540} INFO - Filling up the DagBag from /home/airflow/.local/lib/python3.8/site-packages/airflow/example_dags/example_datasets.py
[2026-04-28T13:00:37.391+0000] {processor.py:840} INFO - DAG(s) 'dataset_consumes_1', 'dataset_produces_1', 'dataset_produces_2', 'dataset_consumes_unknown_never_scheduled', 'dataset_consumes_1_never_scheduled', 'dataset_consumes_1_and_2' retrieved from /home/airflow/.local/lib/python3.8/site-packages/airflow/example_dags/example_datasets.py
[2026-04-28T13:00:37.534+0000] {logging_mixin.py:188} INFO - [2026-04-28T13:00:37.533+0000] {dag.py:3047} INFO - Sync 6 DAGs
[2026-04-28T13:00:37.580+0000] {logging_mixin.py:188} INFO - [2026-04-28T13:00:37.579+0000] {dag.py:3834} INFO - Setting next_dagrun for dataset_consumes_1 to None, run_after=None
[2026-04-28T13:00:37.583+0000] {logging_mixin.py:188} INFO - [2026-04-28T13:00:37.583+0000] {dag.py:3834} INFO - Setting next_dagrun for dataset_consumes_1_and_2 to None, run_after=None
[2026-04-28T13:00:37.585+0000] {logging_mixin.py:188} INFO - [2026-04-28T13:00:37.585+0000] {dag.py:3834} INFO - Setting next_dagrun for dataset_consumes_1_never_scheduled to None, run_after=None
[2026-04-28T13:00:37.586+0000] {logging_mixin.py:188} INFO - [2026-04-28T13:00:37.586+0000] {dag.py:3834} INFO - Setting next_dagrun for dataset_consumes_unknown_never_scheduled to None, run_after=None
[2026-04-28T13:00:37.589+0000] {logging_mixin.py:188} INFO - [2026-04-28T13:00:37.589+0000] {dag.py:3834} INFO - Setting next_dagrun for dataset_produces_1 to 2026-04-27 00:00:00+00:00, run_after=2026-04-28 00:00:00+00:00
[2026-04-28T13:00:37.591+0000] {logging_mixin.py:188} INFO - [2026-04-28T13:00:37.590+0000] {dag.py:3834} INFO - Setting next_dagrun for dataset_produces_2 to None, run_after=None
[2026-04-28T13:00:37.631+0000] {processor.py:183} INFO - Processing /home/airflow/.local/lib/python3.8/site-packages/airflow/example_dags/example_datasets.py took 0.264 seconds
[2026-04-28T13:01:08.341+0000] {processor.py:161} INFO - Started process (PID=5468) to work on /home/airflow/.local/lib/python3.8/site-packages/airflow/example_dags/example_datasets.py
[2026-04-28T13:01:08.349+0000] {processor.py:830} INFO - Processing file /home/airflow/.local/lib/python3.8/site-packages/airflow/example_dags/example_datasets.py for tasks to queue
[2026-04-28T13:01:08.354+0000] {logging_mixin.py:188} INFO - [2026-04-28T13:01:08.353+0000] {dagbag.py:540} INFO - Filling up the DagBag from /home/airflow/.local/lib/python3.8/site-packages/airflow/example_dags/example_datasets.py
[2026-04-28T13:01:08.394+0000] {processor.py:840} INFO - DAG(s) 'dataset_produces_1', 'dataset_consumes_1_never_scheduled', 'dataset_consumes_1_and_2', 'dataset_consumes_unknown_never_scheduled', 'dataset_consumes_1', 'dataset_produces_2' retrieved from /home/airflow/.local/lib/python3.8/site-packages/airflow/example_dags/example_datasets.py
[2026-04-28T13:01:08.451+0000] {logging_mixin.py:188} INFO - [2026-04-28T13:01:08.450+0000] {dag.py:3047} INFO - Sync 6 DAGs
[2026-04-28T13:01:08.486+0000] {logging_mixin.py:188} INFO - [2026-04-28T13:01:08.486+0000] {dag.py:3834} INFO - Setting next_dagrun for dataset_consumes_1 to None, run_after=None
[2026-04-28T13:01:08.490+0000] {logging_mixin.py:188} INFO - [2026-04-28T13:01:08.490+0000] {dag.py:3834} INFO - Setting next_dagrun for dataset_consumes_1_and_2 to None, run_after=None
[2026-04-28T13:01:08.491+0000] {logging_mixin.py:188} INFO - [2026-04-28T13:01:08.491+0000] {dag.py:3834} INFO - Setting next_dagrun for dataset_consumes_1_never_scheduled to None, run_after=None
[2026-04-28T13:01:08.493+0000] {logging_mixin.py:188} INFO - [2026-04-28T13:01:08.493+0000] {dag.py:3834} INFO - Setting next_dagrun for dataset_consumes_unknown_never_scheduled to None, run_after=None
[2026-04-28T13:01:08.496+0000] {logging_mixin.py:188} INFO - [2026-04-28T13:01:08.496+0000] {dag.py:3834} INFO - Setting next_dagrun for dataset_produces_1 to 2026-04-27 00:00:00+00:00, run_after=2026-04-28 00:00:00+00:00
[2026-04-28T13:01:08.497+0000] {logging_mixin.py:188} INFO - [2026-04-28T13:01:08.497+0000] {dag.py:3834} INFO - Setting next_dagrun for dataset_produces_2 to None, run_after=None
[2026-04-28T13:01:08.531+0000] {processor.py:183} INFO - Processing /home/airflow/.local/lib/python3.8/site-packages/airflow/example_dags/example_datasets.py took 0.221 seconds
[2026-04-28T13:01:39.485+0000] {processor.py:161} INFO - Started process (PID=5524) to work on /home/airflow/.local/lib/python3.8/site-packages/airflow/example_dags/example_datasets.py
[2026-04-28T13:01:39.486+0000] {processor.py:830} INFO - Processing file /home/airflow/.local/lib/python3.8/site-packages/airflow/example_dags/example_datasets.py for tasks to queue
[2026-04-28T13:01:39.488+0000] {logging_mixin.py:188} INFO - [2026-04-28T13:01:39.488+0000] {dagbag.py:540} INFO - Filling up the DagBag from /home/airflow/.local/lib/python3.8/site-packages/airflow/example_dags/example_datasets.py
[2026-04-28T13:01:39.501+0000] {processor.py:840} INFO - DAG(s) 'dataset_consumes_1_and_2', 'dataset_consumes_1_never_scheduled', 'dataset_consumes_unknown_never_scheduled', 'dataset_consumes_1', 'dataset_produces_1', 'dataset_produces_2' retrieved from /home/airflow/.local/lib/python3.8/site-packages/airflow/example_dags/example_datasets.py
[2026-04-28T13:01:39.543+0000] {logging_mixin.py:188} INFO - [2026-04-28T13:01:39.543+0000] {dag.py:3047} INFO - Sync 6 DAGs
[2026-04-28T13:01:39.568+0000] {logging_mixin.py:188} INFO - [2026-04-28T13:01:39.568+0000] {dag.py:3834} INFO - Setting next_dagrun for dataset_consumes_1 to None, run_after=None
[2026-04-28T13:01:39.572+0000] {logging_mixin.py:188} INFO - [2026-04-28T13:01:39.572+0000] {dag.py:3834} INFO - Setting next_dagrun for dataset_consumes_1_and_2 to None, run_after=None
[2026-04-28T13:01:39.573+0000] {logging_mixin.py:188} INFO - [2026-04-28T13:01:39.573+0000] {dag.py:3834} INFO - Setting next_dagrun for dataset_consumes_1_never_scheduled to None, run_after=None
[2026-04-28T13:01:39.574+0000] {logging_mixin.py:188} INFO - [2026-04-28T13:01:39.574+0000] {dag.py:3834} INFO - Setting next_dagrun for dataset_consumes_unknown_never_scheduled to None, run_after=None
[2026-04-28T13:01:39.578+0000] {logging_mixin.py:188} INFO - [2026-04-28T13:01:39.577+0000] {dag.py:3834} INFO - Setting next_dagrun for dataset_produces_1 to 2026-04-27 00:00:00+00:00, run_after=2026-04-28 00:00:00+00:00
[2026-04-28T13:01:39.579+0000] {logging_mixin.py:188} INFO - [2026-04-28T13:01:39.579+0000] {dag.py:3834} INFO - Setting next_dagrun for dataset_produces_2 to None, run_after=None
[2026-04-28T13:01:39.617+0000] {processor.py:183} INFO - Processing /home/airflow/.local/lib/python3.8/site-packages/airflow/example_dags/example_datasets.py took 0.136 seconds
[2026-04-28T13:02:09.936+0000] {processor.py:161} INFO - Started process (PID=5580) to work on /home/airflow/.local/lib/python3.8/site-packages/airflow/example_dags/example_datasets.py
[2026-04-28T13:02:09.937+0000] {processor.py:830} INFO - Processing file /home/airflow/.local/lib/python3.8/site-packages/airflow/example_dags/example_datasets.py for tasks to queue
[2026-04-28T13:02:09.939+0000] {logging_mixin.py:188} INFO - [2026-04-28T13:02:09.939+0000] {dagbag.py:540} INFO - Filling up the DagBag from /home/airflow/.local/lib/python3.8/site-packages/airflow/example_dags/example_datasets.py
[2026-04-28T13:02:09.962+0000] {processor.py:840} INFO - DAG(s) 'dataset_consumes_1', 'dataset_consumes_1_never_scheduled', 'dataset_produces_1', 'dataset_consumes_unknown_never_scheduled', 'dataset_consumes_1_and_2', 'dataset_produces_2' retrieved from /home/airflow/.local/lib/python3.8/site-packages/airflow/example_dags/example_datasets.py
[2026-04-28T13:02:10.004+0000] {logging_mixin.py:188} INFO - [2026-04-28T13:02:10.003+0000] {dag.py:3047} INFO - Sync 6 DAGs
[2026-04-28T13:02:10.028+0000] {logging_mixin.py:188} INFO - [2026-04-28T13:02:10.028+0000] {dag.py:3834} INFO - Setting next_dagrun for dataset_consumes_1 to None, run_after=None
[2026-04-28T13:02:10.032+0000] {logging_mixin.py:188} INFO - [2026-04-28T13:02:10.032+0000] {dag.py:3834} INFO - Setting next_dagrun for dataset_consumes_1_and_2 to None, run_after=None
[2026-04-28T13:02:10.033+0000] {logging_mixin.py:188} INFO - [2026-04-28T13:02:10.033+0000] {dag.py:3834} INFO - Setting next_dagrun for dataset_consumes_1_never_scheduled to None, run_after=None
[2026-04-28T13:02:10.034+0000] {logging_mixin.py:188} INFO - [2026-04-28T13:02:10.034+0000] {dag.py:3834} INFO - Setting next_dagrun for dataset_consumes_unknown_never_scheduled to None, run_after=None
[2026-04-28T13:02:10.037+0000] {logging_mixin.py:188} INFO - [2026-04-28T13:02:10.037+0000] {dag.py:3834} INFO - Setting next_dagrun for dataset_produces_1 to 2026-04-27 00:00:00+00:00, run_after=2026-04-28 00:00:00+00:00
[2026-04-28T13:02:10.038+0000] {logging_mixin.py:188} INFO - [2026-04-28T13:02:10.038+0000] {dag.py:3834} INFO - Setting next_dagrun for dataset_produces_2 to None, run_after=None
[2026-04-28T13:02:10.067+0000] {processor.py:183} INFO - Processing /home/airflow/.local/lib/python3.8/site-packages/airflow/example_dags/example_datasets.py took 0.135 seconds
