[2026-04-28T12:11:50.982+0000] {processor.py:161} INFO - Started process (PID=78) to work on /home/airflow/.local/lib/python3.8/site-packages/airflow/example_dags/example_python_operator.py
[2026-04-28T12:11:50.983+0000] {processor.py:830} INFO - Processing file /home/airflow/.local/lib/python3.8/site-packages/airflow/example_dags/example_python_operator.py for tasks to queue
[2026-04-28T12:11:50.986+0000] {logging_mixin.py:188} INFO - [2026-04-28T12:11:50.986+0000] {dagbag.py:540} INFO - Filling up the DagBag from /home/airflow/.local/lib/python3.8/site-packages/airflow/example_dags/example_python_operator.py
[2026-04-28T12:11:51.023+0000] {processor.py:840} INFO - DAG(s) 'example_python_operator' retrieved from /home/airflow/.local/lib/python3.8/site-packages/airflow/example_dags/example_python_operator.py
[2026-04-28T12:11:51.356+0000] {logging_mixin.py:188} INFO - [2026-04-28T12:11:51.356+0000] {dag.py:3047} INFO - Sync 1 DAGs
[2026-04-28T12:11:51.385+0000] {logging_mixin.py:188} INFO - [2026-04-28T12:11:51.385+0000] {dag.py:3834} INFO - Setting next_dagrun for example_python_operator to None, run_after=None
[2026-04-28T12:11:51.454+0000] {processor.py:183} INFO - Processing /home/airflow/.local/lib/python3.8/site-packages/airflow/example_dags/example_python_operator.py took 0.482 seconds
[2026-04-28T12:12:21.595+0000] {processor.py:161} INFO - Started process (PID=133) to work on /home/airflow/.local/lib/python3.8/site-packages/airflow/example_dags/example_python_operator.py
[2026-04-28T12:12:21.596+0000] {processor.py:830} INFO - Processing file /home/airflow/.local/lib/python3.8/site-packages/airflow/example_dags/example_python_operator.py for tasks to queue
[2026-04-28T12:12:21.597+0000] {logging_mixin.py:188} INFO - [2026-04-28T12:12:21.597+0000] {dagbag.py:540} INFO - Filling up the DagBag from /home/airflow/.local/lib/python3.8/site-packages/airflow/example_dags/example_python_operator.py
[2026-04-28T12:12:21.606+0000] {processor.py:840} INFO - DAG(s) 'example_python_operator' retrieved from /home/airflow/.local/lib/python3.8/site-packages/airflow/example_dags/example_python_operator.py
[2026-04-28T12:12:21.623+0000] {logging_mixin.py:188} INFO - [2026-04-28T12:12:21.623+0000] {dag.py:3047} INFO - Sync 1 DAGs
[2026-04-28T12:12:21.633+0000] {logging_mixin.py:188} INFO - [2026-04-28T12:12:21.633+0000] {dag.py:3834} INFO - Setting next_dagrun for example_python_operator to None, run_after=None
[2026-04-28T12:12:21.647+0000] {processor.py:183} INFO - Processing /home/airflow/.local/lib/python3.8/site-packages/airflow/example_dags/example_python_operator.py took 0.055 seconds
[2026-04-28T12:12:51.758+0000] {processor.py:161} INFO - Started process (PID=188) to work on /home/airflow/.local/lib/python3.8/site-packages/airflow/example_dags/example_python_operator.py
[2026-04-28T12:12:51.760+0000] {processor.py:830} INFO - Processing file /home/airflow/.local/lib/python3.8/site-packages/airflow/example_dags/example_python_operator.py for tasks to queue
[2026-04-28T12:12:51.762+0000] {logging_mixin.py:188} INFO - [2026-04-28T12:12:51.762+0000] {dagbag.py:540} INFO - Filling up the DagBag from /home/airflow/.local/lib/python3.8/site-packages/airflow/example_dags/example_python_operator.py
[2026-04-28T12:12:51.786+0000] {processor.py:840} INFO - DAG(s) 'example_python_operator' retrieved from /home/airflow/.local/lib/python3.8/site-packages/airflow/example_dags/example_python_operator.py
[2026-04-28T12:12:51.804+0000] {logging_mixin.py:188} INFO - [2026-04-28T12:12:51.803+0000] {dag.py:3047} INFO - Sync 1 DAGs
[2026-04-28T12:12:51.813+0000] {logging_mixin.py:188} INFO - [2026-04-28T12:12:51.812+0000] {dag.py:3834} INFO - Setting next_dagrun for example_python_operator to None, run_after=None
[2026-04-28T12:12:51.825+0000] {processor.py:183} INFO - Processing /home/airflow/.local/lib/python3.8/site-packages/airflow/example_dags/example_python_operator.py took 0.071 seconds
[2026-04-28T12:13:22.216+0000] {processor.py:161} INFO - Started process (PID=243) to work on /home/airflow/.local/lib/python3.8/site-packages/airflow/example_dags/example_python_operator.py
[2026-04-28T12:13:22.217+0000] {processor.py:830} INFO - Processing file /home/airflow/.local/lib/python3.8/site-packages/airflow/example_dags/example_python_operator.py for tasks to queue
[2026-04-28T12:13:22.219+0000] {logging_mixin.py:188} INFO - [2026-04-28T12:13:22.219+0000] {dagbag.py:540} INFO - Filling up the DagBag from /home/airflow/.local/lib/python3.8/site-packages/airflow/example_dags/example_python_operator.py
[2026-04-28T12:13:22.231+0000] {processor.py:840} INFO - DAG(s) 'example_python_operator' retrieved from /home/airflow/.local/lib/python3.8/site-packages/airflow/example_dags/example_python_operator.py
[2026-04-28T12:13:22.254+0000] {logging_mixin.py:188} INFO - [2026-04-28T12:13:22.254+0000] {dag.py:3047} INFO - Sync 1 DAGs
[2026-04-28T12:13:22.263+0000] {logging_mixin.py:188} INFO - [2026-04-28T12:13:22.263+0000] {dag.py:3834} INFO - Setting next_dagrun for example_python_operator to None, run_after=None
[2026-04-28T12:13:22.276+0000] {processor.py:183} INFO - Processing /home/airflow/.local/lib/python3.8/site-packages/airflow/example_dags/example_python_operator.py took 0.064 seconds
[2026-04-28T12:13:52.719+0000] {processor.py:161} INFO - Started process (PID=298) to work on /home/airflow/.local/lib/python3.8/site-packages/airflow/example_dags/example_python_operator.py
[2026-04-28T12:13:52.720+0000] {processor.py:830} INFO - Processing file /home/airflow/.local/lib/python3.8/site-packages/airflow/example_dags/example_python_operator.py for tasks to queue
[2026-04-28T12:13:52.722+0000] {logging_mixin.py:188} INFO - [2026-04-28T12:13:52.722+0000] {dagbag.py:540} INFO - Filling up the DagBag from /home/airflow/.local/lib/python3.8/site-packages/airflow/example_dags/example_python_operator.py
[2026-04-28T12:13:52.734+0000] {processor.py:840} INFO - DAG(s) 'example_python_operator' retrieved from /home/airflow/.local/lib/python3.8/site-packages/airflow/example_dags/example_python_operator.py
[2026-04-28T12:13:52.759+0000] {logging_mixin.py:188} INFO - [2026-04-28T12:13:52.759+0000] {dag.py:3047} INFO - Sync 1 DAGs
[2026-04-28T12:13:52.776+0000] {logging_mixin.py:188} INFO - [2026-04-28T12:13:52.775+0000] {dag.py:3834} INFO - Setting next_dagrun for example_python_operator to None, run_after=None
[2026-04-28T12:13:52.791+0000] {processor.py:183} INFO - Processing /home/airflow/.local/lib/python3.8/site-packages/airflow/example_dags/example_python_operator.py took 0.076 seconds
[2026-04-28T12:14:23.260+0000] {processor.py:161} INFO - Started process (PID=353) to work on /home/airflow/.local/lib/python3.8/site-packages/airflow/example_dags/example_python_operator.py
[2026-04-28T12:14:23.261+0000] {processor.py:830} INFO - Processing file /home/airflow/.local/lib/python3.8/site-packages/airflow/example_dags/example_python_operator.py for tasks to queue
[2026-04-28T12:14:23.263+0000] {logging_mixin.py:188} INFO - [2026-04-28T12:14:23.262+0000] {dagbag.py:540} INFO - Filling up the DagBag from /home/airflow/.local/lib/python3.8/site-packages/airflow/example_dags/example_python_operator.py
[2026-04-28T12:14:23.276+0000] {processor.py:840} INFO - DAG(s) 'example_python_operator' retrieved from /home/airflow/.local/lib/python3.8/site-packages/airflow/example_dags/example_python_operator.py
[2026-04-28T12:14:23.300+0000] {logging_mixin.py:188} INFO - [2026-04-28T12:14:23.300+0000] {dag.py:3047} INFO - Sync 1 DAGs
[2026-04-28T12:14:23.314+0000] {logging_mixin.py:188} INFO - [2026-04-28T12:14:23.314+0000] {dag.py:3834} INFO - Setting next_dagrun for example_python_operator to None, run_after=None
[2026-04-28T12:14:23.331+0000] {processor.py:183} INFO - Processing /home/airflow/.local/lib/python3.8/site-packages/airflow/example_dags/example_python_operator.py took 0.075 seconds
[2026-04-28T12:14:54.051+0000] {processor.py:161} INFO - Started process (PID=408) to work on /home/airflow/.local/lib/python3.8/site-packages/airflow/example_dags/example_python_operator.py
[2026-04-28T12:14:54.052+0000] {processor.py:830} INFO - Processing file /home/airflow/.local/lib/python3.8/site-packages/airflow/example_dags/example_python_operator.py for tasks to queue
[2026-04-28T12:14:54.054+0000] {logging_mixin.py:188} INFO - [2026-04-28T12:14:54.054+0000] {dagbag.py:540} INFO - Filling up the DagBag from /home/airflow/.local/lib/python3.8/site-packages/airflow/example_dags/example_python_operator.py
[2026-04-28T12:14:54.063+0000] {processor.py:840} INFO - DAG(s) 'example_python_operator' retrieved from /home/airflow/.local/lib/python3.8/site-packages/airflow/example_dags/example_python_operator.py
[2026-04-28T12:14:54.079+0000] {logging_mixin.py:188} INFO - [2026-04-28T12:14:54.079+0000] {dag.py:3047} INFO - Sync 1 DAGs
[2026-04-28T12:14:54.088+0000] {logging_mixin.py:188} INFO - [2026-04-28T12:14:54.088+0000] {dag.py:3834} INFO - Setting next_dagrun for example_python_operator to None, run_after=None
[2026-04-28T12:14:54.101+0000] {processor.py:183} INFO - Processing /home/airflow/.local/lib/python3.8/site-packages/airflow/example_dags/example_python_operator.py took 0.054 seconds
[2026-04-28T12:15:24.602+0000] {processor.py:161} INFO - Started process (PID=463) to work on /home/airflow/.local/lib/python3.8/site-packages/airflow/example_dags/example_python_operator.py
[2026-04-28T12:15:24.603+0000] {processor.py:830} INFO - Processing file /home/airflow/.local/lib/python3.8/site-packages/airflow/example_dags/example_python_operator.py for tasks to queue
[2026-04-28T12:15:24.605+0000] {logging_mixin.py:188} INFO - [2026-04-28T12:15:24.605+0000] {dagbag.py:540} INFO - Filling up the DagBag from /home/airflow/.local/lib/python3.8/site-packages/airflow/example_dags/example_python_operator.py
[2026-04-28T12:15:24.617+0000] {processor.py:840} INFO - DAG(s) 'example_python_operator' retrieved from /home/airflow/.local/lib/python3.8/site-packages/airflow/example_dags/example_python_operator.py
[2026-04-28T12:15:24.641+0000] {logging_mixin.py:188} INFO - [2026-04-28T12:15:24.641+0000] {dag.py:3047} INFO - Sync 1 DAGs
[2026-04-28T12:15:24.654+0000] {logging_mixin.py:188} INFO - [2026-04-28T12:15:24.654+0000] {dag.py:3834} INFO - Setting next_dagrun for example_python_operator to None, run_after=None
[2026-04-28T12:15:24.671+0000] {processor.py:183} INFO - Processing /home/airflow/.local/lib/python3.8/site-packages/airflow/example_dags/example_python_operator.py took 0.073 seconds
[2026-04-28T12:15:55.232+0000] {processor.py:161} INFO - Started process (PID=517) to work on /home/airflow/.local/lib/python3.8/site-packages/airflow/example_dags/example_python_operator.py
[2026-04-28T12:15:55.234+0000] {processor.py:830} INFO - Processing file /home/airflow/.local/lib/python3.8/site-packages/airflow/example_dags/example_python_operator.py for tasks to queue
[2026-04-28T12:15:55.236+0000] {logging_mixin.py:188} INFO - [2026-04-28T12:15:55.236+0000] {dagbag.py:540} INFO - Filling up the DagBag from /home/airflow/.local/lib/python3.8/site-packages/airflow/example_dags/example_python_operator.py
[2026-04-28T12:15:55.247+0000] {processor.py:840} INFO - DAG(s) 'example_python_operator' retrieved from /home/airflow/.local/lib/python3.8/site-packages/airflow/example_dags/example_python_operator.py
[2026-04-28T12:15:55.264+0000] {logging_mixin.py:188} INFO - [2026-04-28T12:15:55.264+0000] {dag.py:3047} INFO - Sync 1 DAGs
[2026-04-28T12:15:55.274+0000] {logging_mixin.py:188} INFO - [2026-04-28T12:15:55.274+0000] {dag.py:3834} INFO - Setting next_dagrun for example_python_operator to None, run_after=None
[2026-04-28T12:15:55.287+0000] {processor.py:183} INFO - Processing /home/airflow/.local/lib/python3.8/site-packages/airflow/example_dags/example_python_operator.py took 0.059 seconds
[2026-04-28T12:16:26.386+0000] {processor.py:161} INFO - Started process (PID=572) to work on /home/airflow/.local/lib/python3.8/site-packages/airflow/example_dags/example_python_operator.py
[2026-04-28T12:16:26.392+0000] {processor.py:830} INFO - Processing file /home/airflow/.local/lib/python3.8/site-packages/airflow/example_dags/example_python_operator.py for tasks to queue
[2026-04-28T12:16:26.397+0000] {logging_mixin.py:188} INFO - [2026-04-28T12:16:26.396+0000] {dagbag.py:540} INFO - Filling up the DagBag from /home/airflow/.local/lib/python3.8/site-packages/airflow/example_dags/example_python_operator.py
[2026-04-28T12:16:26.505+0000] {processor.py:840} INFO - DAG(s) 'example_python_operator' retrieved from /home/airflow/.local/lib/python3.8/site-packages/airflow/example_dags/example_python_operator.py
[2026-04-28T12:16:26.893+0000] {logging_mixin.py:188} INFO - [2026-04-28T12:16:26.874+0000] {dag.py:3047} INFO - Sync 1 DAGs
[2026-04-28T12:16:27.113+0000] {logging_mixin.py:188} INFO - [2026-04-28T12:16:27.095+0000] {dag.py:3834} INFO - Setting next_dagrun for example_python_operator to None, run_after=None
[2026-04-28T12:16:27.317+0000] {processor.py:183} INFO - Processing /home/airflow/.local/lib/python3.8/site-packages/airflow/example_dags/example_python_operator.py took 0.977 seconds
[2026-04-28T12:16:57.438+0000] {processor.py:161} INFO - Started process (PID=627) to work on /home/airflow/.local/lib/python3.8/site-packages/airflow/example_dags/example_python_operator.py
[2026-04-28T12:16:57.439+0000] {processor.py:830} INFO - Processing file /home/airflow/.local/lib/python3.8/site-packages/airflow/example_dags/example_python_operator.py for tasks to queue
[2026-04-28T12:16:57.441+0000] {logging_mixin.py:188} INFO - [2026-04-28T12:16:57.441+0000] {dagbag.py:540} INFO - Filling up the DagBag from /home/airflow/.local/lib/python3.8/site-packages/airflow/example_dags/example_python_operator.py
[2026-04-28T12:16:57.454+0000] {processor.py:840} INFO - DAG(s) 'example_python_operator' retrieved from /home/airflow/.local/lib/python3.8/site-packages/airflow/example_dags/example_python_operator.py
[2026-04-28T12:16:57.511+0000] {logging_mixin.py:188} INFO - [2026-04-28T12:16:57.510+0000] {dag.py:3047} INFO - Sync 1 DAGs
[2026-04-28T12:16:57.525+0000] {logging_mixin.py:188} INFO - [2026-04-28T12:16:57.525+0000] {dag.py:3834} INFO - Setting next_dagrun for example_python_operator to None, run_after=None
[2026-04-28T12:16:57.546+0000] {processor.py:183} INFO - Processing /home/airflow/.local/lib/python3.8/site-packages/airflow/example_dags/example_python_operator.py took 0.113 seconds
[2026-04-28T12:17:27.582+0000] {processor.py:161} INFO - Started process (PID=682) to work on /home/airflow/.local/lib/python3.8/site-packages/airflow/example_dags/example_python_operator.py
[2026-04-28T12:17:27.583+0000] {processor.py:830} INFO - Processing file /home/airflow/.local/lib/python3.8/site-packages/airflow/example_dags/example_python_operator.py for tasks to queue
[2026-04-28T12:17:27.585+0000] {logging_mixin.py:188} INFO - [2026-04-28T12:17:27.585+0000] {dagbag.py:540} INFO - Filling up the DagBag from /home/airflow/.local/lib/python3.8/site-packages/airflow/example_dags/example_python_operator.py
[2026-04-28T12:17:27.597+0000] {processor.py:840} INFO - DAG(s) 'example_python_operator' retrieved from /home/airflow/.local/lib/python3.8/site-packages/airflow/example_dags/example_python_operator.py
[2026-04-28T12:17:27.619+0000] {logging_mixin.py:188} INFO - [2026-04-28T12:17:27.619+0000] {dag.py:3047} INFO - Sync 1 DAGs
[2026-04-28T12:17:27.634+0000] {logging_mixin.py:188} INFO - [2026-04-28T12:17:27.633+0000] {dag.py:3834} INFO - Setting next_dagrun for example_python_operator to None, run_after=None
[2026-04-28T12:17:27.652+0000] {processor.py:183} INFO - Processing /home/airflow/.local/lib/python3.8/site-packages/airflow/example_dags/example_python_operator.py took 0.074 seconds
[2026-04-28T12:17:57.694+0000] {processor.py:161} INFO - Started process (PID=737) to work on /home/airflow/.local/lib/python3.8/site-packages/airflow/example_dags/example_python_operator.py
[2026-04-28T12:17:57.695+0000] {processor.py:830} INFO - Processing file /home/airflow/.local/lib/python3.8/site-packages/airflow/example_dags/example_python_operator.py for tasks to queue
[2026-04-28T12:17:57.697+0000] {logging_mixin.py:188} INFO - [2026-04-28T12:17:57.697+0000] {dagbag.py:540} INFO - Filling up the DagBag from /home/airflow/.local/lib/python3.8/site-packages/airflow/example_dags/example_python_operator.py
[2026-04-28T12:17:57.710+0000] {processor.py:840} INFO - DAG(s) 'example_python_operator' retrieved from /home/airflow/.local/lib/python3.8/site-packages/airflow/example_dags/example_python_operator.py
[2026-04-28T12:17:57.734+0000] {logging_mixin.py:188} INFO - [2026-04-28T12:17:57.733+0000] {dag.py:3047} INFO - Sync 1 DAGs
[2026-04-28T12:17:57.747+0000] {logging_mixin.py:188} INFO - [2026-04-28T12:17:57.747+0000] {dag.py:3834} INFO - Setting next_dagrun for example_python_operator to None, run_after=None
[2026-04-28T12:17:57.765+0000] {processor.py:183} INFO - Processing /home/airflow/.local/lib/python3.8/site-packages/airflow/example_dags/example_python_operator.py took 0.075 seconds
[2026-04-28T12:18:27.884+0000] {processor.py:161} INFO - Started process (PID=792) to work on /home/airflow/.local/lib/python3.8/site-packages/airflow/example_dags/example_python_operator.py
[2026-04-28T12:18:27.885+0000] {processor.py:830} INFO - Processing file /home/airflow/.local/lib/python3.8/site-packages/airflow/example_dags/example_python_operator.py for tasks to queue
[2026-04-28T12:18:27.887+0000] {logging_mixin.py:188} INFO - [2026-04-28T12:18:27.887+0000] {dagbag.py:540} INFO - Filling up the DagBag from /home/airflow/.local/lib/python3.8/site-packages/airflow/example_dags/example_python_operator.py
[2026-04-28T12:18:27.905+0000] {processor.py:840} INFO - DAG(s) 'example_python_operator' retrieved from /home/airflow/.local/lib/python3.8/site-packages/airflow/example_dags/example_python_operator.py
[2026-04-28T12:18:27.976+0000] {logging_mixin.py:188} INFO - [2026-04-28T12:18:27.975+0000] {dag.py:3047} INFO - Sync 1 DAGs
[2026-04-28T12:18:28.021+0000] {logging_mixin.py:188} INFO - [2026-04-28T12:18:28.020+0000] {dag.py:3834} INFO - Setting next_dagrun for example_python_operator to None, run_after=None
[2026-04-28T12:18:28.079+0000] {processor.py:183} INFO - Processing /home/airflow/.local/lib/python3.8/site-packages/airflow/example_dags/example_python_operator.py took 0.199 seconds
[2026-04-28T12:18:58.413+0000] {processor.py:161} INFO - Started process (PID=847) to work on /home/airflow/.local/lib/python3.8/site-packages/airflow/example_dags/example_python_operator.py
[2026-04-28T12:18:58.414+0000] {processor.py:830} INFO - Processing file /home/airflow/.local/lib/python3.8/site-packages/airflow/example_dags/example_python_operator.py for tasks to queue
[2026-04-28T12:18:58.416+0000] {logging_mixin.py:188} INFO - [2026-04-28T12:18:58.415+0000] {dagbag.py:540} INFO - Filling up the DagBag from /home/airflow/.local/lib/python3.8/site-packages/airflow/example_dags/example_python_operator.py
[2026-04-28T12:18:58.429+0000] {processor.py:840} INFO - DAG(s) 'example_python_operator' retrieved from /home/airflow/.local/lib/python3.8/site-packages/airflow/example_dags/example_python_operator.py
[2026-04-28T12:18:58.464+0000] {logging_mixin.py:188} INFO - [2026-04-28T12:18:58.464+0000] {dag.py:3047} INFO - Sync 1 DAGs
[2026-04-28T12:18:58.481+0000] {logging_mixin.py:188} INFO - [2026-04-28T12:18:58.481+0000] {dag.py:3834} INFO - Setting next_dagrun for example_python_operator to None, run_after=None
[2026-04-28T12:18:58.500+0000] {processor.py:183} INFO - Processing /home/airflow/.local/lib/python3.8/site-packages/airflow/example_dags/example_python_operator.py took 0.092 seconds
[2026-04-28T12:19:28.618+0000] {processor.py:161} INFO - Started process (PID=902) to work on /home/airflow/.local/lib/python3.8/site-packages/airflow/example_dags/example_python_operator.py
[2026-04-28T12:19:28.619+0000] {processor.py:830} INFO - Processing file /home/airflow/.local/lib/python3.8/site-packages/airflow/example_dags/example_python_operator.py for tasks to queue
[2026-04-28T12:19:28.621+0000] {logging_mixin.py:188} INFO - [2026-04-28T12:19:28.621+0000] {dagbag.py:540} INFO - Filling up the DagBag from /home/airflow/.local/lib/python3.8/site-packages/airflow/example_dags/example_python_operator.py
[2026-04-28T12:19:28.633+0000] {processor.py:840} INFO - DAG(s) 'example_python_operator' retrieved from /home/airflow/.local/lib/python3.8/site-packages/airflow/example_dags/example_python_operator.py
[2026-04-28T12:19:28.661+0000] {logging_mixin.py:188} INFO - [2026-04-28T12:19:28.661+0000] {dag.py:3047} INFO - Sync 1 DAGs
[2026-04-28T12:19:28.682+0000] {logging_mixin.py:188} INFO - [2026-04-28T12:19:28.681+0000] {dag.py:3834} INFO - Setting next_dagrun for example_python_operator to None, run_after=None
[2026-04-28T12:19:28.701+0000] {processor.py:183} INFO - Processing /home/airflow/.local/lib/python3.8/site-packages/airflow/example_dags/example_python_operator.py took 0.086 seconds
[2026-04-28T12:19:59.233+0000] {processor.py:161} INFO - Started process (PID=957) to work on /home/airflow/.local/lib/python3.8/site-packages/airflow/example_dags/example_python_operator.py
[2026-04-28T12:19:59.234+0000] {processor.py:830} INFO - Processing file /home/airflow/.local/lib/python3.8/site-packages/airflow/example_dags/example_python_operator.py for tasks to queue
[2026-04-28T12:19:59.236+0000] {logging_mixin.py:188} INFO - [2026-04-28T12:19:59.236+0000] {dagbag.py:540} INFO - Filling up the DagBag from /home/airflow/.local/lib/python3.8/site-packages/airflow/example_dags/example_python_operator.py
[2026-04-28T12:19:59.248+0000] {processor.py:840} INFO - DAG(s) 'example_python_operator' retrieved from /home/airflow/.local/lib/python3.8/site-packages/airflow/example_dags/example_python_operator.py
[2026-04-28T12:19:59.272+0000] {logging_mixin.py:188} INFO - [2026-04-28T12:19:59.271+0000] {dag.py:3047} INFO - Sync 1 DAGs
[2026-04-28T12:19:59.285+0000] {logging_mixin.py:188} INFO - [2026-04-28T12:19:59.285+0000] {dag.py:3834} INFO - Setting next_dagrun for example_python_operator to None, run_after=None
[2026-04-28T12:19:59.309+0000] {processor.py:183} INFO - Processing /home/airflow/.local/lib/python3.8/site-packages/airflow/example_dags/example_python_operator.py took 0.084 seconds
[2026-04-28T12:20:29.487+0000] {processor.py:161} INFO - Started process (PID=1011) to work on /home/airflow/.local/lib/python3.8/site-packages/airflow/example_dags/example_python_operator.py
[2026-04-28T12:20:29.488+0000] {processor.py:830} INFO - Processing file /home/airflow/.local/lib/python3.8/site-packages/airflow/example_dags/example_python_operator.py for tasks to queue
[2026-04-28T12:20:29.490+0000] {logging_mixin.py:188} INFO - [2026-04-28T12:20:29.489+0000] {dagbag.py:540} INFO - Filling up the DagBag from /home/airflow/.local/lib/python3.8/site-packages/airflow/example_dags/example_python_operator.py
[2026-04-28T12:20:29.502+0000] {processor.py:840} INFO - DAG(s) 'example_python_operator' retrieved from /home/airflow/.local/lib/python3.8/site-packages/airflow/example_dags/example_python_operator.py
[2026-04-28T12:20:29.540+0000] {logging_mixin.py:188} INFO - [2026-04-28T12:20:29.539+0000] {dag.py:3047} INFO - Sync 1 DAGs
[2026-04-28T12:20:29.563+0000] {logging_mixin.py:188} INFO - [2026-04-28T12:20:29.563+0000] {dag.py:3834} INFO - Setting next_dagrun for example_python_operator to None, run_after=None
[2026-04-28T12:20:29.585+0000] {processor.py:183} INFO - Processing /home/airflow/.local/lib/python3.8/site-packages/airflow/example_dags/example_python_operator.py took 0.102 seconds
[2026-04-28T12:21:00.072+0000] {processor.py:161} INFO - Started process (PID=1066) to work on /home/airflow/.local/lib/python3.8/site-packages/airflow/example_dags/example_python_operator.py
[2026-04-28T12:21:00.073+0000] {processor.py:830} INFO - Processing file /home/airflow/.local/lib/python3.8/site-packages/airflow/example_dags/example_python_operator.py for tasks to queue
[2026-04-28T12:21:00.075+0000] {logging_mixin.py:188} INFO - [2026-04-28T12:21:00.075+0000] {dagbag.py:540} INFO - Filling up the DagBag from /home/airflow/.local/lib/python3.8/site-packages/airflow/example_dags/example_python_operator.py
[2026-04-28T12:21:00.087+0000] {processor.py:840} INFO - DAG(s) 'example_python_operator' retrieved from /home/airflow/.local/lib/python3.8/site-packages/airflow/example_dags/example_python_operator.py
[2026-04-28T12:21:00.117+0000] {logging_mixin.py:188} INFO - [2026-04-28T12:21:00.116+0000] {dag.py:3047} INFO - Sync 1 DAGs
[2026-04-28T12:21:00.130+0000] {logging_mixin.py:188} INFO - [2026-04-28T12:21:00.130+0000] {dag.py:3834} INFO - Setting next_dagrun for example_python_operator to None, run_after=None
[2026-04-28T12:21:00.148+0000] {processor.py:183} INFO - Processing /home/airflow/.local/lib/python3.8/site-packages/airflow/example_dags/example_python_operator.py took 0.081 seconds
[2026-04-28T12:21:30.340+0000] {processor.py:161} INFO - Started process (PID=1121) to work on /home/airflow/.local/lib/python3.8/site-packages/airflow/example_dags/example_python_operator.py
[2026-04-28T12:21:30.341+0000] {processor.py:830} INFO - Processing file /home/airflow/.local/lib/python3.8/site-packages/airflow/example_dags/example_python_operator.py for tasks to queue
[2026-04-28T12:21:30.343+0000] {logging_mixin.py:188} INFO - [2026-04-28T12:21:30.343+0000] {dagbag.py:540} INFO - Filling up the DagBag from /home/airflow/.local/lib/python3.8/site-packages/airflow/example_dags/example_python_operator.py
[2026-04-28T12:21:30.355+0000] {processor.py:840} INFO - DAG(s) 'example_python_operator' retrieved from /home/airflow/.local/lib/python3.8/site-packages/airflow/example_dags/example_python_operator.py
[2026-04-28T12:21:30.380+0000] {logging_mixin.py:188} INFO - [2026-04-28T12:21:30.380+0000] {dag.py:3047} INFO - Sync 1 DAGs
[2026-04-28T12:21:30.393+0000] {logging_mixin.py:188} INFO - [2026-04-28T12:21:30.393+0000] {dag.py:3834} INFO - Setting next_dagrun for example_python_operator to None, run_after=None
[2026-04-28T12:21:30.411+0000] {processor.py:183} INFO - Processing /home/airflow/.local/lib/python3.8/site-packages/airflow/example_dags/example_python_operator.py took 0.075 seconds
[2026-04-28T12:22:01.061+0000] {processor.py:161} INFO - Started process (PID=1176) to work on /home/airflow/.local/lib/python3.8/site-packages/airflow/example_dags/example_python_operator.py
[2026-04-28T12:22:01.062+0000] {processor.py:830} INFO - Processing file /home/airflow/.local/lib/python3.8/site-packages/airflow/example_dags/example_python_operator.py for tasks to queue
[2026-04-28T12:22:01.066+0000] {logging_mixin.py:188} INFO - [2026-04-28T12:22:01.066+0000] {dagbag.py:540} INFO - Filling up the DagBag from /home/airflow/.local/lib/python3.8/site-packages/airflow/example_dags/example_python_operator.py
[2026-04-28T12:22:01.078+0000] {processor.py:840} INFO - DAG(s) 'example_python_operator' retrieved from /home/airflow/.local/lib/python3.8/site-packages/airflow/example_dags/example_python_operator.py
[2026-04-28T12:22:01.102+0000] {logging_mixin.py:188} INFO - [2026-04-28T12:22:01.102+0000] {dag.py:3047} INFO - Sync 1 DAGs
[2026-04-28T12:22:01.141+0000] {logging_mixin.py:188} INFO - [2026-04-28T12:22:01.141+0000] {dag.py:3834} INFO - Setting next_dagrun for example_python_operator to None, run_after=None
[2026-04-28T12:22:01.169+0000] {processor.py:183} INFO - Processing /home/airflow/.local/lib/python3.8/site-packages/airflow/example_dags/example_python_operator.py took 0.113 seconds
[2026-04-28T12:22:31.266+0000] {processor.py:161} INFO - Started process (PID=1231) to work on /home/airflow/.local/lib/python3.8/site-packages/airflow/example_dags/example_python_operator.py
[2026-04-28T12:22:31.267+0000] {processor.py:830} INFO - Processing file /home/airflow/.local/lib/python3.8/site-packages/airflow/example_dags/example_python_operator.py for tasks to queue
[2026-04-28T12:22:31.269+0000] {logging_mixin.py:188} INFO - [2026-04-28T12:22:31.268+0000] {dagbag.py:540} INFO - Filling up the DagBag from /home/airflow/.local/lib/python3.8/site-packages/airflow/example_dags/example_python_operator.py
[2026-04-28T12:22:31.281+0000] {processor.py:840} INFO - DAG(s) 'example_python_operator' retrieved from /home/airflow/.local/lib/python3.8/site-packages/airflow/example_dags/example_python_operator.py
[2026-04-28T12:22:31.305+0000] {logging_mixin.py:188} INFO - [2026-04-28T12:22:31.305+0000] {dag.py:3047} INFO - Sync 1 DAGs
[2026-04-28T12:22:31.318+0000] {logging_mixin.py:188} INFO - [2026-04-28T12:22:31.318+0000] {dag.py:3834} INFO - Setting next_dagrun for example_python_operator to None, run_after=None
[2026-04-28T12:22:31.336+0000] {processor.py:183} INFO - Processing /home/airflow/.local/lib/python3.8/site-packages/airflow/example_dags/example_python_operator.py took 0.074 seconds
[2026-04-28T12:23:01.923+0000] {processor.py:161} INFO - Started process (PID=1292) to work on /home/airflow/.local/lib/python3.8/site-packages/airflow/example_dags/example_python_operator.py
[2026-04-28T12:23:01.924+0000] {processor.py:830} INFO - Processing file /home/airflow/.local/lib/python3.8/site-packages/airflow/example_dags/example_python_operator.py for tasks to queue
[2026-04-28T12:23:01.926+0000] {logging_mixin.py:188} INFO - [2026-04-28T12:23:01.925+0000] {dagbag.py:540} INFO - Filling up the DagBag from /home/airflow/.local/lib/python3.8/site-packages/airflow/example_dags/example_python_operator.py
[2026-04-28T12:23:01.938+0000] {processor.py:840} INFO - DAG(s) 'example_python_operator' retrieved from /home/airflow/.local/lib/python3.8/site-packages/airflow/example_dags/example_python_operator.py
[2026-04-28T12:23:01.962+0000] {logging_mixin.py:188} INFO - [2026-04-28T12:23:01.961+0000] {dag.py:3047} INFO - Sync 1 DAGs
[2026-04-28T12:23:01.976+0000] {logging_mixin.py:188} INFO - [2026-04-28T12:23:01.975+0000] {dag.py:3834} INFO - Setting next_dagrun for example_python_operator to None, run_after=None
[2026-04-28T12:23:01.997+0000] {processor.py:183} INFO - Processing /home/airflow/.local/lib/python3.8/site-packages/airflow/example_dags/example_python_operator.py took 0.081 seconds
[2026-04-28T12:23:32.148+0000] {processor.py:161} INFO - Started process (PID=1347) to work on /home/airflow/.local/lib/python3.8/site-packages/airflow/example_dags/example_python_operator.py
[2026-04-28T12:23:32.151+0000] {processor.py:830} INFO - Processing file /home/airflow/.local/lib/python3.8/site-packages/airflow/example_dags/example_python_operator.py for tasks to queue
[2026-04-28T12:23:32.155+0000] {logging_mixin.py:188} INFO - [2026-04-28T12:23:32.154+0000] {dagbag.py:540} INFO - Filling up the DagBag from /home/airflow/.local/lib/python3.8/site-packages/airflow/example_dags/example_python_operator.py
[2026-04-28T12:23:32.185+0000] {processor.py:840} INFO - DAG(s) 'example_python_operator' retrieved from /home/airflow/.local/lib/python3.8/site-packages/airflow/example_dags/example_python_operator.py
[2026-04-28T12:23:32.210+0000] {logging_mixin.py:188} INFO - [2026-04-28T12:23:32.210+0000] {dag.py:3047} INFO - Sync 1 DAGs
[2026-04-28T12:23:32.224+0000] {logging_mixin.py:188} INFO - [2026-04-28T12:23:32.223+0000] {dag.py:3834} INFO - Setting next_dagrun for example_python_operator to None, run_after=None
[2026-04-28T12:23:32.241+0000] {processor.py:183} INFO - Processing /home/airflow/.local/lib/python3.8/site-packages/airflow/example_dags/example_python_operator.py took 0.103 seconds
[2026-04-28T12:24:02.918+0000] {processor.py:161} INFO - Started process (PID=1402) to work on /home/airflow/.local/lib/python3.8/site-packages/airflow/example_dags/example_python_operator.py
[2026-04-28T12:24:02.919+0000] {processor.py:830} INFO - Processing file /home/airflow/.local/lib/python3.8/site-packages/airflow/example_dags/example_python_operator.py for tasks to queue
[2026-04-28T12:24:02.921+0000] {logging_mixin.py:188} INFO - [2026-04-28T12:24:02.921+0000] {dagbag.py:540} INFO - Filling up the DagBag from /home/airflow/.local/lib/python3.8/site-packages/airflow/example_dags/example_python_operator.py
[2026-04-28T12:24:02.933+0000] {processor.py:840} INFO - DAG(s) 'example_python_operator' retrieved from /home/airflow/.local/lib/python3.8/site-packages/airflow/example_dags/example_python_operator.py
[2026-04-28T12:24:02.962+0000] {logging_mixin.py:188} INFO - [2026-04-28T12:24:02.962+0000] {dag.py:3047} INFO - Sync 1 DAGs
[2026-04-28T12:24:02.975+0000] {logging_mixin.py:188} INFO - [2026-04-28T12:24:02.975+0000] {dag.py:3834} INFO - Setting next_dagrun for example_python_operator to None, run_after=None
[2026-04-28T12:24:02.992+0000] {processor.py:183} INFO - Processing /home/airflow/.local/lib/python3.8/site-packages/airflow/example_dags/example_python_operator.py took 0.078 seconds
[2026-04-28T12:24:33.904+0000] {processor.py:161} INFO - Started process (PID=1457) to work on /home/airflow/.local/lib/python3.8/site-packages/airflow/example_dags/example_python_operator.py
[2026-04-28T12:24:33.906+0000] {processor.py:830} INFO - Processing file /home/airflow/.local/lib/python3.8/site-packages/airflow/example_dags/example_python_operator.py for tasks to queue
[2026-04-28T12:24:33.909+0000] {logging_mixin.py:188} INFO - [2026-04-28T12:24:33.908+0000] {dagbag.py:540} INFO - Filling up the DagBag from /home/airflow/.local/lib/python3.8/site-packages/airflow/example_dags/example_python_operator.py
[2026-04-28T12:24:33.934+0000] {processor.py:840} INFO - DAG(s) 'example_python_operator' retrieved from /home/airflow/.local/lib/python3.8/site-packages/airflow/example_dags/example_python_operator.py
[2026-04-28T12:24:33.970+0000] {logging_mixin.py:188} INFO - [2026-04-28T12:24:33.969+0000] {dag.py:3047} INFO - Sync 1 DAGs
[2026-04-28T12:24:34.011+0000] {logging_mixin.py:188} INFO - [2026-04-28T12:24:34.011+0000] {dag.py:3834} INFO - Setting next_dagrun for example_python_operator to None, run_after=None
[2026-04-28T12:24:34.065+0000] {processor.py:183} INFO - Processing /home/airflow/.local/lib/python3.8/site-packages/airflow/example_dags/example_python_operator.py took 0.169 seconds
[2026-04-28T12:25:04.893+0000] {processor.py:161} INFO - Started process (PID=1512) to work on /home/airflow/.local/lib/python3.8/site-packages/airflow/example_dags/example_python_operator.py
[2026-04-28T12:25:04.899+0000] {processor.py:830} INFO - Processing file /home/airflow/.local/lib/python3.8/site-packages/airflow/example_dags/example_python_operator.py for tasks to queue
[2026-04-28T12:25:04.906+0000] {logging_mixin.py:188} INFO - [2026-04-28T12:25:04.905+0000] {dagbag.py:540} INFO - Filling up the DagBag from /home/airflow/.local/lib/python3.8/site-packages/airflow/example_dags/example_python_operator.py
[2026-04-28T12:25:04.975+0000] {processor.py:840} INFO - DAG(s) 'example_python_operator' retrieved from /home/airflow/.local/lib/python3.8/site-packages/airflow/example_dags/example_python_operator.py
[2026-04-28T12:25:05.007+0000] {logging_mixin.py:188} INFO - [2026-04-28T12:25:05.006+0000] {dag.py:3047} INFO - Sync 1 DAGs
[2026-04-28T12:25:05.020+0000] {logging_mixin.py:188} INFO - [2026-04-28T12:25:05.020+0000] {dag.py:3834} INFO - Setting next_dagrun for example_python_operator to None, run_after=None
[2026-04-28T12:25:05.037+0000] {processor.py:183} INFO - Processing /home/airflow/.local/lib/python3.8/site-packages/airflow/example_dags/example_python_operator.py took 0.168 seconds
[2026-04-28T12:25:35.085+0000] {processor.py:161} INFO - Started process (PID=1566) to work on /home/airflow/.local/lib/python3.8/site-packages/airflow/example_dags/example_python_operator.py
[2026-04-28T12:25:35.086+0000] {processor.py:830} INFO - Processing file /home/airflow/.local/lib/python3.8/site-packages/airflow/example_dags/example_python_operator.py for tasks to queue
[2026-04-28T12:25:35.088+0000] {logging_mixin.py:188} INFO - [2026-04-28T12:25:35.088+0000] {dagbag.py:540} INFO - Filling up the DagBag from /home/airflow/.local/lib/python3.8/site-packages/airflow/example_dags/example_python_operator.py
[2026-04-28T12:25:35.101+0000] {processor.py:840} INFO - DAG(s) 'example_python_operator' retrieved from /home/airflow/.local/lib/python3.8/site-packages/airflow/example_dags/example_python_operator.py
[2026-04-28T12:25:35.131+0000] {logging_mixin.py:188} INFO - [2026-04-28T12:25:35.130+0000] {dag.py:3047} INFO - Sync 1 DAGs
[2026-04-28T12:25:35.146+0000] {logging_mixin.py:188} INFO - [2026-04-28T12:25:35.145+0000] {dag.py:3834} INFO - Setting next_dagrun for example_python_operator to None, run_after=None
[2026-04-28T12:25:35.178+0000] {processor.py:183} INFO - Processing /home/airflow/.local/lib/python3.8/site-packages/airflow/example_dags/example_python_operator.py took 0.098 seconds
[2026-04-28T12:26:05.311+0000] {processor.py:161} INFO - Started process (PID=1621) to work on /home/airflow/.local/lib/python3.8/site-packages/airflow/example_dags/example_python_operator.py
[2026-04-28T12:26:05.312+0000] {processor.py:830} INFO - Processing file /home/airflow/.local/lib/python3.8/site-packages/airflow/example_dags/example_python_operator.py for tasks to queue
[2026-04-28T12:26:05.314+0000] {logging_mixin.py:188} INFO - [2026-04-28T12:26:05.314+0000] {dagbag.py:540} INFO - Filling up the DagBag from /home/airflow/.local/lib/python3.8/site-packages/airflow/example_dags/example_python_operator.py
[2026-04-28T12:26:05.327+0000] {processor.py:840} INFO - DAG(s) 'example_python_operator' retrieved from /home/airflow/.local/lib/python3.8/site-packages/airflow/example_dags/example_python_operator.py
[2026-04-28T12:26:05.354+0000] {logging_mixin.py:188} INFO - [2026-04-28T12:26:05.354+0000] {dag.py:3047} INFO - Sync 1 DAGs
[2026-04-28T12:26:05.375+0000] {logging_mixin.py:188} INFO - [2026-04-28T12:26:05.375+0000] {dag.py:3834} INFO - Setting next_dagrun for example_python_operator to None, run_after=None
[2026-04-28T12:26:05.409+0000] {processor.py:183} INFO - Processing /home/airflow/.local/lib/python3.8/site-packages/airflow/example_dags/example_python_operator.py took 0.102 seconds
[2026-04-28T12:26:36.083+0000] {processor.py:161} INFO - Started process (PID=1677) to work on /home/airflow/.local/lib/python3.8/site-packages/airflow/example_dags/example_python_operator.py
[2026-04-28T12:26:36.089+0000] {processor.py:830} INFO - Processing file /home/airflow/.local/lib/python3.8/site-packages/airflow/example_dags/example_python_operator.py for tasks to queue
[2026-04-28T12:26:36.093+0000] {logging_mixin.py:188} INFO - [2026-04-28T12:26:36.092+0000] {dagbag.py:540} INFO - Filling up the DagBag from /home/airflow/.local/lib/python3.8/site-packages/airflow/example_dags/example_python_operator.py
[2026-04-28T12:26:36.115+0000] {processor.py:840} INFO - DAG(s) 'example_python_operator' retrieved from /home/airflow/.local/lib/python3.8/site-packages/airflow/example_dags/example_python_operator.py
[2026-04-28T12:26:36.246+0000] {logging_mixin.py:188} INFO - [2026-04-28T12:26:36.246+0000] {dag.py:3047} INFO - Sync 1 DAGs
[2026-04-28T12:26:36.297+0000] {logging_mixin.py:188} INFO - [2026-04-28T12:26:36.296+0000] {dag.py:3834} INFO - Setting next_dagrun for example_python_operator to None, run_after=None
[2026-04-28T12:26:36.392+0000] {processor.py:183} INFO - Processing /home/airflow/.local/lib/python3.8/site-packages/airflow/example_dags/example_python_operator.py took 0.316 seconds
[2026-04-28T12:27:06.912+0000] {processor.py:161} INFO - Started process (PID=1733) to work on /home/airflow/.local/lib/python3.8/site-packages/airflow/example_dags/example_python_operator.py
[2026-04-28T12:27:06.913+0000] {processor.py:830} INFO - Processing file /home/airflow/.local/lib/python3.8/site-packages/airflow/example_dags/example_python_operator.py for tasks to queue
[2026-04-28T12:27:06.915+0000] {logging_mixin.py:188} INFO - [2026-04-28T12:27:06.915+0000] {dagbag.py:540} INFO - Filling up the DagBag from /home/airflow/.local/lib/python3.8/site-packages/airflow/example_dags/example_python_operator.py
[2026-04-28T12:27:06.927+0000] {processor.py:840} INFO - DAG(s) 'example_python_operator' retrieved from /home/airflow/.local/lib/python3.8/site-packages/airflow/example_dags/example_python_operator.py
[2026-04-28T12:27:06.960+0000] {logging_mixin.py:188} INFO - [2026-04-28T12:27:06.959+0000] {dag.py:3047} INFO - Sync 1 DAGs
[2026-04-28T12:27:06.996+0000] {logging_mixin.py:188} INFO - [2026-04-28T12:27:06.996+0000] {dag.py:3834} INFO - Setting next_dagrun for example_python_operator to None, run_after=None
[2026-04-28T12:27:07.030+0000] {processor.py:183} INFO - Processing /home/airflow/.local/lib/python3.8/site-packages/airflow/example_dags/example_python_operator.py took 0.122 seconds
[2026-04-28T12:27:37.325+0000] {processor.py:161} INFO - Started process (PID=1788) to work on /home/airflow/.local/lib/python3.8/site-packages/airflow/example_dags/example_python_operator.py
[2026-04-28T12:27:37.326+0000] {processor.py:830} INFO - Processing file /home/airflow/.local/lib/python3.8/site-packages/airflow/example_dags/example_python_operator.py for tasks to queue
[2026-04-28T12:27:37.328+0000] {logging_mixin.py:188} INFO - [2026-04-28T12:27:37.328+0000] {dagbag.py:540} INFO - Filling up the DagBag from /home/airflow/.local/lib/python3.8/site-packages/airflow/example_dags/example_python_operator.py
[2026-04-28T12:27:37.340+0000] {processor.py:840} INFO - DAG(s) 'example_python_operator' retrieved from /home/airflow/.local/lib/python3.8/site-packages/airflow/example_dags/example_python_operator.py
[2026-04-28T12:27:37.365+0000] {logging_mixin.py:188} INFO - [2026-04-28T12:27:37.365+0000] {dag.py:3047} INFO - Sync 1 DAGs
[2026-04-28T12:27:37.379+0000] {logging_mixin.py:188} INFO - [2026-04-28T12:27:37.379+0000] {dag.py:3834} INFO - Setting next_dagrun for example_python_operator to None, run_after=None
[2026-04-28T12:27:37.396+0000] {processor.py:183} INFO - Processing /home/airflow/.local/lib/python3.8/site-packages/airflow/example_dags/example_python_operator.py took 0.074 seconds
[2026-04-28T12:28:07.475+0000] {processor.py:161} INFO - Started process (PID=1844) to work on /home/airflow/.local/lib/python3.8/site-packages/airflow/example_dags/example_python_operator.py
[2026-04-28T12:28:07.476+0000] {processor.py:830} INFO - Processing file /home/airflow/.local/lib/python3.8/site-packages/airflow/example_dags/example_python_operator.py for tasks to queue
[2026-04-28T12:28:07.478+0000] {logging_mixin.py:188} INFO - [2026-04-28T12:28:07.478+0000] {dagbag.py:540} INFO - Filling up the DagBag from /home/airflow/.local/lib/python3.8/site-packages/airflow/example_dags/example_python_operator.py
[2026-04-28T12:28:07.491+0000] {processor.py:840} INFO - DAG(s) 'example_python_operator' retrieved from /home/airflow/.local/lib/python3.8/site-packages/airflow/example_dags/example_python_operator.py
[2026-04-28T12:28:07.514+0000] {logging_mixin.py:188} INFO - [2026-04-28T12:28:07.514+0000] {dag.py:3047} INFO - Sync 1 DAGs
[2026-04-28T12:28:07.527+0000] {logging_mixin.py:188} INFO - [2026-04-28T12:28:07.527+0000] {dag.py:3834} INFO - Setting next_dagrun for example_python_operator to None, run_after=None
[2026-04-28T12:28:07.544+0000] {processor.py:183} INFO - Processing /home/airflow/.local/lib/python3.8/site-packages/airflow/example_dags/example_python_operator.py took 0.073 seconds
[2026-04-28T12:28:38.321+0000] {processor.py:161} INFO - Started process (PID=1900) to work on /home/airflow/.local/lib/python3.8/site-packages/airflow/example_dags/example_python_operator.py
[2026-04-28T12:28:38.322+0000] {processor.py:830} INFO - Processing file /home/airflow/.local/lib/python3.8/site-packages/airflow/example_dags/example_python_operator.py for tasks to queue
[2026-04-28T12:28:38.324+0000] {logging_mixin.py:188} INFO - [2026-04-28T12:28:38.324+0000] {dagbag.py:540} INFO - Filling up the DagBag from /home/airflow/.local/lib/python3.8/site-packages/airflow/example_dags/example_python_operator.py
[2026-04-28T12:28:38.337+0000] {processor.py:840} INFO - DAG(s) 'example_python_operator' retrieved from /home/airflow/.local/lib/python3.8/site-packages/airflow/example_dags/example_python_operator.py
[2026-04-28T12:28:38.367+0000] {logging_mixin.py:188} INFO - [2026-04-28T12:28:38.367+0000] {dag.py:3047} INFO - Sync 1 DAGs
[2026-04-28T12:28:38.384+0000] {logging_mixin.py:188} INFO - [2026-04-28T12:28:38.384+0000] {dag.py:3834} INFO - Setting next_dagrun for example_python_operator to None, run_after=None
[2026-04-28T12:28:38.408+0000] {processor.py:183} INFO - Processing /home/airflow/.local/lib/python3.8/site-packages/airflow/example_dags/example_python_operator.py took 0.091 seconds
[2026-04-28T12:29:08.997+0000] {processor.py:161} INFO - Started process (PID=1956) to work on /home/airflow/.local/lib/python3.8/site-packages/airflow/example_dags/example_python_operator.py
[2026-04-28T12:29:08.998+0000] {processor.py:830} INFO - Processing file /home/airflow/.local/lib/python3.8/site-packages/airflow/example_dags/example_python_operator.py for tasks to queue
[2026-04-28T12:29:09.000+0000] {logging_mixin.py:188} INFO - [2026-04-28T12:29:08.999+0000] {dagbag.py:540} INFO - Filling up the DagBag from /home/airflow/.local/lib/python3.8/site-packages/airflow/example_dags/example_python_operator.py
[2026-04-28T12:29:09.013+0000] {processor.py:840} INFO - DAG(s) 'example_python_operator' retrieved from /home/airflow/.local/lib/python3.8/site-packages/airflow/example_dags/example_python_operator.py
[2026-04-28T12:29:09.037+0000] {logging_mixin.py:188} INFO - [2026-04-28T12:29:09.037+0000] {dag.py:3047} INFO - Sync 1 DAGs
[2026-04-28T12:29:09.051+0000] {logging_mixin.py:188} INFO - [2026-04-28T12:29:09.050+0000] {dag.py:3834} INFO - Setting next_dagrun for example_python_operator to None, run_after=None
[2026-04-28T12:29:09.068+0000] {processor.py:183} INFO - Processing /home/airflow/.local/lib/python3.8/site-packages/airflow/example_dags/example_python_operator.py took 0.075 seconds
[2026-04-28T12:29:39.336+0000] {processor.py:161} INFO - Started process (PID=2012) to work on /home/airflow/.local/lib/python3.8/site-packages/airflow/example_dags/example_python_operator.py
[2026-04-28T12:29:39.337+0000] {processor.py:830} INFO - Processing file /home/airflow/.local/lib/python3.8/site-packages/airflow/example_dags/example_python_operator.py for tasks to queue
[2026-04-28T12:29:39.339+0000] {logging_mixin.py:188} INFO - [2026-04-28T12:29:39.339+0000] {dagbag.py:540} INFO - Filling up the DagBag from /home/airflow/.local/lib/python3.8/site-packages/airflow/example_dags/example_python_operator.py
[2026-04-28T12:29:39.352+0000] {processor.py:840} INFO - DAG(s) 'example_python_operator' retrieved from /home/airflow/.local/lib/python3.8/site-packages/airflow/example_dags/example_python_operator.py
[2026-04-28T12:29:39.379+0000] {logging_mixin.py:188} INFO - [2026-04-28T12:29:39.379+0000] {dag.py:3047} INFO - Sync 1 DAGs
[2026-04-28T12:29:39.407+0000] {logging_mixin.py:188} INFO - [2026-04-28T12:29:39.407+0000] {dag.py:3834} INFO - Setting next_dagrun for example_python_operator to None, run_after=None
[2026-04-28T12:29:39.425+0000] {processor.py:183} INFO - Processing /home/airflow/.local/lib/python3.8/site-packages/airflow/example_dags/example_python_operator.py took 0.093 seconds
[2026-04-28T12:30:09.665+0000] {processor.py:161} INFO - Started process (PID=2068) to work on /home/airflow/.local/lib/python3.8/site-packages/airflow/example_dags/example_python_operator.py
[2026-04-28T12:30:09.666+0000] {processor.py:830} INFO - Processing file /home/airflow/.local/lib/python3.8/site-packages/airflow/example_dags/example_python_operator.py for tasks to queue
[2026-04-28T12:30:09.669+0000] {logging_mixin.py:188} INFO - [2026-04-28T12:30:09.668+0000] {dagbag.py:540} INFO - Filling up the DagBag from /home/airflow/.local/lib/python3.8/site-packages/airflow/example_dags/example_python_operator.py
[2026-04-28T12:30:09.682+0000] {processor.py:840} INFO - DAG(s) 'example_python_operator' retrieved from /home/airflow/.local/lib/python3.8/site-packages/airflow/example_dags/example_python_operator.py
[2026-04-28T12:30:09.889+0000] {logging_mixin.py:188} INFO - [2026-04-28T12:30:09.889+0000] {dag.py:3047} INFO - Sync 1 DAGs
[2026-04-28T12:30:09.897+0000] {logging_mixin.py:188} INFO - [2026-04-28T12:30:09.897+0000] {dag.py:3834} INFO - Setting next_dagrun for example_python_operator to None, run_after=None
[2026-04-28T12:30:09.909+0000] {processor.py:183} INFO - Processing /home/airflow/.local/lib/python3.8/site-packages/airflow/example_dags/example_python_operator.py took 0.250 seconds
[2026-04-28T12:30:40.035+0000] {processor.py:161} INFO - Started process (PID=2124) to work on /home/airflow/.local/lib/python3.8/site-packages/airflow/example_dags/example_python_operator.py
[2026-04-28T12:30:40.035+0000] {processor.py:830} INFO - Processing file /home/airflow/.local/lib/python3.8/site-packages/airflow/example_dags/example_python_operator.py for tasks to queue
[2026-04-28T12:30:40.037+0000] {logging_mixin.py:188} INFO - [2026-04-28T12:30:40.037+0000] {dagbag.py:540} INFO - Filling up the DagBag from /home/airflow/.local/lib/python3.8/site-packages/airflow/example_dags/example_python_operator.py
[2026-04-28T12:30:40.049+0000] {processor.py:840} INFO - DAG(s) 'example_python_operator' retrieved from /home/airflow/.local/lib/python3.8/site-packages/airflow/example_dags/example_python_operator.py
[2026-04-28T12:30:40.074+0000] {logging_mixin.py:188} INFO - [2026-04-28T12:30:40.074+0000] {dag.py:3047} INFO - Sync 1 DAGs
[2026-04-28T12:30:40.247+0000] {logging_mixin.py:188} INFO - [2026-04-28T12:30:40.246+0000] {dag.py:3834} INFO - Setting next_dagrun for example_python_operator to None, run_after=None
[2026-04-28T12:30:40.271+0000] {processor.py:183} INFO - Processing /home/airflow/.local/lib/python3.8/site-packages/airflow/example_dags/example_python_operator.py took 0.240 seconds
[2026-04-28T12:31:10.460+0000] {processor.py:161} INFO - Started process (PID=2180) to work on /home/airflow/.local/lib/python3.8/site-packages/airflow/example_dags/example_python_operator.py
[2026-04-28T12:31:10.461+0000] {processor.py:830} INFO - Processing file /home/airflow/.local/lib/python3.8/site-packages/airflow/example_dags/example_python_operator.py for tasks to queue
[2026-04-28T12:31:10.463+0000] {logging_mixin.py:188} INFO - [2026-04-28T12:31:10.463+0000] {dagbag.py:540} INFO - Filling up the DagBag from /home/airflow/.local/lib/python3.8/site-packages/airflow/example_dags/example_python_operator.py
[2026-04-28T12:31:10.477+0000] {processor.py:840} INFO - DAG(s) 'example_python_operator' retrieved from /home/airflow/.local/lib/python3.8/site-packages/airflow/example_dags/example_python_operator.py
[2026-04-28T12:31:10.501+0000] {logging_mixin.py:188} INFO - [2026-04-28T12:31:10.501+0000] {dag.py:3047} INFO - Sync 1 DAGs
[2026-04-28T12:31:10.723+0000] {logging_mixin.py:188} INFO - [2026-04-28T12:31:10.723+0000] {dag.py:3834} INFO - Setting next_dagrun for example_python_operator to None, run_after=None
[2026-04-28T12:31:10.739+0000] {processor.py:183} INFO - Processing /home/airflow/.local/lib/python3.8/site-packages/airflow/example_dags/example_python_operator.py took 0.283 seconds
[2026-04-28T12:31:41.341+0000] {processor.py:161} INFO - Started process (PID=2235) to work on /home/airflow/.local/lib/python3.8/site-packages/airflow/example_dags/example_python_operator.py
[2026-04-28T12:31:41.342+0000] {processor.py:830} INFO - Processing file /home/airflow/.local/lib/python3.8/site-packages/airflow/example_dags/example_python_operator.py for tasks to queue
[2026-04-28T12:31:41.345+0000] {logging_mixin.py:188} INFO - [2026-04-28T12:31:41.345+0000] {dagbag.py:540} INFO - Filling up the DagBag from /home/airflow/.local/lib/python3.8/site-packages/airflow/example_dags/example_python_operator.py
[2026-04-28T12:31:41.357+0000] {processor.py:840} INFO - DAG(s) 'example_python_operator' retrieved from /home/airflow/.local/lib/python3.8/site-packages/airflow/example_dags/example_python_operator.py
[2026-04-28T12:31:41.382+0000] {logging_mixin.py:188} INFO - [2026-04-28T12:31:41.382+0000] {dag.py:3047} INFO - Sync 1 DAGs
[2026-04-28T12:31:41.396+0000] {logging_mixin.py:188} INFO - [2026-04-28T12:31:41.396+0000] {dag.py:3834} INFO - Setting next_dagrun for example_python_operator to None, run_after=None
[2026-04-28T12:31:41.414+0000] {processor.py:183} INFO - Processing /home/airflow/.local/lib/python3.8/site-packages/airflow/example_dags/example_python_operator.py took 0.077 seconds
[2026-04-28T12:32:12.021+0000] {processor.py:161} INFO - Started process (PID=2291) to work on /home/airflow/.local/lib/python3.8/site-packages/airflow/example_dags/example_python_operator.py
[2026-04-28T12:32:12.023+0000] {processor.py:830} INFO - Processing file /home/airflow/.local/lib/python3.8/site-packages/airflow/example_dags/example_python_operator.py for tasks to queue
[2026-04-28T12:32:12.026+0000] {logging_mixin.py:188} INFO - [2026-04-28T12:32:12.026+0000] {dagbag.py:540} INFO - Filling up the DagBag from /home/airflow/.local/lib/python3.8/site-packages/airflow/example_dags/example_python_operator.py
[2026-04-28T12:32:12.039+0000] {processor.py:840} INFO - DAG(s) 'example_python_operator' retrieved from /home/airflow/.local/lib/python3.8/site-packages/airflow/example_dags/example_python_operator.py
[2026-04-28T12:32:12.065+0000] {logging_mixin.py:188} INFO - [2026-04-28T12:32:12.064+0000] {dag.py:3047} INFO - Sync 1 DAGs
[2026-04-28T12:32:12.079+0000] {logging_mixin.py:188} INFO - [2026-04-28T12:32:12.078+0000] {dag.py:3834} INFO - Setting next_dagrun for example_python_operator to None, run_after=None
[2026-04-28T12:32:12.096+0000] {processor.py:183} INFO - Processing /home/airflow/.local/lib/python3.8/site-packages/airflow/example_dags/example_python_operator.py took 0.079 seconds
[2026-04-28T12:32:42.855+0000] {processor.py:161} INFO - Started process (PID=2349) to work on /home/airflow/.local/lib/python3.8/site-packages/airflow/example_dags/example_python_operator.py
[2026-04-28T12:32:42.856+0000] {processor.py:830} INFO - Processing file /home/airflow/.local/lib/python3.8/site-packages/airflow/example_dags/example_python_operator.py for tasks to queue
[2026-04-28T12:32:42.860+0000] {logging_mixin.py:188} INFO - [2026-04-28T12:32:42.860+0000] {dagbag.py:540} INFO - Filling up the DagBag from /home/airflow/.local/lib/python3.8/site-packages/airflow/example_dags/example_python_operator.py
[2026-04-28T12:32:42.875+0000] {processor.py:840} INFO - DAG(s) 'example_python_operator' retrieved from /home/airflow/.local/lib/python3.8/site-packages/airflow/example_dags/example_python_operator.py
[2026-04-28T12:32:42.898+0000] {logging_mixin.py:188} INFO - [2026-04-28T12:32:42.898+0000] {dag.py:3047} INFO - Sync 1 DAGs
[2026-04-28T12:32:42.912+0000] {logging_mixin.py:188} INFO - [2026-04-28T12:32:42.912+0000] {dag.py:3834} INFO - Setting next_dagrun for example_python_operator to None, run_after=None
[2026-04-28T12:32:42.929+0000] {processor.py:183} INFO - Processing /home/airflow/.local/lib/python3.8/site-packages/airflow/example_dags/example_python_operator.py took 0.081 seconds
[2026-04-28T12:33:13.142+0000] {processor.py:161} INFO - Started process (PID=2405) to work on /home/airflow/.local/lib/python3.8/site-packages/airflow/example_dags/example_python_operator.py
[2026-04-28T12:33:13.143+0000] {processor.py:830} INFO - Processing file /home/airflow/.local/lib/python3.8/site-packages/airflow/example_dags/example_python_operator.py for tasks to queue
[2026-04-28T12:33:13.145+0000] {logging_mixin.py:188} INFO - [2026-04-28T12:33:13.144+0000] {dagbag.py:540} INFO - Filling up the DagBag from /home/airflow/.local/lib/python3.8/site-packages/airflow/example_dags/example_python_operator.py
[2026-04-28T12:33:13.153+0000] {processor.py:840} INFO - DAG(s) 'example_python_operator' retrieved from /home/airflow/.local/lib/python3.8/site-packages/airflow/example_dags/example_python_operator.py
[2026-04-28T12:33:13.172+0000] {logging_mixin.py:188} INFO - [2026-04-28T12:33:13.171+0000] {dag.py:3047} INFO - Sync 1 DAGs
[2026-04-28T12:33:13.182+0000] {logging_mixin.py:188} INFO - [2026-04-28T12:33:13.181+0000] {dag.py:3834} INFO - Setting next_dagrun for example_python_operator to None, run_after=None
[2026-04-28T12:33:13.195+0000] {processor.py:183} INFO - Processing /home/airflow/.local/lib/python3.8/site-packages/airflow/example_dags/example_python_operator.py took 0.056 seconds
[2026-04-28T12:33:44.215+0000] {processor.py:161} INFO - Started process (PID=2461) to work on /home/airflow/.local/lib/python3.8/site-packages/airflow/example_dags/example_python_operator.py
[2026-04-28T12:33:44.219+0000] {processor.py:830} INFO - Processing file /home/airflow/.local/lib/python3.8/site-packages/airflow/example_dags/example_python_operator.py for tasks to queue
[2026-04-28T12:33:44.230+0000] {logging_mixin.py:188} INFO - [2026-04-28T12:33:44.229+0000] {dagbag.py:540} INFO - Filling up the DagBag from /home/airflow/.local/lib/python3.8/site-packages/airflow/example_dags/example_python_operator.py
[2026-04-28T12:33:44.273+0000] {processor.py:840} INFO - DAG(s) 'example_python_operator' retrieved from /home/airflow/.local/lib/python3.8/site-packages/airflow/example_dags/example_python_operator.py
[2026-04-28T12:33:44.304+0000] {logging_mixin.py:188} INFO - [2026-04-28T12:33:44.304+0000] {dag.py:3047} INFO - Sync 1 DAGs
[2026-04-28T12:33:44.317+0000] {logging_mixin.py:188} INFO - [2026-04-28T12:33:44.317+0000] {dag.py:3834} INFO - Setting next_dagrun for example_python_operator to None, run_after=None
[2026-04-28T12:33:44.337+0000] {processor.py:183} INFO - Processing /home/airflow/.local/lib/python3.8/site-packages/airflow/example_dags/example_python_operator.py took 0.129 seconds
[2026-04-28T12:34:15.063+0000] {processor.py:161} INFO - Started process (PID=2517) to work on /home/airflow/.local/lib/python3.8/site-packages/airflow/example_dags/example_python_operator.py
[2026-04-28T12:34:15.067+0000] {processor.py:830} INFO - Processing file /home/airflow/.local/lib/python3.8/site-packages/airflow/example_dags/example_python_operator.py for tasks to queue
[2026-04-28T12:34:15.072+0000] {logging_mixin.py:188} INFO - [2026-04-28T12:34:15.071+0000] {dagbag.py:540} INFO - Filling up the DagBag from /home/airflow/.local/lib/python3.8/site-packages/airflow/example_dags/example_python_operator.py
[2026-04-28T12:34:15.104+0000] {processor.py:840} INFO - DAG(s) 'example_python_operator' retrieved from /home/airflow/.local/lib/python3.8/site-packages/airflow/example_dags/example_python_operator.py
[2026-04-28T12:34:15.202+0000] {logging_mixin.py:188} INFO - [2026-04-28T12:34:15.202+0000] {dag.py:3047} INFO - Sync 1 DAGs
[2026-04-28T12:34:15.270+0000] {logging_mixin.py:188} INFO - [2026-04-28T12:34:15.269+0000] {dag.py:3834} INFO - Setting next_dagrun for example_python_operator to None, run_after=None
[2026-04-28T12:34:15.347+0000] {processor.py:183} INFO - Processing /home/airflow/.local/lib/python3.8/site-packages/airflow/example_dags/example_python_operator.py took 0.297 seconds
[2026-04-28T12:34:46.368+0000] {processor.py:161} INFO - Started process (PID=2573) to work on /home/airflow/.local/lib/python3.8/site-packages/airflow/example_dags/example_python_operator.py
[2026-04-28T12:34:46.370+0000] {processor.py:830} INFO - Processing file /home/airflow/.local/lib/python3.8/site-packages/airflow/example_dags/example_python_operator.py for tasks to queue
[2026-04-28T12:34:46.374+0000] {logging_mixin.py:188} INFO - [2026-04-28T12:34:46.373+0000] {dagbag.py:540} INFO - Filling up the DagBag from /home/airflow/.local/lib/python3.8/site-packages/airflow/example_dags/example_python_operator.py
[2026-04-28T12:34:46.423+0000] {processor.py:840} INFO - DAG(s) 'example_python_operator' retrieved from /home/airflow/.local/lib/python3.8/site-packages/airflow/example_dags/example_python_operator.py
[2026-04-28T12:34:46.525+0000] {logging_mixin.py:188} INFO - [2026-04-28T12:34:46.525+0000] {dag.py:3047} INFO - Sync 1 DAGs
[2026-04-28T12:34:46.581+0000] {logging_mixin.py:188} INFO - [2026-04-28T12:34:46.580+0000] {dag.py:3834} INFO - Setting next_dagrun for example_python_operator to None, run_after=None
[2026-04-28T12:34:46.662+0000] {processor.py:183} INFO - Processing /home/airflow/.local/lib/python3.8/site-packages/airflow/example_dags/example_python_operator.py took 0.311 seconds
[2026-04-28T12:35:16.832+0000] {processor.py:161} INFO - Started process (PID=2629) to work on /home/airflow/.local/lib/python3.8/site-packages/airflow/example_dags/example_python_operator.py
[2026-04-28T12:35:16.835+0000] {processor.py:830} INFO - Processing file /home/airflow/.local/lib/python3.8/site-packages/airflow/example_dags/example_python_operator.py for tasks to queue
[2026-04-28T12:35:16.837+0000] {logging_mixin.py:188} INFO - [2026-04-28T12:35:16.837+0000] {dagbag.py:540} INFO - Filling up the DagBag from /home/airflow/.local/lib/python3.8/site-packages/airflow/example_dags/example_python_operator.py
[2026-04-28T12:35:16.849+0000] {processor.py:840} INFO - DAG(s) 'example_python_operator' retrieved from /home/airflow/.local/lib/python3.8/site-packages/airflow/example_dags/example_python_operator.py
[2026-04-28T12:35:16.872+0000] {logging_mixin.py:188} INFO - [2026-04-28T12:35:16.872+0000] {dag.py:3047} INFO - Sync 1 DAGs
[2026-04-28T12:35:16.886+0000] {logging_mixin.py:188} INFO - [2026-04-28T12:35:16.886+0000] {dag.py:3834} INFO - Setting next_dagrun for example_python_operator to None, run_after=None
[2026-04-28T12:35:16.902+0000] {processor.py:183} INFO - Processing /home/airflow/.local/lib/python3.8/site-packages/airflow/example_dags/example_python_operator.py took 0.076 seconds
[2026-04-28T12:35:47.482+0000] {processor.py:161} INFO - Started process (PID=2684) to work on /home/airflow/.local/lib/python3.8/site-packages/airflow/example_dags/example_python_operator.py
[2026-04-28T12:35:47.484+0000] {processor.py:830} INFO - Processing file /home/airflow/.local/lib/python3.8/site-packages/airflow/example_dags/example_python_operator.py for tasks to queue
[2026-04-28T12:35:47.486+0000] {logging_mixin.py:188} INFO - [2026-04-28T12:35:47.486+0000] {dagbag.py:540} INFO - Filling up the DagBag from /home/airflow/.local/lib/python3.8/site-packages/airflow/example_dags/example_python_operator.py
[2026-04-28T12:35:47.498+0000] {processor.py:840} INFO - DAG(s) 'example_python_operator' retrieved from /home/airflow/.local/lib/python3.8/site-packages/airflow/example_dags/example_python_operator.py
[2026-04-28T12:35:47.521+0000] {logging_mixin.py:188} INFO - [2026-04-28T12:35:47.521+0000] {dag.py:3047} INFO - Sync 1 DAGs
[2026-04-28T12:35:47.534+0000] {logging_mixin.py:188} INFO - [2026-04-28T12:35:47.534+0000] {dag.py:3834} INFO - Setting next_dagrun for example_python_operator to None, run_after=None
[2026-04-28T12:35:47.551+0000] {processor.py:183} INFO - Processing /home/airflow/.local/lib/python3.8/site-packages/airflow/example_dags/example_python_operator.py took 0.074 seconds
[2026-04-28T12:36:17.819+0000] {processor.py:161} INFO - Started process (PID=2740) to work on /home/airflow/.local/lib/python3.8/site-packages/airflow/example_dags/example_python_operator.py
[2026-04-28T12:36:17.820+0000] {processor.py:830} INFO - Processing file /home/airflow/.local/lib/python3.8/site-packages/airflow/example_dags/example_python_operator.py for tasks to queue
[2026-04-28T12:36:17.822+0000] {logging_mixin.py:188} INFO - [2026-04-28T12:36:17.822+0000] {dagbag.py:540} INFO - Filling up the DagBag from /home/airflow/.local/lib/python3.8/site-packages/airflow/example_dags/example_python_operator.py
[2026-04-28T12:36:17.839+0000] {processor.py:840} INFO - DAG(s) 'example_python_operator' retrieved from /home/airflow/.local/lib/python3.8/site-packages/airflow/example_dags/example_python_operator.py
[2026-04-28T12:36:17.868+0000] {logging_mixin.py:188} INFO - [2026-04-28T12:36:17.868+0000] {dag.py:3047} INFO - Sync 1 DAGs
[2026-04-28T12:36:17.886+0000] {logging_mixin.py:188} INFO - [2026-04-28T12:36:17.886+0000] {dag.py:3834} INFO - Setting next_dagrun for example_python_operator to None, run_after=None
[2026-04-28T12:36:17.903+0000] {processor.py:183} INFO - Processing /home/airflow/.local/lib/python3.8/site-packages/airflow/example_dags/example_python_operator.py took 0.088 seconds
[2026-04-28T12:36:48.431+0000] {processor.py:161} INFO - Started process (PID=2796) to work on /home/airflow/.local/lib/python3.8/site-packages/airflow/example_dags/example_python_operator.py
[2026-04-28T12:36:48.432+0000] {processor.py:830} INFO - Processing file /home/airflow/.local/lib/python3.8/site-packages/airflow/example_dags/example_python_operator.py for tasks to queue
[2026-04-28T12:36:48.434+0000] {logging_mixin.py:188} INFO - [2026-04-28T12:36:48.434+0000] {dagbag.py:540} INFO - Filling up the DagBag from /home/airflow/.local/lib/python3.8/site-packages/airflow/example_dags/example_python_operator.py
[2026-04-28T12:36:48.447+0000] {processor.py:840} INFO - DAG(s) 'example_python_operator' retrieved from /home/airflow/.local/lib/python3.8/site-packages/airflow/example_dags/example_python_operator.py
[2026-04-28T12:36:48.473+0000] {logging_mixin.py:188} INFO - [2026-04-28T12:36:48.473+0000] {dag.py:3047} INFO - Sync 1 DAGs
[2026-04-28T12:36:48.488+0000] {logging_mixin.py:188} INFO - [2026-04-28T12:36:48.488+0000] {dag.py:3834} INFO - Setting next_dagrun for example_python_operator to None, run_after=None
[2026-04-28T12:36:48.505+0000] {processor.py:183} INFO - Processing /home/airflow/.local/lib/python3.8/site-packages/airflow/example_dags/example_python_operator.py took 0.077 seconds
[2026-04-28T12:37:19.002+0000] {processor.py:161} INFO - Started process (PID=2852) to work on /home/airflow/.local/lib/python3.8/site-packages/airflow/example_dags/example_python_operator.py
[2026-04-28T12:37:19.003+0000] {processor.py:830} INFO - Processing file /home/airflow/.local/lib/python3.8/site-packages/airflow/example_dags/example_python_operator.py for tasks to queue
[2026-04-28T12:37:19.007+0000] {logging_mixin.py:188} INFO - [2026-04-28T12:37:19.007+0000] {dagbag.py:540} INFO - Filling up the DagBag from /home/airflow/.local/lib/python3.8/site-packages/airflow/example_dags/example_python_operator.py
[2026-04-28T12:37:19.019+0000] {processor.py:840} INFO - DAG(s) 'example_python_operator' retrieved from /home/airflow/.local/lib/python3.8/site-packages/airflow/example_dags/example_python_operator.py
[2026-04-28T12:37:19.043+0000] {logging_mixin.py:188} INFO - [2026-04-28T12:37:19.042+0000] {dag.py:3047} INFO - Sync 1 DAGs
[2026-04-28T12:37:19.056+0000] {logging_mixin.py:188} INFO - [2026-04-28T12:37:19.056+0000] {dag.py:3834} INFO - Setting next_dagrun for example_python_operator to None, run_after=None
[2026-04-28T12:37:19.073+0000] {processor.py:183} INFO - Processing /home/airflow/.local/lib/python3.8/site-packages/airflow/example_dags/example_python_operator.py took 0.076 seconds
[2026-04-28T12:37:49.883+0000] {processor.py:161} INFO - Started process (PID=2908) to work on /home/airflow/.local/lib/python3.8/site-packages/airflow/example_dags/example_python_operator.py
[2026-04-28T12:37:49.884+0000] {processor.py:830} INFO - Processing file /home/airflow/.local/lib/python3.8/site-packages/airflow/example_dags/example_python_operator.py for tasks to queue
[2026-04-28T12:37:49.886+0000] {logging_mixin.py:188} INFO - [2026-04-28T12:37:49.885+0000] {dagbag.py:540} INFO - Filling up the DagBag from /home/airflow/.local/lib/python3.8/site-packages/airflow/example_dags/example_python_operator.py
[2026-04-28T12:37:49.899+0000] {processor.py:840} INFO - DAG(s) 'example_python_operator' retrieved from /home/airflow/.local/lib/python3.8/site-packages/airflow/example_dags/example_python_operator.py
[2026-04-28T12:37:49.922+0000] {logging_mixin.py:188} INFO - [2026-04-28T12:37:49.922+0000] {dag.py:3047} INFO - Sync 1 DAGs
[2026-04-28T12:37:49.935+0000] {logging_mixin.py:188} INFO - [2026-04-28T12:37:49.935+0000] {dag.py:3834} INFO - Setting next_dagrun for example_python_operator to None, run_after=None
[2026-04-28T12:37:49.955+0000] {processor.py:183} INFO - Processing /home/airflow/.local/lib/python3.8/site-packages/airflow/example_dags/example_python_operator.py took 0.076 seconds
[2026-04-28T12:38:20.577+0000] {processor.py:161} INFO - Started process (PID=2964) to work on /home/airflow/.local/lib/python3.8/site-packages/airflow/example_dags/example_python_operator.py
[2026-04-28T12:38:20.580+0000] {processor.py:830} INFO - Processing file /home/airflow/.local/lib/python3.8/site-packages/airflow/example_dags/example_python_operator.py for tasks to queue
[2026-04-28T12:38:20.582+0000] {logging_mixin.py:188} INFO - [2026-04-28T12:38:20.582+0000] {dagbag.py:540} INFO - Filling up the DagBag from /home/airflow/.local/lib/python3.8/site-packages/airflow/example_dags/example_python_operator.py
[2026-04-28T12:38:20.594+0000] {processor.py:840} INFO - DAG(s) 'example_python_operator' retrieved from /home/airflow/.local/lib/python3.8/site-packages/airflow/example_dags/example_python_operator.py
[2026-04-28T12:38:20.622+0000] {logging_mixin.py:188} INFO - [2026-04-28T12:38:20.622+0000] {dag.py:3047} INFO - Sync 1 DAGs
[2026-04-28T12:38:20.636+0000] {logging_mixin.py:188} INFO - [2026-04-28T12:38:20.636+0000] {dag.py:3834} INFO - Setting next_dagrun for example_python_operator to None, run_after=None
[2026-04-28T12:38:20.652+0000] {processor.py:183} INFO - Processing /home/airflow/.local/lib/python3.8/site-packages/airflow/example_dags/example_python_operator.py took 0.082 seconds
[2026-04-28T12:38:51.182+0000] {processor.py:161} INFO - Started process (PID=3020) to work on /home/airflow/.local/lib/python3.8/site-packages/airflow/example_dags/example_python_operator.py
[2026-04-28T12:38:51.183+0000] {processor.py:830} INFO - Processing file /home/airflow/.local/lib/python3.8/site-packages/airflow/example_dags/example_python_operator.py for tasks to queue
[2026-04-28T12:38:51.187+0000] {logging_mixin.py:188} INFO - [2026-04-28T12:38:51.187+0000] {dagbag.py:540} INFO - Filling up the DagBag from /home/airflow/.local/lib/python3.8/site-packages/airflow/example_dags/example_python_operator.py
[2026-04-28T12:38:51.199+0000] {processor.py:840} INFO - DAG(s) 'example_python_operator' retrieved from /home/airflow/.local/lib/python3.8/site-packages/airflow/example_dags/example_python_operator.py
[2026-04-28T12:38:51.223+0000] {logging_mixin.py:188} INFO - [2026-04-28T12:38:51.223+0000] {dag.py:3047} INFO - Sync 1 DAGs
[2026-04-28T12:38:51.237+0000] {logging_mixin.py:188} INFO - [2026-04-28T12:38:51.237+0000] {dag.py:3834} INFO - Setting next_dagrun for example_python_operator to None, run_after=None
[2026-04-28T12:38:51.253+0000] {processor.py:183} INFO - Processing /home/airflow/.local/lib/python3.8/site-packages/airflow/example_dags/example_python_operator.py took 0.076 seconds
[2026-04-28T12:39:21.559+0000] {processor.py:161} INFO - Started process (PID=3076) to work on /home/airflow/.local/lib/python3.8/site-packages/airflow/example_dags/example_python_operator.py
[2026-04-28T12:39:21.562+0000] {processor.py:830} INFO - Processing file /home/airflow/.local/lib/python3.8/site-packages/airflow/example_dags/example_python_operator.py for tasks to queue
[2026-04-28T12:39:21.565+0000] {logging_mixin.py:188} INFO - [2026-04-28T12:39:21.565+0000] {dagbag.py:540} INFO - Filling up the DagBag from /home/airflow/.local/lib/python3.8/site-packages/airflow/example_dags/example_python_operator.py
[2026-04-28T12:39:21.578+0000] {processor.py:840} INFO - DAG(s) 'example_python_operator' retrieved from /home/airflow/.local/lib/python3.8/site-packages/airflow/example_dags/example_python_operator.py
[2026-04-28T12:39:21.604+0000] {logging_mixin.py:188} INFO - [2026-04-28T12:39:21.604+0000] {dag.py:3047} INFO - Sync 1 DAGs
[2026-04-28T12:39:21.618+0000] {logging_mixin.py:188} INFO - [2026-04-28T12:39:21.617+0000] {dag.py:3834} INFO - Setting next_dagrun for example_python_operator to None, run_after=None
[2026-04-28T12:39:21.635+0000] {processor.py:183} INFO - Processing /home/airflow/.local/lib/python3.8/site-packages/airflow/example_dags/example_python_operator.py took 0.082 seconds
[2026-04-28T12:39:52.109+0000] {processor.py:161} INFO - Started process (PID=3132) to work on /home/airflow/.local/lib/python3.8/site-packages/airflow/example_dags/example_python_operator.py
[2026-04-28T12:39:52.109+0000] {processor.py:830} INFO - Processing file /home/airflow/.local/lib/python3.8/site-packages/airflow/example_dags/example_python_operator.py for tasks to queue
[2026-04-28T12:39:52.112+0000] {logging_mixin.py:188} INFO - [2026-04-28T12:39:52.111+0000] {dagbag.py:540} INFO - Filling up the DagBag from /home/airflow/.local/lib/python3.8/site-packages/airflow/example_dags/example_python_operator.py
[2026-04-28T12:39:52.143+0000] {processor.py:840} INFO - DAG(s) 'example_python_operator' retrieved from /home/airflow/.local/lib/python3.8/site-packages/airflow/example_dags/example_python_operator.py
[2026-04-28T12:39:52.190+0000] {logging_mixin.py:188} INFO - [2026-04-28T12:39:52.190+0000] {dag.py:3047} INFO - Sync 1 DAGs
[2026-04-28T12:39:52.208+0000] {logging_mixin.py:188} INFO - [2026-04-28T12:39:52.208+0000] {dag.py:3834} INFO - Setting next_dagrun for example_python_operator to None, run_after=None
[2026-04-28T12:39:52.228+0000] {processor.py:183} INFO - Processing /home/airflow/.local/lib/python3.8/site-packages/airflow/example_dags/example_python_operator.py took 0.124 seconds
[2026-04-28T12:40:22.516+0000] {processor.py:161} INFO - Started process (PID=3188) to work on /home/airflow/.local/lib/python3.8/site-packages/airflow/example_dags/example_python_operator.py
[2026-04-28T12:40:22.517+0000] {processor.py:830} INFO - Processing file /home/airflow/.local/lib/python3.8/site-packages/airflow/example_dags/example_python_operator.py for tasks to queue
[2026-04-28T12:40:22.519+0000] {logging_mixin.py:188} INFO - [2026-04-28T12:40:22.518+0000] {dagbag.py:540} INFO - Filling up the DagBag from /home/airflow/.local/lib/python3.8/site-packages/airflow/example_dags/example_python_operator.py
[2026-04-28T12:40:22.531+0000] {processor.py:840} INFO - DAG(s) 'example_python_operator' retrieved from /home/airflow/.local/lib/python3.8/site-packages/airflow/example_dags/example_python_operator.py
[2026-04-28T12:40:22.557+0000] {logging_mixin.py:188} INFO - [2026-04-28T12:40:22.556+0000] {dag.py:3047} INFO - Sync 1 DAGs
[2026-04-28T12:40:22.571+0000] {logging_mixin.py:188} INFO - [2026-04-28T12:40:22.570+0000] {dag.py:3834} INFO - Setting next_dagrun for example_python_operator to None, run_after=None
[2026-04-28T12:40:22.593+0000] {processor.py:183} INFO - Processing /home/airflow/.local/lib/python3.8/site-packages/airflow/example_dags/example_python_operator.py took 0.081 seconds
[2026-04-28T12:40:53.535+0000] {processor.py:161} INFO - Started process (PID=3244) to work on /home/airflow/.local/lib/python3.8/site-packages/airflow/example_dags/example_python_operator.py
[2026-04-28T12:40:53.537+0000] {processor.py:830} INFO - Processing file /home/airflow/.local/lib/python3.8/site-packages/airflow/example_dags/example_python_operator.py for tasks to queue
[2026-04-28T12:40:53.539+0000] {logging_mixin.py:188} INFO - [2026-04-28T12:40:53.538+0000] {dagbag.py:540} INFO - Filling up the DagBag from /home/airflow/.local/lib/python3.8/site-packages/airflow/example_dags/example_python_operator.py
[2026-04-28T12:40:53.551+0000] {processor.py:840} INFO - DAG(s) 'example_python_operator' retrieved from /home/airflow/.local/lib/python3.8/site-packages/airflow/example_dags/example_python_operator.py
[2026-04-28T12:40:53.574+0000] {logging_mixin.py:188} INFO - [2026-04-28T12:40:53.574+0000] {dag.py:3047} INFO - Sync 1 DAGs
[2026-04-28T12:40:53.588+0000] {logging_mixin.py:188} INFO - [2026-04-28T12:40:53.587+0000] {dag.py:3834} INFO - Setting next_dagrun for example_python_operator to None, run_after=None
[2026-04-28T12:40:53.604+0000] {processor.py:183} INFO - Processing /home/airflow/.local/lib/python3.8/site-packages/airflow/example_dags/example_python_operator.py took 0.076 seconds
[2026-04-28T12:41:23.884+0000] {processor.py:161} INFO - Started process (PID=3300) to work on /home/airflow/.local/lib/python3.8/site-packages/airflow/example_dags/example_python_operator.py
[2026-04-28T12:41:23.887+0000] {processor.py:830} INFO - Processing file /home/airflow/.local/lib/python3.8/site-packages/airflow/example_dags/example_python_operator.py for tasks to queue
[2026-04-28T12:41:23.889+0000] {logging_mixin.py:188} INFO - [2026-04-28T12:41:23.889+0000] {dagbag.py:540} INFO - Filling up the DagBag from /home/airflow/.local/lib/python3.8/site-packages/airflow/example_dags/example_python_operator.py
[2026-04-28T12:41:23.901+0000] {processor.py:840} INFO - DAG(s) 'example_python_operator' retrieved from /home/airflow/.local/lib/python3.8/site-packages/airflow/example_dags/example_python_operator.py
[2026-04-28T12:41:23.924+0000] {logging_mixin.py:188} INFO - [2026-04-28T12:41:23.924+0000] {dag.py:3047} INFO - Sync 1 DAGs
[2026-04-28T12:41:23.939+0000] {logging_mixin.py:188} INFO - [2026-04-28T12:41:23.939+0000] {dag.py:3834} INFO - Setting next_dagrun for example_python_operator to None, run_after=None
[2026-04-28T12:41:23.955+0000] {processor.py:183} INFO - Processing /home/airflow/.local/lib/python3.8/site-packages/airflow/example_dags/example_python_operator.py took 0.076 seconds
[2026-04-28T12:41:54.265+0000] {processor.py:161} INFO - Started process (PID=3356) to work on /home/airflow/.local/lib/python3.8/site-packages/airflow/example_dags/example_python_operator.py
[2026-04-28T12:41:54.266+0000] {processor.py:830} INFO - Processing file /home/airflow/.local/lib/python3.8/site-packages/airflow/example_dags/example_python_operator.py for tasks to queue
[2026-04-28T12:41:54.268+0000] {logging_mixin.py:188} INFO - [2026-04-28T12:41:54.268+0000] {dagbag.py:540} INFO - Filling up the DagBag from /home/airflow/.local/lib/python3.8/site-packages/airflow/example_dags/example_python_operator.py
[2026-04-28T12:41:54.281+0000] {processor.py:840} INFO - DAG(s) 'example_python_operator' retrieved from /home/airflow/.local/lib/python3.8/site-packages/airflow/example_dags/example_python_operator.py
[2026-04-28T12:41:54.305+0000] {logging_mixin.py:188} INFO - [2026-04-28T12:41:54.305+0000] {dag.py:3047} INFO - Sync 1 DAGs
[2026-04-28T12:41:54.319+0000] {logging_mixin.py:188} INFO - [2026-04-28T12:41:54.319+0000] {dag.py:3834} INFO - Setting next_dagrun for example_python_operator to None, run_after=None
[2026-04-28T12:41:54.337+0000] {processor.py:183} INFO - Processing /home/airflow/.local/lib/python3.8/site-packages/airflow/example_dags/example_python_operator.py took 0.075 seconds
[2026-04-28T12:42:24.593+0000] {processor.py:161} INFO - Started process (PID=3412) to work on /home/airflow/.local/lib/python3.8/site-packages/airflow/example_dags/example_python_operator.py
[2026-04-28T12:42:24.594+0000] {processor.py:830} INFO - Processing file /home/airflow/.local/lib/python3.8/site-packages/airflow/example_dags/example_python_operator.py for tasks to queue
[2026-04-28T12:42:24.596+0000] {logging_mixin.py:188} INFO - [2026-04-28T12:42:24.596+0000] {dagbag.py:540} INFO - Filling up the DagBag from /home/airflow/.local/lib/python3.8/site-packages/airflow/example_dags/example_python_operator.py
[2026-04-28T12:42:24.609+0000] {processor.py:840} INFO - DAG(s) 'example_python_operator' retrieved from /home/airflow/.local/lib/python3.8/site-packages/airflow/example_dags/example_python_operator.py
[2026-04-28T12:42:24.633+0000] {logging_mixin.py:188} INFO - [2026-04-28T12:42:24.633+0000] {dag.py:3047} INFO - Sync 1 DAGs
[2026-04-28T12:42:24.648+0000] {logging_mixin.py:188} INFO - [2026-04-28T12:42:24.648+0000] {dag.py:3834} INFO - Setting next_dagrun for example_python_operator to None, run_after=None
[2026-04-28T12:42:24.667+0000] {processor.py:183} INFO - Processing /home/airflow/.local/lib/python3.8/site-packages/airflow/example_dags/example_python_operator.py took 0.078 seconds
[2026-04-28T12:42:55.635+0000] {processor.py:161} INFO - Started process (PID=3468) to work on /home/airflow/.local/lib/python3.8/site-packages/airflow/example_dags/example_python_operator.py
[2026-04-28T12:42:55.637+0000] {processor.py:830} INFO - Processing file /home/airflow/.local/lib/python3.8/site-packages/airflow/example_dags/example_python_operator.py for tasks to queue
[2026-04-28T12:42:55.646+0000] {logging_mixin.py:188} INFO - [2026-04-28T12:42:55.645+0000] {dagbag.py:540} INFO - Filling up the DagBag from /home/airflow/.local/lib/python3.8/site-packages/airflow/example_dags/example_python_operator.py
[2026-04-28T12:42:55.683+0000] {processor.py:840} INFO - DAG(s) 'example_python_operator' retrieved from /home/airflow/.local/lib/python3.8/site-packages/airflow/example_dags/example_python_operator.py
[2026-04-28T12:42:55.708+0000] {logging_mixin.py:188} INFO - [2026-04-28T12:42:55.708+0000] {dag.py:3047} INFO - Sync 1 DAGs
[2026-04-28T12:42:55.723+0000] {logging_mixin.py:188} INFO - [2026-04-28T12:42:55.723+0000] {dag.py:3834} INFO - Setting next_dagrun for example_python_operator to None, run_after=None
[2026-04-28T12:42:55.742+0000] {processor.py:183} INFO - Processing /home/airflow/.local/lib/python3.8/site-packages/airflow/example_dags/example_python_operator.py took 0.124 seconds
[2026-04-28T12:43:25.779+0000] {processor.py:161} INFO - Started process (PID=3523) to work on /home/airflow/.local/lib/python3.8/site-packages/airflow/example_dags/example_python_operator.py
[2026-04-28T12:43:25.779+0000] {processor.py:830} INFO - Processing file /home/airflow/.local/lib/python3.8/site-packages/airflow/example_dags/example_python_operator.py for tasks to queue
[2026-04-28T12:43:25.781+0000] {logging_mixin.py:188} INFO - [2026-04-28T12:43:25.781+0000] {dagbag.py:540} INFO - Filling up the DagBag from /home/airflow/.local/lib/python3.8/site-packages/airflow/example_dags/example_python_operator.py
[2026-04-28T12:43:25.790+0000] {processor.py:840} INFO - DAG(s) 'example_python_operator' retrieved from /home/airflow/.local/lib/python3.8/site-packages/airflow/example_dags/example_python_operator.py
[2026-04-28T12:43:25.807+0000] {logging_mixin.py:188} INFO - [2026-04-28T12:43:25.807+0000] {dag.py:3047} INFO - Sync 1 DAGs
[2026-04-28T12:43:25.816+0000] {logging_mixin.py:188} INFO - [2026-04-28T12:43:25.816+0000] {dag.py:3834} INFO - Setting next_dagrun for example_python_operator to None, run_after=None
[2026-04-28T12:43:25.830+0000] {processor.py:183} INFO - Processing /home/airflow/.local/lib/python3.8/site-packages/airflow/example_dags/example_python_operator.py took 0.055 seconds
[2026-04-28T12:43:56.253+0000] {processor.py:161} INFO - Started process (PID=3579) to work on /home/airflow/.local/lib/python3.8/site-packages/airflow/example_dags/example_python_operator.py
[2026-04-28T12:43:56.254+0000] {processor.py:830} INFO - Processing file /home/airflow/.local/lib/python3.8/site-packages/airflow/example_dags/example_python_operator.py for tasks to queue
[2026-04-28T12:43:56.256+0000] {logging_mixin.py:188} INFO - [2026-04-28T12:43:56.256+0000] {dagbag.py:540} INFO - Filling up the DagBag from /home/airflow/.local/lib/python3.8/site-packages/airflow/example_dags/example_python_operator.py
[2026-04-28T12:43:56.269+0000] {processor.py:840} INFO - DAG(s) 'example_python_operator' retrieved from /home/airflow/.local/lib/python3.8/site-packages/airflow/example_dags/example_python_operator.py
[2026-04-28T12:43:56.297+0000] {logging_mixin.py:188} INFO - [2026-04-28T12:43:56.297+0000] {dag.py:3047} INFO - Sync 1 DAGs
[2026-04-28T12:43:56.311+0000] {logging_mixin.py:188} INFO - [2026-04-28T12:43:56.311+0000] {dag.py:3834} INFO - Setting next_dagrun for example_python_operator to None, run_after=None
[2026-04-28T12:43:56.329+0000] {processor.py:183} INFO - Processing /home/airflow/.local/lib/python3.8/site-packages/airflow/example_dags/example_python_operator.py took 0.080 seconds
[2026-04-28T12:44:27.098+0000] {processor.py:161} INFO - Started process (PID=3635) to work on /home/airflow/.local/lib/python3.8/site-packages/airflow/example_dags/example_python_operator.py
[2026-04-28T12:44:27.099+0000] {processor.py:830} INFO - Processing file /home/airflow/.local/lib/python3.8/site-packages/airflow/example_dags/example_python_operator.py for tasks to queue
[2026-04-28T12:44:27.102+0000] {logging_mixin.py:188} INFO - [2026-04-28T12:44:27.101+0000] {dagbag.py:540} INFO - Filling up the DagBag from /home/airflow/.local/lib/python3.8/site-packages/airflow/example_dags/example_python_operator.py
[2026-04-28T12:44:27.117+0000] {processor.py:840} INFO - DAG(s) 'example_python_operator' retrieved from /home/airflow/.local/lib/python3.8/site-packages/airflow/example_dags/example_python_operator.py
[2026-04-28T12:44:27.144+0000] {logging_mixin.py:188} INFO - [2026-04-28T12:44:27.144+0000] {dag.py:3047} INFO - Sync 1 DAGs
[2026-04-28T12:44:27.158+0000] {logging_mixin.py:188} INFO - [2026-04-28T12:44:27.158+0000] {dag.py:3834} INFO - Setting next_dagrun for example_python_operator to None, run_after=None
[2026-04-28T12:44:27.175+0000] {processor.py:183} INFO - Processing /home/airflow/.local/lib/python3.8/site-packages/airflow/example_dags/example_python_operator.py took 0.080 seconds
[2026-04-28T12:44:57.264+0000] {processor.py:161} INFO - Started process (PID=3691) to work on /home/airflow/.local/lib/python3.8/site-packages/airflow/example_dags/example_python_operator.py
[2026-04-28T12:44:57.273+0000] {processor.py:830} INFO - Processing file /home/airflow/.local/lib/python3.8/site-packages/airflow/example_dags/example_python_operator.py for tasks to queue
[2026-04-28T12:44:57.284+0000] {logging_mixin.py:188} INFO - [2026-04-28T12:44:57.284+0000] {dagbag.py:540} INFO - Filling up the DagBag from /home/airflow/.local/lib/python3.8/site-packages/airflow/example_dags/example_python_operator.py
[2026-04-28T12:44:57.332+0000] {processor.py:840} INFO - DAG(s) 'example_python_operator' retrieved from /home/airflow/.local/lib/python3.8/site-packages/airflow/example_dags/example_python_operator.py
[2026-04-28T12:44:57.388+0000] {logging_mixin.py:188} INFO - [2026-04-28T12:44:57.388+0000] {dag.py:3047} INFO - Sync 1 DAGs
[2026-04-28T12:44:57.408+0000] {logging_mixin.py:188} INFO - [2026-04-28T12:44:57.406+0000] {dag.py:3834} INFO - Setting next_dagrun for example_python_operator to None, run_after=None
[2026-04-28T12:44:57.446+0000] {processor.py:183} INFO - Processing /home/airflow/.local/lib/python3.8/site-packages/airflow/example_dags/example_python_operator.py took 0.197 seconds
[2026-04-28T12:45:27.701+0000] {processor.py:161} INFO - Started process (PID=3746) to work on /home/airflow/.local/lib/python3.8/site-packages/airflow/example_dags/example_python_operator.py
[2026-04-28T12:45:27.701+0000] {processor.py:830} INFO - Processing file /home/airflow/.local/lib/python3.8/site-packages/airflow/example_dags/example_python_operator.py for tasks to queue
[2026-04-28T12:45:27.703+0000] {logging_mixin.py:188} INFO - [2026-04-28T12:45:27.703+0000] {dagbag.py:540} INFO - Filling up the DagBag from /home/airflow/.local/lib/python3.8/site-packages/airflow/example_dags/example_python_operator.py
[2026-04-28T12:45:27.712+0000] {processor.py:840} INFO - DAG(s) 'example_python_operator' retrieved from /home/airflow/.local/lib/python3.8/site-packages/airflow/example_dags/example_python_operator.py
[2026-04-28T12:45:27.729+0000] {logging_mixin.py:188} INFO - [2026-04-28T12:45:27.729+0000] {dag.py:3047} INFO - Sync 1 DAGs
[2026-04-28T12:45:27.738+0000] {logging_mixin.py:188} INFO - [2026-04-28T12:45:27.738+0000] {dag.py:3834} INFO - Setting next_dagrun for example_python_operator to None, run_after=None
[2026-04-28T12:45:27.751+0000] {processor.py:183} INFO - Processing /home/airflow/.local/lib/python3.8/site-packages/airflow/example_dags/example_python_operator.py took 0.054 seconds
[2026-04-28T12:45:57.983+0000] {processor.py:161} INFO - Started process (PID=3802) to work on /home/airflow/.local/lib/python3.8/site-packages/airflow/example_dags/example_python_operator.py
[2026-04-28T12:45:57.984+0000] {processor.py:830} INFO - Processing file /home/airflow/.local/lib/python3.8/site-packages/airflow/example_dags/example_python_operator.py for tasks to queue
[2026-04-28T12:45:57.986+0000] {logging_mixin.py:188} INFO - [2026-04-28T12:45:57.986+0000] {dagbag.py:540} INFO - Filling up the DagBag from /home/airflow/.local/lib/python3.8/site-packages/airflow/example_dags/example_python_operator.py
[2026-04-28T12:45:57.998+0000] {processor.py:840} INFO - DAG(s) 'example_python_operator' retrieved from /home/airflow/.local/lib/python3.8/site-packages/airflow/example_dags/example_python_operator.py
[2026-04-28T12:45:58.015+0000] {logging_mixin.py:188} INFO - [2026-04-28T12:45:58.015+0000] {dag.py:3047} INFO - Sync 1 DAGs
[2026-04-28T12:45:58.024+0000] {logging_mixin.py:188} INFO - [2026-04-28T12:45:58.024+0000] {dag.py:3834} INFO - Setting next_dagrun for example_python_operator to None, run_after=None
[2026-04-28T12:45:58.037+0000] {processor.py:183} INFO - Processing /home/airflow/.local/lib/python3.8/site-packages/airflow/example_dags/example_python_operator.py took 0.058 seconds
[2026-04-28T12:46:28.848+0000] {processor.py:161} INFO - Started process (PID=3856) to work on /home/airflow/.local/lib/python3.8/site-packages/airflow/example_dags/example_python_operator.py
[2026-04-28T12:46:28.851+0000] {processor.py:830} INFO - Processing file /home/airflow/.local/lib/python3.8/site-packages/airflow/example_dags/example_python_operator.py for tasks to queue
[2026-04-28T12:46:28.853+0000] {logging_mixin.py:188} INFO - [2026-04-28T12:46:28.853+0000] {dagbag.py:540} INFO - Filling up the DagBag from /home/airflow/.local/lib/python3.8/site-packages/airflow/example_dags/example_python_operator.py
[2026-04-28T12:46:28.866+0000] {processor.py:840} INFO - DAG(s) 'example_python_operator' retrieved from /home/airflow/.local/lib/python3.8/site-packages/airflow/example_dags/example_python_operator.py
[2026-04-28T12:46:28.891+0000] {logging_mixin.py:188} INFO - [2026-04-28T12:46:28.891+0000] {dag.py:3047} INFO - Sync 1 DAGs
[2026-04-28T12:46:28.905+0000] {logging_mixin.py:188} INFO - [2026-04-28T12:46:28.905+0000] {dag.py:3834} INFO - Setting next_dagrun for example_python_operator to None, run_after=None
[2026-04-28T12:46:28.924+0000] {processor.py:183} INFO - Processing /home/airflow/.local/lib/python3.8/site-packages/airflow/example_dags/example_python_operator.py took 0.080 seconds
[2026-04-28T12:46:59.200+0000] {processor.py:161} INFO - Started process (PID=3912) to work on /home/airflow/.local/lib/python3.8/site-packages/airflow/example_dags/example_python_operator.py
[2026-04-28T12:46:59.202+0000] {processor.py:830} INFO - Processing file /home/airflow/.local/lib/python3.8/site-packages/airflow/example_dags/example_python_operator.py for tasks to queue
[2026-04-28T12:46:59.204+0000] {logging_mixin.py:188} INFO - [2026-04-28T12:46:59.204+0000] {dagbag.py:540} INFO - Filling up the DagBag from /home/airflow/.local/lib/python3.8/site-packages/airflow/example_dags/example_python_operator.py
[2026-04-28T12:46:59.217+0000] {processor.py:840} INFO - DAG(s) 'example_python_operator' retrieved from /home/airflow/.local/lib/python3.8/site-packages/airflow/example_dags/example_python_operator.py
[2026-04-28T12:46:59.242+0000] {logging_mixin.py:188} INFO - [2026-04-28T12:46:59.242+0000] {dag.py:3047} INFO - Sync 1 DAGs
[2026-04-28T12:46:59.256+0000] {logging_mixin.py:188} INFO - [2026-04-28T12:46:59.256+0000] {dag.py:3834} INFO - Setting next_dagrun for example_python_operator to None, run_after=None
[2026-04-28T12:46:59.273+0000] {processor.py:183} INFO - Processing /home/airflow/.local/lib/python3.8/site-packages/airflow/example_dags/example_python_operator.py took 0.078 seconds
[2026-04-28T12:47:30.079+0000] {processor.py:161} INFO - Started process (PID=3968) to work on /home/airflow/.local/lib/python3.8/site-packages/airflow/example_dags/example_python_operator.py
[2026-04-28T12:47:30.080+0000] {processor.py:830} INFO - Processing file /home/airflow/.local/lib/python3.8/site-packages/airflow/example_dags/example_python_operator.py for tasks to queue
[2026-04-28T12:47:30.082+0000] {logging_mixin.py:188} INFO - [2026-04-28T12:47:30.082+0000] {dagbag.py:540} INFO - Filling up the DagBag from /home/airflow/.local/lib/python3.8/site-packages/airflow/example_dags/example_python_operator.py
[2026-04-28T12:47:30.096+0000] {processor.py:840} INFO - DAG(s) 'example_python_operator' retrieved from /home/airflow/.local/lib/python3.8/site-packages/airflow/example_dags/example_python_operator.py
[2026-04-28T12:47:30.121+0000] {logging_mixin.py:188} INFO - [2026-04-28T12:47:30.121+0000] {dag.py:3047} INFO - Sync 1 DAGs
[2026-04-28T12:47:30.135+0000] {logging_mixin.py:188} INFO - [2026-04-28T12:47:30.135+0000] {dag.py:3834} INFO - Setting next_dagrun for example_python_operator to None, run_after=None
[2026-04-28T12:47:30.152+0000] {processor.py:183} INFO - Processing /home/airflow/.local/lib/python3.8/site-packages/airflow/example_dags/example_python_operator.py took 0.077 seconds
[2026-04-28T12:48:00.427+0000] {processor.py:161} INFO - Started process (PID=4024) to work on /home/airflow/.local/lib/python3.8/site-packages/airflow/example_dags/example_python_operator.py
[2026-04-28T12:48:00.428+0000] {processor.py:830} INFO - Processing file /home/airflow/.local/lib/python3.8/site-packages/airflow/example_dags/example_python_operator.py for tasks to queue
[2026-04-28T12:48:00.430+0000] {logging_mixin.py:188} INFO - [2026-04-28T12:48:00.430+0000] {dagbag.py:540} INFO - Filling up the DagBag from /home/airflow/.local/lib/python3.8/site-packages/airflow/example_dags/example_python_operator.py
[2026-04-28T12:48:00.443+0000] {processor.py:840} INFO - DAG(s) 'example_python_operator' retrieved from /home/airflow/.local/lib/python3.8/site-packages/airflow/example_dags/example_python_operator.py
[2026-04-28T12:48:00.468+0000] {logging_mixin.py:188} INFO - [2026-04-28T12:48:00.468+0000] {dag.py:3047} INFO - Sync 1 DAGs
[2026-04-28T12:48:00.482+0000] {logging_mixin.py:188} INFO - [2026-04-28T12:48:00.482+0000] {dag.py:3834} INFO - Setting next_dagrun for example_python_operator to None, run_after=None
[2026-04-28T12:48:00.501+0000] {processor.py:183} INFO - Processing /home/airflow/.local/lib/python3.8/site-packages/airflow/example_dags/example_python_operator.py took 0.078 seconds
[2026-04-28T12:48:31.357+0000] {processor.py:161} INFO - Started process (PID=4080) to work on /home/airflow/.local/lib/python3.8/site-packages/airflow/example_dags/example_python_operator.py
[2026-04-28T12:48:31.362+0000] {processor.py:830} INFO - Processing file /home/airflow/.local/lib/python3.8/site-packages/airflow/example_dags/example_python_operator.py for tasks to queue
[2026-04-28T12:48:31.366+0000] {logging_mixin.py:188} INFO - [2026-04-28T12:48:31.366+0000] {dagbag.py:540} INFO - Filling up the DagBag from /home/airflow/.local/lib/python3.8/site-packages/airflow/example_dags/example_python_operator.py
[2026-04-28T12:48:31.399+0000] {processor.py:840} INFO - DAG(s) 'example_python_operator' retrieved from /home/airflow/.local/lib/python3.8/site-packages/airflow/example_dags/example_python_operator.py
[2026-04-28T12:48:31.436+0000] {logging_mixin.py:188} INFO - [2026-04-28T12:48:31.436+0000] {dag.py:3047} INFO - Sync 1 DAGs
[2026-04-28T12:48:31.453+0000] {logging_mixin.py:188} INFO - [2026-04-28T12:48:31.453+0000] {dag.py:3834} INFO - Setting next_dagrun for example_python_operator to None, run_after=None
[2026-04-28T12:48:31.475+0000] {processor.py:183} INFO - Processing /home/airflow/.local/lib/python3.8/site-packages/airflow/example_dags/example_python_operator.py took 0.124 seconds
[2026-04-28T12:49:01.633+0000] {processor.py:161} INFO - Started process (PID=4136) to work on /home/airflow/.local/lib/python3.8/site-packages/airflow/example_dags/example_python_operator.py
[2026-04-28T12:49:01.634+0000] {processor.py:830} INFO - Processing file /home/airflow/.local/lib/python3.8/site-packages/airflow/example_dags/example_python_operator.py for tasks to queue
[2026-04-28T12:49:01.636+0000] {logging_mixin.py:188} INFO - [2026-04-28T12:49:01.636+0000] {dagbag.py:540} INFO - Filling up the DagBag from /home/airflow/.local/lib/python3.8/site-packages/airflow/example_dags/example_python_operator.py
[2026-04-28T12:49:01.649+0000] {processor.py:840} INFO - DAG(s) 'example_python_operator' retrieved from /home/airflow/.local/lib/python3.8/site-packages/airflow/example_dags/example_python_operator.py
[2026-04-28T12:49:01.675+0000] {logging_mixin.py:188} INFO - [2026-04-28T12:49:01.675+0000] {dag.py:3047} INFO - Sync 1 DAGs
[2026-04-28T12:49:01.689+0000] {logging_mixin.py:188} INFO - [2026-04-28T12:49:01.689+0000] {dag.py:3834} INFO - Setting next_dagrun for example_python_operator to None, run_after=None
[2026-04-28T12:49:01.707+0000] {processor.py:183} INFO - Processing /home/airflow/.local/lib/python3.8/site-packages/airflow/example_dags/example_python_operator.py took 0.077 seconds
[2026-04-28T12:49:32.227+0000] {processor.py:161} INFO - Started process (PID=4192) to work on /home/airflow/.local/lib/python3.8/site-packages/airflow/example_dags/example_python_operator.py
[2026-04-28T12:49:32.228+0000] {processor.py:830} INFO - Processing file /home/airflow/.local/lib/python3.8/site-packages/airflow/example_dags/example_python_operator.py for tasks to queue
[2026-04-28T12:49:32.230+0000] {logging_mixin.py:188} INFO - [2026-04-28T12:49:32.230+0000] {dagbag.py:540} INFO - Filling up the DagBag from /home/airflow/.local/lib/python3.8/site-packages/airflow/example_dags/example_python_operator.py
[2026-04-28T12:49:32.244+0000] {processor.py:840} INFO - DAG(s) 'example_python_operator' retrieved from /home/airflow/.local/lib/python3.8/site-packages/airflow/example_dags/example_python_operator.py
[2026-04-28T12:49:32.283+0000] {logging_mixin.py:188} INFO - [2026-04-28T12:49:32.283+0000] {dag.py:3047} INFO - Sync 1 DAGs
[2026-04-28T12:49:32.324+0000] {logging_mixin.py:188} INFO - [2026-04-28T12:49:32.323+0000] {dag.py:3834} INFO - Setting next_dagrun for example_python_operator to None, run_after=None
[2026-04-28T12:49:32.342+0000] {processor.py:183} INFO - Processing /home/airflow/.local/lib/python3.8/site-packages/airflow/example_dags/example_python_operator.py took 0.119 seconds
[2026-04-28T12:50:02.749+0000] {processor.py:161} INFO - Started process (PID=4248) to work on /home/airflow/.local/lib/python3.8/site-packages/airflow/example_dags/example_python_operator.py
[2026-04-28T12:50:02.750+0000] {processor.py:830} INFO - Processing file /home/airflow/.local/lib/python3.8/site-packages/airflow/example_dags/example_python_operator.py for tasks to queue
[2026-04-28T12:50:02.751+0000] {logging_mixin.py:188} INFO - [2026-04-28T12:50:02.751+0000] {dagbag.py:540} INFO - Filling up the DagBag from /home/airflow/.local/lib/python3.8/site-packages/airflow/example_dags/example_python_operator.py
[2026-04-28T12:50:02.761+0000] {processor.py:840} INFO - DAG(s) 'example_python_operator' retrieved from /home/airflow/.local/lib/python3.8/site-packages/airflow/example_dags/example_python_operator.py
[2026-04-28T12:50:02.779+0000] {logging_mixin.py:188} INFO - [2026-04-28T12:50:02.779+0000] {dag.py:3047} INFO - Sync 1 DAGs
[2026-04-28T12:50:02.789+0000] {logging_mixin.py:188} INFO - [2026-04-28T12:50:02.789+0000] {dag.py:3834} INFO - Setting next_dagrun for example_python_operator to None, run_after=None
[2026-04-28T12:50:02.802+0000] {processor.py:183} INFO - Processing /home/airflow/.local/lib/python3.8/site-packages/airflow/example_dags/example_python_operator.py took 0.056 seconds
[2026-04-28T12:50:33.691+0000] {processor.py:161} INFO - Started process (PID=4304) to work on /home/airflow/.local/lib/python3.8/site-packages/airflow/example_dags/example_python_operator.py
[2026-04-28T12:50:33.692+0000] {processor.py:830} INFO - Processing file /home/airflow/.local/lib/python3.8/site-packages/airflow/example_dags/example_python_operator.py for tasks to queue
[2026-04-28T12:50:33.696+0000] {logging_mixin.py:188} INFO - [2026-04-28T12:50:33.695+0000] {dagbag.py:540} INFO - Filling up the DagBag from /home/airflow/.local/lib/python3.8/site-packages/airflow/example_dags/example_python_operator.py
[2026-04-28T12:50:33.708+0000] {processor.py:840} INFO - DAG(s) 'example_python_operator' retrieved from /home/airflow/.local/lib/python3.8/site-packages/airflow/example_dags/example_python_operator.py
[2026-04-28T12:50:33.733+0000] {logging_mixin.py:188} INFO - [2026-04-28T12:50:33.733+0000] {dag.py:3047} INFO - Sync 1 DAGs
[2026-04-28T12:50:33.753+0000] {logging_mixin.py:188} INFO - [2026-04-28T12:50:33.752+0000] {dag.py:3834} INFO - Setting next_dagrun for example_python_operator to None, run_after=None
[2026-04-28T12:50:33.770+0000] {processor.py:183} INFO - Processing /home/airflow/.local/lib/python3.8/site-packages/airflow/example_dags/example_python_operator.py took 0.084 seconds
[2026-04-28T12:51:03.811+0000] {processor.py:161} INFO - Started process (PID=4360) to work on /home/airflow/.local/lib/python3.8/site-packages/airflow/example_dags/example_python_operator.py
[2026-04-28T12:51:03.812+0000] {processor.py:830} INFO - Processing file /home/airflow/.local/lib/python3.8/site-packages/airflow/example_dags/example_python_operator.py for tasks to queue
[2026-04-28T12:51:03.814+0000] {logging_mixin.py:188} INFO - [2026-04-28T12:51:03.814+0000] {dagbag.py:540} INFO - Filling up the DagBag from /home/airflow/.local/lib/python3.8/site-packages/airflow/example_dags/example_python_operator.py
[2026-04-28T12:51:03.827+0000] {processor.py:840} INFO - DAG(s) 'example_python_operator' retrieved from /home/airflow/.local/lib/python3.8/site-packages/airflow/example_dags/example_python_operator.py
[2026-04-28T12:51:03.852+0000] {logging_mixin.py:188} INFO - [2026-04-28T12:51:03.852+0000] {dag.py:3047} INFO - Sync 1 DAGs
[2026-04-28T12:51:03.868+0000] {logging_mixin.py:188} INFO - [2026-04-28T12:51:03.868+0000] {dag.py:3834} INFO - Setting next_dagrun for example_python_operator to None, run_after=None
[2026-04-28T12:51:03.896+0000] {processor.py:183} INFO - Processing /home/airflow/.local/lib/python3.8/site-packages/airflow/example_dags/example_python_operator.py took 0.089 seconds
[2026-04-28T12:51:34.847+0000] {processor.py:161} INFO - Started process (PID=4416) to work on /home/airflow/.local/lib/python3.8/site-packages/airflow/example_dags/example_python_operator.py
[2026-04-28T12:51:34.848+0000] {processor.py:830} INFO - Processing file /home/airflow/.local/lib/python3.8/site-packages/airflow/example_dags/example_python_operator.py for tasks to queue
[2026-04-28T12:51:34.850+0000] {logging_mixin.py:188} INFO - [2026-04-28T12:51:34.850+0000] {dagbag.py:540} INFO - Filling up the DagBag from /home/airflow/.local/lib/python3.8/site-packages/airflow/example_dags/example_python_operator.py
[2026-04-28T12:51:34.862+0000] {processor.py:840} INFO - DAG(s) 'example_python_operator' retrieved from /home/airflow/.local/lib/python3.8/site-packages/airflow/example_dags/example_python_operator.py
[2026-04-28T12:51:34.897+0000] {logging_mixin.py:188} INFO - [2026-04-28T12:51:34.897+0000] {dag.py:3047} INFO - Sync 1 DAGs
[2026-04-28T12:51:34.911+0000] {logging_mixin.py:188} INFO - [2026-04-28T12:51:34.911+0000] {dag.py:3834} INFO - Setting next_dagrun for example_python_operator to None, run_after=None
[2026-04-28T12:51:34.928+0000] {processor.py:183} INFO - Processing /home/airflow/.local/lib/python3.8/site-packages/airflow/example_dags/example_python_operator.py took 0.085 seconds
[2026-04-28T12:52:05.578+0000] {processor.py:161} INFO - Started process (PID=4472) to work on /home/airflow/.local/lib/python3.8/site-packages/airflow/example_dags/example_python_operator.py
[2026-04-28T12:52:05.579+0000] {processor.py:830} INFO - Processing file /home/airflow/.local/lib/python3.8/site-packages/airflow/example_dags/example_python_operator.py for tasks to queue
[2026-04-28T12:52:05.581+0000] {logging_mixin.py:188} INFO - [2026-04-28T12:52:05.580+0000] {dagbag.py:540} INFO - Filling up the DagBag from /home/airflow/.local/lib/python3.8/site-packages/airflow/example_dags/example_python_operator.py
[2026-04-28T12:52:05.606+0000] {processor.py:840} INFO - DAG(s) 'example_python_operator' retrieved from /home/airflow/.local/lib/python3.8/site-packages/airflow/example_dags/example_python_operator.py
[2026-04-28T12:52:05.679+0000] {logging_mixin.py:188} INFO - [2026-04-28T12:52:05.679+0000] {dag.py:3047} INFO - Sync 1 DAGs
[2026-04-28T12:52:05.723+0000] {logging_mixin.py:188} INFO - [2026-04-28T12:52:05.718+0000] {dag.py:3834} INFO - Setting next_dagrun for example_python_operator to None, run_after=None
[2026-04-28T12:52:05.757+0000] {processor.py:183} INFO - Processing /home/airflow/.local/lib/python3.8/site-packages/airflow/example_dags/example_python_operator.py took 0.183 seconds
[2026-04-28T12:52:36.535+0000] {processor.py:161} INFO - Started process (PID=4534) to work on /home/airflow/.local/lib/python3.8/site-packages/airflow/example_dags/example_python_operator.py
[2026-04-28T12:52:36.536+0000] {processor.py:830} INFO - Processing file /home/airflow/.local/lib/python3.8/site-packages/airflow/example_dags/example_python_operator.py for tasks to queue
[2026-04-28T12:52:36.538+0000] {logging_mixin.py:188} INFO - [2026-04-28T12:52:36.537+0000] {dagbag.py:540} INFO - Filling up the DagBag from /home/airflow/.local/lib/python3.8/site-packages/airflow/example_dags/example_python_operator.py
[2026-04-28T12:52:36.550+0000] {processor.py:840} INFO - DAG(s) 'example_python_operator' retrieved from /home/airflow/.local/lib/python3.8/site-packages/airflow/example_dags/example_python_operator.py
[2026-04-28T12:52:36.574+0000] {logging_mixin.py:188} INFO - [2026-04-28T12:52:36.574+0000] {dag.py:3047} INFO - Sync 1 DAGs
[2026-04-28T12:52:36.588+0000] {logging_mixin.py:188} INFO - [2026-04-28T12:52:36.588+0000] {dag.py:3834} INFO - Setting next_dagrun for example_python_operator to None, run_after=None
[2026-04-28T12:52:36.605+0000] {processor.py:183} INFO - Processing /home/airflow/.local/lib/python3.8/site-packages/airflow/example_dags/example_python_operator.py took 0.074 seconds
[2026-04-28T12:53:07.589+0000] {processor.py:161} INFO - Started process (PID=4590) to work on /home/airflow/.local/lib/python3.8/site-packages/airflow/example_dags/example_python_operator.py
[2026-04-28T12:53:07.591+0000] {processor.py:830} INFO - Processing file /home/airflow/.local/lib/python3.8/site-packages/airflow/example_dags/example_python_operator.py for tasks to queue
[2026-04-28T12:53:07.593+0000] {logging_mixin.py:188} INFO - [2026-04-28T12:53:07.593+0000] {dagbag.py:540} INFO - Filling up the DagBag from /home/airflow/.local/lib/python3.8/site-packages/airflow/example_dags/example_python_operator.py
[2026-04-28T12:53:07.605+0000] {processor.py:840} INFO - DAG(s) 'example_python_operator' retrieved from /home/airflow/.local/lib/python3.8/site-packages/airflow/example_dags/example_python_operator.py
[2026-04-28T12:53:07.630+0000] {logging_mixin.py:188} INFO - [2026-04-28T12:53:07.630+0000] {dag.py:3047} INFO - Sync 1 DAGs
[2026-04-28T12:53:07.644+0000] {logging_mixin.py:188} INFO - [2026-04-28T12:53:07.643+0000] {dag.py:3834} INFO - Setting next_dagrun for example_python_operator to None, run_after=None
[2026-04-28T12:53:07.662+0000] {processor.py:183} INFO - Processing /home/airflow/.local/lib/python3.8/site-packages/airflow/example_dags/example_python_operator.py took 0.077 seconds
[2026-04-28T12:53:39.017+0000] {processor.py:161} INFO - Started process (PID=4646) to work on /home/airflow/.local/lib/python3.8/site-packages/airflow/example_dags/example_python_operator.py
[2026-04-28T12:53:39.020+0000] {processor.py:830} INFO - Processing file /home/airflow/.local/lib/python3.8/site-packages/airflow/example_dags/example_python_operator.py for tasks to queue
[2026-04-28T12:53:39.024+0000] {logging_mixin.py:188} INFO - [2026-04-28T12:53:39.024+0000] {dagbag.py:540} INFO - Filling up the DagBag from /home/airflow/.local/lib/python3.8/site-packages/airflow/example_dags/example_python_operator.py
[2026-04-28T12:53:39.049+0000] {processor.py:840} INFO - DAG(s) 'example_python_operator' retrieved from /home/airflow/.local/lib/python3.8/site-packages/airflow/example_dags/example_python_operator.py
[2026-04-28T12:53:39.097+0000] {logging_mixin.py:188} INFO - [2026-04-28T12:53:39.097+0000] {dag.py:3047} INFO - Sync 1 DAGs
[2026-04-28T12:53:39.111+0000] {logging_mixin.py:188} INFO - [2026-04-28T12:53:39.111+0000] {dag.py:3834} INFO - Setting next_dagrun for example_python_operator to None, run_after=None
[2026-04-28T12:53:39.138+0000] {processor.py:183} INFO - Processing /home/airflow/.local/lib/python3.8/site-packages/airflow/example_dags/example_python_operator.py took 0.130 seconds
[2026-04-28T12:54:09.814+0000] {processor.py:161} INFO - Started process (PID=4702) to work on /home/airflow/.local/lib/python3.8/site-packages/airflow/example_dags/example_python_operator.py
[2026-04-28T12:54:09.815+0000] {processor.py:830} INFO - Processing file /home/airflow/.local/lib/python3.8/site-packages/airflow/example_dags/example_python_operator.py for tasks to queue
[2026-04-28T12:54:09.817+0000] {logging_mixin.py:188} INFO - [2026-04-28T12:54:09.817+0000] {dagbag.py:540} INFO - Filling up the DagBag from /home/airflow/.local/lib/python3.8/site-packages/airflow/example_dags/example_python_operator.py
[2026-04-28T12:54:09.828+0000] {processor.py:840} INFO - DAG(s) 'example_python_operator' retrieved from /home/airflow/.local/lib/python3.8/site-packages/airflow/example_dags/example_python_operator.py
[2026-04-28T12:54:09.852+0000] {logging_mixin.py:188} INFO - [2026-04-28T12:54:09.851+0000] {dag.py:3047} INFO - Sync 1 DAGs
[2026-04-28T12:54:09.866+0000] {logging_mixin.py:188} INFO - [2026-04-28T12:54:09.866+0000] {dag.py:3834} INFO - Setting next_dagrun for example_python_operator to None, run_after=None
[2026-04-28T12:54:09.883+0000] {processor.py:183} INFO - Processing /home/airflow/.local/lib/python3.8/site-packages/airflow/example_dags/example_python_operator.py took 0.073 seconds
[2026-04-28T12:54:39.991+0000] {processor.py:161} INFO - Started process (PID=4758) to work on /home/airflow/.local/lib/python3.8/site-packages/airflow/example_dags/example_python_operator.py
[2026-04-28T12:54:39.992+0000] {processor.py:830} INFO - Processing file /home/airflow/.local/lib/python3.8/site-packages/airflow/example_dags/example_python_operator.py for tasks to queue
[2026-04-28T12:54:39.994+0000] {logging_mixin.py:188} INFO - [2026-04-28T12:54:39.994+0000] {dagbag.py:540} INFO - Filling up the DagBag from /home/airflow/.local/lib/python3.8/site-packages/airflow/example_dags/example_python_operator.py
[2026-04-28T12:54:40.006+0000] {processor.py:840} INFO - DAG(s) 'example_python_operator' retrieved from /home/airflow/.local/lib/python3.8/site-packages/airflow/example_dags/example_python_operator.py
[2026-04-28T12:54:40.029+0000] {logging_mixin.py:188} INFO - [2026-04-28T12:54:40.029+0000] {dag.py:3047} INFO - Sync 1 DAGs
[2026-04-28T12:54:40.042+0000] {logging_mixin.py:188} INFO - [2026-04-28T12:54:40.042+0000] {dag.py:3834} INFO - Setting next_dagrun for example_python_operator to None, run_after=None
[2026-04-28T12:54:40.060+0000] {processor.py:183} INFO - Processing /home/airflow/.local/lib/python3.8/site-packages/airflow/example_dags/example_python_operator.py took 0.073 seconds
[2026-04-28T12:55:10.385+0000] {processor.py:161} INFO - Started process (PID=4814) to work on /home/airflow/.local/lib/python3.8/site-packages/airflow/example_dags/example_python_operator.py
[2026-04-28T12:55:10.386+0000] {processor.py:830} INFO - Processing file /home/airflow/.local/lib/python3.8/site-packages/airflow/example_dags/example_python_operator.py for tasks to queue
[2026-04-28T12:55:10.388+0000] {logging_mixin.py:188} INFO - [2026-04-28T12:55:10.388+0000] {dagbag.py:540} INFO - Filling up the DagBag from /home/airflow/.local/lib/python3.8/site-packages/airflow/example_dags/example_python_operator.py
[2026-04-28T12:55:10.400+0000] {processor.py:840} INFO - DAG(s) 'example_python_operator' retrieved from /home/airflow/.local/lib/python3.8/site-packages/airflow/example_dags/example_python_operator.py
[2026-04-28T12:55:10.423+0000] {logging_mixin.py:188} INFO - [2026-04-28T12:55:10.423+0000] {dag.py:3047} INFO - Sync 1 DAGs
[2026-04-28T12:55:10.437+0000] {logging_mixin.py:188} INFO - [2026-04-28T12:55:10.437+0000] {dag.py:3834} INFO - Setting next_dagrun for example_python_operator to None, run_after=None
[2026-04-28T12:55:10.458+0000] {processor.py:183} INFO - Processing /home/airflow/.local/lib/python3.8/site-packages/airflow/example_dags/example_python_operator.py took 0.076 seconds
[2026-04-28T12:55:41.421+0000] {processor.py:161} INFO - Started process (PID=4871) to work on /home/airflow/.local/lib/python3.8/site-packages/airflow/example_dags/example_python_operator.py
[2026-04-28T12:55:41.422+0000] {processor.py:830} INFO - Processing file /home/airflow/.local/lib/python3.8/site-packages/airflow/example_dags/example_python_operator.py for tasks to queue
[2026-04-28T12:55:41.424+0000] {logging_mixin.py:188} INFO - [2026-04-28T12:55:41.424+0000] {dagbag.py:540} INFO - Filling up the DagBag from /home/airflow/.local/lib/python3.8/site-packages/airflow/example_dags/example_python_operator.py
[2026-04-28T12:55:41.437+0000] {processor.py:840} INFO - DAG(s) 'example_python_operator' retrieved from /home/airflow/.local/lib/python3.8/site-packages/airflow/example_dags/example_python_operator.py
[2026-04-28T12:55:41.463+0000] {logging_mixin.py:188} INFO - [2026-04-28T12:55:41.462+0000] {dag.py:3047} INFO - Sync 1 DAGs
[2026-04-28T12:55:41.478+0000] {logging_mixin.py:188} INFO - [2026-04-28T12:55:41.477+0000] {dag.py:3834} INFO - Setting next_dagrun for example_python_operator to None, run_after=None
[2026-04-28T12:55:41.496+0000] {processor.py:183} INFO - Processing /home/airflow/.local/lib/python3.8/site-packages/airflow/example_dags/example_python_operator.py took 0.080 seconds
[2026-04-28T12:56:11.546+0000] {processor.py:161} INFO - Started process (PID=4926) to work on /home/airflow/.local/lib/python3.8/site-packages/airflow/example_dags/example_python_operator.py
[2026-04-28T12:56:11.547+0000] {processor.py:830} INFO - Processing file /home/airflow/.local/lib/python3.8/site-packages/airflow/example_dags/example_python_operator.py for tasks to queue
[2026-04-28T12:56:11.549+0000] {logging_mixin.py:188} INFO - [2026-04-28T12:56:11.548+0000] {dagbag.py:540} INFO - Filling up the DagBag from /home/airflow/.local/lib/python3.8/site-packages/airflow/example_dags/example_python_operator.py
[2026-04-28T12:56:11.561+0000] {processor.py:840} INFO - DAG(s) 'example_python_operator' retrieved from /home/airflow/.local/lib/python3.8/site-packages/airflow/example_dags/example_python_operator.py
[2026-04-28T12:56:11.585+0000] {logging_mixin.py:188} INFO - [2026-04-28T12:56:11.585+0000] {dag.py:3047} INFO - Sync 1 DAGs
[2026-04-28T12:56:11.598+0000] {logging_mixin.py:188} INFO - [2026-04-28T12:56:11.598+0000] {dag.py:3834} INFO - Setting next_dagrun for example_python_operator to None, run_after=None
[2026-04-28T12:56:11.616+0000] {processor.py:183} INFO - Processing /home/airflow/.local/lib/python3.8/site-packages/airflow/example_dags/example_python_operator.py took 0.074 seconds
[2026-04-28T12:56:41.971+0000] {processor.py:161} INFO - Started process (PID=4982) to work on /home/airflow/.local/lib/python3.8/site-packages/airflow/example_dags/example_python_operator.py
[2026-04-28T12:56:41.972+0000] {processor.py:830} INFO - Processing file /home/airflow/.local/lib/python3.8/site-packages/airflow/example_dags/example_python_operator.py for tasks to queue
[2026-04-28T12:56:41.974+0000] {logging_mixin.py:188} INFO - [2026-04-28T12:56:41.973+0000] {dagbag.py:540} INFO - Filling up the DagBag from /home/airflow/.local/lib/python3.8/site-packages/airflow/example_dags/example_python_operator.py
[2026-04-28T12:56:41.986+0000] {processor.py:840} INFO - DAG(s) 'example_python_operator' retrieved from /home/airflow/.local/lib/python3.8/site-packages/airflow/example_dags/example_python_operator.py
[2026-04-28T12:56:42.011+0000] {logging_mixin.py:188} INFO - [2026-04-28T12:56:42.011+0000] {dag.py:3047} INFO - Sync 1 DAGs
[2026-04-28T12:56:42.023+0000] {logging_mixin.py:188} INFO - [2026-04-28T12:56:42.023+0000] {dag.py:3834} INFO - Setting next_dagrun for example_python_operator to None, run_after=None
[2026-04-28T12:56:42.040+0000] {processor.py:183} INFO - Processing /home/airflow/.local/lib/python3.8/site-packages/airflow/example_dags/example_python_operator.py took 0.073 seconds
[2026-04-28T12:57:13.058+0000] {processor.py:161} INFO - Started process (PID=5038) to work on /home/airflow/.local/lib/python3.8/site-packages/airflow/example_dags/example_python_operator.py
[2026-04-28T12:57:13.059+0000] {processor.py:830} INFO - Processing file /home/airflow/.local/lib/python3.8/site-packages/airflow/example_dags/example_python_operator.py for tasks to queue
[2026-04-28T12:57:13.061+0000] {logging_mixin.py:188} INFO - [2026-04-28T12:57:13.061+0000] {dagbag.py:540} INFO - Filling up the DagBag from /home/airflow/.local/lib/python3.8/site-packages/airflow/example_dags/example_python_operator.py
[2026-04-28T12:57:13.073+0000] {processor.py:840} INFO - DAG(s) 'example_python_operator' retrieved from /home/airflow/.local/lib/python3.8/site-packages/airflow/example_dags/example_python_operator.py
[2026-04-28T12:57:13.098+0000] {logging_mixin.py:188} INFO - [2026-04-28T12:57:13.098+0000] {dag.py:3047} INFO - Sync 1 DAGs
[2026-04-28T12:57:13.127+0000] {logging_mixin.py:188} INFO - [2026-04-28T12:57:13.126+0000] {dag.py:3834} INFO - Setting next_dagrun for example_python_operator to None, run_after=None
[2026-04-28T12:57:13.161+0000] {processor.py:183} INFO - Processing /home/airflow/.local/lib/python3.8/site-packages/airflow/example_dags/example_python_operator.py took 0.107 seconds
[2026-04-28T12:57:43.769+0000] {processor.py:161} INFO - Started process (PID=5094) to work on /home/airflow/.local/lib/python3.8/site-packages/airflow/example_dags/example_python_operator.py
[2026-04-28T12:57:43.772+0000] {processor.py:830} INFO - Processing file /home/airflow/.local/lib/python3.8/site-packages/airflow/example_dags/example_python_operator.py for tasks to queue
[2026-04-28T12:57:43.774+0000] {logging_mixin.py:188} INFO - [2026-04-28T12:57:43.774+0000] {dagbag.py:540} INFO - Filling up the DagBag from /home/airflow/.local/lib/python3.8/site-packages/airflow/example_dags/example_python_operator.py
[2026-04-28T12:57:43.798+0000] {processor.py:840} INFO - DAG(s) 'example_python_operator' retrieved from /home/airflow/.local/lib/python3.8/site-packages/airflow/example_dags/example_python_operator.py
[2026-04-28T12:57:43.852+0000] {logging_mixin.py:188} INFO - [2026-04-28T12:57:43.852+0000] {dag.py:3047} INFO - Sync 1 DAGs
[2026-04-28T12:57:43.884+0000] {logging_mixin.py:188} INFO - [2026-04-28T12:57:43.884+0000] {dag.py:3834} INFO - Setting next_dagrun for example_python_operator to None, run_after=None
[2026-04-28T12:57:43.917+0000] {processor.py:183} INFO - Processing /home/airflow/.local/lib/python3.8/site-packages/airflow/example_dags/example_python_operator.py took 0.157 seconds
[2026-04-28T12:58:14.006+0000] {processor.py:161} INFO - Started process (PID=5149) to work on /home/airflow/.local/lib/python3.8/site-packages/airflow/example_dags/example_python_operator.py
[2026-04-28T12:58:14.007+0000] {processor.py:830} INFO - Processing file /home/airflow/.local/lib/python3.8/site-packages/airflow/example_dags/example_python_operator.py for tasks to queue
[2026-04-28T12:58:14.008+0000] {logging_mixin.py:188} INFO - [2026-04-28T12:58:14.008+0000] {dagbag.py:540} INFO - Filling up the DagBag from /home/airflow/.local/lib/python3.8/site-packages/airflow/example_dags/example_python_operator.py
[2026-04-28T12:58:14.017+0000] {processor.py:840} INFO - DAG(s) 'example_python_operator' retrieved from /home/airflow/.local/lib/python3.8/site-packages/airflow/example_dags/example_python_operator.py
[2026-04-28T12:58:14.034+0000] {logging_mixin.py:188} INFO - [2026-04-28T12:58:14.034+0000] {dag.py:3047} INFO - Sync 1 DAGs
[2026-04-28T12:58:14.044+0000] {logging_mixin.py:188} INFO - [2026-04-28T12:58:14.043+0000] {dag.py:3834} INFO - Setting next_dagrun for example_python_operator to None, run_after=None
[2026-04-28T12:58:14.057+0000] {processor.py:183} INFO - Processing /home/airflow/.local/lib/python3.8/site-packages/airflow/example_dags/example_python_operator.py took 0.053 seconds
[2026-04-28T12:58:44.334+0000] {processor.py:161} INFO - Started process (PID=5205) to work on /home/airflow/.local/lib/python3.8/site-packages/airflow/example_dags/example_python_operator.py
[2026-04-28T12:58:44.334+0000] {processor.py:830} INFO - Processing file /home/airflow/.local/lib/python3.8/site-packages/airflow/example_dags/example_python_operator.py for tasks to queue
[2026-04-28T12:58:44.337+0000] {logging_mixin.py:188} INFO - [2026-04-28T12:58:44.336+0000] {dagbag.py:540} INFO - Filling up the DagBag from /home/airflow/.local/lib/python3.8/site-packages/airflow/example_dags/example_python_operator.py
[2026-04-28T12:58:44.349+0000] {processor.py:840} INFO - DAG(s) 'example_python_operator' retrieved from /home/airflow/.local/lib/python3.8/site-packages/airflow/example_dags/example_python_operator.py
[2026-04-28T12:58:44.380+0000] {logging_mixin.py:188} INFO - [2026-04-28T12:58:44.380+0000] {dag.py:3047} INFO - Sync 1 DAGs
[2026-04-28T12:58:44.391+0000] {logging_mixin.py:188} INFO - [2026-04-28T12:58:44.391+0000] {dag.py:3834} INFO - Setting next_dagrun for example_python_operator to None, run_after=None
[2026-04-28T12:58:44.404+0000] {processor.py:183} INFO - Processing /home/airflow/.local/lib/python3.8/site-packages/airflow/example_dags/example_python_operator.py took 0.074 seconds
[2026-04-28T12:59:15.322+0000] {processor.py:161} INFO - Started process (PID=5261) to work on /home/airflow/.local/lib/python3.8/site-packages/airflow/example_dags/example_python_operator.py
[2026-04-28T12:59:15.323+0000] {processor.py:830} INFO - Processing file /home/airflow/.local/lib/python3.8/site-packages/airflow/example_dags/example_python_operator.py for tasks to queue
[2026-04-28T12:59:15.325+0000] {logging_mixin.py:188} INFO - [2026-04-28T12:59:15.325+0000] {dagbag.py:540} INFO - Filling up the DagBag from /home/airflow/.local/lib/python3.8/site-packages/airflow/example_dags/example_python_operator.py
[2026-04-28T12:59:15.337+0000] {processor.py:840} INFO - DAG(s) 'example_python_operator' retrieved from /home/airflow/.local/lib/python3.8/site-packages/airflow/example_dags/example_python_operator.py
[2026-04-28T12:59:15.362+0000] {logging_mixin.py:188} INFO - [2026-04-28T12:59:15.362+0000] {dag.py:3047} INFO - Sync 1 DAGs
[2026-04-28T12:59:15.376+0000] {logging_mixin.py:188} INFO - [2026-04-28T12:59:15.376+0000] {dag.py:3834} INFO - Setting next_dagrun for example_python_operator to None, run_after=None
[2026-04-28T12:59:15.395+0000] {processor.py:183} INFO - Processing /home/airflow/.local/lib/python3.8/site-packages/airflow/example_dags/example_python_operator.py took 0.077 seconds
[2026-04-28T12:59:45.789+0000] {processor.py:161} INFO - Started process (PID=5317) to work on /home/airflow/.local/lib/python3.8/site-packages/airflow/example_dags/example_python_operator.py
[2026-04-28T12:59:45.790+0000] {processor.py:830} INFO - Processing file /home/airflow/.local/lib/python3.8/site-packages/airflow/example_dags/example_python_operator.py for tasks to queue
[2026-04-28T12:59:45.792+0000] {logging_mixin.py:188} INFO - [2026-04-28T12:59:45.792+0000] {dagbag.py:540} INFO - Filling up the DagBag from /home/airflow/.local/lib/python3.8/site-packages/airflow/example_dags/example_python_operator.py
[2026-04-28T12:59:45.804+0000] {processor.py:840} INFO - DAG(s) 'example_python_operator' retrieved from /home/airflow/.local/lib/python3.8/site-packages/airflow/example_dags/example_python_operator.py
[2026-04-28T12:59:45.830+0000] {logging_mixin.py:188} INFO - [2026-04-28T12:59:45.830+0000] {dag.py:3047} INFO - Sync 1 DAGs
[2026-04-28T12:59:45.843+0000] {logging_mixin.py:188} INFO - [2026-04-28T12:59:45.842+0000] {dag.py:3834} INFO - Setting next_dagrun for example_python_operator to None, run_after=None
[2026-04-28T12:59:45.856+0000] {processor.py:183} INFO - Processing /home/airflow/.local/lib/python3.8/site-packages/airflow/example_dags/example_python_operator.py took 0.070 seconds
[2026-04-28T13:00:16.328+0000] {processor.py:161} INFO - Started process (PID=5373) to work on /home/airflow/.local/lib/python3.8/site-packages/airflow/example_dags/example_python_operator.py
[2026-04-28T13:00:16.329+0000] {processor.py:830} INFO - Processing file /home/airflow/.local/lib/python3.8/site-packages/airflow/example_dags/example_python_operator.py for tasks to queue
[2026-04-28T13:00:16.331+0000] {logging_mixin.py:188} INFO - [2026-04-28T13:00:16.331+0000] {dagbag.py:540} INFO - Filling up the DagBag from /home/airflow/.local/lib/python3.8/site-packages/airflow/example_dags/example_python_operator.py
[2026-04-28T13:00:16.344+0000] {processor.py:840} INFO - DAG(s) 'example_python_operator' retrieved from /home/airflow/.local/lib/python3.8/site-packages/airflow/example_dags/example_python_operator.py
[2026-04-28T13:00:16.368+0000] {logging_mixin.py:188} INFO - [2026-04-28T13:00:16.367+0000] {dag.py:3047} INFO - Sync 1 DAGs
[2026-04-28T13:00:16.379+0000] {logging_mixin.py:188} INFO - [2026-04-28T13:00:16.379+0000] {dag.py:3834} INFO - Setting next_dagrun for example_python_operator to None, run_after=None
[2026-04-28T13:00:16.392+0000] {processor.py:183} INFO - Processing /home/airflow/.local/lib/python3.8/site-packages/airflow/example_dags/example_python_operator.py took 0.068 seconds
[2026-04-28T13:00:47.105+0000] {processor.py:161} INFO - Started process (PID=5428) to work on /home/airflow/.local/lib/python3.8/site-packages/airflow/example_dags/example_python_operator.py
[2026-04-28T13:00:47.106+0000] {processor.py:830} INFO - Processing file /home/airflow/.local/lib/python3.8/site-packages/airflow/example_dags/example_python_operator.py for tasks to queue
[2026-04-28T13:00:47.108+0000] {logging_mixin.py:188} INFO - [2026-04-28T13:00:47.107+0000] {dagbag.py:540} INFO - Filling up the DagBag from /home/airflow/.local/lib/python3.8/site-packages/airflow/example_dags/example_python_operator.py
[2026-04-28T13:00:47.120+0000] {processor.py:840} INFO - DAG(s) 'example_python_operator' retrieved from /home/airflow/.local/lib/python3.8/site-packages/airflow/example_dags/example_python_operator.py
[2026-04-28T13:00:47.142+0000] {logging_mixin.py:188} INFO - [2026-04-28T13:00:47.142+0000] {dag.py:3047} INFO - Sync 1 DAGs
[2026-04-28T13:00:47.151+0000] {logging_mixin.py:188} INFO - [2026-04-28T13:00:47.151+0000] {dag.py:3834} INFO - Setting next_dagrun for example_python_operator to None, run_after=None
[2026-04-28T13:00:47.164+0000] {processor.py:183} INFO - Processing /home/airflow/.local/lib/python3.8/site-packages/airflow/example_dags/example_python_operator.py took 0.063 seconds
[2026-04-28T13:01:17.313+0000] {processor.py:161} INFO - Started process (PID=5484) to work on /home/airflow/.local/lib/python3.8/site-packages/airflow/example_dags/example_python_operator.py
[2026-04-28T13:01:17.314+0000] {processor.py:830} INFO - Processing file /home/airflow/.local/lib/python3.8/site-packages/airflow/example_dags/example_python_operator.py for tasks to queue
[2026-04-28T13:01:17.316+0000] {logging_mixin.py:188} INFO - [2026-04-28T13:01:17.316+0000] {dagbag.py:540} INFO - Filling up the DagBag from /home/airflow/.local/lib/python3.8/site-packages/airflow/example_dags/example_python_operator.py
[2026-04-28T13:01:17.329+0000] {processor.py:840} INFO - DAG(s) 'example_python_operator' retrieved from /home/airflow/.local/lib/python3.8/site-packages/airflow/example_dags/example_python_operator.py
[2026-04-28T13:01:17.355+0000] {logging_mixin.py:188} INFO - [2026-04-28T13:01:17.355+0000] {dag.py:3047} INFO - Sync 1 DAGs
[2026-04-28T13:01:17.368+0000] {logging_mixin.py:188} INFO - [2026-04-28T13:01:17.368+0000] {dag.py:3834} INFO - Setting next_dagrun for example_python_operator to None, run_after=None
[2026-04-28T13:01:17.383+0000] {processor.py:183} INFO - Processing /home/airflow/.local/lib/python3.8/site-packages/airflow/example_dags/example_python_operator.py took 0.073 seconds
[2026-04-28T13:01:47.544+0000] {processor.py:161} INFO - Started process (PID=5540) to work on /home/airflow/.local/lib/python3.8/site-packages/airflow/example_dags/example_python_operator.py
[2026-04-28T13:01:47.545+0000] {processor.py:830} INFO - Processing file /home/airflow/.local/lib/python3.8/site-packages/airflow/example_dags/example_python_operator.py for tasks to queue
[2026-04-28T13:01:47.547+0000] {logging_mixin.py:188} INFO - [2026-04-28T13:01:47.547+0000] {dagbag.py:540} INFO - Filling up the DagBag from /home/airflow/.local/lib/python3.8/site-packages/airflow/example_dags/example_python_operator.py
[2026-04-28T13:01:47.560+0000] {processor.py:840} INFO - DAG(s) 'example_python_operator' retrieved from /home/airflow/.local/lib/python3.8/site-packages/airflow/example_dags/example_python_operator.py
[2026-04-28T13:01:47.597+0000] {logging_mixin.py:188} INFO - [2026-04-28T13:01:47.597+0000] {dag.py:3047} INFO - Sync 1 DAGs
[2026-04-28T13:01:47.610+0000] {logging_mixin.py:188} INFO - [2026-04-28T13:01:47.609+0000] {dag.py:3834} INFO - Setting next_dagrun for example_python_operator to None, run_after=None
[2026-04-28T13:01:47.624+0000] {processor.py:183} INFO - Processing /home/airflow/.local/lib/python3.8/site-packages/airflow/example_dags/example_python_operator.py took 0.084 seconds
[2026-04-28T13:02:17.930+0000] {processor.py:161} INFO - Started process (PID=5596) to work on /home/airflow/.local/lib/python3.8/site-packages/airflow/example_dags/example_python_operator.py
[2026-04-28T13:02:17.931+0000] {processor.py:830} INFO - Processing file /home/airflow/.local/lib/python3.8/site-packages/airflow/example_dags/example_python_operator.py for tasks to queue
[2026-04-28T13:02:17.933+0000] {logging_mixin.py:188} INFO - [2026-04-28T13:02:17.932+0000] {dagbag.py:540} INFO - Filling up the DagBag from /home/airflow/.local/lib/python3.8/site-packages/airflow/example_dags/example_python_operator.py
[2026-04-28T13:02:17.945+0000] {processor.py:840} INFO - DAG(s) 'example_python_operator' retrieved from /home/airflow/.local/lib/python3.8/site-packages/airflow/example_dags/example_python_operator.py
[2026-04-28T13:02:17.968+0000] {logging_mixin.py:188} INFO - [2026-04-28T13:02:17.968+0000] {dag.py:3047} INFO - Sync 1 DAGs
[2026-04-28T13:02:17.977+0000] {logging_mixin.py:188} INFO - [2026-04-28T13:02:17.977+0000] {dag.py:3834} INFO - Setting next_dagrun for example_python_operator to None, run_after=None
[2026-04-28T13:02:17.990+0000] {processor.py:183} INFO - Processing /home/airflow/.local/lib/python3.8/site-packages/airflow/example_dags/example_python_operator.py took 0.064 seconds
