[2026-04-28T12:11:52.936+0000] {processor.py:161} INFO - Started process (PID=84) to work on /home/airflow/.local/lib/python3.8/site-packages/airflow/example_dags/example_local_kubernetes_executor.py
[2026-04-28T12:11:52.940+0000] {processor.py:830} INFO - Processing file /home/airflow/.local/lib/python3.8/site-packages/airflow/example_dags/example_local_kubernetes_executor.py for tasks to queue
[2026-04-28T12:11:52.947+0000] {logging_mixin.py:188} INFO - [2026-04-28T12:11:52.945+0000] {dagbag.py:540} INFO - Filling up the DagBag from /home/airflow/.local/lib/python3.8/site-packages/airflow/example_dags/example_local_kubernetes_executor.py
[2026-04-28T12:11:52.971+0000] {processor.py:840} INFO - DAG(s) 'example_local_kubernetes_executor' retrieved from /home/airflow/.local/lib/python3.8/site-packages/airflow/example_dags/example_local_kubernetes_executor.py
[2026-04-28T12:11:53.169+0000] {logging_mixin.py:188} INFO - [2026-04-28T12:11:53.168+0000] {dag.py:3047} INFO - Sync 1 DAGs
[2026-04-28T12:11:53.189+0000] {logging_mixin.py:188} INFO - [2026-04-28T12:11:53.189+0000] {dag.py:3834} INFO - Setting next_dagrun for example_local_kubernetes_executor to None, run_after=None
[2026-04-28T12:11:53.218+0000] {processor.py:183} INFO - Processing /home/airflow/.local/lib/python3.8/site-packages/airflow/example_dags/example_local_kubernetes_executor.py took 0.290 seconds
[2026-04-28T12:12:23.869+0000] {processor.py:161} INFO - Started process (PID=139) to work on /home/airflow/.local/lib/python3.8/site-packages/airflow/example_dags/example_local_kubernetes_executor.py
[2026-04-28T12:12:23.871+0000] {processor.py:830} INFO - Processing file /home/airflow/.local/lib/python3.8/site-packages/airflow/example_dags/example_local_kubernetes_executor.py for tasks to queue
[2026-04-28T12:12:23.875+0000] {logging_mixin.py:188} INFO - [2026-04-28T12:12:23.875+0000] {dagbag.py:540} INFO - Filling up the DagBag from /home/airflow/.local/lib/python3.8/site-packages/airflow/example_dags/example_local_kubernetes_executor.py
[2026-04-28T12:12:23.891+0000] {processor.py:840} INFO - DAG(s) 'example_local_kubernetes_executor' retrieved from /home/airflow/.local/lib/python3.8/site-packages/airflow/example_dags/example_local_kubernetes_executor.py
[2026-04-28T12:12:23.937+0000] {logging_mixin.py:188} INFO - [2026-04-28T12:12:23.936+0000] {dag.py:3047} INFO - Sync 1 DAGs
[2026-04-28T12:12:23.952+0000] {logging_mixin.py:188} INFO - [2026-04-28T12:12:23.952+0000] {dag.py:3834} INFO - Setting next_dagrun for example_local_kubernetes_executor to None, run_after=None
[2026-04-28T12:12:23.979+0000] {processor.py:183} INFO - Processing /home/airflow/.local/lib/python3.8/site-packages/airflow/example_dags/example_local_kubernetes_executor.py took 0.114 seconds
[2026-04-28T12:12:54.061+0000] {processor.py:161} INFO - Started process (PID=194) to work on /home/airflow/.local/lib/python3.8/site-packages/airflow/example_dags/example_local_kubernetes_executor.py
[2026-04-28T12:12:54.062+0000] {processor.py:830} INFO - Processing file /home/airflow/.local/lib/python3.8/site-packages/airflow/example_dags/example_local_kubernetes_executor.py for tasks to queue
[2026-04-28T12:12:54.064+0000] {logging_mixin.py:188} INFO - [2026-04-28T12:12:54.063+0000] {dagbag.py:540} INFO - Filling up the DagBag from /home/airflow/.local/lib/python3.8/site-packages/airflow/example_dags/example_local_kubernetes_executor.py
[2026-04-28T12:12:54.070+0000] {processor.py:840} INFO - DAG(s) 'example_local_kubernetes_executor' retrieved from /home/airflow/.local/lib/python3.8/site-packages/airflow/example_dags/example_local_kubernetes_executor.py
[2026-04-28T12:12:54.097+0000] {logging_mixin.py:188} INFO - [2026-04-28T12:12:54.096+0000] {dag.py:3047} INFO - Sync 1 DAGs
[2026-04-28T12:12:54.106+0000] {logging_mixin.py:188} INFO - [2026-04-28T12:12:54.106+0000] {dag.py:3834} INFO - Setting next_dagrun for example_local_kubernetes_executor to None, run_after=None
[2026-04-28T12:12:54.120+0000] {processor.py:183} INFO - Processing /home/airflow/.local/lib/python3.8/site-packages/airflow/example_dags/example_local_kubernetes_executor.py took 0.061 seconds
[2026-04-28T12:13:24.571+0000] {processor.py:161} INFO - Started process (PID=249) to work on /home/airflow/.local/lib/python3.8/site-packages/airflow/example_dags/example_local_kubernetes_executor.py
[2026-04-28T12:13:24.572+0000] {processor.py:830} INFO - Processing file /home/airflow/.local/lib/python3.8/site-packages/airflow/example_dags/example_local_kubernetes_executor.py for tasks to queue
[2026-04-28T12:13:24.573+0000] {logging_mixin.py:188} INFO - [2026-04-28T12:13:24.573+0000] {dagbag.py:540} INFO - Filling up the DagBag from /home/airflow/.local/lib/python3.8/site-packages/airflow/example_dags/example_local_kubernetes_executor.py
[2026-04-28T12:13:24.579+0000] {processor.py:840} INFO - DAG(s) 'example_local_kubernetes_executor' retrieved from /home/airflow/.local/lib/python3.8/site-packages/airflow/example_dags/example_local_kubernetes_executor.py
[2026-04-28T12:13:24.607+0000] {logging_mixin.py:188} INFO - [2026-04-28T12:13:24.607+0000] {dag.py:3047} INFO - Sync 1 DAGs
[2026-04-28T12:13:24.616+0000] {logging_mixin.py:188} INFO - [2026-04-28T12:13:24.616+0000] {dag.py:3834} INFO - Setting next_dagrun for example_local_kubernetes_executor to None, run_after=None
[2026-04-28T12:13:24.630+0000] {processor.py:183} INFO - Processing /home/airflow/.local/lib/python3.8/site-packages/airflow/example_dags/example_local_kubernetes_executor.py took 0.062 seconds
[2026-04-28T12:13:55.019+0000] {processor.py:161} INFO - Started process (PID=304) to work on /home/airflow/.local/lib/python3.8/site-packages/airflow/example_dags/example_local_kubernetes_executor.py
[2026-04-28T12:13:55.020+0000] {processor.py:830} INFO - Processing file /home/airflow/.local/lib/python3.8/site-packages/airflow/example_dags/example_local_kubernetes_executor.py for tasks to queue
[2026-04-28T12:13:55.021+0000] {logging_mixin.py:188} INFO - [2026-04-28T12:13:55.021+0000] {dagbag.py:540} INFO - Filling up the DagBag from /home/airflow/.local/lib/python3.8/site-packages/airflow/example_dags/example_local_kubernetes_executor.py
[2026-04-28T12:13:55.028+0000] {processor.py:840} INFO - DAG(s) 'example_local_kubernetes_executor' retrieved from /home/airflow/.local/lib/python3.8/site-packages/airflow/example_dags/example_local_kubernetes_executor.py
[2026-04-28T12:13:55.065+0000] {logging_mixin.py:188} INFO - [2026-04-28T12:13:55.065+0000] {dag.py:3047} INFO - Sync 1 DAGs
[2026-04-28T12:13:55.078+0000] {logging_mixin.py:188} INFO - [2026-04-28T12:13:55.078+0000] {dag.py:3834} INFO - Setting next_dagrun for example_local_kubernetes_executor to None, run_after=None
[2026-04-28T12:13:55.095+0000] {processor.py:183} INFO - Processing /home/airflow/.local/lib/python3.8/site-packages/airflow/example_dags/example_local_kubernetes_executor.py took 0.079 seconds
[2026-04-28T12:14:25.549+0000] {processor.py:161} INFO - Started process (PID=359) to work on /home/airflow/.local/lib/python3.8/site-packages/airflow/example_dags/example_local_kubernetes_executor.py
[2026-04-28T12:14:25.550+0000] {processor.py:830} INFO - Processing file /home/airflow/.local/lib/python3.8/site-packages/airflow/example_dags/example_local_kubernetes_executor.py for tasks to queue
[2026-04-28T12:14:25.552+0000] {logging_mixin.py:188} INFO - [2026-04-28T12:14:25.551+0000] {dagbag.py:540} INFO - Filling up the DagBag from /home/airflow/.local/lib/python3.8/site-packages/airflow/example_dags/example_local_kubernetes_executor.py
[2026-04-28T12:14:25.559+0000] {processor.py:840} INFO - DAG(s) 'example_local_kubernetes_executor' retrieved from /home/airflow/.local/lib/python3.8/site-packages/airflow/example_dags/example_local_kubernetes_executor.py
[2026-04-28T12:14:25.585+0000] {logging_mixin.py:188} INFO - [2026-04-28T12:14:25.585+0000] {dag.py:3047} INFO - Sync 1 DAGs
[2026-04-28T12:14:25.595+0000] {logging_mixin.py:188} INFO - [2026-04-28T12:14:25.595+0000] {dag.py:3834} INFO - Setting next_dagrun for example_local_kubernetes_executor to None, run_after=None
[2026-04-28T12:14:25.608+0000] {processor.py:183} INFO - Processing /home/airflow/.local/lib/python3.8/site-packages/airflow/example_dags/example_local_kubernetes_executor.py took 0.062 seconds
[2026-04-28T12:14:56.305+0000] {processor.py:161} INFO - Started process (PID=414) to work on /home/airflow/.local/lib/python3.8/site-packages/airflow/example_dags/example_local_kubernetes_executor.py
[2026-04-28T12:14:56.306+0000] {processor.py:830} INFO - Processing file /home/airflow/.local/lib/python3.8/site-packages/airflow/example_dags/example_local_kubernetes_executor.py for tasks to queue
[2026-04-28T12:14:56.308+0000] {logging_mixin.py:188} INFO - [2026-04-28T12:14:56.308+0000] {dagbag.py:540} INFO - Filling up the DagBag from /home/airflow/.local/lib/python3.8/site-packages/airflow/example_dags/example_local_kubernetes_executor.py
[2026-04-28T12:14:56.317+0000] {processor.py:840} INFO - DAG(s) 'example_local_kubernetes_executor' retrieved from /home/airflow/.local/lib/python3.8/site-packages/airflow/example_dags/example_local_kubernetes_executor.py
[2026-04-28T12:14:56.356+0000] {logging_mixin.py:188} INFO - [2026-04-28T12:14:56.355+0000] {dag.py:3047} INFO - Sync 1 DAGs
[2026-04-28T12:14:56.369+0000] {logging_mixin.py:188} INFO - [2026-04-28T12:14:56.368+0000] {dag.py:3834} INFO - Setting next_dagrun for example_local_kubernetes_executor to None, run_after=None
[2026-04-28T12:14:56.386+0000] {processor.py:183} INFO - Processing /home/airflow/.local/lib/python3.8/site-packages/airflow/example_dags/example_local_kubernetes_executor.py took 0.085 seconds
[2026-04-28T12:15:26.848+0000] {processor.py:161} INFO - Started process (PID=469) to work on /home/airflow/.local/lib/python3.8/site-packages/airflow/example_dags/example_local_kubernetes_executor.py
[2026-04-28T12:15:26.849+0000] {processor.py:830} INFO - Processing file /home/airflow/.local/lib/python3.8/site-packages/airflow/example_dags/example_local_kubernetes_executor.py for tasks to queue
[2026-04-28T12:15:26.850+0000] {logging_mixin.py:188} INFO - [2026-04-28T12:15:26.850+0000] {dagbag.py:540} INFO - Filling up the DagBag from /home/airflow/.local/lib/python3.8/site-packages/airflow/example_dags/example_local_kubernetes_executor.py
[2026-04-28T12:15:26.857+0000] {processor.py:840} INFO - DAG(s) 'example_local_kubernetes_executor' retrieved from /home/airflow/.local/lib/python3.8/site-packages/airflow/example_dags/example_local_kubernetes_executor.py
[2026-04-28T12:15:26.883+0000] {logging_mixin.py:188} INFO - [2026-04-28T12:15:26.882+0000] {dag.py:3047} INFO - Sync 1 DAGs
[2026-04-28T12:15:26.891+0000] {logging_mixin.py:188} INFO - [2026-04-28T12:15:26.891+0000] {dag.py:3834} INFO - Setting next_dagrun for example_local_kubernetes_executor to None, run_after=None
[2026-04-28T12:15:26.905+0000] {processor.py:183} INFO - Processing /home/airflow/.local/lib/python3.8/site-packages/airflow/example_dags/example_local_kubernetes_executor.py took 0.060 seconds
[2026-04-28T12:15:57.550+0000] {processor.py:161} INFO - Started process (PID=523) to work on /home/airflow/.local/lib/python3.8/site-packages/airflow/example_dags/example_local_kubernetes_executor.py
[2026-04-28T12:15:57.551+0000] {processor.py:830} INFO - Processing file /home/airflow/.local/lib/python3.8/site-packages/airflow/example_dags/example_local_kubernetes_executor.py for tasks to queue
[2026-04-28T12:15:57.552+0000] {logging_mixin.py:188} INFO - [2026-04-28T12:15:57.552+0000] {dagbag.py:540} INFO - Filling up the DagBag from /home/airflow/.local/lib/python3.8/site-packages/airflow/example_dags/example_local_kubernetes_executor.py
[2026-04-28T12:15:57.559+0000] {processor.py:840} INFO - DAG(s) 'example_local_kubernetes_executor' retrieved from /home/airflow/.local/lib/python3.8/site-packages/airflow/example_dags/example_local_kubernetes_executor.py
[2026-04-28T12:15:57.586+0000] {logging_mixin.py:188} INFO - [2026-04-28T12:15:57.586+0000] {dag.py:3047} INFO - Sync 1 DAGs
[2026-04-28T12:15:57.599+0000] {logging_mixin.py:188} INFO - [2026-04-28T12:15:57.599+0000] {dag.py:3834} INFO - Setting next_dagrun for example_local_kubernetes_executor to None, run_after=None
[2026-04-28T12:15:57.613+0000] {processor.py:183} INFO - Processing /home/airflow/.local/lib/python3.8/site-packages/airflow/example_dags/example_local_kubernetes_executor.py took 0.068 seconds
[2026-04-28T12:16:28.597+0000] {processor.py:161} INFO - Started process (PID=578) to work on /home/airflow/.local/lib/python3.8/site-packages/airflow/example_dags/example_local_kubernetes_executor.py
[2026-04-28T12:16:28.598+0000] {processor.py:830} INFO - Processing file /home/airflow/.local/lib/python3.8/site-packages/airflow/example_dags/example_local_kubernetes_executor.py for tasks to queue
[2026-04-28T12:16:28.600+0000] {logging_mixin.py:188} INFO - [2026-04-28T12:16:28.600+0000] {dagbag.py:540} INFO - Filling up the DagBag from /home/airflow/.local/lib/python3.8/site-packages/airflow/example_dags/example_local_kubernetes_executor.py
[2026-04-28T12:16:28.611+0000] {processor.py:840} INFO - DAG(s) 'example_local_kubernetes_executor' retrieved from /home/airflow/.local/lib/python3.8/site-packages/airflow/example_dags/example_local_kubernetes_executor.py
[2026-04-28T12:16:28.661+0000] {logging_mixin.py:188} INFO - [2026-04-28T12:16:28.661+0000] {dag.py:3047} INFO - Sync 1 DAGs
[2026-04-28T12:16:28.696+0000] {logging_mixin.py:188} INFO - [2026-04-28T12:16:28.696+0000] {dag.py:3834} INFO - Setting next_dagrun for example_local_kubernetes_executor to None, run_after=None
[2026-04-28T12:16:28.808+0000] {processor.py:183} INFO - Processing /home/airflow/.local/lib/python3.8/site-packages/airflow/example_dags/example_local_kubernetes_executor.py took 0.215 seconds
[2026-04-28T12:16:58.945+0000] {processor.py:161} INFO - Started process (PID=633) to work on /home/airflow/.local/lib/python3.8/site-packages/airflow/example_dags/example_local_kubernetes_executor.py
[2026-04-28T12:16:58.947+0000] {processor.py:830} INFO - Processing file /home/airflow/.local/lib/python3.8/site-packages/airflow/example_dags/example_local_kubernetes_executor.py for tasks to queue
[2026-04-28T12:16:58.952+0000] {logging_mixin.py:188} INFO - [2026-04-28T12:16:58.951+0000] {dagbag.py:540} INFO - Filling up the DagBag from /home/airflow/.local/lib/python3.8/site-packages/airflow/example_dags/example_local_kubernetes_executor.py
[2026-04-28T12:16:58.966+0000] {processor.py:840} INFO - DAG(s) 'example_local_kubernetes_executor' retrieved from /home/airflow/.local/lib/python3.8/site-packages/airflow/example_dags/example_local_kubernetes_executor.py
[2026-04-28T12:16:59.040+0000] {logging_mixin.py:188} INFO - [2026-04-28T12:16:59.039+0000] {dag.py:3047} INFO - Sync 1 DAGs
[2026-04-28T12:16:59.061+0000] {logging_mixin.py:188} INFO - [2026-04-28T12:16:59.061+0000] {dag.py:3834} INFO - Setting next_dagrun for example_local_kubernetes_executor to None, run_after=None
[2026-04-28T12:16:59.081+0000] {processor.py:183} INFO - Processing /home/airflow/.local/lib/python3.8/site-packages/airflow/example_dags/example_local_kubernetes_executor.py took 0.142 seconds
[2026-04-28T12:17:29.871+0000] {processor.py:161} INFO - Started process (PID=688) to work on /home/airflow/.local/lib/python3.8/site-packages/airflow/example_dags/example_local_kubernetes_executor.py
[2026-04-28T12:17:29.872+0000] {processor.py:830} INFO - Processing file /home/airflow/.local/lib/python3.8/site-packages/airflow/example_dags/example_local_kubernetes_executor.py for tasks to queue
[2026-04-28T12:17:29.874+0000] {logging_mixin.py:188} INFO - [2026-04-28T12:17:29.873+0000] {dagbag.py:540} INFO - Filling up the DagBag from /home/airflow/.local/lib/python3.8/site-packages/airflow/example_dags/example_local_kubernetes_executor.py
[2026-04-28T12:17:29.882+0000] {processor.py:840} INFO - DAG(s) 'example_local_kubernetes_executor' retrieved from /home/airflow/.local/lib/python3.8/site-packages/airflow/example_dags/example_local_kubernetes_executor.py
[2026-04-28T12:17:29.921+0000] {logging_mixin.py:188} INFO - [2026-04-28T12:17:29.920+0000] {dag.py:3047} INFO - Sync 1 DAGs
[2026-04-28T12:17:29.934+0000] {logging_mixin.py:188} INFO - [2026-04-28T12:17:29.934+0000] {dag.py:3834} INFO - Setting next_dagrun for example_local_kubernetes_executor to None, run_after=None
[2026-04-28T12:17:29.950+0000] {processor.py:183} INFO - Processing /home/airflow/.local/lib/python3.8/site-packages/airflow/example_dags/example_local_kubernetes_executor.py took 0.083 seconds
[2026-04-28T12:17:59.998+0000] {processor.py:161} INFO - Started process (PID=743) to work on /home/airflow/.local/lib/python3.8/site-packages/airflow/example_dags/example_local_kubernetes_executor.py
[2026-04-28T12:17:59.999+0000] {processor.py:830} INFO - Processing file /home/airflow/.local/lib/python3.8/site-packages/airflow/example_dags/example_local_kubernetes_executor.py for tasks to queue
[2026-04-28T12:18:00.001+0000] {logging_mixin.py:188} INFO - [2026-04-28T12:18:00.001+0000] {dagbag.py:540} INFO - Filling up the DagBag from /home/airflow/.local/lib/python3.8/site-packages/airflow/example_dags/example_local_kubernetes_executor.py
[2026-04-28T12:18:00.010+0000] {processor.py:840} INFO - DAG(s) 'example_local_kubernetes_executor' retrieved from /home/airflow/.local/lib/python3.8/site-packages/airflow/example_dags/example_local_kubernetes_executor.py
[2026-04-28T12:18:00.048+0000] {logging_mixin.py:188} INFO - [2026-04-28T12:18:00.048+0000] {dag.py:3047} INFO - Sync 1 DAGs
[2026-04-28T12:18:00.062+0000] {logging_mixin.py:188} INFO - [2026-04-28T12:18:00.062+0000] {dag.py:3834} INFO - Setting next_dagrun for example_local_kubernetes_executor to None, run_after=None
[2026-04-28T12:18:00.079+0000] {processor.py:183} INFO - Processing /home/airflow/.local/lib/python3.8/site-packages/airflow/example_dags/example_local_kubernetes_executor.py took 0.084 seconds
[2026-04-28T12:18:30.313+0000] {processor.py:161} INFO - Started process (PID=798) to work on /home/airflow/.local/lib/python3.8/site-packages/airflow/example_dags/example_local_kubernetes_executor.py
[2026-04-28T12:18:30.314+0000] {processor.py:830} INFO - Processing file /home/airflow/.local/lib/python3.8/site-packages/airflow/example_dags/example_local_kubernetes_executor.py for tasks to queue
[2026-04-28T12:18:30.316+0000] {logging_mixin.py:188} INFO - [2026-04-28T12:18:30.315+0000] {dagbag.py:540} INFO - Filling up the DagBag from /home/airflow/.local/lib/python3.8/site-packages/airflow/example_dags/example_local_kubernetes_executor.py
[2026-04-28T12:18:30.325+0000] {processor.py:840} INFO - DAG(s) 'example_local_kubernetes_executor' retrieved from /home/airflow/.local/lib/python3.8/site-packages/airflow/example_dags/example_local_kubernetes_executor.py
[2026-04-28T12:18:30.364+0000] {logging_mixin.py:188} INFO - [2026-04-28T12:18:30.364+0000] {dag.py:3047} INFO - Sync 1 DAGs
[2026-04-28T12:18:30.377+0000] {logging_mixin.py:188} INFO - [2026-04-28T12:18:30.377+0000] {dag.py:3834} INFO - Setting next_dagrun for example_local_kubernetes_executor to None, run_after=None
[2026-04-28T12:18:30.394+0000] {processor.py:183} INFO - Processing /home/airflow/.local/lib/python3.8/site-packages/airflow/example_dags/example_local_kubernetes_executor.py took 0.085 seconds
[2026-04-28T12:19:00.766+0000] {processor.py:161} INFO - Started process (PID=853) to work on /home/airflow/.local/lib/python3.8/site-packages/airflow/example_dags/example_local_kubernetes_executor.py
[2026-04-28T12:19:00.767+0000] {processor.py:830} INFO - Processing file /home/airflow/.local/lib/python3.8/site-packages/airflow/example_dags/example_local_kubernetes_executor.py for tasks to queue
[2026-04-28T12:19:00.768+0000] {logging_mixin.py:188} INFO - [2026-04-28T12:19:00.768+0000] {dagbag.py:540} INFO - Filling up the DagBag from /home/airflow/.local/lib/python3.8/site-packages/airflow/example_dags/example_local_kubernetes_executor.py
[2026-04-28T12:19:00.775+0000] {processor.py:840} INFO - DAG(s) 'example_local_kubernetes_executor' retrieved from /home/airflow/.local/lib/python3.8/site-packages/airflow/example_dags/example_local_kubernetes_executor.py
[2026-04-28T12:19:00.801+0000] {logging_mixin.py:188} INFO - [2026-04-28T12:19:00.801+0000] {dag.py:3047} INFO - Sync 1 DAGs
[2026-04-28T12:19:00.811+0000] {logging_mixin.py:188} INFO - [2026-04-28T12:19:00.811+0000] {dag.py:3834} INFO - Setting next_dagrun for example_local_kubernetes_executor to None, run_after=None
[2026-04-28T12:19:00.824+0000] {processor.py:183} INFO - Processing /home/airflow/.local/lib/python3.8/site-packages/airflow/example_dags/example_local_kubernetes_executor.py took 0.061 seconds
[2026-04-28T12:19:30.967+0000] {processor.py:161} INFO - Started process (PID=908) to work on /home/airflow/.local/lib/python3.8/site-packages/airflow/example_dags/example_local_kubernetes_executor.py
[2026-04-28T12:19:30.968+0000] {processor.py:830} INFO - Processing file /home/airflow/.local/lib/python3.8/site-packages/airflow/example_dags/example_local_kubernetes_executor.py for tasks to queue
[2026-04-28T12:19:30.970+0000] {logging_mixin.py:188} INFO - [2026-04-28T12:19:30.970+0000] {dagbag.py:540} INFO - Filling up the DagBag from /home/airflow/.local/lib/python3.8/site-packages/airflow/example_dags/example_local_kubernetes_executor.py
[2026-04-28T12:19:30.978+0000] {processor.py:840} INFO - DAG(s) 'example_local_kubernetes_executor' retrieved from /home/airflow/.local/lib/python3.8/site-packages/airflow/example_dags/example_local_kubernetes_executor.py
[2026-04-28T12:19:31.004+0000] {logging_mixin.py:188} INFO - [2026-04-28T12:19:31.004+0000] {dag.py:3047} INFO - Sync 1 DAGs
[2026-04-28T12:19:31.014+0000] {logging_mixin.py:188} INFO - [2026-04-28T12:19:31.014+0000] {dag.py:3834} INFO - Setting next_dagrun for example_local_kubernetes_executor to None, run_after=None
[2026-04-28T12:19:31.027+0000] {processor.py:183} INFO - Processing /home/airflow/.local/lib/python3.8/site-packages/airflow/example_dags/example_local_kubernetes_executor.py took 0.063 seconds
[2026-04-28T12:20:01.654+0000] {processor.py:161} INFO - Started process (PID=968) to work on /home/airflow/.local/lib/python3.8/site-packages/airflow/example_dags/example_local_kubernetes_executor.py
[2026-04-28T12:20:01.655+0000] {processor.py:830} INFO - Processing file /home/airflow/.local/lib/python3.8/site-packages/airflow/example_dags/example_local_kubernetes_executor.py for tasks to queue
[2026-04-28T12:20:01.656+0000] {logging_mixin.py:188} INFO - [2026-04-28T12:20:01.656+0000] {dagbag.py:540} INFO - Filling up the DagBag from /home/airflow/.local/lib/python3.8/site-packages/airflow/example_dags/example_local_kubernetes_executor.py
[2026-04-28T12:20:01.663+0000] {processor.py:840} INFO - DAG(s) 'example_local_kubernetes_executor' retrieved from /home/airflow/.local/lib/python3.8/site-packages/airflow/example_dags/example_local_kubernetes_executor.py
[2026-04-28T12:20:01.690+0000] {logging_mixin.py:188} INFO - [2026-04-28T12:20:01.690+0000] {dag.py:3047} INFO - Sync 1 DAGs
[2026-04-28T12:20:01.701+0000] {logging_mixin.py:188} INFO - [2026-04-28T12:20:01.701+0000] {dag.py:3834} INFO - Setting next_dagrun for example_local_kubernetes_executor to None, run_after=None
[2026-04-28T12:20:01.714+0000] {processor.py:183} INFO - Processing /home/airflow/.local/lib/python3.8/site-packages/airflow/example_dags/example_local_kubernetes_executor.py took 0.066 seconds
[2026-04-28T12:20:31.884+0000] {processor.py:161} INFO - Started process (PID=1023) to work on /home/airflow/.local/lib/python3.8/site-packages/airflow/example_dags/example_local_kubernetes_executor.py
[2026-04-28T12:20:31.885+0000] {processor.py:830} INFO - Processing file /home/airflow/.local/lib/python3.8/site-packages/airflow/example_dags/example_local_kubernetes_executor.py for tasks to queue
[2026-04-28T12:20:31.887+0000] {logging_mixin.py:188} INFO - [2026-04-28T12:20:31.887+0000] {dagbag.py:540} INFO - Filling up the DagBag from /home/airflow/.local/lib/python3.8/site-packages/airflow/example_dags/example_local_kubernetes_executor.py
[2026-04-28T12:20:31.896+0000] {processor.py:840} INFO - DAG(s) 'example_local_kubernetes_executor' retrieved from /home/airflow/.local/lib/python3.8/site-packages/airflow/example_dags/example_local_kubernetes_executor.py
[2026-04-28T12:20:31.932+0000] {logging_mixin.py:188} INFO - [2026-04-28T12:20:31.932+0000] {dag.py:3047} INFO - Sync 1 DAGs
[2026-04-28T12:20:31.946+0000] {logging_mixin.py:188} INFO - [2026-04-28T12:20:31.946+0000] {dag.py:3834} INFO - Setting next_dagrun for example_local_kubernetes_executor to None, run_after=None
[2026-04-28T12:20:31.964+0000] {processor.py:183} INFO - Processing /home/airflow/.local/lib/python3.8/site-packages/airflow/example_dags/example_local_kubernetes_executor.py took 0.083 seconds
[2026-04-28T12:21:02.556+0000] {processor.py:161} INFO - Started process (PID=1078) to work on /home/airflow/.local/lib/python3.8/site-packages/airflow/example_dags/example_local_kubernetes_executor.py
[2026-04-28T12:21:02.557+0000] {processor.py:830} INFO - Processing file /home/airflow/.local/lib/python3.8/site-packages/airflow/example_dags/example_local_kubernetes_executor.py for tasks to queue
[2026-04-28T12:21:02.559+0000] {logging_mixin.py:188} INFO - [2026-04-28T12:21:02.559+0000] {dagbag.py:540} INFO - Filling up the DagBag from /home/airflow/.local/lib/python3.8/site-packages/airflow/example_dags/example_local_kubernetes_executor.py
[2026-04-28T12:21:02.568+0000] {processor.py:840} INFO - DAG(s) 'example_local_kubernetes_executor' retrieved from /home/airflow/.local/lib/python3.8/site-packages/airflow/example_dags/example_local_kubernetes_executor.py
[2026-04-28T12:21:02.606+0000] {logging_mixin.py:188} INFO - [2026-04-28T12:21:02.606+0000] {dag.py:3047} INFO - Sync 1 DAGs
[2026-04-28T12:21:02.621+0000] {logging_mixin.py:188} INFO - [2026-04-28T12:21:02.621+0000] {dag.py:3834} INFO - Setting next_dagrun for example_local_kubernetes_executor to None, run_after=None
[2026-04-28T12:21:02.656+0000] {processor.py:183} INFO - Processing /home/airflow/.local/lib/python3.8/site-packages/airflow/example_dags/example_local_kubernetes_executor.py took 0.103 seconds
[2026-04-28T12:21:32.711+0000] {processor.py:161} INFO - Started process (PID=1133) to work on /home/airflow/.local/lib/python3.8/site-packages/airflow/example_dags/example_local_kubernetes_executor.py
[2026-04-28T12:21:32.712+0000] {processor.py:830} INFO - Processing file /home/airflow/.local/lib/python3.8/site-packages/airflow/example_dags/example_local_kubernetes_executor.py for tasks to queue
[2026-04-28T12:21:32.713+0000] {logging_mixin.py:188} INFO - [2026-04-28T12:21:32.713+0000] {dagbag.py:540} INFO - Filling up the DagBag from /home/airflow/.local/lib/python3.8/site-packages/airflow/example_dags/example_local_kubernetes_executor.py
[2026-04-28T12:21:32.720+0000] {processor.py:840} INFO - DAG(s) 'example_local_kubernetes_executor' retrieved from /home/airflow/.local/lib/python3.8/site-packages/airflow/example_dags/example_local_kubernetes_executor.py
[2026-04-28T12:21:32.746+0000] {logging_mixin.py:188} INFO - [2026-04-28T12:21:32.746+0000] {dag.py:3047} INFO - Sync 1 DAGs
[2026-04-28T12:21:32.755+0000] {logging_mixin.py:188} INFO - [2026-04-28T12:21:32.754+0000] {dag.py:3834} INFO - Setting next_dagrun for example_local_kubernetes_executor to None, run_after=None
[2026-04-28T12:21:32.770+0000] {processor.py:183} INFO - Processing /home/airflow/.local/lib/python3.8/site-packages/airflow/example_dags/example_local_kubernetes_executor.py took 0.062 seconds
[2026-04-28T12:22:03.415+0000] {processor.py:161} INFO - Started process (PID=1188) to work on /home/airflow/.local/lib/python3.8/site-packages/airflow/example_dags/example_local_kubernetes_executor.py
[2026-04-28T12:22:03.416+0000] {processor.py:830} INFO - Processing file /home/airflow/.local/lib/python3.8/site-packages/airflow/example_dags/example_local_kubernetes_executor.py for tasks to queue
[2026-04-28T12:22:03.418+0000] {logging_mixin.py:188} INFO - [2026-04-28T12:22:03.418+0000] {dagbag.py:540} INFO - Filling up the DagBag from /home/airflow/.local/lib/python3.8/site-packages/airflow/example_dags/example_local_kubernetes_executor.py
[2026-04-28T12:22:03.428+0000] {processor.py:840} INFO - DAG(s) 'example_local_kubernetes_executor' retrieved from /home/airflow/.local/lib/python3.8/site-packages/airflow/example_dags/example_local_kubernetes_executor.py
[2026-04-28T12:22:03.466+0000] {logging_mixin.py:188} INFO - [2026-04-28T12:22:03.466+0000] {dag.py:3047} INFO - Sync 1 DAGs
[2026-04-28T12:22:03.481+0000] {logging_mixin.py:188} INFO - [2026-04-28T12:22:03.480+0000] {dag.py:3834} INFO - Setting next_dagrun for example_local_kubernetes_executor to None, run_after=None
[2026-04-28T12:22:03.499+0000] {processor.py:183} INFO - Processing /home/airflow/.local/lib/python3.8/site-packages/airflow/example_dags/example_local_kubernetes_executor.py took 0.088 seconds
[2026-04-28T12:22:33.547+0000] {processor.py:161} INFO - Started process (PID=1243) to work on /home/airflow/.local/lib/python3.8/site-packages/airflow/example_dags/example_local_kubernetes_executor.py
[2026-04-28T12:22:33.548+0000] {processor.py:830} INFO - Processing file /home/airflow/.local/lib/python3.8/site-packages/airflow/example_dags/example_local_kubernetes_executor.py for tasks to queue
[2026-04-28T12:22:33.550+0000] {logging_mixin.py:188} INFO - [2026-04-28T12:22:33.550+0000] {dagbag.py:540} INFO - Filling up the DagBag from /home/airflow/.local/lib/python3.8/site-packages/airflow/example_dags/example_local_kubernetes_executor.py
[2026-04-28T12:22:33.559+0000] {processor.py:840} INFO - DAG(s) 'example_local_kubernetes_executor' retrieved from /home/airflow/.local/lib/python3.8/site-packages/airflow/example_dags/example_local_kubernetes_executor.py
[2026-04-28T12:22:33.597+0000] {logging_mixin.py:188} INFO - [2026-04-28T12:22:33.596+0000] {dag.py:3047} INFO - Sync 1 DAGs
[2026-04-28T12:22:33.612+0000] {logging_mixin.py:188} INFO - [2026-04-28T12:22:33.612+0000] {dag.py:3834} INFO - Setting next_dagrun for example_local_kubernetes_executor to None, run_after=None
[2026-04-28T12:22:33.631+0000] {processor.py:183} INFO - Processing /home/airflow/.local/lib/python3.8/site-packages/airflow/example_dags/example_local_kubernetes_executor.py took 0.087 seconds
[2026-04-28T12:23:04.172+0000] {processor.py:161} INFO - Started process (PID=1298) to work on /home/airflow/.local/lib/python3.8/site-packages/airflow/example_dags/example_local_kubernetes_executor.py
[2026-04-28T12:23:04.177+0000] {processor.py:830} INFO - Processing file /home/airflow/.local/lib/python3.8/site-packages/airflow/example_dags/example_local_kubernetes_executor.py for tasks to queue
[2026-04-28T12:23:04.179+0000] {logging_mixin.py:188} INFO - [2026-04-28T12:23:04.178+0000] {dagbag.py:540} INFO - Filling up the DagBag from /home/airflow/.local/lib/python3.8/site-packages/airflow/example_dags/example_local_kubernetes_executor.py
[2026-04-28T12:23:04.188+0000] {processor.py:840} INFO - DAG(s) 'example_local_kubernetes_executor' retrieved from /home/airflow/.local/lib/python3.8/site-packages/airflow/example_dags/example_local_kubernetes_executor.py
[2026-04-28T12:23:04.227+0000] {logging_mixin.py:188} INFO - [2026-04-28T12:23:04.227+0000] {dag.py:3047} INFO - Sync 1 DAGs
[2026-04-28T12:23:04.243+0000] {logging_mixin.py:188} INFO - [2026-04-28T12:23:04.243+0000] {dag.py:3834} INFO - Setting next_dagrun for example_local_kubernetes_executor to None, run_after=None
[2026-04-28T12:23:04.259+0000] {processor.py:183} INFO - Processing /home/airflow/.local/lib/python3.8/site-packages/airflow/example_dags/example_local_kubernetes_executor.py took 0.092 seconds
[2026-04-28T12:23:34.416+0000] {processor.py:161} INFO - Started process (PID=1353) to work on /home/airflow/.local/lib/python3.8/site-packages/airflow/example_dags/example_local_kubernetes_executor.py
[2026-04-28T12:23:34.417+0000] {processor.py:830} INFO - Processing file /home/airflow/.local/lib/python3.8/site-packages/airflow/example_dags/example_local_kubernetes_executor.py for tasks to queue
[2026-04-28T12:23:34.419+0000] {logging_mixin.py:188} INFO - [2026-04-28T12:23:34.419+0000] {dagbag.py:540} INFO - Filling up the DagBag from /home/airflow/.local/lib/python3.8/site-packages/airflow/example_dags/example_local_kubernetes_executor.py
[2026-04-28T12:23:34.428+0000] {processor.py:840} INFO - DAG(s) 'example_local_kubernetes_executor' retrieved from /home/airflow/.local/lib/python3.8/site-packages/airflow/example_dags/example_local_kubernetes_executor.py
[2026-04-28T12:23:34.468+0000] {logging_mixin.py:188} INFO - [2026-04-28T12:23:34.467+0000] {dag.py:3047} INFO - Sync 1 DAGs
[2026-04-28T12:23:34.502+0000] {logging_mixin.py:188} INFO - [2026-04-28T12:23:34.501+0000] {dag.py:3834} INFO - Setting next_dagrun for example_local_kubernetes_executor to None, run_after=None
[2026-04-28T12:23:34.546+0000] {processor.py:183} INFO - Processing /home/airflow/.local/lib/python3.8/site-packages/airflow/example_dags/example_local_kubernetes_executor.py took 0.133 seconds
[2026-04-28T12:24:05.128+0000] {processor.py:161} INFO - Started process (PID=1408) to work on /home/airflow/.local/lib/python3.8/site-packages/airflow/example_dags/example_local_kubernetes_executor.py
[2026-04-28T12:24:05.129+0000] {processor.py:830} INFO - Processing file /home/airflow/.local/lib/python3.8/site-packages/airflow/example_dags/example_local_kubernetes_executor.py for tasks to queue
[2026-04-28T12:24:05.131+0000] {logging_mixin.py:188} INFO - [2026-04-28T12:24:05.130+0000] {dagbag.py:540} INFO - Filling up the DagBag from /home/airflow/.local/lib/python3.8/site-packages/airflow/example_dags/example_local_kubernetes_executor.py
[2026-04-28T12:24:05.139+0000] {processor.py:840} INFO - DAG(s) 'example_local_kubernetes_executor' retrieved from /home/airflow/.local/lib/python3.8/site-packages/airflow/example_dags/example_local_kubernetes_executor.py
[2026-04-28T12:24:05.178+0000] {logging_mixin.py:188} INFO - [2026-04-28T12:24:05.177+0000] {dag.py:3047} INFO - Sync 1 DAGs
[2026-04-28T12:24:05.191+0000] {logging_mixin.py:188} INFO - [2026-04-28T12:24:05.191+0000] {dag.py:3834} INFO - Setting next_dagrun for example_local_kubernetes_executor to None, run_after=None
[2026-04-28T12:24:05.210+0000] {processor.py:183} INFO - Processing /home/airflow/.local/lib/python3.8/site-packages/airflow/example_dags/example_local_kubernetes_executor.py took 0.086 seconds
[2026-04-28T12:24:35.374+0000] {processor.py:161} INFO - Started process (PID=1463) to work on /home/airflow/.local/lib/python3.8/site-packages/airflow/example_dags/example_local_kubernetes_executor.py
[2026-04-28T12:24:35.375+0000] {processor.py:830} INFO - Processing file /home/airflow/.local/lib/python3.8/site-packages/airflow/example_dags/example_local_kubernetes_executor.py for tasks to queue
[2026-04-28T12:24:35.377+0000] {logging_mixin.py:188} INFO - [2026-04-28T12:24:35.377+0000] {dagbag.py:540} INFO - Filling up the DagBag from /home/airflow/.local/lib/python3.8/site-packages/airflow/example_dags/example_local_kubernetes_executor.py
[2026-04-28T12:24:35.386+0000] {processor.py:840} INFO - DAG(s) 'example_local_kubernetes_executor' retrieved from /home/airflow/.local/lib/python3.8/site-packages/airflow/example_dags/example_local_kubernetes_executor.py
[2026-04-28T12:24:35.423+0000] {logging_mixin.py:188} INFO - [2026-04-28T12:24:35.423+0000] {dag.py:3047} INFO - Sync 1 DAGs
[2026-04-28T12:24:35.436+0000] {logging_mixin.py:188} INFO - [2026-04-28T12:24:35.436+0000] {dag.py:3834} INFO - Setting next_dagrun for example_local_kubernetes_executor to None, run_after=None
[2026-04-28T12:24:35.462+0000] {processor.py:183} INFO - Processing /home/airflow/.local/lib/python3.8/site-packages/airflow/example_dags/example_local_kubernetes_executor.py took 0.093 seconds
[2026-04-28T12:25:06.454+0000] {processor.py:161} INFO - Started process (PID=1518) to work on /home/airflow/.local/lib/python3.8/site-packages/airflow/example_dags/example_local_kubernetes_executor.py
[2026-04-28T12:25:06.455+0000] {processor.py:830} INFO - Processing file /home/airflow/.local/lib/python3.8/site-packages/airflow/example_dags/example_local_kubernetes_executor.py for tasks to queue
[2026-04-28T12:25:06.457+0000] {logging_mixin.py:188} INFO - [2026-04-28T12:25:06.456+0000] {dagbag.py:540} INFO - Filling up the DagBag from /home/airflow/.local/lib/python3.8/site-packages/airflow/example_dags/example_local_kubernetes_executor.py
[2026-04-28T12:25:06.465+0000] {processor.py:840} INFO - DAG(s) 'example_local_kubernetes_executor' retrieved from /home/airflow/.local/lib/python3.8/site-packages/airflow/example_dags/example_local_kubernetes_executor.py
[2026-04-28T12:25:06.504+0000] {logging_mixin.py:188} INFO - [2026-04-28T12:25:06.503+0000] {dag.py:3047} INFO - Sync 1 DAGs
[2026-04-28T12:25:06.518+0000] {logging_mixin.py:188} INFO - [2026-04-28T12:25:06.518+0000] {dag.py:3834} INFO - Setting next_dagrun for example_local_kubernetes_executor to None, run_after=None
[2026-04-28T12:25:06.561+0000] {processor.py:183} INFO - Processing /home/airflow/.local/lib/python3.8/site-packages/airflow/example_dags/example_local_kubernetes_executor.py took 0.111 seconds
[2026-04-28T12:25:37.511+0000] {processor.py:161} INFO - Started process (PID=1573) to work on /home/airflow/.local/lib/python3.8/site-packages/airflow/example_dags/example_local_kubernetes_executor.py
[2026-04-28T12:25:37.516+0000] {processor.py:830} INFO - Processing file /home/airflow/.local/lib/python3.8/site-packages/airflow/example_dags/example_local_kubernetes_executor.py for tasks to queue
[2026-04-28T12:25:37.532+0000] {logging_mixin.py:188} INFO - [2026-04-28T12:25:37.530+0000] {dagbag.py:540} INFO - Filling up the DagBag from /home/airflow/.local/lib/python3.8/site-packages/airflow/example_dags/example_local_kubernetes_executor.py
[2026-04-28T12:25:37.557+0000] {processor.py:840} INFO - DAG(s) 'example_local_kubernetes_executor' retrieved from /home/airflow/.local/lib/python3.8/site-packages/airflow/example_dags/example_local_kubernetes_executor.py
[2026-04-28T12:25:37.644+0000] {logging_mixin.py:188} INFO - [2026-04-28T12:25:37.643+0000] {dag.py:3047} INFO - Sync 1 DAGs
[2026-04-28T12:25:37.683+0000] {logging_mixin.py:188} INFO - [2026-04-28T12:25:37.683+0000] {dag.py:3834} INFO - Setting next_dagrun for example_local_kubernetes_executor to None, run_after=None
[2026-04-28T12:25:37.722+0000] {processor.py:183} INFO - Processing /home/airflow/.local/lib/python3.8/site-packages/airflow/example_dags/example_local_kubernetes_executor.py took 0.221 seconds
[2026-04-28T12:26:07.781+0000] {processor.py:161} INFO - Started process (PID=1628) to work on /home/airflow/.local/lib/python3.8/site-packages/airflow/example_dags/example_local_kubernetes_executor.py
[2026-04-28T12:26:07.782+0000] {processor.py:830} INFO - Processing file /home/airflow/.local/lib/python3.8/site-packages/airflow/example_dags/example_local_kubernetes_executor.py for tasks to queue
[2026-04-28T12:26:07.784+0000] {logging_mixin.py:188} INFO - [2026-04-28T12:26:07.784+0000] {dagbag.py:540} INFO - Filling up the DagBag from /home/airflow/.local/lib/python3.8/site-packages/airflow/example_dags/example_local_kubernetes_executor.py
[2026-04-28T12:26:07.794+0000] {processor.py:840} INFO - DAG(s) 'example_local_kubernetes_executor' retrieved from /home/airflow/.local/lib/python3.8/site-packages/airflow/example_dags/example_local_kubernetes_executor.py
[2026-04-28T12:26:07.832+0000] {logging_mixin.py:188} INFO - [2026-04-28T12:26:07.832+0000] {dag.py:3047} INFO - Sync 1 DAGs
[2026-04-28T12:26:07.846+0000] {logging_mixin.py:188} INFO - [2026-04-28T12:26:07.846+0000] {dag.py:3834} INFO - Setting next_dagrun for example_local_kubernetes_executor to None, run_after=None
[2026-04-28T12:26:07.861+0000] {processor.py:183} INFO - Processing /home/airflow/.local/lib/python3.8/site-packages/airflow/example_dags/example_local_kubernetes_executor.py took 0.084 seconds
[2026-04-28T12:26:38.248+0000] {processor.py:161} INFO - Started process (PID=1683) to work on /home/airflow/.local/lib/python3.8/site-packages/airflow/example_dags/example_local_kubernetes_executor.py
[2026-04-28T12:26:38.251+0000] {processor.py:830} INFO - Processing file /home/airflow/.local/lib/python3.8/site-packages/airflow/example_dags/example_local_kubernetes_executor.py for tasks to queue
[2026-04-28T12:26:38.261+0000] {logging_mixin.py:188} INFO - [2026-04-28T12:26:38.261+0000] {dagbag.py:540} INFO - Filling up the DagBag from /home/airflow/.local/lib/python3.8/site-packages/airflow/example_dags/example_local_kubernetes_executor.py
[2026-04-28T12:26:38.296+0000] {processor.py:840} INFO - DAG(s) 'example_local_kubernetes_executor' retrieved from /home/airflow/.local/lib/python3.8/site-packages/airflow/example_dags/example_local_kubernetes_executor.py
[2026-04-28T12:26:38.396+0000] {logging_mixin.py:188} INFO - [2026-04-28T12:26:38.396+0000] {dag.py:3047} INFO - Sync 1 DAGs
[2026-04-28T12:26:38.428+0000] {logging_mixin.py:188} INFO - [2026-04-28T12:26:38.426+0000] {dag.py:3834} INFO - Setting next_dagrun for example_local_kubernetes_executor to None, run_after=None
[2026-04-28T12:26:38.453+0000] {processor.py:183} INFO - Processing /home/airflow/.local/lib/python3.8/site-packages/airflow/example_dags/example_local_kubernetes_executor.py took 0.212 seconds
[2026-04-28T12:27:09.263+0000] {processor.py:161} INFO - Started process (PID=1739) to work on /home/airflow/.local/lib/python3.8/site-packages/airflow/example_dags/example_local_kubernetes_executor.py
[2026-04-28T12:27:09.266+0000] {processor.py:830} INFO - Processing file /home/airflow/.local/lib/python3.8/site-packages/airflow/example_dags/example_local_kubernetes_executor.py for tasks to queue
[2026-04-28T12:27:09.272+0000] {logging_mixin.py:188} INFO - [2026-04-28T12:27:09.272+0000] {dagbag.py:540} INFO - Filling up the DagBag from /home/airflow/.local/lib/python3.8/site-packages/airflow/example_dags/example_local_kubernetes_executor.py
[2026-04-28T12:27:09.295+0000] {processor.py:840} INFO - DAG(s) 'example_local_kubernetes_executor' retrieved from /home/airflow/.local/lib/python3.8/site-packages/airflow/example_dags/example_local_kubernetes_executor.py
[2026-04-28T12:27:09.337+0000] {logging_mixin.py:188} INFO - [2026-04-28T12:27:09.337+0000] {dag.py:3047} INFO - Sync 1 DAGs
[2026-04-28T12:27:09.350+0000] {logging_mixin.py:188} INFO - [2026-04-28T12:27:09.350+0000] {dag.py:3834} INFO - Setting next_dagrun for example_local_kubernetes_executor to None, run_after=None
[2026-04-28T12:27:09.382+0000] {processor.py:183} INFO - Processing /home/airflow/.local/lib/python3.8/site-packages/airflow/example_dags/example_local_kubernetes_executor.py took 0.125 seconds
[2026-04-28T12:27:39.571+0000] {processor.py:161} INFO - Started process (PID=1794) to work on /home/airflow/.local/lib/python3.8/site-packages/airflow/example_dags/example_local_kubernetes_executor.py
[2026-04-28T12:27:39.574+0000] {processor.py:830} INFO - Processing file /home/airflow/.local/lib/python3.8/site-packages/airflow/example_dags/example_local_kubernetes_executor.py for tasks to queue
[2026-04-28T12:27:39.578+0000] {logging_mixin.py:188} INFO - [2026-04-28T12:27:39.578+0000] {dagbag.py:540} INFO - Filling up the DagBag from /home/airflow/.local/lib/python3.8/site-packages/airflow/example_dags/example_local_kubernetes_executor.py
[2026-04-28T12:27:39.604+0000] {processor.py:840} INFO - DAG(s) 'example_local_kubernetes_executor' retrieved from /home/airflow/.local/lib/python3.8/site-packages/airflow/example_dags/example_local_kubernetes_executor.py
[2026-04-28T12:27:39.685+0000] {logging_mixin.py:188} INFO - [2026-04-28T12:27:39.685+0000] {dag.py:3047} INFO - Sync 1 DAGs
[2026-04-28T12:27:39.698+0000] {logging_mixin.py:188} INFO - [2026-04-28T12:27:39.698+0000] {dag.py:3834} INFO - Setting next_dagrun for example_local_kubernetes_executor to None, run_after=None
[2026-04-28T12:27:39.714+0000] {processor.py:183} INFO - Processing /home/airflow/.local/lib/python3.8/site-packages/airflow/example_dags/example_local_kubernetes_executor.py took 0.150 seconds
[2026-04-28T12:28:09.762+0000] {processor.py:161} INFO - Started process (PID=1850) to work on /home/airflow/.local/lib/python3.8/site-packages/airflow/example_dags/example_local_kubernetes_executor.py
[2026-04-28T12:28:09.763+0000] {processor.py:830} INFO - Processing file /home/airflow/.local/lib/python3.8/site-packages/airflow/example_dags/example_local_kubernetes_executor.py for tasks to queue
[2026-04-28T12:28:09.765+0000] {logging_mixin.py:188} INFO - [2026-04-28T12:28:09.765+0000] {dagbag.py:540} INFO - Filling up the DagBag from /home/airflow/.local/lib/python3.8/site-packages/airflow/example_dags/example_local_kubernetes_executor.py
[2026-04-28T12:28:09.774+0000] {processor.py:840} INFO - DAG(s) 'example_local_kubernetes_executor' retrieved from /home/airflow/.local/lib/python3.8/site-packages/airflow/example_dags/example_local_kubernetes_executor.py
[2026-04-28T12:28:09.816+0000] {logging_mixin.py:188} INFO - [2026-04-28T12:28:09.815+0000] {dag.py:3047} INFO - Sync 1 DAGs
[2026-04-28T12:28:09.830+0000] {logging_mixin.py:188} INFO - [2026-04-28T12:28:09.829+0000] {dag.py:3834} INFO - Setting next_dagrun for example_local_kubernetes_executor to None, run_after=None
[2026-04-28T12:28:09.844+0000] {processor.py:183} INFO - Processing /home/airflow/.local/lib/python3.8/site-packages/airflow/example_dags/example_local_kubernetes_executor.py took 0.087 seconds
[2026-04-28T12:28:40.587+0000] {processor.py:161} INFO - Started process (PID=1906) to work on /home/airflow/.local/lib/python3.8/site-packages/airflow/example_dags/example_local_kubernetes_executor.py
[2026-04-28T12:28:40.588+0000] {processor.py:830} INFO - Processing file /home/airflow/.local/lib/python3.8/site-packages/airflow/example_dags/example_local_kubernetes_executor.py for tasks to queue
[2026-04-28T12:28:40.590+0000] {logging_mixin.py:188} INFO - [2026-04-28T12:28:40.590+0000] {dagbag.py:540} INFO - Filling up the DagBag from /home/airflow/.local/lib/python3.8/site-packages/airflow/example_dags/example_local_kubernetes_executor.py
[2026-04-28T12:28:40.600+0000] {processor.py:840} INFO - DAG(s) 'example_local_kubernetes_executor' retrieved from /home/airflow/.local/lib/python3.8/site-packages/airflow/example_dags/example_local_kubernetes_executor.py
[2026-04-28T12:28:40.639+0000] {logging_mixin.py:188} INFO - [2026-04-28T12:28:40.639+0000] {dag.py:3047} INFO - Sync 1 DAGs
[2026-04-28T12:28:40.654+0000] {logging_mixin.py:188} INFO - [2026-04-28T12:28:40.654+0000] {dag.py:3834} INFO - Setting next_dagrun for example_local_kubernetes_executor to None, run_after=None
[2026-04-28T12:28:40.671+0000] {processor.py:183} INFO - Processing /home/airflow/.local/lib/python3.8/site-packages/airflow/example_dags/example_local_kubernetes_executor.py took 0.088 seconds
[2026-04-28T12:29:11.271+0000] {processor.py:161} INFO - Started process (PID=1962) to work on /home/airflow/.local/lib/python3.8/site-packages/airflow/example_dags/example_local_kubernetes_executor.py
[2026-04-28T12:29:11.272+0000] {processor.py:830} INFO - Processing file /home/airflow/.local/lib/python3.8/site-packages/airflow/example_dags/example_local_kubernetes_executor.py for tasks to queue
[2026-04-28T12:29:11.274+0000] {logging_mixin.py:188} INFO - [2026-04-28T12:29:11.274+0000] {dagbag.py:540} INFO - Filling up the DagBag from /home/airflow/.local/lib/python3.8/site-packages/airflow/example_dags/example_local_kubernetes_executor.py
[2026-04-28T12:29:11.283+0000] {processor.py:840} INFO - DAG(s) 'example_local_kubernetes_executor' retrieved from /home/airflow/.local/lib/python3.8/site-packages/airflow/example_dags/example_local_kubernetes_executor.py
[2026-04-28T12:29:11.325+0000] {logging_mixin.py:188} INFO - [2026-04-28T12:29:11.325+0000] {dag.py:3047} INFO - Sync 1 DAGs
[2026-04-28T12:29:11.338+0000] {logging_mixin.py:188} INFO - [2026-04-28T12:29:11.338+0000] {dag.py:3834} INFO - Setting next_dagrun for example_local_kubernetes_executor to None, run_after=None
[2026-04-28T12:29:11.356+0000] {processor.py:183} INFO - Processing /home/airflow/.local/lib/python3.8/site-packages/airflow/example_dags/example_local_kubernetes_executor.py took 0.089 seconds
[2026-04-28T12:29:41.582+0000] {processor.py:161} INFO - Started process (PID=2018) to work on /home/airflow/.local/lib/python3.8/site-packages/airflow/example_dags/example_local_kubernetes_executor.py
[2026-04-28T12:29:41.583+0000] {processor.py:830} INFO - Processing file /home/airflow/.local/lib/python3.8/site-packages/airflow/example_dags/example_local_kubernetes_executor.py for tasks to queue
[2026-04-28T12:29:41.585+0000] {logging_mixin.py:188} INFO - [2026-04-28T12:29:41.585+0000] {dagbag.py:540} INFO - Filling up the DagBag from /home/airflow/.local/lib/python3.8/site-packages/airflow/example_dags/example_local_kubernetes_executor.py
[2026-04-28T12:29:41.594+0000] {processor.py:840} INFO - DAG(s) 'example_local_kubernetes_executor' retrieved from /home/airflow/.local/lib/python3.8/site-packages/airflow/example_dags/example_local_kubernetes_executor.py
[2026-04-28T12:29:41.632+0000] {logging_mixin.py:188} INFO - [2026-04-28T12:29:41.631+0000] {dag.py:3047} INFO - Sync 1 DAGs
[2026-04-28T12:29:41.645+0000] {logging_mixin.py:188} INFO - [2026-04-28T12:29:41.645+0000] {dag.py:3834} INFO - Setting next_dagrun for example_local_kubernetes_executor to None, run_after=None
[2026-04-28T12:29:41.661+0000] {processor.py:183} INFO - Processing /home/airflow/.local/lib/python3.8/site-packages/airflow/example_dags/example_local_kubernetes_executor.py took 0.083 seconds
[2026-04-28T12:30:11.995+0000] {processor.py:161} INFO - Started process (PID=2074) to work on /home/airflow/.local/lib/python3.8/site-packages/airflow/example_dags/example_local_kubernetes_executor.py
[2026-04-28T12:30:11.996+0000] {processor.py:830} INFO - Processing file /home/airflow/.local/lib/python3.8/site-packages/airflow/example_dags/example_local_kubernetes_executor.py for tasks to queue
[2026-04-28T12:30:11.998+0000] {logging_mixin.py:188} INFO - [2026-04-28T12:30:11.998+0000] {dagbag.py:540} INFO - Filling up the DagBag from /home/airflow/.local/lib/python3.8/site-packages/airflow/example_dags/example_local_kubernetes_executor.py
[2026-04-28T12:30:12.007+0000] {processor.py:840} INFO - DAG(s) 'example_local_kubernetes_executor' retrieved from /home/airflow/.local/lib/python3.8/site-packages/airflow/example_dags/example_local_kubernetes_executor.py
[2026-04-28T12:30:12.049+0000] {logging_mixin.py:188} INFO - [2026-04-28T12:30:12.049+0000] {dag.py:3047} INFO - Sync 1 DAGs
[2026-04-28T12:30:12.063+0000] {logging_mixin.py:188} INFO - [2026-04-28T12:30:12.063+0000] {dag.py:3834} INFO - Setting next_dagrun for example_local_kubernetes_executor to None, run_after=None
[2026-04-28T12:30:12.078+0000] {processor.py:183} INFO - Processing /home/airflow/.local/lib/python3.8/site-packages/airflow/example_dags/example_local_kubernetes_executor.py took 0.087 seconds
[2026-04-28T12:30:42.578+0000] {processor.py:161} INFO - Started process (PID=2130) to work on /home/airflow/.local/lib/python3.8/site-packages/airflow/example_dags/example_local_kubernetes_executor.py
[2026-04-28T12:30:42.579+0000] {processor.py:830} INFO - Processing file /home/airflow/.local/lib/python3.8/site-packages/airflow/example_dags/example_local_kubernetes_executor.py for tasks to queue
[2026-04-28T12:30:42.581+0000] {logging_mixin.py:188} INFO - [2026-04-28T12:30:42.581+0000] {dagbag.py:540} INFO - Filling up the DagBag from /home/airflow/.local/lib/python3.8/site-packages/airflow/example_dags/example_local_kubernetes_executor.py
[2026-04-28T12:30:42.590+0000] {processor.py:840} INFO - DAG(s) 'example_local_kubernetes_executor' retrieved from /home/airflow/.local/lib/python3.8/site-packages/airflow/example_dags/example_local_kubernetes_executor.py
[2026-04-28T12:30:42.830+0000] {logging_mixin.py:188} INFO - [2026-04-28T12:30:42.830+0000] {dag.py:3047} INFO - Sync 1 DAGs
[2026-04-28T12:30:42.842+0000] {logging_mixin.py:188} INFO - [2026-04-28T12:30:42.842+0000] {dag.py:3834} INFO - Setting next_dagrun for example_local_kubernetes_executor to None, run_after=None
[2026-04-28T12:30:42.857+0000] {processor.py:183} INFO - Processing /home/airflow/.local/lib/python3.8/site-packages/airflow/example_dags/example_local_kubernetes_executor.py took 0.283 seconds
[2026-04-28T12:31:13.058+0000] {processor.py:161} INFO - Started process (PID=2186) to work on /home/airflow/.local/lib/python3.8/site-packages/airflow/example_dags/example_local_kubernetes_executor.py
[2026-04-28T12:31:13.059+0000] {processor.py:830} INFO - Processing file /home/airflow/.local/lib/python3.8/site-packages/airflow/example_dags/example_local_kubernetes_executor.py for tasks to queue
[2026-04-28T12:31:13.061+0000] {logging_mixin.py:188} INFO - [2026-04-28T12:31:13.061+0000] {dagbag.py:540} INFO - Filling up the DagBag from /home/airflow/.local/lib/python3.8/site-packages/airflow/example_dags/example_local_kubernetes_executor.py
[2026-04-28T12:31:13.073+0000] {processor.py:840} INFO - DAG(s) 'example_local_kubernetes_executor' retrieved from /home/airflow/.local/lib/python3.8/site-packages/airflow/example_dags/example_local_kubernetes_executor.py
[2026-04-28T12:31:13.314+0000] {logging_mixin.py:188} INFO - [2026-04-28T12:31:13.314+0000] {dag.py:3047} INFO - Sync 1 DAGs
[2026-04-28T12:31:13.328+0000] {logging_mixin.py:188} INFO - [2026-04-28T12:31:13.328+0000] {dag.py:3834} INFO - Setting next_dagrun for example_local_kubernetes_executor to None, run_after=None
[2026-04-28T12:31:13.343+0000] {processor.py:183} INFO - Processing /home/airflow/.local/lib/python3.8/site-packages/airflow/example_dags/example_local_kubernetes_executor.py took 0.289 seconds
[2026-04-28T12:31:43.581+0000] {processor.py:161} INFO - Started process (PID=2241) to work on /home/airflow/.local/lib/python3.8/site-packages/airflow/example_dags/example_local_kubernetes_executor.py
[2026-04-28T12:31:43.582+0000] {processor.py:830} INFO - Processing file /home/airflow/.local/lib/python3.8/site-packages/airflow/example_dags/example_local_kubernetes_executor.py for tasks to queue
[2026-04-28T12:31:43.584+0000] {logging_mixin.py:188} INFO - [2026-04-28T12:31:43.584+0000] {dagbag.py:540} INFO - Filling up the DagBag from /home/airflow/.local/lib/python3.8/site-packages/airflow/example_dags/example_local_kubernetes_executor.py
[2026-04-28T12:31:43.593+0000] {processor.py:840} INFO - DAG(s) 'example_local_kubernetes_executor' retrieved from /home/airflow/.local/lib/python3.8/site-packages/airflow/example_dags/example_local_kubernetes_executor.py
[2026-04-28T12:31:43.636+0000] {logging_mixin.py:188} INFO - [2026-04-28T12:31:43.636+0000] {dag.py:3047} INFO - Sync 1 DAGs
[2026-04-28T12:31:43.651+0000] {logging_mixin.py:188} INFO - [2026-04-28T12:31:43.651+0000] {dag.py:3834} INFO - Setting next_dagrun for example_local_kubernetes_executor to None, run_after=None
[2026-04-28T12:31:43.665+0000] {processor.py:183} INFO - Processing /home/airflow/.local/lib/python3.8/site-packages/airflow/example_dags/example_local_kubernetes_executor.py took 0.088 seconds
[2026-04-28T12:32:14.254+0000] {processor.py:161} INFO - Started process (PID=2297) to work on /home/airflow/.local/lib/python3.8/site-packages/airflow/example_dags/example_local_kubernetes_executor.py
[2026-04-28T12:32:14.255+0000] {processor.py:830} INFO - Processing file /home/airflow/.local/lib/python3.8/site-packages/airflow/example_dags/example_local_kubernetes_executor.py for tasks to queue
[2026-04-28T12:32:14.257+0000] {logging_mixin.py:188} INFO - [2026-04-28T12:32:14.257+0000] {dagbag.py:540} INFO - Filling up the DagBag from /home/airflow/.local/lib/python3.8/site-packages/airflow/example_dags/example_local_kubernetes_executor.py
[2026-04-28T12:32:14.266+0000] {processor.py:840} INFO - DAG(s) 'example_local_kubernetes_executor' retrieved from /home/airflow/.local/lib/python3.8/site-packages/airflow/example_dags/example_local_kubernetes_executor.py
[2026-04-28T12:32:14.309+0000] {logging_mixin.py:188} INFO - [2026-04-28T12:32:14.309+0000] {dag.py:3047} INFO - Sync 1 DAGs
[2026-04-28T12:32:14.324+0000] {logging_mixin.py:188} INFO - [2026-04-28T12:32:14.324+0000] {dag.py:3834} INFO - Setting next_dagrun for example_local_kubernetes_executor to None, run_after=None
[2026-04-28T12:32:14.338+0000] {processor.py:183} INFO - Processing /home/airflow/.local/lib/python3.8/site-packages/airflow/example_dags/example_local_kubernetes_executor.py took 0.088 seconds
[2026-04-28T12:32:45.096+0000] {processor.py:161} INFO - Started process (PID=2355) to work on /home/airflow/.local/lib/python3.8/site-packages/airflow/example_dags/example_local_kubernetes_executor.py
[2026-04-28T12:32:45.097+0000] {processor.py:830} INFO - Processing file /home/airflow/.local/lib/python3.8/site-packages/airflow/example_dags/example_local_kubernetes_executor.py for tasks to queue
[2026-04-28T12:32:45.099+0000] {logging_mixin.py:188} INFO - [2026-04-28T12:32:45.099+0000] {dagbag.py:540} INFO - Filling up the DagBag from /home/airflow/.local/lib/python3.8/site-packages/airflow/example_dags/example_local_kubernetes_executor.py
[2026-04-28T12:32:45.109+0000] {processor.py:840} INFO - DAG(s) 'example_local_kubernetes_executor' retrieved from /home/airflow/.local/lib/python3.8/site-packages/airflow/example_dags/example_local_kubernetes_executor.py
[2026-04-28T12:32:45.153+0000] {logging_mixin.py:188} INFO - [2026-04-28T12:32:45.153+0000] {dag.py:3047} INFO - Sync 1 DAGs
[2026-04-28T12:32:45.170+0000] {logging_mixin.py:188} INFO - [2026-04-28T12:32:45.170+0000] {dag.py:3834} INFO - Setting next_dagrun for example_local_kubernetes_executor to None, run_after=None
[2026-04-28T12:32:45.184+0000] {processor.py:183} INFO - Processing /home/airflow/.local/lib/python3.8/site-packages/airflow/example_dags/example_local_kubernetes_executor.py took 0.092 seconds
[2026-04-28T12:33:15.376+0000] {processor.py:161} INFO - Started process (PID=2411) to work on /home/airflow/.local/lib/python3.8/site-packages/airflow/example_dags/example_local_kubernetes_executor.py
[2026-04-28T12:33:15.377+0000] {processor.py:830} INFO - Processing file /home/airflow/.local/lib/python3.8/site-packages/airflow/example_dags/example_local_kubernetes_executor.py for tasks to queue
[2026-04-28T12:33:15.380+0000] {logging_mixin.py:188} INFO - [2026-04-28T12:33:15.379+0000] {dagbag.py:540} INFO - Filling up the DagBag from /home/airflow/.local/lib/python3.8/site-packages/airflow/example_dags/example_local_kubernetes_executor.py
[2026-04-28T12:33:15.404+0000] {processor.py:840} INFO - DAG(s) 'example_local_kubernetes_executor' retrieved from /home/airflow/.local/lib/python3.8/site-packages/airflow/example_dags/example_local_kubernetes_executor.py
[2026-04-28T12:33:15.478+0000] {logging_mixin.py:188} INFO - [2026-04-28T12:33:15.478+0000] {dag.py:3047} INFO - Sync 1 DAGs
[2026-04-28T12:33:15.510+0000] {logging_mixin.py:188} INFO - [2026-04-28T12:33:15.509+0000] {dag.py:3834} INFO - Setting next_dagrun for example_local_kubernetes_executor to None, run_after=None
[2026-04-28T12:33:15.540+0000] {processor.py:183} INFO - Processing /home/airflow/.local/lib/python3.8/site-packages/airflow/example_dags/example_local_kubernetes_executor.py took 0.170 seconds
[2026-04-28T12:33:45.872+0000] {processor.py:161} INFO - Started process (PID=2467) to work on /home/airflow/.local/lib/python3.8/site-packages/airflow/example_dags/example_local_kubernetes_executor.py
[2026-04-28T12:33:45.873+0000] {processor.py:830} INFO - Processing file /home/airflow/.local/lib/python3.8/site-packages/airflow/example_dags/example_local_kubernetes_executor.py for tasks to queue
[2026-04-28T12:33:45.875+0000] {logging_mixin.py:188} INFO - [2026-04-28T12:33:45.874+0000] {dagbag.py:540} INFO - Filling up the DagBag from /home/airflow/.local/lib/python3.8/site-packages/airflow/example_dags/example_local_kubernetes_executor.py
[2026-04-28T12:33:45.884+0000] {processor.py:840} INFO - DAG(s) 'example_local_kubernetes_executor' retrieved from /home/airflow/.local/lib/python3.8/site-packages/airflow/example_dags/example_local_kubernetes_executor.py
[2026-04-28T12:33:45.927+0000] {logging_mixin.py:188} INFO - [2026-04-28T12:33:45.927+0000] {dag.py:3047} INFO - Sync 1 DAGs
[2026-04-28T12:33:45.942+0000] {logging_mixin.py:188} INFO - [2026-04-28T12:33:45.942+0000] {dag.py:3834} INFO - Setting next_dagrun for example_local_kubernetes_executor to None, run_after=None
[2026-04-28T12:33:45.975+0000] {processor.py:183} INFO - Processing /home/airflow/.local/lib/python3.8/site-packages/airflow/example_dags/example_local_kubernetes_executor.py took 0.107 seconds
[2026-04-28T12:34:16.647+0000] {processor.py:161} INFO - Started process (PID=2523) to work on /home/airflow/.local/lib/python3.8/site-packages/airflow/example_dags/example_local_kubernetes_executor.py
[2026-04-28T12:34:16.660+0000] {processor.py:830} INFO - Processing file /home/airflow/.local/lib/python3.8/site-packages/airflow/example_dags/example_local_kubernetes_executor.py for tasks to queue
[2026-04-28T12:34:16.665+0000] {logging_mixin.py:188} INFO - [2026-04-28T12:34:16.664+0000] {dagbag.py:540} INFO - Filling up the DagBag from /home/airflow/.local/lib/python3.8/site-packages/airflow/example_dags/example_local_kubernetes_executor.py
[2026-04-28T12:34:16.691+0000] {processor.py:840} INFO - DAG(s) 'example_local_kubernetes_executor' retrieved from /home/airflow/.local/lib/python3.8/site-packages/airflow/example_dags/example_local_kubernetes_executor.py
[2026-04-28T12:34:16.729+0000] {logging_mixin.py:188} INFO - [2026-04-28T12:34:16.729+0000] {dag.py:3047} INFO - Sync 1 DAGs
[2026-04-28T12:34:16.820+0000] {logging_mixin.py:188} INFO - [2026-04-28T12:34:16.820+0000] {dag.py:3834} INFO - Setting next_dagrun for example_local_kubernetes_executor to None, run_after=None
[2026-04-28T12:34:16.985+0000] {processor.py:183} INFO - Processing /home/airflow/.local/lib/python3.8/site-packages/airflow/example_dags/example_local_kubernetes_executor.py took 0.351 seconds
[2026-04-28T12:34:47.766+0000] {processor.py:161} INFO - Started process (PID=2579) to work on /home/airflow/.local/lib/python3.8/site-packages/airflow/example_dags/example_local_kubernetes_executor.py
[2026-04-28T12:34:47.768+0000] {processor.py:830} INFO - Processing file /home/airflow/.local/lib/python3.8/site-packages/airflow/example_dags/example_local_kubernetes_executor.py for tasks to queue
[2026-04-28T12:34:47.774+0000] {logging_mixin.py:188} INFO - [2026-04-28T12:34:47.770+0000] {dagbag.py:540} INFO - Filling up the DagBag from /home/airflow/.local/lib/python3.8/site-packages/airflow/example_dags/example_local_kubernetes_executor.py
[2026-04-28T12:34:47.792+0000] {processor.py:840} INFO - DAG(s) 'example_local_kubernetes_executor' retrieved from /home/airflow/.local/lib/python3.8/site-packages/airflow/example_dags/example_local_kubernetes_executor.py
[2026-04-28T12:34:47.865+0000] {logging_mixin.py:188} INFO - [2026-04-28T12:34:47.865+0000] {dag.py:3047} INFO - Sync 1 DAGs
[2026-04-28T12:34:47.881+0000] {logging_mixin.py:188} INFO - [2026-04-28T12:34:47.881+0000] {dag.py:3834} INFO - Setting next_dagrun for example_local_kubernetes_executor to None, run_after=None
[2026-04-28T12:34:47.901+0000] {processor.py:183} INFO - Processing /home/airflow/.local/lib/python3.8/site-packages/airflow/example_dags/example_local_kubernetes_executor.py took 0.141 seconds
[2026-04-28T12:35:18.209+0000] {processor.py:161} INFO - Started process (PID=2635) to work on /home/airflow/.local/lib/python3.8/site-packages/airflow/example_dags/example_local_kubernetes_executor.py
[2026-04-28T12:35:18.210+0000] {processor.py:830} INFO - Processing file /home/airflow/.local/lib/python3.8/site-packages/airflow/example_dags/example_local_kubernetes_executor.py for tasks to queue
[2026-04-28T12:35:18.212+0000] {logging_mixin.py:188} INFO - [2026-04-28T12:35:18.212+0000] {dagbag.py:540} INFO - Filling up the DagBag from /home/airflow/.local/lib/python3.8/site-packages/airflow/example_dags/example_local_kubernetes_executor.py
[2026-04-28T12:35:18.221+0000] {processor.py:840} INFO - DAG(s) 'example_local_kubernetes_executor' retrieved from /home/airflow/.local/lib/python3.8/site-packages/airflow/example_dags/example_local_kubernetes_executor.py
[2026-04-28T12:35:18.260+0000] {logging_mixin.py:188} INFO - [2026-04-28T12:35:18.260+0000] {dag.py:3047} INFO - Sync 1 DAGs
[2026-04-28T12:35:18.273+0000] {logging_mixin.py:188} INFO - [2026-04-28T12:35:18.273+0000] {dag.py:3834} INFO - Setting next_dagrun for example_local_kubernetes_executor to None, run_after=None
[2026-04-28T12:35:18.295+0000] {processor.py:183} INFO - Processing /home/airflow/.local/lib/python3.8/site-packages/airflow/example_dags/example_local_kubernetes_executor.py took 0.090 seconds
[2026-04-28T12:35:48.744+0000] {processor.py:161} INFO - Started process (PID=2690) to work on /home/airflow/.local/lib/python3.8/site-packages/airflow/example_dags/example_local_kubernetes_executor.py
[2026-04-28T12:35:48.746+0000] {processor.py:830} INFO - Processing file /home/airflow/.local/lib/python3.8/site-packages/airflow/example_dags/example_local_kubernetes_executor.py for tasks to queue
[2026-04-28T12:35:48.748+0000] {logging_mixin.py:188} INFO - [2026-04-28T12:35:48.748+0000] {dagbag.py:540} INFO - Filling up the DagBag from /home/airflow/.local/lib/python3.8/site-packages/airflow/example_dags/example_local_kubernetes_executor.py
[2026-04-28T12:35:48.764+0000] {processor.py:840} INFO - DAG(s) 'example_local_kubernetes_executor' retrieved from /home/airflow/.local/lib/python3.8/site-packages/airflow/example_dags/example_local_kubernetes_executor.py
[2026-04-28T12:35:48.815+0000] {logging_mixin.py:188} INFO - [2026-04-28T12:35:48.815+0000] {dag.py:3047} INFO - Sync 1 DAGs
[2026-04-28T12:35:48.828+0000] {logging_mixin.py:188} INFO - [2026-04-28T12:35:48.828+0000] {dag.py:3834} INFO - Setting next_dagrun for example_local_kubernetes_executor to None, run_after=None
[2026-04-28T12:35:48.844+0000] {processor.py:183} INFO - Processing /home/airflow/.local/lib/python3.8/site-packages/airflow/example_dags/example_local_kubernetes_executor.py took 0.105 seconds
[2026-04-28T12:36:19.163+0000] {processor.py:161} INFO - Started process (PID=2746) to work on /home/airflow/.local/lib/python3.8/site-packages/airflow/example_dags/example_local_kubernetes_executor.py
[2026-04-28T12:36:19.164+0000] {processor.py:830} INFO - Processing file /home/airflow/.local/lib/python3.8/site-packages/airflow/example_dags/example_local_kubernetes_executor.py for tasks to queue
[2026-04-28T12:36:19.166+0000] {logging_mixin.py:188} INFO - [2026-04-28T12:36:19.166+0000] {dagbag.py:540} INFO - Filling up the DagBag from /home/airflow/.local/lib/python3.8/site-packages/airflow/example_dags/example_local_kubernetes_executor.py
[2026-04-28T12:36:19.175+0000] {processor.py:840} INFO - DAG(s) 'example_local_kubernetes_executor' retrieved from /home/airflow/.local/lib/python3.8/site-packages/airflow/example_dags/example_local_kubernetes_executor.py
[2026-04-28T12:36:19.213+0000] {logging_mixin.py:188} INFO - [2026-04-28T12:36:19.213+0000] {dag.py:3047} INFO - Sync 1 DAGs
[2026-04-28T12:36:19.226+0000] {logging_mixin.py:188} INFO - [2026-04-28T12:36:19.225+0000] {dag.py:3834} INFO - Setting next_dagrun for example_local_kubernetes_executor to None, run_after=None
[2026-04-28T12:36:19.242+0000] {processor.py:183} INFO - Processing /home/airflow/.local/lib/python3.8/site-packages/airflow/example_dags/example_local_kubernetes_executor.py took 0.083 seconds
[2026-04-28T12:36:49.718+0000] {processor.py:161} INFO - Started process (PID=2802) to work on /home/airflow/.local/lib/python3.8/site-packages/airflow/example_dags/example_local_kubernetes_executor.py
[2026-04-28T12:36:49.719+0000] {processor.py:830} INFO - Processing file /home/airflow/.local/lib/python3.8/site-packages/airflow/example_dags/example_local_kubernetes_executor.py for tasks to queue
[2026-04-28T12:36:49.722+0000] {logging_mixin.py:188} INFO - [2026-04-28T12:36:49.721+0000] {dagbag.py:540} INFO - Filling up the DagBag from /home/airflow/.local/lib/python3.8/site-packages/airflow/example_dags/example_local_kubernetes_executor.py
[2026-04-28T12:36:49.731+0000] {processor.py:840} INFO - DAG(s) 'example_local_kubernetes_executor' retrieved from /home/airflow/.local/lib/python3.8/site-packages/airflow/example_dags/example_local_kubernetes_executor.py
[2026-04-28T12:36:49.769+0000] {logging_mixin.py:188} INFO - [2026-04-28T12:36:49.769+0000] {dag.py:3047} INFO - Sync 1 DAGs
[2026-04-28T12:36:49.782+0000] {logging_mixin.py:188} INFO - [2026-04-28T12:36:49.782+0000] {dag.py:3834} INFO - Setting next_dagrun for example_local_kubernetes_executor to None, run_after=None
[2026-04-28T12:36:49.798+0000] {processor.py:183} INFO - Processing /home/airflow/.local/lib/python3.8/site-packages/airflow/example_dags/example_local_kubernetes_executor.py took 0.085 seconds
[2026-04-28T12:37:20.524+0000] {processor.py:161} INFO - Started process (PID=2858) to work on /home/airflow/.local/lib/python3.8/site-packages/airflow/example_dags/example_local_kubernetes_executor.py
[2026-04-28T12:37:20.525+0000] {processor.py:830} INFO - Processing file /home/airflow/.local/lib/python3.8/site-packages/airflow/example_dags/example_local_kubernetes_executor.py for tasks to queue
[2026-04-28T12:37:20.527+0000] {logging_mixin.py:188} INFO - [2026-04-28T12:37:20.527+0000] {dagbag.py:540} INFO - Filling up the DagBag from /home/airflow/.local/lib/python3.8/site-packages/airflow/example_dags/example_local_kubernetes_executor.py
[2026-04-28T12:37:20.536+0000] {processor.py:840} INFO - DAG(s) 'example_local_kubernetes_executor' retrieved from /home/airflow/.local/lib/python3.8/site-packages/airflow/example_dags/example_local_kubernetes_executor.py
[2026-04-28T12:37:20.574+0000] {logging_mixin.py:188} INFO - [2026-04-28T12:37:20.574+0000] {dag.py:3047} INFO - Sync 1 DAGs
[2026-04-28T12:37:20.588+0000] {logging_mixin.py:188} INFO - [2026-04-28T12:37:20.588+0000] {dag.py:3834} INFO - Setting next_dagrun for example_local_kubernetes_executor to None, run_after=None
[2026-04-28T12:37:20.606+0000] {processor.py:183} INFO - Processing /home/airflow/.local/lib/python3.8/site-packages/airflow/example_dags/example_local_kubernetes_executor.py took 0.085 seconds
[2026-04-28T12:37:51.235+0000] {processor.py:161} INFO - Started process (PID=2914) to work on /home/airflow/.local/lib/python3.8/site-packages/airflow/example_dags/example_local_kubernetes_executor.py
[2026-04-28T12:37:51.236+0000] {processor.py:830} INFO - Processing file /home/airflow/.local/lib/python3.8/site-packages/airflow/example_dags/example_local_kubernetes_executor.py for tasks to queue
[2026-04-28T12:37:51.244+0000] {logging_mixin.py:188} INFO - [2026-04-28T12:37:51.244+0000] {dagbag.py:540} INFO - Filling up the DagBag from /home/airflow/.local/lib/python3.8/site-packages/airflow/example_dags/example_local_kubernetes_executor.py
[2026-04-28T12:37:51.266+0000] {processor.py:840} INFO - DAG(s) 'example_local_kubernetes_executor' retrieved from /home/airflow/.local/lib/python3.8/site-packages/airflow/example_dags/example_local_kubernetes_executor.py
[2026-04-28T12:37:51.323+0000] {logging_mixin.py:188} INFO - [2026-04-28T12:37:51.322+0000] {dag.py:3047} INFO - Sync 1 DAGs
[2026-04-28T12:37:51.335+0000] {logging_mixin.py:188} INFO - [2026-04-28T12:37:51.335+0000] {dag.py:3834} INFO - Setting next_dagrun for example_local_kubernetes_executor to None, run_after=None
[2026-04-28T12:37:51.352+0000] {processor.py:183} INFO - Processing /home/airflow/.local/lib/python3.8/site-packages/airflow/example_dags/example_local_kubernetes_executor.py took 0.131 seconds
[2026-04-28T12:38:21.948+0000] {processor.py:161} INFO - Started process (PID=2970) to work on /home/airflow/.local/lib/python3.8/site-packages/airflow/example_dags/example_local_kubernetes_executor.py
[2026-04-28T12:38:21.949+0000] {processor.py:830} INFO - Processing file /home/airflow/.local/lib/python3.8/site-packages/airflow/example_dags/example_local_kubernetes_executor.py for tasks to queue
[2026-04-28T12:38:21.951+0000] {logging_mixin.py:188} INFO - [2026-04-28T12:38:21.951+0000] {dagbag.py:540} INFO - Filling up the DagBag from /home/airflow/.local/lib/python3.8/site-packages/airflow/example_dags/example_local_kubernetes_executor.py
[2026-04-28T12:38:21.960+0000] {processor.py:840} INFO - DAG(s) 'example_local_kubernetes_executor' retrieved from /home/airflow/.local/lib/python3.8/site-packages/airflow/example_dags/example_local_kubernetes_executor.py
[2026-04-28T12:38:21.998+0000] {logging_mixin.py:188} INFO - [2026-04-28T12:38:21.998+0000] {dag.py:3047} INFO - Sync 1 DAGs
[2026-04-28T12:38:22.013+0000] {logging_mixin.py:188} INFO - [2026-04-28T12:38:22.013+0000] {dag.py:3834} INFO - Setting next_dagrun for example_local_kubernetes_executor to None, run_after=None
[2026-04-28T12:38:22.039+0000] {processor.py:183} INFO - Processing /home/airflow/.local/lib/python3.8/site-packages/airflow/example_dags/example_local_kubernetes_executor.py took 0.095 seconds
[2026-04-28T12:38:52.501+0000] {processor.py:161} INFO - Started process (PID=3026) to work on /home/airflow/.local/lib/python3.8/site-packages/airflow/example_dags/example_local_kubernetes_executor.py
[2026-04-28T12:38:52.508+0000] {processor.py:830} INFO - Processing file /home/airflow/.local/lib/python3.8/site-packages/airflow/example_dags/example_local_kubernetes_executor.py for tasks to queue
[2026-04-28T12:38:52.513+0000] {logging_mixin.py:188} INFO - [2026-04-28T12:38:52.513+0000] {dagbag.py:540} INFO - Filling up the DagBag from /home/airflow/.local/lib/python3.8/site-packages/airflow/example_dags/example_local_kubernetes_executor.py
[2026-04-28T12:38:52.525+0000] {processor.py:840} INFO - DAG(s) 'example_local_kubernetes_executor' retrieved from /home/airflow/.local/lib/python3.8/site-packages/airflow/example_dags/example_local_kubernetes_executor.py
[2026-04-28T12:38:52.563+0000] {logging_mixin.py:188} INFO - [2026-04-28T12:38:52.563+0000] {dag.py:3047} INFO - Sync 1 DAGs
[2026-04-28T12:38:52.577+0000] {logging_mixin.py:188} INFO - [2026-04-28T12:38:52.577+0000] {dag.py:3834} INFO - Setting next_dagrun for example_local_kubernetes_executor to None, run_after=None
[2026-04-28T12:38:52.594+0000] {processor.py:183} INFO - Processing /home/airflow/.local/lib/python3.8/site-packages/airflow/example_dags/example_local_kubernetes_executor.py took 0.100 seconds
[2026-04-28T12:39:22.910+0000] {processor.py:161} INFO - Started process (PID=3082) to work on /home/airflow/.local/lib/python3.8/site-packages/airflow/example_dags/example_local_kubernetes_executor.py
[2026-04-28T12:39:22.911+0000] {processor.py:830} INFO - Processing file /home/airflow/.local/lib/python3.8/site-packages/airflow/example_dags/example_local_kubernetes_executor.py for tasks to queue
[2026-04-28T12:39:22.913+0000] {logging_mixin.py:188} INFO - [2026-04-28T12:39:22.913+0000] {dagbag.py:540} INFO - Filling up the DagBag from /home/airflow/.local/lib/python3.8/site-packages/airflow/example_dags/example_local_kubernetes_executor.py
[2026-04-28T12:39:22.922+0000] {processor.py:840} INFO - DAG(s) 'example_local_kubernetes_executor' retrieved from /home/airflow/.local/lib/python3.8/site-packages/airflow/example_dags/example_local_kubernetes_executor.py
[2026-04-28T12:39:22.961+0000] {logging_mixin.py:188} INFO - [2026-04-28T12:39:22.960+0000] {dag.py:3047} INFO - Sync 1 DAGs
[2026-04-28T12:39:22.974+0000] {logging_mixin.py:188} INFO - [2026-04-28T12:39:22.974+0000] {dag.py:3834} INFO - Setting next_dagrun for example_local_kubernetes_executor to None, run_after=None
[2026-04-28T12:39:22.997+0000] {processor.py:183} INFO - Processing /home/airflow/.local/lib/python3.8/site-packages/airflow/example_dags/example_local_kubernetes_executor.py took 0.091 seconds
[2026-04-28T12:39:53.470+0000] {processor.py:161} INFO - Started process (PID=3138) to work on /home/airflow/.local/lib/python3.8/site-packages/airflow/example_dags/example_local_kubernetes_executor.py
[2026-04-28T12:39:53.471+0000] {processor.py:830} INFO - Processing file /home/airflow/.local/lib/python3.8/site-packages/airflow/example_dags/example_local_kubernetes_executor.py for tasks to queue
[2026-04-28T12:39:53.473+0000] {logging_mixin.py:188} INFO - [2026-04-28T12:39:53.473+0000] {dagbag.py:540} INFO - Filling up the DagBag from /home/airflow/.local/lib/python3.8/site-packages/airflow/example_dags/example_local_kubernetes_executor.py
[2026-04-28T12:39:53.482+0000] {processor.py:840} INFO - DAG(s) 'example_local_kubernetes_executor' retrieved from /home/airflow/.local/lib/python3.8/site-packages/airflow/example_dags/example_local_kubernetes_executor.py
[2026-04-28T12:39:53.521+0000] {logging_mixin.py:188} INFO - [2026-04-28T12:39:53.521+0000] {dag.py:3047} INFO - Sync 1 DAGs
[2026-04-28T12:39:53.534+0000] {logging_mixin.py:188} INFO - [2026-04-28T12:39:53.534+0000] {dag.py:3834} INFO - Setting next_dagrun for example_local_kubernetes_executor to None, run_after=None
[2026-04-28T12:39:53.550+0000] {processor.py:183} INFO - Processing /home/airflow/.local/lib/python3.8/site-packages/airflow/example_dags/example_local_kubernetes_executor.py took 0.084 seconds
[2026-04-28T12:40:23.849+0000] {processor.py:161} INFO - Started process (PID=3194) to work on /home/airflow/.local/lib/python3.8/site-packages/airflow/example_dags/example_local_kubernetes_executor.py
[2026-04-28T12:40:23.851+0000] {processor.py:830} INFO - Processing file /home/airflow/.local/lib/python3.8/site-packages/airflow/example_dags/example_local_kubernetes_executor.py for tasks to queue
[2026-04-28T12:40:23.856+0000] {logging_mixin.py:188} INFO - [2026-04-28T12:40:23.856+0000] {dagbag.py:540} INFO - Filling up the DagBag from /home/airflow/.local/lib/python3.8/site-packages/airflow/example_dags/example_local_kubernetes_executor.py
[2026-04-28T12:40:23.867+0000] {processor.py:840} INFO - DAG(s) 'example_local_kubernetes_executor' retrieved from /home/airflow/.local/lib/python3.8/site-packages/airflow/example_dags/example_local_kubernetes_executor.py
[2026-04-28T12:40:23.904+0000] {logging_mixin.py:188} INFO - [2026-04-28T12:40:23.904+0000] {dag.py:3047} INFO - Sync 1 DAGs
[2026-04-28T12:40:23.917+0000] {logging_mixin.py:188} INFO - [2026-04-28T12:40:23.917+0000] {dag.py:3834} INFO - Setting next_dagrun for example_local_kubernetes_executor to None, run_after=None
[2026-04-28T12:40:23.934+0000] {processor.py:183} INFO - Processing /home/airflow/.local/lib/python3.8/site-packages/airflow/example_dags/example_local_kubernetes_executor.py took 0.093 seconds
[2026-04-28T12:40:54.833+0000] {processor.py:161} INFO - Started process (PID=3250) to work on /home/airflow/.local/lib/python3.8/site-packages/airflow/example_dags/example_local_kubernetes_executor.py
[2026-04-28T12:40:54.834+0000] {processor.py:830} INFO - Processing file /home/airflow/.local/lib/python3.8/site-packages/airflow/example_dags/example_local_kubernetes_executor.py for tasks to queue
[2026-04-28T12:40:54.836+0000] {logging_mixin.py:188} INFO - [2026-04-28T12:40:54.835+0000] {dagbag.py:540} INFO - Filling up the DagBag from /home/airflow/.local/lib/python3.8/site-packages/airflow/example_dags/example_local_kubernetes_executor.py
[2026-04-28T12:40:54.846+0000] {processor.py:840} INFO - DAG(s) 'example_local_kubernetes_executor' retrieved from /home/airflow/.local/lib/python3.8/site-packages/airflow/example_dags/example_local_kubernetes_executor.py
[2026-04-28T12:40:54.884+0000] {logging_mixin.py:188} INFO - [2026-04-28T12:40:54.884+0000] {dag.py:3047} INFO - Sync 1 DAGs
[2026-04-28T12:40:54.898+0000] {logging_mixin.py:188} INFO - [2026-04-28T12:40:54.898+0000] {dag.py:3834} INFO - Setting next_dagrun for example_local_kubernetes_executor to None, run_after=None
[2026-04-28T12:40:54.914+0000] {processor.py:183} INFO - Processing /home/airflow/.local/lib/python3.8/site-packages/airflow/example_dags/example_local_kubernetes_executor.py took 0.085 seconds
[2026-04-28T12:41:25.237+0000] {processor.py:161} INFO - Started process (PID=3306) to work on /home/airflow/.local/lib/python3.8/site-packages/airflow/example_dags/example_local_kubernetes_executor.py
[2026-04-28T12:41:25.238+0000] {processor.py:830} INFO - Processing file /home/airflow/.local/lib/python3.8/site-packages/airflow/example_dags/example_local_kubernetes_executor.py for tasks to queue
[2026-04-28T12:41:25.240+0000] {logging_mixin.py:188} INFO - [2026-04-28T12:41:25.240+0000] {dagbag.py:540} INFO - Filling up the DagBag from /home/airflow/.local/lib/python3.8/site-packages/airflow/example_dags/example_local_kubernetes_executor.py
[2026-04-28T12:41:25.249+0000] {processor.py:840} INFO - DAG(s) 'example_local_kubernetes_executor' retrieved from /home/airflow/.local/lib/python3.8/site-packages/airflow/example_dags/example_local_kubernetes_executor.py
[2026-04-28T12:41:25.289+0000] {logging_mixin.py:188} INFO - [2026-04-28T12:41:25.289+0000] {dag.py:3047} INFO - Sync 1 DAGs
[2026-04-28T12:41:25.302+0000] {logging_mixin.py:188} INFO - [2026-04-28T12:41:25.301+0000] {dag.py:3834} INFO - Setting next_dagrun for example_local_kubernetes_executor to None, run_after=None
[2026-04-28T12:41:25.318+0000] {processor.py:183} INFO - Processing /home/airflow/.local/lib/python3.8/site-packages/airflow/example_dags/example_local_kubernetes_executor.py took 0.085 seconds
[2026-04-28T12:41:55.724+0000] {processor.py:161} INFO - Started process (PID=3362) to work on /home/airflow/.local/lib/python3.8/site-packages/airflow/example_dags/example_local_kubernetes_executor.py
[2026-04-28T12:41:55.725+0000] {processor.py:830} INFO - Processing file /home/airflow/.local/lib/python3.8/site-packages/airflow/example_dags/example_local_kubernetes_executor.py for tasks to queue
[2026-04-28T12:41:55.727+0000] {logging_mixin.py:188} INFO - [2026-04-28T12:41:55.727+0000] {dagbag.py:540} INFO - Filling up the DagBag from /home/airflow/.local/lib/python3.8/site-packages/airflow/example_dags/example_local_kubernetes_executor.py
[2026-04-28T12:41:55.736+0000] {processor.py:840} INFO - DAG(s) 'example_local_kubernetes_executor' retrieved from /home/airflow/.local/lib/python3.8/site-packages/airflow/example_dags/example_local_kubernetes_executor.py
[2026-04-28T12:41:55.774+0000] {logging_mixin.py:188} INFO - [2026-04-28T12:41:55.773+0000] {dag.py:3047} INFO - Sync 1 DAGs
[2026-04-28T12:41:55.788+0000] {logging_mixin.py:188} INFO - [2026-04-28T12:41:55.787+0000] {dag.py:3834} INFO - Setting next_dagrun for example_local_kubernetes_executor to None, run_after=None
[2026-04-28T12:41:55.805+0000] {processor.py:183} INFO - Processing /home/airflow/.local/lib/python3.8/site-packages/airflow/example_dags/example_local_kubernetes_executor.py took 0.084 seconds
[2026-04-28T12:42:26.546+0000] {processor.py:161} INFO - Started process (PID=3418) to work on /home/airflow/.local/lib/python3.8/site-packages/airflow/example_dags/example_local_kubernetes_executor.py
[2026-04-28T12:42:26.549+0000] {processor.py:830} INFO - Processing file /home/airflow/.local/lib/python3.8/site-packages/airflow/example_dags/example_local_kubernetes_executor.py for tasks to queue
[2026-04-28T12:42:26.554+0000] {logging_mixin.py:188} INFO - [2026-04-28T12:42:26.553+0000] {dagbag.py:540} INFO - Filling up the DagBag from /home/airflow/.local/lib/python3.8/site-packages/airflow/example_dags/example_local_kubernetes_executor.py
[2026-04-28T12:42:26.570+0000] {processor.py:840} INFO - DAG(s) 'example_local_kubernetes_executor' retrieved from /home/airflow/.local/lib/python3.8/site-packages/airflow/example_dags/example_local_kubernetes_executor.py
[2026-04-28T12:42:26.668+0000] {logging_mixin.py:188} INFO - [2026-04-28T12:42:26.668+0000] {dag.py:3047} INFO - Sync 1 DAGs
[2026-04-28T12:42:26.698+0000] {logging_mixin.py:188} INFO - [2026-04-28T12:42:26.695+0000] {dag.py:3834} INFO - Setting next_dagrun for example_local_kubernetes_executor to None, run_after=None
[2026-04-28T12:42:26.780+0000] {processor.py:183} INFO - Processing /home/airflow/.local/lib/python3.8/site-packages/airflow/example_dags/example_local_kubernetes_executor.py took 0.252 seconds
[2026-04-28T12:42:57.006+0000] {processor.py:161} INFO - Started process (PID=3474) to work on /home/airflow/.local/lib/python3.8/site-packages/airflow/example_dags/example_local_kubernetes_executor.py
[2026-04-28T12:42:57.007+0000] {processor.py:830} INFO - Processing file /home/airflow/.local/lib/python3.8/site-packages/airflow/example_dags/example_local_kubernetes_executor.py for tasks to queue
[2026-04-28T12:42:57.009+0000] {logging_mixin.py:188} INFO - [2026-04-28T12:42:57.009+0000] {dagbag.py:540} INFO - Filling up the DagBag from /home/airflow/.local/lib/python3.8/site-packages/airflow/example_dags/example_local_kubernetes_executor.py
[2026-04-28T12:42:57.025+0000] {processor.py:840} INFO - DAG(s) 'example_local_kubernetes_executor' retrieved from /home/airflow/.local/lib/python3.8/site-packages/airflow/example_dags/example_local_kubernetes_executor.py
[2026-04-28T12:42:57.088+0000] {logging_mixin.py:188} INFO - [2026-04-28T12:42:57.088+0000] {dag.py:3047} INFO - Sync 1 DAGs
[2026-04-28T12:42:57.105+0000] {logging_mixin.py:188} INFO - [2026-04-28T12:42:57.104+0000] {dag.py:3834} INFO - Setting next_dagrun for example_local_kubernetes_executor to None, run_after=None
[2026-04-28T12:42:57.122+0000] {processor.py:183} INFO - Processing /home/airflow/.local/lib/python3.8/site-packages/airflow/example_dags/example_local_kubernetes_executor.py took 0.120 seconds
[2026-04-28T12:43:27.476+0000] {processor.py:161} INFO - Started process (PID=3530) to work on /home/airflow/.local/lib/python3.8/site-packages/airflow/example_dags/example_local_kubernetes_executor.py
[2026-04-28T12:43:27.477+0000] {processor.py:830} INFO - Processing file /home/airflow/.local/lib/python3.8/site-packages/airflow/example_dags/example_local_kubernetes_executor.py for tasks to queue
[2026-04-28T12:43:27.479+0000] {logging_mixin.py:188} INFO - [2026-04-28T12:43:27.479+0000] {dagbag.py:540} INFO - Filling up the DagBag from /home/airflow/.local/lib/python3.8/site-packages/airflow/example_dags/example_local_kubernetes_executor.py
[2026-04-28T12:43:27.488+0000] {processor.py:840} INFO - DAG(s) 'example_local_kubernetes_executor' retrieved from /home/airflow/.local/lib/python3.8/site-packages/airflow/example_dags/example_local_kubernetes_executor.py
[2026-04-28T12:43:27.528+0000] {logging_mixin.py:188} INFO - [2026-04-28T12:43:27.528+0000] {dag.py:3047} INFO - Sync 1 DAGs
[2026-04-28T12:43:27.544+0000] {logging_mixin.py:188} INFO - [2026-04-28T12:43:27.544+0000] {dag.py:3834} INFO - Setting next_dagrun for example_local_kubernetes_executor to None, run_after=None
[2026-04-28T12:43:27.562+0000] {processor.py:183} INFO - Processing /home/airflow/.local/lib/python3.8/site-packages/airflow/example_dags/example_local_kubernetes_executor.py took 0.092 seconds
[2026-04-28T12:43:57.603+0000] {processor.py:161} INFO - Started process (PID=3585) to work on /home/airflow/.local/lib/python3.8/site-packages/airflow/example_dags/example_local_kubernetes_executor.py
[2026-04-28T12:43:57.604+0000] {processor.py:830} INFO - Processing file /home/airflow/.local/lib/python3.8/site-packages/airflow/example_dags/example_local_kubernetes_executor.py for tasks to queue
[2026-04-28T12:43:57.605+0000] {logging_mixin.py:188} INFO - [2026-04-28T12:43:57.605+0000] {dagbag.py:540} INFO - Filling up the DagBag from /home/airflow/.local/lib/python3.8/site-packages/airflow/example_dags/example_local_kubernetes_executor.py
[2026-04-28T12:43:57.612+0000] {processor.py:840} INFO - DAG(s) 'example_local_kubernetes_executor' retrieved from /home/airflow/.local/lib/python3.8/site-packages/airflow/example_dags/example_local_kubernetes_executor.py
[2026-04-28T12:43:57.644+0000] {logging_mixin.py:188} INFO - [2026-04-28T12:43:57.644+0000] {dag.py:3047} INFO - Sync 1 DAGs
[2026-04-28T12:43:57.654+0000] {logging_mixin.py:188} INFO - [2026-04-28T12:43:57.654+0000] {dag.py:3834} INFO - Setting next_dagrun for example_local_kubernetes_executor to None, run_after=None
[2026-04-28T12:43:57.667+0000] {processor.py:183} INFO - Processing /home/airflow/.local/lib/python3.8/site-packages/airflow/example_dags/example_local_kubernetes_executor.py took 0.067 seconds
[2026-04-28T12:44:28.437+0000] {processor.py:161} INFO - Started process (PID=3641) to work on /home/airflow/.local/lib/python3.8/site-packages/airflow/example_dags/example_local_kubernetes_executor.py
[2026-04-28T12:44:28.438+0000] {processor.py:830} INFO - Processing file /home/airflow/.local/lib/python3.8/site-packages/airflow/example_dags/example_local_kubernetes_executor.py for tasks to queue
[2026-04-28T12:44:28.440+0000] {logging_mixin.py:188} INFO - [2026-04-28T12:44:28.440+0000] {dagbag.py:540} INFO - Filling up the DagBag from /home/airflow/.local/lib/python3.8/site-packages/airflow/example_dags/example_local_kubernetes_executor.py
[2026-04-28T12:44:28.449+0000] {processor.py:840} INFO - DAG(s) 'example_local_kubernetes_executor' retrieved from /home/airflow/.local/lib/python3.8/site-packages/airflow/example_dags/example_local_kubernetes_executor.py
[2026-04-28T12:44:28.490+0000] {logging_mixin.py:188} INFO - [2026-04-28T12:44:28.489+0000] {dag.py:3047} INFO - Sync 1 DAGs
[2026-04-28T12:44:28.503+0000] {logging_mixin.py:188} INFO - [2026-04-28T12:44:28.503+0000] {dag.py:3834} INFO - Setting next_dagrun for example_local_kubernetes_executor to None, run_after=None
[2026-04-28T12:44:28.517+0000] {processor.py:183} INFO - Processing /home/airflow/.local/lib/python3.8/site-packages/airflow/example_dags/example_local_kubernetes_executor.py took 0.084 seconds
[2026-04-28T12:44:58.752+0000] {processor.py:161} INFO - Started process (PID=3697) to work on /home/airflow/.local/lib/python3.8/site-packages/airflow/example_dags/example_local_kubernetes_executor.py
[2026-04-28T12:44:58.753+0000] {processor.py:830} INFO - Processing file /home/airflow/.local/lib/python3.8/site-packages/airflow/example_dags/example_local_kubernetes_executor.py for tasks to queue
[2026-04-28T12:44:58.755+0000] {logging_mixin.py:188} INFO - [2026-04-28T12:44:58.754+0000] {dagbag.py:540} INFO - Filling up the DagBag from /home/airflow/.local/lib/python3.8/site-packages/airflow/example_dags/example_local_kubernetes_executor.py
[2026-04-28T12:44:58.764+0000] {processor.py:840} INFO - DAG(s) 'example_local_kubernetes_executor' retrieved from /home/airflow/.local/lib/python3.8/site-packages/airflow/example_dags/example_local_kubernetes_executor.py
[2026-04-28T12:44:58.803+0000] {logging_mixin.py:188} INFO - [2026-04-28T12:44:58.803+0000] {dag.py:3047} INFO - Sync 1 DAGs
[2026-04-28T12:44:58.816+0000] {logging_mixin.py:188} INFO - [2026-04-28T12:44:58.816+0000] {dag.py:3834} INFO - Setting next_dagrun for example_local_kubernetes_executor to None, run_after=None
[2026-04-28T12:44:58.829+0000] {processor.py:183} INFO - Processing /home/airflow/.local/lib/python3.8/site-packages/airflow/example_dags/example_local_kubernetes_executor.py took 0.081 seconds
[2026-04-28T12:45:29.154+0000] {processor.py:161} INFO - Started process (PID=3752) to work on /home/airflow/.local/lib/python3.8/site-packages/airflow/example_dags/example_local_kubernetes_executor.py
[2026-04-28T12:45:29.156+0000] {processor.py:830} INFO - Processing file /home/airflow/.local/lib/python3.8/site-packages/airflow/example_dags/example_local_kubernetes_executor.py for tasks to queue
[2026-04-28T12:45:29.165+0000] {logging_mixin.py:188} INFO - [2026-04-28T12:45:29.165+0000] {dagbag.py:540} INFO - Filling up the DagBag from /home/airflow/.local/lib/python3.8/site-packages/airflow/example_dags/example_local_kubernetes_executor.py
[2026-04-28T12:45:29.196+0000] {processor.py:840} INFO - DAG(s) 'example_local_kubernetes_executor' retrieved from /home/airflow/.local/lib/python3.8/site-packages/airflow/example_dags/example_local_kubernetes_executor.py
[2026-04-28T12:45:29.267+0000] {logging_mixin.py:188} INFO - [2026-04-28T12:45:29.267+0000] {dag.py:3047} INFO - Sync 1 DAGs
[2026-04-28T12:45:29.281+0000] {logging_mixin.py:188} INFO - [2026-04-28T12:45:29.281+0000] {dag.py:3834} INFO - Setting next_dagrun for example_local_kubernetes_executor to None, run_after=None
[2026-04-28T12:45:29.299+0000] {processor.py:183} INFO - Processing /home/airflow/.local/lib/python3.8/site-packages/airflow/example_dags/example_local_kubernetes_executor.py took 0.150 seconds
[2026-04-28T12:45:59.348+0000] {processor.py:161} INFO - Started process (PID=3808) to work on /home/airflow/.local/lib/python3.8/site-packages/airflow/example_dags/example_local_kubernetes_executor.py
[2026-04-28T12:45:59.348+0000] {processor.py:830} INFO - Processing file /home/airflow/.local/lib/python3.8/site-packages/airflow/example_dags/example_local_kubernetes_executor.py for tasks to queue
[2026-04-28T12:45:59.350+0000] {logging_mixin.py:188} INFO - [2026-04-28T12:45:59.350+0000] {dagbag.py:540} INFO - Filling up the DagBag from /home/airflow/.local/lib/python3.8/site-packages/airflow/example_dags/example_local_kubernetes_executor.py
[2026-04-28T12:45:59.357+0000] {processor.py:840} INFO - DAG(s) 'example_local_kubernetes_executor' retrieved from /home/airflow/.local/lib/python3.8/site-packages/airflow/example_dags/example_local_kubernetes_executor.py
[2026-04-28T12:45:59.384+0000] {logging_mixin.py:188} INFO - [2026-04-28T12:45:59.384+0000] {dag.py:3047} INFO - Sync 1 DAGs
[2026-04-28T12:45:59.393+0000] {logging_mixin.py:188} INFO - [2026-04-28T12:45:59.393+0000] {dag.py:3834} INFO - Setting next_dagrun for example_local_kubernetes_executor to None, run_after=None
[2026-04-28T12:45:59.406+0000] {processor.py:183} INFO - Processing /home/airflow/.local/lib/python3.8/site-packages/airflow/example_dags/example_local_kubernetes_executor.py took 0.062 seconds
[2026-04-28T12:46:29.430+0000] {processor.py:161} INFO - Started process (PID=3864) to work on /home/airflow/.local/lib/python3.8/site-packages/airflow/example_dags/example_local_kubernetes_executor.py
[2026-04-28T12:46:29.432+0000] {processor.py:830} INFO - Processing file /home/airflow/.local/lib/python3.8/site-packages/airflow/example_dags/example_local_kubernetes_executor.py for tasks to queue
[2026-04-28T12:46:29.439+0000] {logging_mixin.py:188} INFO - [2026-04-28T12:46:29.436+0000] {dagbag.py:540} INFO - Filling up the DagBag from /home/airflow/.local/lib/python3.8/site-packages/airflow/example_dags/example_local_kubernetes_executor.py
[2026-04-28T12:46:29.461+0000] {processor.py:840} INFO - DAG(s) 'example_local_kubernetes_executor' retrieved from /home/airflow/.local/lib/python3.8/site-packages/airflow/example_dags/example_local_kubernetes_executor.py
[2026-04-28T12:46:29.509+0000] {logging_mixin.py:188} INFO - [2026-04-28T12:46:29.509+0000] {dag.py:3047} INFO - Sync 1 DAGs
[2026-04-28T12:46:29.541+0000] {logging_mixin.py:188} INFO - [2026-04-28T12:46:29.541+0000] {dag.py:3834} INFO - Setting next_dagrun for example_local_kubernetes_executor to None, run_after=None
[2026-04-28T12:46:29.555+0000] {processor.py:183} INFO - Processing /home/airflow/.local/lib/python3.8/site-packages/airflow/example_dags/example_local_kubernetes_executor.py took 0.130 seconds
[2026-04-28T12:46:59.854+0000] {processor.py:161} INFO - Started process (PID=3920) to work on /home/airflow/.local/lib/python3.8/site-packages/airflow/example_dags/example_local_kubernetes_executor.py
[2026-04-28T12:46:59.855+0000] {processor.py:830} INFO - Processing file /home/airflow/.local/lib/python3.8/site-packages/airflow/example_dags/example_local_kubernetes_executor.py for tasks to queue
[2026-04-28T12:46:59.857+0000] {logging_mixin.py:188} INFO - [2026-04-28T12:46:59.857+0000] {dagbag.py:540} INFO - Filling up the DagBag from /home/airflow/.local/lib/python3.8/site-packages/airflow/example_dags/example_local_kubernetes_executor.py
[2026-04-28T12:46:59.867+0000] {processor.py:840} INFO - DAG(s) 'example_local_kubernetes_executor' retrieved from /home/airflow/.local/lib/python3.8/site-packages/airflow/example_dags/example_local_kubernetes_executor.py
[2026-04-28T12:46:59.908+0000] {logging_mixin.py:188} INFO - [2026-04-28T12:46:59.908+0000] {dag.py:3047} INFO - Sync 1 DAGs
[2026-04-28T12:46:59.920+0000] {logging_mixin.py:188} INFO - [2026-04-28T12:46:59.920+0000] {dag.py:3834} INFO - Setting next_dagrun for example_local_kubernetes_executor to None, run_after=None
[2026-04-28T12:46:59.933+0000] {processor.py:183} INFO - Processing /home/airflow/.local/lib/python3.8/site-packages/airflow/example_dags/example_local_kubernetes_executor.py took 0.083 seconds
[2026-04-28T12:47:30.705+0000] {processor.py:161} INFO - Started process (PID=3976) to work on /home/airflow/.local/lib/python3.8/site-packages/airflow/example_dags/example_local_kubernetes_executor.py
[2026-04-28T12:47:30.706+0000] {processor.py:830} INFO - Processing file /home/airflow/.local/lib/python3.8/site-packages/airflow/example_dags/example_local_kubernetes_executor.py for tasks to queue
[2026-04-28T12:47:30.707+0000] {logging_mixin.py:188} INFO - [2026-04-28T12:47:30.707+0000] {dagbag.py:540} INFO - Filling up the DagBag from /home/airflow/.local/lib/python3.8/site-packages/airflow/example_dags/example_local_kubernetes_executor.py
[2026-04-28T12:47:30.714+0000] {processor.py:840} INFO - DAG(s) 'example_local_kubernetes_executor' retrieved from /home/airflow/.local/lib/python3.8/site-packages/airflow/example_dags/example_local_kubernetes_executor.py
[2026-04-28T12:47:30.740+0000] {logging_mixin.py:188} INFO - [2026-04-28T12:47:30.740+0000] {dag.py:3047} INFO - Sync 1 DAGs
[2026-04-28T12:47:30.750+0000] {logging_mixin.py:188} INFO - [2026-04-28T12:47:30.750+0000] {dag.py:3834} INFO - Setting next_dagrun for example_local_kubernetes_executor to None, run_after=None
[2026-04-28T12:47:30.764+0000] {processor.py:183} INFO - Processing /home/airflow/.local/lib/python3.8/site-packages/airflow/example_dags/example_local_kubernetes_executor.py took 0.062 seconds
[2026-04-28T12:48:00.842+0000] {processor.py:161} INFO - Started process (PID=4032) to work on /home/airflow/.local/lib/python3.8/site-packages/airflow/example_dags/example_local_kubernetes_executor.py
[2026-04-28T12:48:00.843+0000] {processor.py:830} INFO - Processing file /home/airflow/.local/lib/python3.8/site-packages/airflow/example_dags/example_local_kubernetes_executor.py for tasks to queue
[2026-04-28T12:48:00.845+0000] {logging_mixin.py:188} INFO - [2026-04-28T12:48:00.844+0000] {dagbag.py:540} INFO - Filling up the DagBag from /home/airflow/.local/lib/python3.8/site-packages/airflow/example_dags/example_local_kubernetes_executor.py
[2026-04-28T12:48:00.854+0000] {processor.py:840} INFO - DAG(s) 'example_local_kubernetes_executor' retrieved from /home/airflow/.local/lib/python3.8/site-packages/airflow/example_dags/example_local_kubernetes_executor.py
[2026-04-28T12:48:00.894+0000] {logging_mixin.py:188} INFO - [2026-04-28T12:48:00.893+0000] {dag.py:3047} INFO - Sync 1 DAGs
[2026-04-28T12:48:00.908+0000] {logging_mixin.py:188} INFO - [2026-04-28T12:48:00.907+0000] {dag.py:3834} INFO - Setting next_dagrun for example_local_kubernetes_executor to None, run_after=None
[2026-04-28T12:48:00.925+0000] {processor.py:183} INFO - Processing /home/airflow/.local/lib/python3.8/site-packages/airflow/example_dags/example_local_kubernetes_executor.py took 0.088 seconds
[2026-04-28T12:48:31.785+0000] {processor.py:161} INFO - Started process (PID=4086) to work on /home/airflow/.local/lib/python3.8/site-packages/airflow/example_dags/example_local_kubernetes_executor.py
[2026-04-28T12:48:31.786+0000] {processor.py:830} INFO - Processing file /home/airflow/.local/lib/python3.8/site-packages/airflow/example_dags/example_local_kubernetes_executor.py for tasks to queue
[2026-04-28T12:48:31.788+0000] {logging_mixin.py:188} INFO - [2026-04-28T12:48:31.788+0000] {dagbag.py:540} INFO - Filling up the DagBag from /home/airflow/.local/lib/python3.8/site-packages/airflow/example_dags/example_local_kubernetes_executor.py
[2026-04-28T12:48:31.797+0000] {processor.py:840} INFO - DAG(s) 'example_local_kubernetes_executor' retrieved from /home/airflow/.local/lib/python3.8/site-packages/airflow/example_dags/example_local_kubernetes_executor.py
[2026-04-28T12:48:31.836+0000] {logging_mixin.py:188} INFO - [2026-04-28T12:48:31.836+0000] {dag.py:3047} INFO - Sync 1 DAGs
[2026-04-28T12:48:31.850+0000] {logging_mixin.py:188} INFO - [2026-04-28T12:48:31.850+0000] {dag.py:3834} INFO - Setting next_dagrun for example_local_kubernetes_executor to None, run_after=None
[2026-04-28T12:48:31.902+0000] {processor.py:183} INFO - Processing /home/airflow/.local/lib/python3.8/site-packages/airflow/example_dags/example_local_kubernetes_executor.py took 0.121 seconds
[2026-04-28T12:49:01.986+0000] {processor.py:161} INFO - Started process (PID=4142) to work on /home/airflow/.local/lib/python3.8/site-packages/airflow/example_dags/example_local_kubernetes_executor.py
[2026-04-28T12:49:01.987+0000] {processor.py:830} INFO - Processing file /home/airflow/.local/lib/python3.8/site-packages/airflow/example_dags/example_local_kubernetes_executor.py for tasks to queue
[2026-04-28T12:49:01.989+0000] {logging_mixin.py:188} INFO - [2026-04-28T12:49:01.989+0000] {dagbag.py:540} INFO - Filling up the DagBag from /home/airflow/.local/lib/python3.8/site-packages/airflow/example_dags/example_local_kubernetes_executor.py
[2026-04-28T12:49:01.999+0000] {processor.py:840} INFO - DAG(s) 'example_local_kubernetes_executor' retrieved from /home/airflow/.local/lib/python3.8/site-packages/airflow/example_dags/example_local_kubernetes_executor.py
[2026-04-28T12:49:02.040+0000] {logging_mixin.py:188} INFO - [2026-04-28T12:49:02.040+0000] {dag.py:3047} INFO - Sync 1 DAGs
[2026-04-28T12:49:02.053+0000] {logging_mixin.py:188} INFO - [2026-04-28T12:49:02.052+0000] {dag.py:3834} INFO - Setting next_dagrun for example_local_kubernetes_executor to None, run_after=None
[2026-04-28T12:49:02.066+0000] {processor.py:183} INFO - Processing /home/airflow/.local/lib/python3.8/site-packages/airflow/example_dags/example_local_kubernetes_executor.py took 0.084 seconds
[2026-04-28T12:49:32.638+0000] {processor.py:161} INFO - Started process (PID=4198) to work on /home/airflow/.local/lib/python3.8/site-packages/airflow/example_dags/example_local_kubernetes_executor.py
[2026-04-28T12:49:32.639+0000] {processor.py:830} INFO - Processing file /home/airflow/.local/lib/python3.8/site-packages/airflow/example_dags/example_local_kubernetes_executor.py for tasks to queue
[2026-04-28T12:49:32.641+0000] {logging_mixin.py:188} INFO - [2026-04-28T12:49:32.641+0000] {dagbag.py:540} INFO - Filling up the DagBag from /home/airflow/.local/lib/python3.8/site-packages/airflow/example_dags/example_local_kubernetes_executor.py
[2026-04-28T12:49:32.652+0000] {processor.py:840} INFO - DAG(s) 'example_local_kubernetes_executor' retrieved from /home/airflow/.local/lib/python3.8/site-packages/airflow/example_dags/example_local_kubernetes_executor.py
[2026-04-28T12:49:32.693+0000] {logging_mixin.py:188} INFO - [2026-04-28T12:49:32.692+0000] {dag.py:3047} INFO - Sync 1 DAGs
[2026-04-28T12:49:32.706+0000] {logging_mixin.py:188} INFO - [2026-04-28T12:49:32.706+0000] {dag.py:3834} INFO - Setting next_dagrun for example_local_kubernetes_executor to None, run_after=None
[2026-04-28T12:49:32.724+0000] {processor.py:183} INFO - Processing /home/airflow/.local/lib/python3.8/site-packages/airflow/example_dags/example_local_kubernetes_executor.py took 0.094 seconds
[2026-04-28T12:50:03.115+0000] {processor.py:161} INFO - Started process (PID=4254) to work on /home/airflow/.local/lib/python3.8/site-packages/airflow/example_dags/example_local_kubernetes_executor.py
[2026-04-28T12:50:03.116+0000] {processor.py:830} INFO - Processing file /home/airflow/.local/lib/python3.8/site-packages/airflow/example_dags/example_local_kubernetes_executor.py for tasks to queue
[2026-04-28T12:50:03.118+0000] {logging_mixin.py:188} INFO - [2026-04-28T12:50:03.118+0000] {dagbag.py:540} INFO - Filling up the DagBag from /home/airflow/.local/lib/python3.8/site-packages/airflow/example_dags/example_local_kubernetes_executor.py
[2026-04-28T12:50:03.125+0000] {processor.py:840} INFO - DAG(s) 'example_local_kubernetes_executor' retrieved from /home/airflow/.local/lib/python3.8/site-packages/airflow/example_dags/example_local_kubernetes_executor.py
[2026-04-28T12:50:03.152+0000] {logging_mixin.py:188} INFO - [2026-04-28T12:50:03.152+0000] {dag.py:3047} INFO - Sync 1 DAGs
[2026-04-28T12:50:03.161+0000] {logging_mixin.py:188} INFO - [2026-04-28T12:50:03.161+0000] {dag.py:3834} INFO - Setting next_dagrun for example_local_kubernetes_executor to None, run_after=None
[2026-04-28T12:50:03.174+0000] {processor.py:183} INFO - Processing /home/airflow/.local/lib/python3.8/site-packages/airflow/example_dags/example_local_kubernetes_executor.py took 0.062 seconds
[2026-04-28T12:50:34.018+0000] {processor.py:161} INFO - Started process (PID=4310) to work on /home/airflow/.local/lib/python3.8/site-packages/airflow/example_dags/example_local_kubernetes_executor.py
[2026-04-28T12:50:34.019+0000] {processor.py:830} INFO - Processing file /home/airflow/.local/lib/python3.8/site-packages/airflow/example_dags/example_local_kubernetes_executor.py for tasks to queue
[2026-04-28T12:50:34.020+0000] {logging_mixin.py:188} INFO - [2026-04-28T12:50:34.020+0000] {dagbag.py:540} INFO - Filling up the DagBag from /home/airflow/.local/lib/python3.8/site-packages/airflow/example_dags/example_local_kubernetes_executor.py
[2026-04-28T12:50:34.027+0000] {processor.py:840} INFO - DAG(s) 'example_local_kubernetes_executor' retrieved from /home/airflow/.local/lib/python3.8/site-packages/airflow/example_dags/example_local_kubernetes_executor.py
[2026-04-28T12:50:34.054+0000] {logging_mixin.py:188} INFO - [2026-04-28T12:50:34.054+0000] {dag.py:3047} INFO - Sync 1 DAGs
[2026-04-28T12:50:34.064+0000] {logging_mixin.py:188} INFO - [2026-04-28T12:50:34.064+0000] {dag.py:3834} INFO - Setting next_dagrun for example_local_kubernetes_executor to None, run_after=None
[2026-04-28T12:50:34.077+0000] {processor.py:183} INFO - Processing /home/airflow/.local/lib/python3.8/site-packages/airflow/example_dags/example_local_kubernetes_executor.py took 0.062 seconds
[2026-04-28T12:51:04.213+0000] {processor.py:161} INFO - Started process (PID=4366) to work on /home/airflow/.local/lib/python3.8/site-packages/airflow/example_dags/example_local_kubernetes_executor.py
[2026-04-28T12:51:04.214+0000] {processor.py:830} INFO - Processing file /home/airflow/.local/lib/python3.8/site-packages/airflow/example_dags/example_local_kubernetes_executor.py for tasks to queue
[2026-04-28T12:51:04.216+0000] {logging_mixin.py:188} INFO - [2026-04-28T12:51:04.215+0000] {dagbag.py:540} INFO - Filling up the DagBag from /home/airflow/.local/lib/python3.8/site-packages/airflow/example_dags/example_local_kubernetes_executor.py
[2026-04-28T12:51:04.225+0000] {processor.py:840} INFO - DAG(s) 'example_local_kubernetes_executor' retrieved from /home/airflow/.local/lib/python3.8/site-packages/airflow/example_dags/example_local_kubernetes_executor.py
[2026-04-28T12:51:04.266+0000] {logging_mixin.py:188} INFO - [2026-04-28T12:51:04.266+0000] {dag.py:3047} INFO - Sync 1 DAGs
[2026-04-28T12:51:04.280+0000] {logging_mixin.py:188} INFO - [2026-04-28T12:51:04.280+0000] {dag.py:3834} INFO - Setting next_dagrun for example_local_kubernetes_executor to None, run_after=None
[2026-04-28T12:51:04.296+0000] {processor.py:183} INFO - Processing /home/airflow/.local/lib/python3.8/site-packages/airflow/example_dags/example_local_kubernetes_executor.py took 0.087 seconds
[2026-04-28T12:51:35.249+0000] {processor.py:161} INFO - Started process (PID=4422) to work on /home/airflow/.local/lib/python3.8/site-packages/airflow/example_dags/example_local_kubernetes_executor.py
[2026-04-28T12:51:35.250+0000] {processor.py:830} INFO - Processing file /home/airflow/.local/lib/python3.8/site-packages/airflow/example_dags/example_local_kubernetes_executor.py for tasks to queue
[2026-04-28T12:51:35.251+0000] {logging_mixin.py:188} INFO - [2026-04-28T12:51:35.251+0000] {dagbag.py:540} INFO - Filling up the DagBag from /home/airflow/.local/lib/python3.8/site-packages/airflow/example_dags/example_local_kubernetes_executor.py
[2026-04-28T12:51:35.258+0000] {processor.py:840} INFO - DAG(s) 'example_local_kubernetes_executor' retrieved from /home/airflow/.local/lib/python3.8/site-packages/airflow/example_dags/example_local_kubernetes_executor.py
[2026-04-28T12:51:35.284+0000] {logging_mixin.py:188} INFO - [2026-04-28T12:51:35.284+0000] {dag.py:3047} INFO - Sync 1 DAGs
[2026-04-28T12:51:35.294+0000] {logging_mixin.py:188} INFO - [2026-04-28T12:51:35.294+0000] {dag.py:3834} INFO - Setting next_dagrun for example_local_kubernetes_executor to None, run_after=None
[2026-04-28T12:51:35.307+0000] {processor.py:183} INFO - Processing /home/airflow/.local/lib/python3.8/site-packages/airflow/example_dags/example_local_kubernetes_executor.py took 0.061 seconds
[2026-04-28T12:52:06.119+0000] {processor.py:161} INFO - Started process (PID=4484) to work on /home/airflow/.local/lib/python3.8/site-packages/airflow/example_dags/example_local_kubernetes_executor.py
[2026-04-28T12:52:06.120+0000] {processor.py:830} INFO - Processing file /home/airflow/.local/lib/python3.8/site-packages/airflow/example_dags/example_local_kubernetes_executor.py for tasks to queue
[2026-04-28T12:52:06.122+0000] {logging_mixin.py:188} INFO - [2026-04-28T12:52:06.121+0000] {dagbag.py:540} INFO - Filling up the DagBag from /home/airflow/.local/lib/python3.8/site-packages/airflow/example_dags/example_local_kubernetes_executor.py
[2026-04-28T12:52:06.129+0000] {processor.py:840} INFO - DAG(s) 'example_local_kubernetes_executor' retrieved from /home/airflow/.local/lib/python3.8/site-packages/airflow/example_dags/example_local_kubernetes_executor.py
[2026-04-28T12:52:06.155+0000] {logging_mixin.py:188} INFO - [2026-04-28T12:52:06.154+0000] {dag.py:3047} INFO - Sync 1 DAGs
[2026-04-28T12:52:06.164+0000] {logging_mixin.py:188} INFO - [2026-04-28T12:52:06.164+0000] {dag.py:3834} INFO - Setting next_dagrun for example_local_kubernetes_executor to None, run_after=None
[2026-04-28T12:52:06.177+0000] {processor.py:183} INFO - Processing /home/airflow/.local/lib/python3.8/site-packages/airflow/example_dags/example_local_kubernetes_executor.py took 0.062 seconds
[2026-04-28T12:52:36.858+0000] {processor.py:161} INFO - Started process (PID=4540) to work on /home/airflow/.local/lib/python3.8/site-packages/airflow/example_dags/example_local_kubernetes_executor.py
[2026-04-28T12:52:36.859+0000] {processor.py:830} INFO - Processing file /home/airflow/.local/lib/python3.8/site-packages/airflow/example_dags/example_local_kubernetes_executor.py for tasks to queue
[2026-04-28T12:52:36.861+0000] {logging_mixin.py:188} INFO - [2026-04-28T12:52:36.861+0000] {dagbag.py:540} INFO - Filling up the DagBag from /home/airflow/.local/lib/python3.8/site-packages/airflow/example_dags/example_local_kubernetes_executor.py
[2026-04-28T12:52:36.870+0000] {processor.py:840} INFO - DAG(s) 'example_local_kubernetes_executor' retrieved from /home/airflow/.local/lib/python3.8/site-packages/airflow/example_dags/example_local_kubernetes_executor.py
[2026-04-28T12:52:36.926+0000] {logging_mixin.py:188} INFO - [2026-04-28T12:52:36.925+0000] {dag.py:3047} INFO - Sync 1 DAGs
[2026-04-28T12:52:36.940+0000] {logging_mixin.py:188} INFO - [2026-04-28T12:52:36.939+0000] {dag.py:3834} INFO - Setting next_dagrun for example_local_kubernetes_executor to None, run_after=None
[2026-04-28T12:52:36.954+0000] {processor.py:183} INFO - Processing /home/airflow/.local/lib/python3.8/site-packages/airflow/example_dags/example_local_kubernetes_executor.py took 0.100 seconds
[2026-04-28T12:53:08.139+0000] {processor.py:161} INFO - Started process (PID=4596) to work on /home/airflow/.local/lib/python3.8/site-packages/airflow/example_dags/example_local_kubernetes_executor.py
[2026-04-28T12:53:08.140+0000] {processor.py:830} INFO - Processing file /home/airflow/.local/lib/python3.8/site-packages/airflow/example_dags/example_local_kubernetes_executor.py for tasks to queue
[2026-04-28T12:53:08.142+0000] {logging_mixin.py:188} INFO - [2026-04-28T12:53:08.142+0000] {dagbag.py:540} INFO - Filling up the DagBag from /home/airflow/.local/lib/python3.8/site-packages/airflow/example_dags/example_local_kubernetes_executor.py
[2026-04-28T12:53:08.151+0000] {processor.py:840} INFO - DAG(s) 'example_local_kubernetes_executor' retrieved from /home/airflow/.local/lib/python3.8/site-packages/airflow/example_dags/example_local_kubernetes_executor.py
[2026-04-28T12:53:08.179+0000] {logging_mixin.py:188} INFO - [2026-04-28T12:53:08.178+0000] {dag.py:3047} INFO - Sync 1 DAGs
[2026-04-28T12:53:08.188+0000] {logging_mixin.py:188} INFO - [2026-04-28T12:53:08.188+0000] {dag.py:3834} INFO - Setting next_dagrun for example_local_kubernetes_executor to None, run_after=None
[2026-04-28T12:53:08.202+0000] {processor.py:183} INFO - Processing /home/airflow/.local/lib/python3.8/site-packages/airflow/example_dags/example_local_kubernetes_executor.py took 0.066 seconds
[2026-04-28T12:53:39.647+0000] {processor.py:161} INFO - Started process (PID=4652) to work on /home/airflow/.local/lib/python3.8/site-packages/airflow/example_dags/example_local_kubernetes_executor.py
[2026-04-28T12:53:39.652+0000] {processor.py:830} INFO - Processing file /home/airflow/.local/lib/python3.8/site-packages/airflow/example_dags/example_local_kubernetes_executor.py for tasks to queue
[2026-04-28T12:53:39.656+0000] {logging_mixin.py:188} INFO - [2026-04-28T12:53:39.656+0000] {dagbag.py:540} INFO - Filling up the DagBag from /home/airflow/.local/lib/python3.8/site-packages/airflow/example_dags/example_local_kubernetes_executor.py
[2026-04-28T12:53:39.676+0000] {processor.py:840} INFO - DAG(s) 'example_local_kubernetes_executor' retrieved from /home/airflow/.local/lib/python3.8/site-packages/airflow/example_dags/example_local_kubernetes_executor.py
[2026-04-28T12:53:39.808+0000] {logging_mixin.py:188} INFO - [2026-04-28T12:53:39.808+0000] {dag.py:3047} INFO - Sync 1 DAGs
[2026-04-28T12:53:39.823+0000] {logging_mixin.py:188} INFO - [2026-04-28T12:53:39.823+0000] {dag.py:3834} INFO - Setting next_dagrun for example_local_kubernetes_executor to None, run_after=None
[2026-04-28T12:53:39.850+0000] {processor.py:183} INFO - Processing /home/airflow/.local/lib/python3.8/site-packages/airflow/example_dags/example_local_kubernetes_executor.py took 0.227 seconds
[2026-04-28T12:54:10.152+0000] {processor.py:161} INFO - Started process (PID=4708) to work on /home/airflow/.local/lib/python3.8/site-packages/airflow/example_dags/example_local_kubernetes_executor.py
[2026-04-28T12:54:10.153+0000] {processor.py:830} INFO - Processing file /home/airflow/.local/lib/python3.8/site-packages/airflow/example_dags/example_local_kubernetes_executor.py for tasks to queue
[2026-04-28T12:54:10.154+0000] {logging_mixin.py:188} INFO - [2026-04-28T12:54:10.154+0000] {dagbag.py:540} INFO - Filling up the DagBag from /home/airflow/.local/lib/python3.8/site-packages/airflow/example_dags/example_local_kubernetes_executor.py
[2026-04-28T12:54:10.161+0000] {processor.py:840} INFO - DAG(s) 'example_local_kubernetes_executor' retrieved from /home/airflow/.local/lib/python3.8/site-packages/airflow/example_dags/example_local_kubernetes_executor.py
[2026-04-28T12:54:10.188+0000] {logging_mixin.py:188} INFO - [2026-04-28T12:54:10.187+0000] {dag.py:3047} INFO - Sync 1 DAGs
[2026-04-28T12:54:10.197+0000] {logging_mixin.py:188} INFO - [2026-04-28T12:54:10.197+0000] {dag.py:3834} INFO - Setting next_dagrun for example_local_kubernetes_executor to None, run_after=None
[2026-04-28T12:54:10.210+0000] {processor.py:183} INFO - Processing /home/airflow/.local/lib/python3.8/site-packages/airflow/example_dags/example_local_kubernetes_executor.py took 0.061 seconds
[2026-04-28T12:54:40.425+0000] {processor.py:161} INFO - Started process (PID=4764) to work on /home/airflow/.local/lib/python3.8/site-packages/airflow/example_dags/example_local_kubernetes_executor.py
[2026-04-28T12:54:40.426+0000] {processor.py:830} INFO - Processing file /home/airflow/.local/lib/python3.8/site-packages/airflow/example_dags/example_local_kubernetes_executor.py for tasks to queue
[2026-04-28T12:54:40.428+0000] {logging_mixin.py:188} INFO - [2026-04-28T12:54:40.428+0000] {dagbag.py:540} INFO - Filling up the DagBag from /home/airflow/.local/lib/python3.8/site-packages/airflow/example_dags/example_local_kubernetes_executor.py
[2026-04-28T12:54:40.437+0000] {processor.py:840} INFO - DAG(s) 'example_local_kubernetes_executor' retrieved from /home/airflow/.local/lib/python3.8/site-packages/airflow/example_dags/example_local_kubernetes_executor.py
[2026-04-28T12:54:40.467+0000] {logging_mixin.py:188} INFO - [2026-04-28T12:54:40.467+0000] {dag.py:3047} INFO - Sync 1 DAGs
[2026-04-28T12:54:40.477+0000] {logging_mixin.py:188} INFO - [2026-04-28T12:54:40.477+0000] {dag.py:3834} INFO - Setting next_dagrun for example_local_kubernetes_executor to None, run_after=None
[2026-04-28T12:54:40.490+0000] {processor.py:183} INFO - Processing /home/airflow/.local/lib/python3.8/site-packages/airflow/example_dags/example_local_kubernetes_executor.py took 0.069 seconds
[2026-04-28T12:55:10.770+0000] {processor.py:161} INFO - Started process (PID=4821) to work on /home/airflow/.local/lib/python3.8/site-packages/airflow/example_dags/example_local_kubernetes_executor.py
[2026-04-28T12:55:10.772+0000] {processor.py:830} INFO - Processing file /home/airflow/.local/lib/python3.8/site-packages/airflow/example_dags/example_local_kubernetes_executor.py for tasks to queue
[2026-04-28T12:55:10.775+0000] {logging_mixin.py:188} INFO - [2026-04-28T12:55:10.774+0000] {dagbag.py:540} INFO - Filling up the DagBag from /home/airflow/.local/lib/python3.8/site-packages/airflow/example_dags/example_local_kubernetes_executor.py
[2026-04-28T12:55:10.789+0000] {processor.py:840} INFO - DAG(s) 'example_local_kubernetes_executor' retrieved from /home/airflow/.local/lib/python3.8/site-packages/airflow/example_dags/example_local_kubernetes_executor.py
[2026-04-28T12:55:10.825+0000] {logging_mixin.py:188} INFO - [2026-04-28T12:55:10.825+0000] {dag.py:3047} INFO - Sync 1 DAGs
[2026-04-28T12:55:10.839+0000] {logging_mixin.py:188} INFO - [2026-04-28T12:55:10.839+0000] {dag.py:3834} INFO - Setting next_dagrun for example_local_kubernetes_executor to None, run_after=None
[2026-04-28T12:55:10.859+0000] {processor.py:183} INFO - Processing /home/airflow/.local/lib/python3.8/site-packages/airflow/example_dags/example_local_kubernetes_executor.py took 0.093 seconds
[2026-04-28T12:55:41.745+0000] {processor.py:161} INFO - Started process (PID=4877) to work on /home/airflow/.local/lib/python3.8/site-packages/airflow/example_dags/example_local_kubernetes_executor.py
[2026-04-28T12:55:41.746+0000] {processor.py:830} INFO - Processing file /home/airflow/.local/lib/python3.8/site-packages/airflow/example_dags/example_local_kubernetes_executor.py for tasks to queue
[2026-04-28T12:55:41.748+0000] {logging_mixin.py:188} INFO - [2026-04-28T12:55:41.748+0000] {dagbag.py:540} INFO - Filling up the DagBag from /home/airflow/.local/lib/python3.8/site-packages/airflow/example_dags/example_local_kubernetes_executor.py
[2026-04-28T12:55:41.757+0000] {processor.py:840} INFO - DAG(s) 'example_local_kubernetes_executor' retrieved from /home/airflow/.local/lib/python3.8/site-packages/airflow/example_dags/example_local_kubernetes_executor.py
[2026-04-28T12:55:41.795+0000] {logging_mixin.py:188} INFO - [2026-04-28T12:55:41.795+0000] {dag.py:3047} INFO - Sync 1 DAGs
[2026-04-28T12:55:41.810+0000] {logging_mixin.py:188} INFO - [2026-04-28T12:55:41.809+0000] {dag.py:3834} INFO - Setting next_dagrun for example_local_kubernetes_executor to None, run_after=None
[2026-04-28T12:55:41.827+0000] {processor.py:183} INFO - Processing /home/airflow/.local/lib/python3.8/site-packages/airflow/example_dags/example_local_kubernetes_executor.py took 0.085 seconds
[2026-04-28T12:56:11.946+0000] {processor.py:161} INFO - Started process (PID=4932) to work on /home/airflow/.local/lib/python3.8/site-packages/airflow/example_dags/example_local_kubernetes_executor.py
[2026-04-28T12:56:11.947+0000] {processor.py:830} INFO - Processing file /home/airflow/.local/lib/python3.8/site-packages/airflow/example_dags/example_local_kubernetes_executor.py for tasks to queue
[2026-04-28T12:56:11.949+0000] {logging_mixin.py:188} INFO - [2026-04-28T12:56:11.949+0000] {dagbag.py:540} INFO - Filling up the DagBag from /home/airflow/.local/lib/python3.8/site-packages/airflow/example_dags/example_local_kubernetes_executor.py
[2026-04-28T12:56:11.958+0000] {processor.py:840} INFO - DAG(s) 'example_local_kubernetes_executor' retrieved from /home/airflow/.local/lib/python3.8/site-packages/airflow/example_dags/example_local_kubernetes_executor.py
[2026-04-28T12:56:11.995+0000] {logging_mixin.py:188} INFO - [2026-04-28T12:56:11.995+0000] {dag.py:3047} INFO - Sync 1 DAGs
[2026-04-28T12:56:12.010+0000] {logging_mixin.py:188} INFO - [2026-04-28T12:56:12.010+0000] {dag.py:3834} INFO - Setting next_dagrun for example_local_kubernetes_executor to None, run_after=None
[2026-04-28T12:56:12.027+0000] {processor.py:183} INFO - Processing /home/airflow/.local/lib/python3.8/site-packages/airflow/example_dags/example_local_kubernetes_executor.py took 0.085 seconds
[2026-04-28T12:56:42.287+0000] {processor.py:161} INFO - Started process (PID=4988) to work on /home/airflow/.local/lib/python3.8/site-packages/airflow/example_dags/example_local_kubernetes_executor.py
[2026-04-28T12:56:42.288+0000] {processor.py:830} INFO - Processing file /home/airflow/.local/lib/python3.8/site-packages/airflow/example_dags/example_local_kubernetes_executor.py for tasks to queue
[2026-04-28T12:56:42.290+0000] {logging_mixin.py:188} INFO - [2026-04-28T12:56:42.289+0000] {dagbag.py:540} INFO - Filling up the DagBag from /home/airflow/.local/lib/python3.8/site-packages/airflow/example_dags/example_local_kubernetes_executor.py
[2026-04-28T12:56:42.299+0000] {processor.py:840} INFO - DAG(s) 'example_local_kubernetes_executor' retrieved from /home/airflow/.local/lib/python3.8/site-packages/airflow/example_dags/example_local_kubernetes_executor.py
[2026-04-28T12:56:42.338+0000] {logging_mixin.py:188} INFO - [2026-04-28T12:56:42.338+0000] {dag.py:3047} INFO - Sync 1 DAGs
[2026-04-28T12:56:42.353+0000] {logging_mixin.py:188} INFO - [2026-04-28T12:56:42.353+0000] {dag.py:3834} INFO - Setting next_dagrun for example_local_kubernetes_executor to None, run_after=None
[2026-04-28T12:56:42.388+0000] {processor.py:183} INFO - Processing /home/airflow/.local/lib/python3.8/site-packages/airflow/example_dags/example_local_kubernetes_executor.py took 0.105 seconds
[2026-04-28T12:57:13.583+0000] {processor.py:161} INFO - Started process (PID=5044) to work on /home/airflow/.local/lib/python3.8/site-packages/airflow/example_dags/example_local_kubernetes_executor.py
[2026-04-28T12:57:13.584+0000] {processor.py:830} INFO - Processing file /home/airflow/.local/lib/python3.8/site-packages/airflow/example_dags/example_local_kubernetes_executor.py for tasks to queue
[2026-04-28T12:57:13.586+0000] {logging_mixin.py:188} INFO - [2026-04-28T12:57:13.586+0000] {dagbag.py:540} INFO - Filling up the DagBag from /home/airflow/.local/lib/python3.8/site-packages/airflow/example_dags/example_local_kubernetes_executor.py
[2026-04-28T12:57:13.595+0000] {processor.py:840} INFO - DAG(s) 'example_local_kubernetes_executor' retrieved from /home/airflow/.local/lib/python3.8/site-packages/airflow/example_dags/example_local_kubernetes_executor.py
[2026-04-28T12:57:13.632+0000] {logging_mixin.py:188} INFO - [2026-04-28T12:57:13.632+0000] {dag.py:3047} INFO - Sync 1 DAGs
[2026-04-28T12:57:13.647+0000] {logging_mixin.py:188} INFO - [2026-04-28T12:57:13.647+0000] {dag.py:3834} INFO - Setting next_dagrun for example_local_kubernetes_executor to None, run_after=None
[2026-04-28T12:57:13.664+0000] {processor.py:183} INFO - Processing /home/airflow/.local/lib/python3.8/site-packages/airflow/example_dags/example_local_kubernetes_executor.py took 0.085 seconds
[2026-04-28T12:57:44.484+0000] {processor.py:161} INFO - Started process (PID=5100) to work on /home/airflow/.local/lib/python3.8/site-packages/airflow/example_dags/example_local_kubernetes_executor.py
[2026-04-28T12:57:44.485+0000] {processor.py:830} INFO - Processing file /home/airflow/.local/lib/python3.8/site-packages/airflow/example_dags/example_local_kubernetes_executor.py for tasks to queue
[2026-04-28T12:57:44.487+0000] {logging_mixin.py:188} INFO - [2026-04-28T12:57:44.487+0000] {dagbag.py:540} INFO - Filling up the DagBag from /home/airflow/.local/lib/python3.8/site-packages/airflow/example_dags/example_local_kubernetes_executor.py
[2026-04-28T12:57:44.496+0000] {processor.py:840} INFO - DAG(s) 'example_local_kubernetes_executor' retrieved from /home/airflow/.local/lib/python3.8/site-packages/airflow/example_dags/example_local_kubernetes_executor.py
[2026-04-28T12:57:44.536+0000] {logging_mixin.py:188} INFO - [2026-04-28T12:57:44.536+0000] {dag.py:3047} INFO - Sync 1 DAGs
[2026-04-28T12:57:44.551+0000] {logging_mixin.py:188} INFO - [2026-04-28T12:57:44.551+0000] {dag.py:3834} INFO - Setting next_dagrun for example_local_kubernetes_executor to None, run_after=None
[2026-04-28T12:57:44.569+0000] {processor.py:183} INFO - Processing /home/airflow/.local/lib/python3.8/site-packages/airflow/example_dags/example_local_kubernetes_executor.py took 0.089 seconds
[2026-04-28T12:58:15.318+0000] {processor.py:161} INFO - Started process (PID=5155) to work on /home/airflow/.local/lib/python3.8/site-packages/airflow/example_dags/example_local_kubernetes_executor.py
[2026-04-28T12:58:15.318+0000] {processor.py:830} INFO - Processing file /home/airflow/.local/lib/python3.8/site-packages/airflow/example_dags/example_local_kubernetes_executor.py for tasks to queue
[2026-04-28T12:58:15.320+0000] {logging_mixin.py:188} INFO - [2026-04-28T12:58:15.320+0000] {dagbag.py:540} INFO - Filling up the DagBag from /home/airflow/.local/lib/python3.8/site-packages/airflow/example_dags/example_local_kubernetes_executor.py
[2026-04-28T12:58:15.327+0000] {processor.py:840} INFO - DAG(s) 'example_local_kubernetes_executor' retrieved from /home/airflow/.local/lib/python3.8/site-packages/airflow/example_dags/example_local_kubernetes_executor.py
[2026-04-28T12:58:15.354+0000] {logging_mixin.py:188} INFO - [2026-04-28T12:58:15.354+0000] {dag.py:3047} INFO - Sync 1 DAGs
[2026-04-28T12:58:15.366+0000] {logging_mixin.py:188} INFO - [2026-04-28T12:58:15.366+0000] {dag.py:3834} INFO - Setting next_dagrun for example_local_kubernetes_executor to None, run_after=None
[2026-04-28T12:58:15.384+0000] {processor.py:183} INFO - Processing /home/airflow/.local/lib/python3.8/site-packages/airflow/example_dags/example_local_kubernetes_executor.py took 0.071 seconds
[2026-04-28T12:58:45.735+0000] {processor.py:161} INFO - Started process (PID=5211) to work on /home/airflow/.local/lib/python3.8/site-packages/airflow/example_dags/example_local_kubernetes_executor.py
[2026-04-28T12:58:45.736+0000] {processor.py:830} INFO - Processing file /home/airflow/.local/lib/python3.8/site-packages/airflow/example_dags/example_local_kubernetes_executor.py for tasks to queue
[2026-04-28T12:58:45.738+0000] {logging_mixin.py:188} INFO - [2026-04-28T12:58:45.738+0000] {dagbag.py:540} INFO - Filling up the DagBag from /home/airflow/.local/lib/python3.8/site-packages/airflow/example_dags/example_local_kubernetes_executor.py
[2026-04-28T12:58:45.747+0000] {processor.py:840} INFO - DAG(s) 'example_local_kubernetes_executor' retrieved from /home/airflow/.local/lib/python3.8/site-packages/airflow/example_dags/example_local_kubernetes_executor.py
[2026-04-28T12:58:45.786+0000] {logging_mixin.py:188} INFO - [2026-04-28T12:58:45.786+0000] {dag.py:3047} INFO - Sync 1 DAGs
[2026-04-28T12:58:45.800+0000] {logging_mixin.py:188} INFO - [2026-04-28T12:58:45.799+0000] {dag.py:3834} INFO - Setting next_dagrun for example_local_kubernetes_executor to None, run_after=None
[2026-04-28T12:58:45.818+0000] {processor.py:183} INFO - Processing /home/airflow/.local/lib/python3.8/site-packages/airflow/example_dags/example_local_kubernetes_executor.py took 0.087 seconds
[2026-04-28T12:59:16.667+0000] {processor.py:161} INFO - Started process (PID=5267) to work on /home/airflow/.local/lib/python3.8/site-packages/airflow/example_dags/example_local_kubernetes_executor.py
[2026-04-28T12:59:16.668+0000] {processor.py:830} INFO - Processing file /home/airflow/.local/lib/python3.8/site-packages/airflow/example_dags/example_local_kubernetes_executor.py for tasks to queue
[2026-04-28T12:59:16.670+0000] {logging_mixin.py:188} INFO - [2026-04-28T12:59:16.670+0000] {dagbag.py:540} INFO - Filling up the DagBag from /home/airflow/.local/lib/python3.8/site-packages/airflow/example_dags/example_local_kubernetes_executor.py
[2026-04-28T12:59:16.679+0000] {processor.py:840} INFO - DAG(s) 'example_local_kubernetes_executor' retrieved from /home/airflow/.local/lib/python3.8/site-packages/airflow/example_dags/example_local_kubernetes_executor.py
[2026-04-28T12:59:16.718+0000] {logging_mixin.py:188} INFO - [2026-04-28T12:59:16.717+0000] {dag.py:3047} INFO - Sync 1 DAGs
[2026-04-28T12:59:16.731+0000] {logging_mixin.py:188} INFO - [2026-04-28T12:59:16.730+0000] {dag.py:3834} INFO - Setting next_dagrun for example_local_kubernetes_executor to None, run_after=None
[2026-04-28T12:59:16.748+0000] {processor.py:183} INFO - Processing /home/airflow/.local/lib/python3.8/site-packages/airflow/example_dags/example_local_kubernetes_executor.py took 0.084 seconds
[2026-04-28T12:59:47.180+0000] {processor.py:161} INFO - Started process (PID=5323) to work on /home/airflow/.local/lib/python3.8/site-packages/airflow/example_dags/example_local_kubernetes_executor.py
[2026-04-28T12:59:47.181+0000] {processor.py:830} INFO - Processing file /home/airflow/.local/lib/python3.8/site-packages/airflow/example_dags/example_local_kubernetes_executor.py for tasks to queue
[2026-04-28T12:59:47.183+0000] {logging_mixin.py:188} INFO - [2026-04-28T12:59:47.183+0000] {dagbag.py:540} INFO - Filling up the DagBag from /home/airflow/.local/lib/python3.8/site-packages/airflow/example_dags/example_local_kubernetes_executor.py
[2026-04-28T12:59:47.192+0000] {processor.py:840} INFO - DAG(s) 'example_local_kubernetes_executor' retrieved from /home/airflow/.local/lib/python3.8/site-packages/airflow/example_dags/example_local_kubernetes_executor.py
[2026-04-28T12:59:47.230+0000] {logging_mixin.py:188} INFO - [2026-04-28T12:59:47.230+0000] {dag.py:3047} INFO - Sync 1 DAGs
[2026-04-28T12:59:47.244+0000] {logging_mixin.py:188} INFO - [2026-04-28T12:59:47.244+0000] {dag.py:3834} INFO - Setting next_dagrun for example_local_kubernetes_executor to None, run_after=None
[2026-04-28T12:59:47.273+0000] {processor.py:183} INFO - Processing /home/airflow/.local/lib/python3.8/site-packages/airflow/example_dags/example_local_kubernetes_executor.py took 0.097 seconds
[2026-04-28T13:00:17.629+0000] {processor.py:161} INFO - Started process (PID=5379) to work on /home/airflow/.local/lib/python3.8/site-packages/airflow/example_dags/example_local_kubernetes_executor.py
[2026-04-28T13:00:17.632+0000] {processor.py:830} INFO - Processing file /home/airflow/.local/lib/python3.8/site-packages/airflow/example_dags/example_local_kubernetes_executor.py for tasks to queue
[2026-04-28T13:00:17.634+0000] {logging_mixin.py:188} INFO - [2026-04-28T13:00:17.633+0000] {dagbag.py:540} INFO - Filling up the DagBag from /home/airflow/.local/lib/python3.8/site-packages/airflow/example_dags/example_local_kubernetes_executor.py
[2026-04-28T13:00:17.643+0000] {processor.py:840} INFO - DAG(s) 'example_local_kubernetes_executor' retrieved from /home/airflow/.local/lib/python3.8/site-packages/airflow/example_dags/example_local_kubernetes_executor.py
[2026-04-28T13:00:17.682+0000] {logging_mixin.py:188} INFO - [2026-04-28T13:00:17.682+0000] {dag.py:3047} INFO - Sync 1 DAGs
[2026-04-28T13:00:17.695+0000] {logging_mixin.py:188} INFO - [2026-04-28T13:00:17.695+0000] {dag.py:3834} INFO - Setting next_dagrun for example_local_kubernetes_executor to None, run_after=None
[2026-04-28T13:00:17.711+0000] {processor.py:183} INFO - Processing /home/airflow/.local/lib/python3.8/site-packages/airflow/example_dags/example_local_kubernetes_executor.py took 0.086 seconds
[2026-04-28T13:00:48.487+0000] {processor.py:161} INFO - Started process (PID=5434) to work on /home/airflow/.local/lib/python3.8/site-packages/airflow/example_dags/example_local_kubernetes_executor.py
[2026-04-28T13:00:48.488+0000] {processor.py:830} INFO - Processing file /home/airflow/.local/lib/python3.8/site-packages/airflow/example_dags/example_local_kubernetes_executor.py for tasks to queue
[2026-04-28T13:00:48.491+0000] {logging_mixin.py:188} INFO - [2026-04-28T13:00:48.490+0000] {dagbag.py:540} INFO - Filling up the DagBag from /home/airflow/.local/lib/python3.8/site-packages/airflow/example_dags/example_local_kubernetes_executor.py
[2026-04-28T13:00:48.500+0000] {processor.py:840} INFO - DAG(s) 'example_local_kubernetes_executor' retrieved from /home/airflow/.local/lib/python3.8/site-packages/airflow/example_dags/example_local_kubernetes_executor.py
[2026-04-28T13:00:48.543+0000] {logging_mixin.py:188} INFO - [2026-04-28T13:00:48.542+0000] {dag.py:3047} INFO - Sync 1 DAGs
[2026-04-28T13:00:48.558+0000] {logging_mixin.py:188} INFO - [2026-04-28T13:00:48.558+0000] {dag.py:3834} INFO - Setting next_dagrun for example_local_kubernetes_executor to None, run_after=None
[2026-04-28T13:00:48.578+0000] {processor.py:183} INFO - Processing /home/airflow/.local/lib/python3.8/site-packages/airflow/example_dags/example_local_kubernetes_executor.py took 0.095 seconds
[2026-04-28T13:01:18.692+0000] {processor.py:161} INFO - Started process (PID=5490) to work on /home/airflow/.local/lib/python3.8/site-packages/airflow/example_dags/example_local_kubernetes_executor.py
[2026-04-28T13:01:18.693+0000] {processor.py:830} INFO - Processing file /home/airflow/.local/lib/python3.8/site-packages/airflow/example_dags/example_local_kubernetes_executor.py for tasks to queue
[2026-04-28T13:01:18.695+0000] {logging_mixin.py:188} INFO - [2026-04-28T13:01:18.695+0000] {dagbag.py:540} INFO - Filling up the DagBag from /home/airflow/.local/lib/python3.8/site-packages/airflow/example_dags/example_local_kubernetes_executor.py
[2026-04-28T13:01:18.704+0000] {processor.py:840} INFO - DAG(s) 'example_local_kubernetes_executor' retrieved from /home/airflow/.local/lib/python3.8/site-packages/airflow/example_dags/example_local_kubernetes_executor.py
[2026-04-28T13:01:18.741+0000] {logging_mixin.py:188} INFO - [2026-04-28T13:01:18.740+0000] {dag.py:3047} INFO - Sync 1 DAGs
[2026-04-28T13:01:18.752+0000] {logging_mixin.py:188} INFO - [2026-04-28T13:01:18.752+0000] {dag.py:3834} INFO - Setting next_dagrun for example_local_kubernetes_executor to None, run_after=None
[2026-04-28T13:01:18.764+0000] {processor.py:183} INFO - Processing /home/airflow/.local/lib/python3.8/site-packages/airflow/example_dags/example_local_kubernetes_executor.py took 0.076 seconds
[2026-04-28T13:01:49.001+0000] {processor.py:161} INFO - Started process (PID=5546) to work on /home/airflow/.local/lib/python3.8/site-packages/airflow/example_dags/example_local_kubernetes_executor.py
[2026-04-28T13:01:49.002+0000] {processor.py:830} INFO - Processing file /home/airflow/.local/lib/python3.8/site-packages/airflow/example_dags/example_local_kubernetes_executor.py for tasks to queue
[2026-04-28T13:01:49.006+0000] {logging_mixin.py:188} INFO - [2026-04-28T13:01:49.004+0000] {dagbag.py:540} INFO - Filling up the DagBag from /home/airflow/.local/lib/python3.8/site-packages/airflow/example_dags/example_local_kubernetes_executor.py
[2026-04-28T13:01:49.019+0000] {processor.py:840} INFO - DAG(s) 'example_local_kubernetes_executor' retrieved from /home/airflow/.local/lib/python3.8/site-packages/airflow/example_dags/example_local_kubernetes_executor.py
[2026-04-28T13:01:49.066+0000] {logging_mixin.py:188} INFO - [2026-04-28T13:01:49.065+0000] {dag.py:3047} INFO - Sync 1 DAGs
[2026-04-28T13:01:49.080+0000] {logging_mixin.py:188} INFO - [2026-04-28T13:01:49.080+0000] {dag.py:3834} INFO - Setting next_dagrun for example_local_kubernetes_executor to None, run_after=None
[2026-04-28T13:01:49.097+0000] {processor.py:183} INFO - Processing /home/airflow/.local/lib/python3.8/site-packages/airflow/example_dags/example_local_kubernetes_executor.py took 0.101 seconds
[2026-04-28T13:02:19.318+0000] {processor.py:161} INFO - Started process (PID=5602) to work on /home/airflow/.local/lib/python3.8/site-packages/airflow/example_dags/example_local_kubernetes_executor.py
[2026-04-28T13:02:19.319+0000] {processor.py:830} INFO - Processing file /home/airflow/.local/lib/python3.8/site-packages/airflow/example_dags/example_local_kubernetes_executor.py for tasks to queue
[2026-04-28T13:02:19.321+0000] {logging_mixin.py:188} INFO - [2026-04-28T13:02:19.321+0000] {dagbag.py:540} INFO - Filling up the DagBag from /home/airflow/.local/lib/python3.8/site-packages/airflow/example_dags/example_local_kubernetes_executor.py
[2026-04-28T13:02:19.331+0000] {processor.py:840} INFO - DAG(s) 'example_local_kubernetes_executor' retrieved from /home/airflow/.local/lib/python3.8/site-packages/airflow/example_dags/example_local_kubernetes_executor.py
[2026-04-28T13:02:19.370+0000] {logging_mixin.py:188} INFO - [2026-04-28T13:02:19.369+0000] {dag.py:3047} INFO - Sync 1 DAGs
[2026-04-28T13:02:19.383+0000] {logging_mixin.py:188} INFO - [2026-04-28T13:02:19.383+0000] {dag.py:3834} INFO - Setting next_dagrun for example_local_kubernetes_executor to None, run_after=None
[2026-04-28T13:02:19.399+0000] {processor.py:183} INFO - Processing /home/airflow/.local/lib/python3.8/site-packages/airflow/example_dags/example_local_kubernetes_executor.py took 0.085 seconds
