[2026-04-28T12:11:52.447+0000] {processor.py:161} INFO - Started process (PID=83) to work on /home/airflow/.local/lib/python3.8/site-packages/airflow/example_dags/example_dynamic_task_mapping.py
[2026-04-28T12:11:52.454+0000] {processor.py:830} INFO - Processing file /home/airflow/.local/lib/python3.8/site-packages/airflow/example_dags/example_dynamic_task_mapping.py for tasks to queue
[2026-04-28T12:11:52.459+0000] {logging_mixin.py:188} INFO - [2026-04-28T12:11:52.458+0000] {dagbag.py:540} INFO - Filling up the DagBag from /home/airflow/.local/lib/python3.8/site-packages/airflow/example_dags/example_dynamic_task_mapping.py
[2026-04-28T12:11:52.482+0000] {processor.py:840} INFO - DAG(s) 'example_dynamic_task_mapping' retrieved from /home/airflow/.local/lib/python3.8/site-packages/airflow/example_dags/example_dynamic_task_mapping.py
[2026-04-28T12:11:52.605+0000] {logging_mixin.py:188} INFO - [2026-04-28T12:11:52.602+0000] {dag.py:3047} INFO - Sync 1 DAGs
[2026-04-28T12:11:52.690+0000] {logging_mixin.py:188} INFO - [2026-04-28T12:11:52.690+0000] {dag.py:3834} INFO - Setting next_dagrun for example_dynamic_task_mapping to 2022-03-04 00:00:00+00:00, run_after=2022-03-05 00:00:00+00:00
[2026-04-28T12:11:52.838+0000] {processor.py:183} INFO - Processing /home/airflow/.local/lib/python3.8/site-packages/airflow/example_dags/example_dynamic_task_mapping.py took 0.406 seconds
[2026-04-28T12:12:23.755+0000] {processor.py:161} INFO - Started process (PID=138) to work on /home/airflow/.local/lib/python3.8/site-packages/airflow/example_dags/example_dynamic_task_mapping.py
[2026-04-28T12:12:23.756+0000] {processor.py:830} INFO - Processing file /home/airflow/.local/lib/python3.8/site-packages/airflow/example_dags/example_dynamic_task_mapping.py for tasks to queue
[2026-04-28T12:12:23.758+0000] {logging_mixin.py:188} INFO - [2026-04-28T12:12:23.757+0000] {dagbag.py:540} INFO - Filling up the DagBag from /home/airflow/.local/lib/python3.8/site-packages/airflow/example_dags/example_dynamic_task_mapping.py
[2026-04-28T12:12:23.765+0000] {processor.py:840} INFO - DAG(s) 'example_dynamic_task_mapping' retrieved from /home/airflow/.local/lib/python3.8/site-packages/airflow/example_dags/example_dynamic_task_mapping.py
[2026-04-28T12:12:23.784+0000] {logging_mixin.py:188} INFO - [2026-04-28T12:12:23.784+0000] {dag.py:3047} INFO - Sync 1 DAGs
[2026-04-28T12:12:23.808+0000] {logging_mixin.py:188} INFO - [2026-04-28T12:12:23.807+0000] {dag.py:3834} INFO - Setting next_dagrun for example_dynamic_task_mapping to 2022-03-04 00:00:00+00:00, run_after=2022-03-05 00:00:00+00:00
[2026-04-28T12:12:23.836+0000] {processor.py:183} INFO - Processing /home/airflow/.local/lib/python3.8/site-packages/airflow/example_dags/example_dynamic_task_mapping.py took 0.085 seconds
[2026-04-28T12:12:53.970+0000] {processor.py:161} INFO - Started process (PID=193) to work on /home/airflow/.local/lib/python3.8/site-packages/airflow/example_dags/example_dynamic_task_mapping.py
[2026-04-28T12:12:53.971+0000] {processor.py:830} INFO - Processing file /home/airflow/.local/lib/python3.8/site-packages/airflow/example_dags/example_dynamic_task_mapping.py for tasks to queue
[2026-04-28T12:12:53.973+0000] {logging_mixin.py:188} INFO - [2026-04-28T12:12:53.973+0000] {dagbag.py:540} INFO - Filling up the DagBag from /home/airflow/.local/lib/python3.8/site-packages/airflow/example_dags/example_dynamic_task_mapping.py
[2026-04-28T12:12:53.980+0000] {processor.py:840} INFO - DAG(s) 'example_dynamic_task_mapping' retrieved from /home/airflow/.local/lib/python3.8/site-packages/airflow/example_dags/example_dynamic_task_mapping.py
[2026-04-28T12:12:54.001+0000] {logging_mixin.py:188} INFO - [2026-04-28T12:12:54.000+0000] {dag.py:3047} INFO - Sync 1 DAGs
[2026-04-28T12:12:54.025+0000] {logging_mixin.py:188} INFO - [2026-04-28T12:12:54.024+0000] {dag.py:3834} INFO - Setting next_dagrun for example_dynamic_task_mapping to 2022-03-04 00:00:00+00:00, run_after=2022-03-05 00:00:00+00:00
[2026-04-28T12:12:54.042+0000] {processor.py:183} INFO - Processing /home/airflow/.local/lib/python3.8/site-packages/airflow/example_dags/example_dynamic_task_mapping.py took 0.076 seconds
[2026-04-28T12:13:24.487+0000] {processor.py:161} INFO - Started process (PID=248) to work on /home/airflow/.local/lib/python3.8/site-packages/airflow/example_dags/example_dynamic_task_mapping.py
[2026-04-28T12:13:24.488+0000] {processor.py:830} INFO - Processing file /home/airflow/.local/lib/python3.8/site-packages/airflow/example_dags/example_dynamic_task_mapping.py for tasks to queue
[2026-04-28T12:13:24.492+0000] {logging_mixin.py:188} INFO - [2026-04-28T12:13:24.491+0000] {dagbag.py:540} INFO - Filling up the DagBag from /home/airflow/.local/lib/python3.8/site-packages/airflow/example_dags/example_dynamic_task_mapping.py
[2026-04-28T12:13:24.499+0000] {processor.py:840} INFO - DAG(s) 'example_dynamic_task_mapping' retrieved from /home/airflow/.local/lib/python3.8/site-packages/airflow/example_dags/example_dynamic_task_mapping.py
[2026-04-28T12:13:24.518+0000] {logging_mixin.py:188} INFO - [2026-04-28T12:13:24.518+0000] {dag.py:3047} INFO - Sync 1 DAGs
[2026-04-28T12:13:24.541+0000] {logging_mixin.py:188} INFO - [2026-04-28T12:13:24.541+0000] {dag.py:3834} INFO - Setting next_dagrun for example_dynamic_task_mapping to 2022-03-04 00:00:00+00:00, run_after=2022-03-05 00:00:00+00:00
[2026-04-28T12:13:24.557+0000] {processor.py:183} INFO - Processing /home/airflow/.local/lib/python3.8/site-packages/airflow/example_dags/example_dynamic_task_mapping.py took 0.076 seconds
[2026-04-28T12:13:54.923+0000] {processor.py:161} INFO - Started process (PID=303) to work on /home/airflow/.local/lib/python3.8/site-packages/airflow/example_dags/example_dynamic_task_mapping.py
[2026-04-28T12:13:54.924+0000] {processor.py:830} INFO - Processing file /home/airflow/.local/lib/python3.8/site-packages/airflow/example_dags/example_dynamic_task_mapping.py for tasks to queue
[2026-04-28T12:13:54.926+0000] {logging_mixin.py:188} INFO - [2026-04-28T12:13:54.925+0000] {dagbag.py:540} INFO - Filling up the DagBag from /home/airflow/.local/lib/python3.8/site-packages/airflow/example_dags/example_dynamic_task_mapping.py
[2026-04-28T12:13:54.933+0000] {processor.py:840} INFO - DAG(s) 'example_dynamic_task_mapping' retrieved from /home/airflow/.local/lib/python3.8/site-packages/airflow/example_dags/example_dynamic_task_mapping.py
[2026-04-28T12:13:54.953+0000] {logging_mixin.py:188} INFO - [2026-04-28T12:13:54.953+0000] {dag.py:3047} INFO - Sync 1 DAGs
[2026-04-28T12:13:54.980+0000] {logging_mixin.py:188} INFO - [2026-04-28T12:13:54.980+0000] {dag.py:3834} INFO - Setting next_dagrun for example_dynamic_task_mapping to 2022-03-04 00:00:00+00:00, run_after=2022-03-05 00:00:00+00:00
[2026-04-28T12:13:55.003+0000] {processor.py:183} INFO - Processing /home/airflow/.local/lib/python3.8/site-packages/airflow/example_dags/example_dynamic_task_mapping.py took 0.082 seconds
[2026-04-28T12:14:25.454+0000] {processor.py:161} INFO - Started process (PID=358) to work on /home/airflow/.local/lib/python3.8/site-packages/airflow/example_dags/example_dynamic_task_mapping.py
[2026-04-28T12:14:25.455+0000] {processor.py:830} INFO - Processing file /home/airflow/.local/lib/python3.8/site-packages/airflow/example_dags/example_dynamic_task_mapping.py for tasks to queue
[2026-04-28T12:14:25.457+0000] {logging_mixin.py:188} INFO - [2026-04-28T12:14:25.457+0000] {dagbag.py:540} INFO - Filling up the DagBag from /home/airflow/.local/lib/python3.8/site-packages/airflow/example_dags/example_dynamic_task_mapping.py
[2026-04-28T12:14:25.465+0000] {processor.py:840} INFO - DAG(s) 'example_dynamic_task_mapping' retrieved from /home/airflow/.local/lib/python3.8/site-packages/airflow/example_dags/example_dynamic_task_mapping.py
[2026-04-28T12:14:25.497+0000] {logging_mixin.py:188} INFO - [2026-04-28T12:14:25.497+0000] {dag.py:3047} INFO - Sync 1 DAGs
[2026-04-28T12:14:25.521+0000] {logging_mixin.py:188} INFO - [2026-04-28T12:14:25.521+0000] {dag.py:3834} INFO - Setting next_dagrun for example_dynamic_task_mapping to 2022-03-04 00:00:00+00:00, run_after=2022-03-05 00:00:00+00:00
[2026-04-28T12:14:25.536+0000] {processor.py:183} INFO - Processing /home/airflow/.local/lib/python3.8/site-packages/airflow/example_dags/example_dynamic_task_mapping.py took 0.086 seconds
[2026-04-28T12:14:56.214+0000] {processor.py:161} INFO - Started process (PID=413) to work on /home/airflow/.local/lib/python3.8/site-packages/airflow/example_dags/example_dynamic_task_mapping.py
[2026-04-28T12:14:56.215+0000] {processor.py:830} INFO - Processing file /home/airflow/.local/lib/python3.8/site-packages/airflow/example_dags/example_dynamic_task_mapping.py for tasks to queue
[2026-04-28T12:14:56.217+0000] {logging_mixin.py:188} INFO - [2026-04-28T12:14:56.217+0000] {dagbag.py:540} INFO - Filling up the DagBag from /home/airflow/.local/lib/python3.8/site-packages/airflow/example_dags/example_dynamic_task_mapping.py
[2026-04-28T12:14:56.224+0000] {processor.py:840} INFO - DAG(s) 'example_dynamic_task_mapping' retrieved from /home/airflow/.local/lib/python3.8/site-packages/airflow/example_dags/example_dynamic_task_mapping.py
[2026-04-28T12:14:56.245+0000] {logging_mixin.py:188} INFO - [2026-04-28T12:14:56.245+0000] {dag.py:3047} INFO - Sync 1 DAGs
[2026-04-28T12:14:56.269+0000] {logging_mixin.py:188} INFO - [2026-04-28T12:14:56.269+0000] {dag.py:3834} INFO - Setting next_dagrun for example_dynamic_task_mapping to 2022-03-04 00:00:00+00:00, run_after=2022-03-05 00:00:00+00:00
[2026-04-28T12:14:56.285+0000] {processor.py:183} INFO - Processing /home/airflow/.local/lib/python3.8/site-packages/airflow/example_dags/example_dynamic_task_mapping.py took 0.075 seconds
[2026-04-28T12:15:26.758+0000] {processor.py:161} INFO - Started process (PID=468) to work on /home/airflow/.local/lib/python3.8/site-packages/airflow/example_dags/example_dynamic_task_mapping.py
[2026-04-28T12:15:26.759+0000] {processor.py:830} INFO - Processing file /home/airflow/.local/lib/python3.8/site-packages/airflow/example_dags/example_dynamic_task_mapping.py for tasks to queue
[2026-04-28T12:15:26.761+0000] {logging_mixin.py:188} INFO - [2026-04-28T12:15:26.760+0000] {dagbag.py:540} INFO - Filling up the DagBag from /home/airflow/.local/lib/python3.8/site-packages/airflow/example_dags/example_dynamic_task_mapping.py
[2026-04-28T12:15:26.769+0000] {processor.py:840} INFO - DAG(s) 'example_dynamic_task_mapping' retrieved from /home/airflow/.local/lib/python3.8/site-packages/airflow/example_dags/example_dynamic_task_mapping.py
[2026-04-28T12:15:26.789+0000] {logging_mixin.py:188} INFO - [2026-04-28T12:15:26.789+0000] {dag.py:3047} INFO - Sync 1 DAGs
[2026-04-28T12:15:26.818+0000] {logging_mixin.py:188} INFO - [2026-04-28T12:15:26.817+0000] {dag.py:3834} INFO - Setting next_dagrun for example_dynamic_task_mapping to 2022-03-04 00:00:00+00:00, run_after=2022-03-05 00:00:00+00:00
[2026-04-28T12:15:26.834+0000] {processor.py:183} INFO - Processing /home/airflow/.local/lib/python3.8/site-packages/airflow/example_dags/example_dynamic_task_mapping.py took 0.080 seconds
[2026-04-28T12:15:57.422+0000] {processor.py:161} INFO - Started process (PID=522) to work on /home/airflow/.local/lib/python3.8/site-packages/airflow/example_dags/example_dynamic_task_mapping.py
[2026-04-28T12:15:57.423+0000] {processor.py:830} INFO - Processing file /home/airflow/.local/lib/python3.8/site-packages/airflow/example_dags/example_dynamic_task_mapping.py for tasks to queue
[2026-04-28T12:15:57.426+0000] {logging_mixin.py:188} INFO - [2026-04-28T12:15:57.425+0000] {dagbag.py:540} INFO - Filling up the DagBag from /home/airflow/.local/lib/python3.8/site-packages/airflow/example_dags/example_dynamic_task_mapping.py
[2026-04-28T12:15:57.433+0000] {processor.py:840} INFO - DAG(s) 'example_dynamic_task_mapping' retrieved from /home/airflow/.local/lib/python3.8/site-packages/airflow/example_dags/example_dynamic_task_mapping.py
[2026-04-28T12:15:57.457+0000] {logging_mixin.py:188} INFO - [2026-04-28T12:15:57.456+0000] {dag.py:3047} INFO - Sync 1 DAGs
[2026-04-28T12:15:57.483+0000] {logging_mixin.py:188} INFO - [2026-04-28T12:15:57.483+0000] {dag.py:3834} INFO - Setting next_dagrun for example_dynamic_task_mapping to 2022-03-04 00:00:00+00:00, run_after=2022-03-05 00:00:00+00:00
[2026-04-28T12:15:57.524+0000] {processor.py:183} INFO - Processing /home/airflow/.local/lib/python3.8/site-packages/airflow/example_dags/example_dynamic_task_mapping.py took 0.105 seconds
[2026-04-28T12:16:28.502+0000] {processor.py:161} INFO - Started process (PID=577) to work on /home/airflow/.local/lib/python3.8/site-packages/airflow/example_dags/example_dynamic_task_mapping.py
[2026-04-28T12:16:28.512+0000] {processor.py:830} INFO - Processing file /home/airflow/.local/lib/python3.8/site-packages/airflow/example_dags/example_dynamic_task_mapping.py for tasks to queue
[2026-04-28T12:16:28.521+0000] {logging_mixin.py:188} INFO - [2026-04-28T12:16:28.520+0000] {dagbag.py:540} INFO - Filling up the DagBag from /home/airflow/.local/lib/python3.8/site-packages/airflow/example_dags/example_dynamic_task_mapping.py
[2026-04-28T12:16:28.549+0000] {processor.py:840} INFO - DAG(s) 'example_dynamic_task_mapping' retrieved from /home/airflow/.local/lib/python3.8/site-packages/airflow/example_dags/example_dynamic_task_mapping.py
[2026-04-28T12:16:28.613+0000] {logging_mixin.py:188} INFO - [2026-04-28T12:16:28.613+0000] {dag.py:3047} INFO - Sync 1 DAGs
[2026-04-28T12:16:28.731+0000] {logging_mixin.py:188} INFO - [2026-04-28T12:16:28.731+0000] {dag.py:3834} INFO - Setting next_dagrun for example_dynamic_task_mapping to 2022-03-04 00:00:00+00:00, run_after=2022-03-05 00:00:00+00:00
[2026-04-28T12:16:28.825+0000] {processor.py:183} INFO - Processing /home/airflow/.local/lib/python3.8/site-packages/airflow/example_dags/example_dynamic_task_mapping.py took 0.342 seconds
[2026-04-28T12:16:58.929+0000] {processor.py:161} INFO - Started process (PID=632) to work on /home/airflow/.local/lib/python3.8/site-packages/airflow/example_dags/example_dynamic_task_mapping.py
[2026-04-28T12:16:58.933+0000] {processor.py:830} INFO - Processing file /home/airflow/.local/lib/python3.8/site-packages/airflow/example_dags/example_dynamic_task_mapping.py for tasks to queue
[2026-04-28T12:16:58.937+0000] {logging_mixin.py:188} INFO - [2026-04-28T12:16:58.936+0000] {dagbag.py:540} INFO - Filling up the DagBag from /home/airflow/.local/lib/python3.8/site-packages/airflow/example_dags/example_dynamic_task_mapping.py
[2026-04-28T12:16:58.951+0000] {processor.py:840} INFO - DAG(s) 'example_dynamic_task_mapping' retrieved from /home/airflow/.local/lib/python3.8/site-packages/airflow/example_dags/example_dynamic_task_mapping.py
[2026-04-28T12:16:58.989+0000] {logging_mixin.py:188} INFO - [2026-04-28T12:16:58.989+0000] {dag.py:3047} INFO - Sync 1 DAGs
[2026-04-28T12:16:59.038+0000] {logging_mixin.py:188} INFO - [2026-04-28T12:16:59.038+0000] {dag.py:3834} INFO - Setting next_dagrun for example_dynamic_task_mapping to 2022-03-04 00:00:00+00:00, run_after=2022-03-05 00:00:00+00:00
[2026-04-28T12:16:59.087+0000] {processor.py:183} INFO - Processing /home/airflow/.local/lib/python3.8/site-packages/airflow/example_dags/example_dynamic_task_mapping.py took 0.166 seconds
[2026-04-28T12:17:29.864+0000] {processor.py:161} INFO - Started process (PID=687) to work on /home/airflow/.local/lib/python3.8/site-packages/airflow/example_dags/example_dynamic_task_mapping.py
[2026-04-28T12:17:29.865+0000] {processor.py:830} INFO - Processing file /home/airflow/.local/lib/python3.8/site-packages/airflow/example_dags/example_dynamic_task_mapping.py for tasks to queue
[2026-04-28T12:17:29.867+0000] {logging_mixin.py:188} INFO - [2026-04-28T12:17:29.867+0000] {dagbag.py:540} INFO - Filling up the DagBag from /home/airflow/.local/lib/python3.8/site-packages/airflow/example_dags/example_dynamic_task_mapping.py
[2026-04-28T12:17:29.875+0000] {processor.py:840} INFO - DAG(s) 'example_dynamic_task_mapping' retrieved from /home/airflow/.local/lib/python3.8/site-packages/airflow/example_dags/example_dynamic_task_mapping.py
[2026-04-28T12:17:29.897+0000] {logging_mixin.py:188} INFO - [2026-04-28T12:17:29.896+0000] {dag.py:3047} INFO - Sync 1 DAGs
[2026-04-28T12:17:29.920+0000] {logging_mixin.py:188} INFO - [2026-04-28T12:17:29.920+0000] {dag.py:3834} INFO - Setting next_dagrun for example_dynamic_task_mapping to 2022-03-04 00:00:00+00:00, run_after=2022-03-05 00:00:00+00:00
[2026-04-28T12:17:29.937+0000] {processor.py:183} INFO - Processing /home/airflow/.local/lib/python3.8/site-packages/airflow/example_dags/example_dynamic_task_mapping.py took 0.077 seconds
[2026-04-28T12:17:59.990+0000] {processor.py:161} INFO - Started process (PID=742) to work on /home/airflow/.local/lib/python3.8/site-packages/airflow/example_dags/example_dynamic_task_mapping.py
[2026-04-28T12:17:59.991+0000] {processor.py:830} INFO - Processing file /home/airflow/.local/lib/python3.8/site-packages/airflow/example_dags/example_dynamic_task_mapping.py for tasks to queue
[2026-04-28T12:17:59.993+0000] {logging_mixin.py:188} INFO - [2026-04-28T12:17:59.993+0000] {dagbag.py:540} INFO - Filling up the DagBag from /home/airflow/.local/lib/python3.8/site-packages/airflow/example_dags/example_dynamic_task_mapping.py
[2026-04-28T12:18:00.000+0000] {processor.py:840} INFO - DAG(s) 'example_dynamic_task_mapping' retrieved from /home/airflow/.local/lib/python3.8/site-packages/airflow/example_dags/example_dynamic_task_mapping.py
[2026-04-28T12:18:00.022+0000] {logging_mixin.py:188} INFO - [2026-04-28T12:18:00.022+0000] {dag.py:3047} INFO - Sync 1 DAGs
[2026-04-28T12:18:00.046+0000] {logging_mixin.py:188} INFO - [2026-04-28T12:18:00.046+0000] {dag.py:3834} INFO - Setting next_dagrun for example_dynamic_task_mapping to 2022-03-04 00:00:00+00:00, run_after=2022-03-05 00:00:00+00:00
[2026-04-28T12:18:00.062+0000] {processor.py:183} INFO - Processing /home/airflow/.local/lib/python3.8/site-packages/airflow/example_dags/example_dynamic_task_mapping.py took 0.076 seconds
[2026-04-28T12:18:30.305+0000] {processor.py:161} INFO - Started process (PID=797) to work on /home/airflow/.local/lib/python3.8/site-packages/airflow/example_dags/example_dynamic_task_mapping.py
[2026-04-28T12:18:30.307+0000] {processor.py:830} INFO - Processing file /home/airflow/.local/lib/python3.8/site-packages/airflow/example_dags/example_dynamic_task_mapping.py for tasks to queue
[2026-04-28T12:18:30.309+0000] {logging_mixin.py:188} INFO - [2026-04-28T12:18:30.309+0000] {dagbag.py:540} INFO - Filling up the DagBag from /home/airflow/.local/lib/python3.8/site-packages/airflow/example_dags/example_dynamic_task_mapping.py
[2026-04-28T12:18:30.316+0000] {processor.py:840} INFO - DAG(s) 'example_dynamic_task_mapping' retrieved from /home/airflow/.local/lib/python3.8/site-packages/airflow/example_dags/example_dynamic_task_mapping.py
[2026-04-28T12:18:30.338+0000] {logging_mixin.py:188} INFO - [2026-04-28T12:18:30.337+0000] {dag.py:3047} INFO - Sync 1 DAGs
[2026-04-28T12:18:30.362+0000] {logging_mixin.py:188} INFO - [2026-04-28T12:18:30.361+0000] {dag.py:3834} INFO - Setting next_dagrun for example_dynamic_task_mapping to 2022-03-04 00:00:00+00:00, run_after=2022-03-05 00:00:00+00:00
[2026-04-28T12:18:30.378+0000] {processor.py:183} INFO - Processing /home/airflow/.local/lib/python3.8/site-packages/airflow/example_dags/example_dynamic_task_mapping.py took 0.077 seconds
[2026-04-28T12:19:00.677+0000] {processor.py:161} INFO - Started process (PID=852) to work on /home/airflow/.local/lib/python3.8/site-packages/airflow/example_dags/example_dynamic_task_mapping.py
[2026-04-28T12:19:00.678+0000] {processor.py:830} INFO - Processing file /home/airflow/.local/lib/python3.8/site-packages/airflow/example_dags/example_dynamic_task_mapping.py for tasks to queue
[2026-04-28T12:19:00.680+0000] {logging_mixin.py:188} INFO - [2026-04-28T12:19:00.680+0000] {dagbag.py:540} INFO - Filling up the DagBag from /home/airflow/.local/lib/python3.8/site-packages/airflow/example_dags/example_dynamic_task_mapping.py
[2026-04-28T12:19:00.688+0000] {processor.py:840} INFO - DAG(s) 'example_dynamic_task_mapping' retrieved from /home/airflow/.local/lib/python3.8/site-packages/airflow/example_dags/example_dynamic_task_mapping.py
[2026-04-28T12:19:00.709+0000] {logging_mixin.py:188} INFO - [2026-04-28T12:19:00.708+0000] {dag.py:3047} INFO - Sync 1 DAGs
[2026-04-28T12:19:00.733+0000] {logging_mixin.py:188} INFO - [2026-04-28T12:19:00.733+0000] {dag.py:3834} INFO - Setting next_dagrun for example_dynamic_task_mapping to 2022-03-04 00:00:00+00:00, run_after=2022-03-05 00:00:00+00:00
[2026-04-28T12:19:00.749+0000] {processor.py:183} INFO - Processing /home/airflow/.local/lib/python3.8/site-packages/airflow/example_dags/example_dynamic_task_mapping.py took 0.076 seconds
[2026-04-28T12:19:30.878+0000] {processor.py:161} INFO - Started process (PID=907) to work on /home/airflow/.local/lib/python3.8/site-packages/airflow/example_dags/example_dynamic_task_mapping.py
[2026-04-28T12:19:30.879+0000] {processor.py:830} INFO - Processing file /home/airflow/.local/lib/python3.8/site-packages/airflow/example_dags/example_dynamic_task_mapping.py for tasks to queue
[2026-04-28T12:19:30.881+0000] {logging_mixin.py:188} INFO - [2026-04-28T12:19:30.881+0000] {dagbag.py:540} INFO - Filling up the DagBag from /home/airflow/.local/lib/python3.8/site-packages/airflow/example_dags/example_dynamic_task_mapping.py
[2026-04-28T12:19:30.888+0000] {processor.py:840} INFO - DAG(s) 'example_dynamic_task_mapping' retrieved from /home/airflow/.local/lib/python3.8/site-packages/airflow/example_dags/example_dynamic_task_mapping.py
[2026-04-28T12:19:30.909+0000] {logging_mixin.py:188} INFO - [2026-04-28T12:19:30.909+0000] {dag.py:3047} INFO - Sync 1 DAGs
[2026-04-28T12:19:30.933+0000] {logging_mixin.py:188} INFO - [2026-04-28T12:19:30.932+0000] {dag.py:3834} INFO - Setting next_dagrun for example_dynamic_task_mapping to 2022-03-04 00:00:00+00:00, run_after=2022-03-05 00:00:00+00:00
[2026-04-28T12:19:30.949+0000] {processor.py:183} INFO - Processing /home/airflow/.local/lib/python3.8/site-packages/airflow/example_dags/example_dynamic_task_mapping.py took 0.075 seconds
[2026-04-28T12:20:01.489+0000] {processor.py:161} INFO - Started process (PID=962) to work on /home/airflow/.local/lib/python3.8/site-packages/airflow/example_dags/example_dynamic_task_mapping.py
[2026-04-28T12:20:01.490+0000] {processor.py:830} INFO - Processing file /home/airflow/.local/lib/python3.8/site-packages/airflow/example_dags/example_dynamic_task_mapping.py for tasks to queue
[2026-04-28T12:20:01.494+0000] {logging_mixin.py:188} INFO - [2026-04-28T12:20:01.491+0000] {dagbag.py:540} INFO - Filling up the DagBag from /home/airflow/.local/lib/python3.8/site-packages/airflow/example_dags/example_dynamic_task_mapping.py
[2026-04-28T12:20:01.505+0000] {processor.py:840} INFO - DAG(s) 'example_dynamic_task_mapping' retrieved from /home/airflow/.local/lib/python3.8/site-packages/airflow/example_dags/example_dynamic_task_mapping.py
[2026-04-28T12:20:01.547+0000] {logging_mixin.py:188} INFO - [2026-04-28T12:20:01.546+0000] {dag.py:3047} INFO - Sync 1 DAGs
[2026-04-28T12:20:01.603+0000] {logging_mixin.py:188} INFO - [2026-04-28T12:20:01.603+0000] {dag.py:3834} INFO - Setting next_dagrun for example_dynamic_task_mapping to 2022-03-04 00:00:00+00:00, run_after=2022-03-05 00:00:00+00:00
[2026-04-28T12:20:01.636+0000] {processor.py:183} INFO - Processing /home/airflow/.local/lib/python3.8/site-packages/airflow/example_dags/example_dynamic_task_mapping.py took 0.151 seconds
[2026-04-28T12:20:31.806+0000] {processor.py:161} INFO - Started process (PID=1022) to work on /home/airflow/.local/lib/python3.8/site-packages/airflow/example_dags/example_dynamic_task_mapping.py
[2026-04-28T12:20:31.806+0000] {processor.py:830} INFO - Processing file /home/airflow/.local/lib/python3.8/site-packages/airflow/example_dags/example_dynamic_task_mapping.py for tasks to queue
[2026-04-28T12:20:31.808+0000] {logging_mixin.py:188} INFO - [2026-04-28T12:20:31.808+0000] {dagbag.py:540} INFO - Filling up the DagBag from /home/airflow/.local/lib/python3.8/site-packages/airflow/example_dags/example_dynamic_task_mapping.py
[2026-04-28T12:20:31.816+0000] {processor.py:840} INFO - DAG(s) 'example_dynamic_task_mapping' retrieved from /home/airflow/.local/lib/python3.8/site-packages/airflow/example_dags/example_dynamic_task_mapping.py
[2026-04-28T12:20:31.837+0000] {logging_mixin.py:188} INFO - [2026-04-28T12:20:31.836+0000] {dag.py:3047} INFO - Sync 1 DAGs
[2026-04-28T12:20:31.860+0000] {logging_mixin.py:188} INFO - [2026-04-28T12:20:31.860+0000] {dag.py:3834} INFO - Setting next_dagrun for example_dynamic_task_mapping to 2022-03-04 00:00:00+00:00, run_after=2022-03-05 00:00:00+00:00
[2026-04-28T12:20:31.876+0000] {processor.py:183} INFO - Processing /home/airflow/.local/lib/python3.8/site-packages/airflow/example_dags/example_dynamic_task_mapping.py took 0.074 seconds
[2026-04-28T12:21:02.438+0000] {processor.py:161} INFO - Started process (PID=1077) to work on /home/airflow/.local/lib/python3.8/site-packages/airflow/example_dags/example_dynamic_task_mapping.py
[2026-04-28T12:21:02.441+0000] {processor.py:830} INFO - Processing file /home/airflow/.local/lib/python3.8/site-packages/airflow/example_dags/example_dynamic_task_mapping.py for tasks to queue
[2026-04-28T12:21:02.446+0000] {logging_mixin.py:188} INFO - [2026-04-28T12:21:02.446+0000] {dagbag.py:540} INFO - Filling up the DagBag from /home/airflow/.local/lib/python3.8/site-packages/airflow/example_dags/example_dynamic_task_mapping.py
[2026-04-28T12:21:02.477+0000] {processor.py:840} INFO - DAG(s) 'example_dynamic_task_mapping' retrieved from /home/airflow/.local/lib/python3.8/site-packages/airflow/example_dags/example_dynamic_task_mapping.py
[2026-04-28T12:21:02.546+0000] {logging_mixin.py:188} INFO - [2026-04-28T12:21:02.546+0000] {dag.py:3047} INFO - Sync 1 DAGs
[2026-04-28T12:21:02.576+0000] {logging_mixin.py:188} INFO - [2026-04-28T12:21:02.575+0000] {dag.py:3834} INFO - Setting next_dagrun for example_dynamic_task_mapping to 2022-03-04 00:00:00+00:00, run_after=2022-03-05 00:00:00+00:00
[2026-04-28T12:21:02.592+0000] {processor.py:183} INFO - Processing /home/airflow/.local/lib/python3.8/site-packages/airflow/example_dags/example_dynamic_task_mapping.py took 0.164 seconds
[2026-04-28T12:21:32.621+0000] {processor.py:161} INFO - Started process (PID=1132) to work on /home/airflow/.local/lib/python3.8/site-packages/airflow/example_dags/example_dynamic_task_mapping.py
[2026-04-28T12:21:32.622+0000] {processor.py:830} INFO - Processing file /home/airflow/.local/lib/python3.8/site-packages/airflow/example_dags/example_dynamic_task_mapping.py for tasks to queue
[2026-04-28T12:21:32.624+0000] {logging_mixin.py:188} INFO - [2026-04-28T12:21:32.623+0000] {dagbag.py:540} INFO - Filling up the DagBag from /home/airflow/.local/lib/python3.8/site-packages/airflow/example_dags/example_dynamic_task_mapping.py
[2026-04-28T12:21:32.631+0000] {processor.py:840} INFO - DAG(s) 'example_dynamic_task_mapping' retrieved from /home/airflow/.local/lib/python3.8/site-packages/airflow/example_dags/example_dynamic_task_mapping.py
[2026-04-28T12:21:32.652+0000] {logging_mixin.py:188} INFO - [2026-04-28T12:21:32.651+0000] {dag.py:3047} INFO - Sync 1 DAGs
[2026-04-28T12:21:32.677+0000] {logging_mixin.py:188} INFO - [2026-04-28T12:21:32.677+0000] {dag.py:3834} INFO - Setting next_dagrun for example_dynamic_task_mapping to 2022-03-04 00:00:00+00:00, run_after=2022-03-05 00:00:00+00:00
[2026-04-28T12:21:32.697+0000] {processor.py:183} INFO - Processing /home/airflow/.local/lib/python3.8/site-packages/airflow/example_dags/example_dynamic_task_mapping.py took 0.080 seconds
[2026-04-28T12:22:03.406+0000] {processor.py:161} INFO - Started process (PID=1187) to work on /home/airflow/.local/lib/python3.8/site-packages/airflow/example_dags/example_dynamic_task_mapping.py
[2026-04-28T12:22:03.407+0000] {processor.py:830} INFO - Processing file /home/airflow/.local/lib/python3.8/site-packages/airflow/example_dags/example_dynamic_task_mapping.py for tasks to queue
[2026-04-28T12:22:03.409+0000] {logging_mixin.py:188} INFO - [2026-04-28T12:22:03.409+0000] {dagbag.py:540} INFO - Filling up the DagBag from /home/airflow/.local/lib/python3.8/site-packages/airflow/example_dags/example_dynamic_task_mapping.py
[2026-04-28T12:22:03.416+0000] {processor.py:840} INFO - DAG(s) 'example_dynamic_task_mapping' retrieved from /home/airflow/.local/lib/python3.8/site-packages/airflow/example_dags/example_dynamic_task_mapping.py
[2026-04-28T12:22:03.448+0000] {logging_mixin.py:188} INFO - [2026-04-28T12:22:03.448+0000] {dag.py:3047} INFO - Sync 1 DAGs
[2026-04-28T12:22:03.473+0000] {logging_mixin.py:188} INFO - [2026-04-28T12:22:03.472+0000] {dag.py:3834} INFO - Setting next_dagrun for example_dynamic_task_mapping to 2022-03-04 00:00:00+00:00, run_after=2022-03-05 00:00:00+00:00
[2026-04-28T12:22:03.490+0000] {processor.py:183} INFO - Processing /home/airflow/.local/lib/python3.8/site-packages/airflow/example_dags/example_dynamic_task_mapping.py took 0.087 seconds
[2026-04-28T12:22:33.539+0000] {processor.py:161} INFO - Started process (PID=1242) to work on /home/airflow/.local/lib/python3.8/site-packages/airflow/example_dags/example_dynamic_task_mapping.py
[2026-04-28T12:22:33.540+0000] {processor.py:830} INFO - Processing file /home/airflow/.local/lib/python3.8/site-packages/airflow/example_dags/example_dynamic_task_mapping.py for tasks to queue
[2026-04-28T12:22:33.542+0000] {logging_mixin.py:188} INFO - [2026-04-28T12:22:33.542+0000] {dagbag.py:540} INFO - Filling up the DagBag from /home/airflow/.local/lib/python3.8/site-packages/airflow/example_dags/example_dynamic_task_mapping.py
[2026-04-28T12:22:33.549+0000] {processor.py:840} INFO - DAG(s) 'example_dynamic_task_mapping' retrieved from /home/airflow/.local/lib/python3.8/site-packages/airflow/example_dags/example_dynamic_task_mapping.py
[2026-04-28T12:22:33.571+0000] {logging_mixin.py:188} INFO - [2026-04-28T12:22:33.571+0000] {dag.py:3047} INFO - Sync 1 DAGs
[2026-04-28T12:22:33.595+0000] {logging_mixin.py:188} INFO - [2026-04-28T12:22:33.595+0000] {dag.py:3834} INFO - Setting next_dagrun for example_dynamic_task_mapping to 2022-03-04 00:00:00+00:00, run_after=2022-03-05 00:00:00+00:00
[2026-04-28T12:22:33.612+0000] {processor.py:183} INFO - Processing /home/airflow/.local/lib/python3.8/site-packages/airflow/example_dags/example_dynamic_task_mapping.py took 0.077 seconds
[2026-04-28T12:23:04.066+0000] {processor.py:161} INFO - Started process (PID=1297) to work on /home/airflow/.local/lib/python3.8/site-packages/airflow/example_dags/example_dynamic_task_mapping.py
[2026-04-28T12:23:04.067+0000] {processor.py:830} INFO - Processing file /home/airflow/.local/lib/python3.8/site-packages/airflow/example_dags/example_dynamic_task_mapping.py for tasks to queue
[2026-04-28T12:23:04.069+0000] {logging_mixin.py:188} INFO - [2026-04-28T12:23:04.069+0000] {dagbag.py:540} INFO - Filling up the DagBag from /home/airflow/.local/lib/python3.8/site-packages/airflow/example_dags/example_dynamic_task_mapping.py
[2026-04-28T12:23:04.077+0000] {processor.py:840} INFO - DAG(s) 'example_dynamic_task_mapping' retrieved from /home/airflow/.local/lib/python3.8/site-packages/airflow/example_dags/example_dynamic_task_mapping.py
[2026-04-28T12:23:04.097+0000] {logging_mixin.py:188} INFO - [2026-04-28T12:23:04.097+0000] {dag.py:3047} INFO - Sync 1 DAGs
[2026-04-28T12:23:04.121+0000] {logging_mixin.py:188} INFO - [2026-04-28T12:23:04.120+0000] {dag.py:3834} INFO - Setting next_dagrun for example_dynamic_task_mapping to 2022-03-04 00:00:00+00:00, run_after=2022-03-05 00:00:00+00:00
[2026-04-28T12:23:04.149+0000] {processor.py:183} INFO - Processing /home/airflow/.local/lib/python3.8/site-packages/airflow/example_dags/example_dynamic_task_mapping.py took 0.087 seconds
[2026-04-28T12:23:34.337+0000] {processor.py:161} INFO - Started process (PID=1352) to work on /home/airflow/.local/lib/python3.8/site-packages/airflow/example_dags/example_dynamic_task_mapping.py
[2026-04-28T12:23:34.338+0000] {processor.py:830} INFO - Processing file /home/airflow/.local/lib/python3.8/site-packages/airflow/example_dags/example_dynamic_task_mapping.py for tasks to queue
[2026-04-28T12:23:34.340+0000] {logging_mixin.py:188} INFO - [2026-04-28T12:23:34.340+0000] {dagbag.py:540} INFO - Filling up the DagBag from /home/airflow/.local/lib/python3.8/site-packages/airflow/example_dags/example_dynamic_task_mapping.py
[2026-04-28T12:23:34.348+0000] {processor.py:840} INFO - DAG(s) 'example_dynamic_task_mapping' retrieved from /home/airflow/.local/lib/python3.8/site-packages/airflow/example_dags/example_dynamic_task_mapping.py
[2026-04-28T12:23:34.373+0000] {logging_mixin.py:188} INFO - [2026-04-28T12:23:34.372+0000] {dag.py:3047} INFO - Sync 1 DAGs
[2026-04-28T12:23:34.396+0000] {logging_mixin.py:188} INFO - [2026-04-28T12:23:34.396+0000] {dag.py:3834} INFO - Setting next_dagrun for example_dynamic_task_mapping to 2022-03-04 00:00:00+00:00, run_after=2022-03-05 00:00:00+00:00
[2026-04-28T12:23:34.412+0000] {processor.py:183} INFO - Processing /home/airflow/.local/lib/python3.8/site-packages/airflow/example_dags/example_dynamic_task_mapping.py took 0.078 seconds
[2026-04-28T12:24:05.119+0000] {processor.py:161} INFO - Started process (PID=1407) to work on /home/airflow/.local/lib/python3.8/site-packages/airflow/example_dags/example_dynamic_task_mapping.py
[2026-04-28T12:24:05.121+0000] {processor.py:830} INFO - Processing file /home/airflow/.local/lib/python3.8/site-packages/airflow/example_dags/example_dynamic_task_mapping.py for tasks to queue
[2026-04-28T12:24:05.123+0000] {logging_mixin.py:188} INFO - [2026-04-28T12:24:05.123+0000] {dagbag.py:540} INFO - Filling up the DagBag from /home/airflow/.local/lib/python3.8/site-packages/airflow/example_dags/example_dynamic_task_mapping.py
[2026-04-28T12:24:05.130+0000] {processor.py:840} INFO - DAG(s) 'example_dynamic_task_mapping' retrieved from /home/airflow/.local/lib/python3.8/site-packages/airflow/example_dags/example_dynamic_task_mapping.py
[2026-04-28T12:24:05.152+0000] {logging_mixin.py:188} INFO - [2026-04-28T12:24:05.151+0000] {dag.py:3047} INFO - Sync 1 DAGs
[2026-04-28T12:24:05.183+0000] {logging_mixin.py:188} INFO - [2026-04-28T12:24:05.183+0000] {dag.py:3834} INFO - Setting next_dagrun for example_dynamic_task_mapping to 2022-03-04 00:00:00+00:00, run_after=2022-03-05 00:00:00+00:00
[2026-04-28T12:24:05.210+0000] {processor.py:183} INFO - Processing /home/airflow/.local/lib/python3.8/site-packages/airflow/example_dags/example_dynamic_task_mapping.py took 0.097 seconds
[2026-04-28T12:24:35.291+0000] {processor.py:161} INFO - Started process (PID=1462) to work on /home/airflow/.local/lib/python3.8/site-packages/airflow/example_dags/example_dynamic_task_mapping.py
[2026-04-28T12:24:35.292+0000] {processor.py:830} INFO - Processing file /home/airflow/.local/lib/python3.8/site-packages/airflow/example_dags/example_dynamic_task_mapping.py for tasks to queue
[2026-04-28T12:24:35.294+0000] {logging_mixin.py:188} INFO - [2026-04-28T12:24:35.293+0000] {dagbag.py:540} INFO - Filling up the DagBag from /home/airflow/.local/lib/python3.8/site-packages/airflow/example_dags/example_dynamic_task_mapping.py
[2026-04-28T12:24:35.306+0000] {processor.py:840} INFO - DAG(s) 'example_dynamic_task_mapping' retrieved from /home/airflow/.local/lib/python3.8/site-packages/airflow/example_dags/example_dynamic_task_mapping.py
[2026-04-28T12:24:35.341+0000] {logging_mixin.py:188} INFO - [2026-04-28T12:24:35.341+0000] {dag.py:3047} INFO - Sync 1 DAGs
[2026-04-28T12:24:35.363+0000] {logging_mixin.py:188} INFO - [2026-04-28T12:24:35.363+0000] {dag.py:3834} INFO - Setting next_dagrun for example_dynamic_task_mapping to 2022-03-04 00:00:00+00:00, run_after=2022-03-05 00:00:00+00:00
[2026-04-28T12:24:35.381+0000] {processor.py:183} INFO - Processing /home/airflow/.local/lib/python3.8/site-packages/airflow/example_dags/example_dynamic_task_mapping.py took 0.095 seconds
[2026-04-28T12:25:06.396+0000] {processor.py:161} INFO - Started process (PID=1517) to work on /home/airflow/.local/lib/python3.8/site-packages/airflow/example_dags/example_dynamic_task_mapping.py
[2026-04-28T12:25:06.399+0000] {processor.py:830} INFO - Processing file /home/airflow/.local/lib/python3.8/site-packages/airflow/example_dags/example_dynamic_task_mapping.py for tasks to queue
[2026-04-28T12:25:06.404+0000] {logging_mixin.py:188} INFO - [2026-04-28T12:25:06.403+0000] {dagbag.py:540} INFO - Filling up the DagBag from /home/airflow/.local/lib/python3.8/site-packages/airflow/example_dags/example_dynamic_task_mapping.py
[2026-04-28T12:25:06.425+0000] {processor.py:840} INFO - DAG(s) 'example_dynamic_task_mapping' retrieved from /home/airflow/.local/lib/python3.8/site-packages/airflow/example_dags/example_dynamic_task_mapping.py
[2026-04-28T12:25:06.484+0000] {logging_mixin.py:188} INFO - [2026-04-28T12:25:06.484+0000] {dag.py:3047} INFO - Sync 1 DAGs
[2026-04-28T12:25:06.535+0000] {logging_mixin.py:188} INFO - [2026-04-28T12:25:06.534+0000] {dag.py:3834} INFO - Setting next_dagrun for example_dynamic_task_mapping to 2022-03-04 00:00:00+00:00, run_after=2022-03-05 00:00:00+00:00
[2026-04-28T12:25:06.552+0000] {processor.py:183} INFO - Processing /home/airflow/.local/lib/python3.8/site-packages/airflow/example_dags/example_dynamic_task_mapping.py took 0.168 seconds
[2026-04-28T12:25:37.484+0000] {processor.py:161} INFO - Started process (PID=1572) to work on /home/airflow/.local/lib/python3.8/site-packages/airflow/example_dags/example_dynamic_task_mapping.py
[2026-04-28T12:25:37.491+0000] {processor.py:830} INFO - Processing file /home/airflow/.local/lib/python3.8/site-packages/airflow/example_dags/example_dynamic_task_mapping.py for tasks to queue
[2026-04-28T12:25:37.498+0000] {logging_mixin.py:188} INFO - [2026-04-28T12:25:37.497+0000] {dagbag.py:540} INFO - Filling up the DagBag from /home/airflow/.local/lib/python3.8/site-packages/airflow/example_dags/example_dynamic_task_mapping.py
[2026-04-28T12:25:37.528+0000] {processor.py:840} INFO - DAG(s) 'example_dynamic_task_mapping' retrieved from /home/airflow/.local/lib/python3.8/site-packages/airflow/example_dags/example_dynamic_task_mapping.py
[2026-04-28T12:25:37.584+0000] {logging_mixin.py:188} INFO - [2026-04-28T12:25:37.583+0000] {dag.py:3047} INFO - Sync 1 DAGs
[2026-04-28T12:25:37.636+0000] {logging_mixin.py:188} INFO - [2026-04-28T12:25:37.635+0000] {dag.py:3834} INFO - Setting next_dagrun for example_dynamic_task_mapping to 2022-03-04 00:00:00+00:00, run_after=2022-03-05 00:00:00+00:00
[2026-04-28T12:25:37.689+0000] {processor.py:183} INFO - Processing /home/airflow/.local/lib/python3.8/site-packages/airflow/example_dags/example_dynamic_task_mapping.py took 0.211 seconds
[2026-04-28T12:26:07.772+0000] {processor.py:161} INFO - Started process (PID=1627) to work on /home/airflow/.local/lib/python3.8/site-packages/airflow/example_dags/example_dynamic_task_mapping.py
[2026-04-28T12:26:07.773+0000] {processor.py:830} INFO - Processing file /home/airflow/.local/lib/python3.8/site-packages/airflow/example_dags/example_dynamic_task_mapping.py for tasks to queue
[2026-04-28T12:26:07.775+0000] {logging_mixin.py:188} INFO - [2026-04-28T12:26:07.775+0000] {dagbag.py:540} INFO - Filling up the DagBag from /home/airflow/.local/lib/python3.8/site-packages/airflow/example_dags/example_dynamic_task_mapping.py
[2026-04-28T12:26:07.782+0000] {processor.py:840} INFO - DAG(s) 'example_dynamic_task_mapping' retrieved from /home/airflow/.local/lib/python3.8/site-packages/airflow/example_dags/example_dynamic_task_mapping.py
[2026-04-28T12:26:07.804+0000] {logging_mixin.py:188} INFO - [2026-04-28T12:26:07.803+0000] {dag.py:3047} INFO - Sync 1 DAGs
[2026-04-28T12:26:07.827+0000] {logging_mixin.py:188} INFO - [2026-04-28T12:26:07.827+0000] {dag.py:3834} INFO - Setting next_dagrun for example_dynamic_task_mapping to 2022-03-04 00:00:00+00:00, run_after=2022-03-05 00:00:00+00:00
[2026-04-28T12:26:07.844+0000] {processor.py:183} INFO - Processing /home/airflow/.local/lib/python3.8/site-packages/airflow/example_dags/example_dynamic_task_mapping.py took 0.075 seconds
[2026-04-28T12:26:38.228+0000] {processor.py:161} INFO - Started process (PID=1682) to work on /home/airflow/.local/lib/python3.8/site-packages/airflow/example_dags/example_dynamic_task_mapping.py
[2026-04-28T12:26:38.234+0000] {processor.py:830} INFO - Processing file /home/airflow/.local/lib/python3.8/site-packages/airflow/example_dags/example_dynamic_task_mapping.py for tasks to queue
[2026-04-28T12:26:38.238+0000] {logging_mixin.py:188} INFO - [2026-04-28T12:26:38.238+0000] {dagbag.py:540} INFO - Filling up the DagBag from /home/airflow/.local/lib/python3.8/site-packages/airflow/example_dags/example_dynamic_task_mapping.py
[2026-04-28T12:26:38.260+0000] {processor.py:840} INFO - DAG(s) 'example_dynamic_task_mapping' retrieved from /home/airflow/.local/lib/python3.8/site-packages/airflow/example_dags/example_dynamic_task_mapping.py
[2026-04-28T12:26:38.322+0000] {logging_mixin.py:188} INFO - [2026-04-28T12:26:38.321+0000] {dag.py:3047} INFO - Sync 1 DAGs
[2026-04-28T12:26:38.371+0000] {logging_mixin.py:188} INFO - [2026-04-28T12:26:38.370+0000] {dag.py:3834} INFO - Setting next_dagrun for example_dynamic_task_mapping to 2022-03-04 00:00:00+00:00, run_after=2022-03-05 00:00:00+00:00
[2026-04-28T12:26:38.411+0000] {processor.py:183} INFO - Processing /home/airflow/.local/lib/python3.8/site-packages/airflow/example_dags/example_dynamic_task_mapping.py took 0.192 seconds
[2026-04-28T12:27:09.245+0000] {processor.py:161} INFO - Started process (PID=1738) to work on /home/airflow/.local/lib/python3.8/site-packages/airflow/example_dags/example_dynamic_task_mapping.py
[2026-04-28T12:27:09.246+0000] {processor.py:830} INFO - Processing file /home/airflow/.local/lib/python3.8/site-packages/airflow/example_dags/example_dynamic_task_mapping.py for tasks to queue
[2026-04-28T12:27:09.252+0000] {logging_mixin.py:188} INFO - [2026-04-28T12:27:09.251+0000] {dagbag.py:540} INFO - Filling up the DagBag from /home/airflow/.local/lib/python3.8/site-packages/airflow/example_dags/example_dynamic_task_mapping.py
[2026-04-28T12:27:09.270+0000] {processor.py:840} INFO - DAG(s) 'example_dynamic_task_mapping' retrieved from /home/airflow/.local/lib/python3.8/site-packages/airflow/example_dags/example_dynamic_task_mapping.py
[2026-04-28T12:27:09.322+0000] {logging_mixin.py:188} INFO - [2026-04-28T12:27:09.321+0000] {dag.py:3047} INFO - Sync 1 DAGs
[2026-04-28T12:27:09.381+0000] {logging_mixin.py:188} INFO - [2026-04-28T12:27:09.380+0000] {dag.py:3834} INFO - Setting next_dagrun for example_dynamic_task_mapping to 2022-03-04 00:00:00+00:00, run_after=2022-03-05 00:00:00+00:00
[2026-04-28T12:27:09.411+0000] {processor.py:183} INFO - Processing /home/airflow/.local/lib/python3.8/site-packages/airflow/example_dags/example_dynamic_task_mapping.py took 0.175 seconds
[2026-04-28T12:27:39.555+0000] {processor.py:161} INFO - Started process (PID=1793) to work on /home/airflow/.local/lib/python3.8/site-packages/airflow/example_dags/example_dynamic_task_mapping.py
[2026-04-28T12:27:39.559+0000] {processor.py:830} INFO - Processing file /home/airflow/.local/lib/python3.8/site-packages/airflow/example_dags/example_dynamic_task_mapping.py for tasks to queue
[2026-04-28T12:27:39.563+0000] {logging_mixin.py:188} INFO - [2026-04-28T12:27:39.562+0000] {dagbag.py:540} INFO - Filling up the DagBag from /home/airflow/.local/lib/python3.8/site-packages/airflow/example_dags/example_dynamic_task_mapping.py
[2026-04-28T12:27:39.579+0000] {processor.py:840} INFO - DAG(s) 'example_dynamic_task_mapping' retrieved from /home/airflow/.local/lib/python3.8/site-packages/airflow/example_dags/example_dynamic_task_mapping.py
[2026-04-28T12:27:39.630+0000] {logging_mixin.py:188} INFO - [2026-04-28T12:27:39.629+0000] {dag.py:3047} INFO - Sync 1 DAGs
[2026-04-28T12:27:39.679+0000] {logging_mixin.py:188} INFO - [2026-04-28T12:27:39.679+0000] {dag.py:3834} INFO - Setting next_dagrun for example_dynamic_task_mapping to 2022-03-04 00:00:00+00:00, run_after=2022-03-05 00:00:00+00:00
[2026-04-28T12:27:39.696+0000] {processor.py:183} INFO - Processing /home/airflow/.local/lib/python3.8/site-packages/airflow/example_dags/example_dynamic_task_mapping.py took 0.148 seconds
[2026-04-28T12:28:09.751+0000] {processor.py:161} INFO - Started process (PID=1849) to work on /home/airflow/.local/lib/python3.8/site-packages/airflow/example_dags/example_dynamic_task_mapping.py
[2026-04-28T12:28:09.752+0000] {processor.py:830} INFO - Processing file /home/airflow/.local/lib/python3.8/site-packages/airflow/example_dags/example_dynamic_task_mapping.py for tasks to queue
[2026-04-28T12:28:09.754+0000] {logging_mixin.py:188} INFO - [2026-04-28T12:28:09.753+0000] {dagbag.py:540} INFO - Filling up the DagBag from /home/airflow/.local/lib/python3.8/site-packages/airflow/example_dags/example_dynamic_task_mapping.py
[2026-04-28T12:28:09.761+0000] {processor.py:840} INFO - DAG(s) 'example_dynamic_task_mapping' retrieved from /home/airflow/.local/lib/python3.8/site-packages/airflow/example_dags/example_dynamic_task_mapping.py
[2026-04-28T12:28:09.783+0000] {logging_mixin.py:188} INFO - [2026-04-28T12:28:09.783+0000] {dag.py:3047} INFO - Sync 1 DAGs
[2026-04-28T12:28:09.807+0000] {logging_mixin.py:188} INFO - [2026-04-28T12:28:09.806+0000] {dag.py:3834} INFO - Setting next_dagrun for example_dynamic_task_mapping to 2022-03-04 00:00:00+00:00, run_after=2022-03-05 00:00:00+00:00
[2026-04-28T12:28:09.825+0000] {processor.py:183} INFO - Processing /home/airflow/.local/lib/python3.8/site-packages/airflow/example_dags/example_dynamic_task_mapping.py took 0.078 seconds
[2026-04-28T12:28:40.578+0000] {processor.py:161} INFO - Started process (PID=1905) to work on /home/airflow/.local/lib/python3.8/site-packages/airflow/example_dags/example_dynamic_task_mapping.py
[2026-04-28T12:28:40.579+0000] {processor.py:830} INFO - Processing file /home/airflow/.local/lib/python3.8/site-packages/airflow/example_dags/example_dynamic_task_mapping.py for tasks to queue
[2026-04-28T12:28:40.581+0000] {logging_mixin.py:188} INFO - [2026-04-28T12:28:40.580+0000] {dagbag.py:540} INFO - Filling up the DagBag from /home/airflow/.local/lib/python3.8/site-packages/airflow/example_dags/example_dynamic_task_mapping.py
[2026-04-28T12:28:40.588+0000] {processor.py:840} INFO - DAG(s) 'example_dynamic_task_mapping' retrieved from /home/airflow/.local/lib/python3.8/site-packages/airflow/example_dags/example_dynamic_task_mapping.py
[2026-04-28T12:28:40.609+0000] {logging_mixin.py:188} INFO - [2026-04-28T12:28:40.609+0000] {dag.py:3047} INFO - Sync 1 DAGs
[2026-04-28T12:28:40.636+0000] {logging_mixin.py:188} INFO - [2026-04-28T12:28:40.636+0000] {dag.py:3834} INFO - Setting next_dagrun for example_dynamic_task_mapping to 2022-03-04 00:00:00+00:00, run_after=2022-03-05 00:00:00+00:00
[2026-04-28T12:28:40.665+0000] {processor.py:183} INFO - Processing /home/airflow/.local/lib/python3.8/site-packages/airflow/example_dags/example_dynamic_task_mapping.py took 0.091 seconds
[2026-04-28T12:29:11.262+0000] {processor.py:161} INFO - Started process (PID=1961) to work on /home/airflow/.local/lib/python3.8/site-packages/airflow/example_dags/example_dynamic_task_mapping.py
[2026-04-28T12:29:11.264+0000] {processor.py:830} INFO - Processing file /home/airflow/.local/lib/python3.8/site-packages/airflow/example_dags/example_dynamic_task_mapping.py for tasks to queue
[2026-04-28T12:29:11.266+0000] {logging_mixin.py:188} INFO - [2026-04-28T12:29:11.266+0000] {dagbag.py:540} INFO - Filling up the DagBag from /home/airflow/.local/lib/python3.8/site-packages/airflow/example_dags/example_dynamic_task_mapping.py
[2026-04-28T12:29:11.274+0000] {processor.py:840} INFO - DAG(s) 'example_dynamic_task_mapping' retrieved from /home/airflow/.local/lib/python3.8/site-packages/airflow/example_dags/example_dynamic_task_mapping.py
[2026-04-28T12:29:11.298+0000] {logging_mixin.py:188} INFO - [2026-04-28T12:29:11.298+0000] {dag.py:3047} INFO - Sync 1 DAGs
[2026-04-28T12:29:11.331+0000] {logging_mixin.py:188} INFO - [2026-04-28T12:29:11.331+0000] {dag.py:3834} INFO - Setting next_dagrun for example_dynamic_task_mapping to 2022-03-04 00:00:00+00:00, run_after=2022-03-05 00:00:00+00:00
[2026-04-28T12:29:11.356+0000] {processor.py:183} INFO - Processing /home/airflow/.local/lib/python3.8/site-packages/airflow/example_dags/example_dynamic_task_mapping.py took 0.097 seconds
[2026-04-28T12:29:41.574+0000] {processor.py:161} INFO - Started process (PID=2017) to work on /home/airflow/.local/lib/python3.8/site-packages/airflow/example_dags/example_dynamic_task_mapping.py
[2026-04-28T12:29:41.576+0000] {processor.py:830} INFO - Processing file /home/airflow/.local/lib/python3.8/site-packages/airflow/example_dags/example_dynamic_task_mapping.py for tasks to queue
[2026-04-28T12:29:41.578+0000] {logging_mixin.py:188} INFO - [2026-04-28T12:29:41.577+0000] {dagbag.py:540} INFO - Filling up the DagBag from /home/airflow/.local/lib/python3.8/site-packages/airflow/example_dags/example_dynamic_task_mapping.py
[2026-04-28T12:29:41.585+0000] {processor.py:840} INFO - DAG(s) 'example_dynamic_task_mapping' retrieved from /home/airflow/.local/lib/python3.8/site-packages/airflow/example_dags/example_dynamic_task_mapping.py
[2026-04-28T12:29:41.606+0000] {logging_mixin.py:188} INFO - [2026-04-28T12:29:41.606+0000] {dag.py:3047} INFO - Sync 1 DAGs
[2026-04-28T12:29:41.632+0000] {logging_mixin.py:188} INFO - [2026-04-28T12:29:41.631+0000] {dag.py:3834} INFO - Setting next_dagrun for example_dynamic_task_mapping to 2022-03-04 00:00:00+00:00, run_after=2022-03-05 00:00:00+00:00
[2026-04-28T12:29:41.650+0000] {processor.py:183} INFO - Processing /home/airflow/.local/lib/python3.8/site-packages/airflow/example_dags/example_dynamic_task_mapping.py took 0.080 seconds
[2026-04-28T12:30:11.986+0000] {processor.py:161} INFO - Started process (PID=2073) to work on /home/airflow/.local/lib/python3.8/site-packages/airflow/example_dags/example_dynamic_task_mapping.py
[2026-04-28T12:30:11.987+0000] {processor.py:830} INFO - Processing file /home/airflow/.local/lib/python3.8/site-packages/airflow/example_dags/example_dynamic_task_mapping.py for tasks to queue
[2026-04-28T12:30:11.989+0000] {logging_mixin.py:188} INFO - [2026-04-28T12:30:11.988+0000] {dagbag.py:540} INFO - Filling up the DagBag from /home/airflow/.local/lib/python3.8/site-packages/airflow/example_dags/example_dynamic_task_mapping.py
[2026-04-28T12:30:11.996+0000] {processor.py:840} INFO - DAG(s) 'example_dynamic_task_mapping' retrieved from /home/airflow/.local/lib/python3.8/site-packages/airflow/example_dags/example_dynamic_task_mapping.py
[2026-04-28T12:30:12.019+0000] {logging_mixin.py:188} INFO - [2026-04-28T12:30:12.019+0000] {dag.py:3047} INFO - Sync 1 DAGs
[2026-04-28T12:30:12.043+0000] {logging_mixin.py:188} INFO - [2026-04-28T12:30:12.043+0000] {dag.py:3834} INFO - Setting next_dagrun for example_dynamic_task_mapping to 2022-03-04 00:00:00+00:00, run_after=2022-03-05 00:00:00+00:00
[2026-04-28T12:30:12.060+0000] {processor.py:183} INFO - Processing /home/airflow/.local/lib/python3.8/site-packages/airflow/example_dags/example_dynamic_task_mapping.py took 0.078 seconds
[2026-04-28T12:30:42.569+0000] {processor.py:161} INFO - Started process (PID=2129) to work on /home/airflow/.local/lib/python3.8/site-packages/airflow/example_dags/example_dynamic_task_mapping.py
[2026-04-28T12:30:42.570+0000] {processor.py:830} INFO - Processing file /home/airflow/.local/lib/python3.8/site-packages/airflow/example_dags/example_dynamic_task_mapping.py for tasks to queue
[2026-04-28T12:30:42.572+0000] {logging_mixin.py:188} INFO - [2026-04-28T12:30:42.572+0000] {dagbag.py:540} INFO - Filling up the DagBag from /home/airflow/.local/lib/python3.8/site-packages/airflow/example_dags/example_dynamic_task_mapping.py
[2026-04-28T12:30:42.580+0000] {processor.py:840} INFO - DAG(s) 'example_dynamic_task_mapping' retrieved from /home/airflow/.local/lib/python3.8/site-packages/airflow/example_dags/example_dynamic_task_mapping.py
[2026-04-28T12:30:42.602+0000] {logging_mixin.py:188} INFO - [2026-04-28T12:30:42.602+0000] {dag.py:3047} INFO - Sync 1 DAGs
[2026-04-28T12:30:42.824+0000] {logging_mixin.py:188} INFO - [2026-04-28T12:30:42.823+0000] {dag.py:3834} INFO - Setting next_dagrun for example_dynamic_task_mapping to 2022-03-04 00:00:00+00:00, run_after=2022-03-05 00:00:00+00:00
[2026-04-28T12:30:42.840+0000] {processor.py:183} INFO - Processing /home/airflow/.local/lib/python3.8/site-packages/airflow/example_dags/example_dynamic_task_mapping.py took 0.274 seconds
[2026-04-28T12:31:13.048+0000] {processor.py:161} INFO - Started process (PID=2185) to work on /home/airflow/.local/lib/python3.8/site-packages/airflow/example_dags/example_dynamic_task_mapping.py
[2026-04-28T12:31:13.049+0000] {processor.py:830} INFO - Processing file /home/airflow/.local/lib/python3.8/site-packages/airflow/example_dags/example_dynamic_task_mapping.py for tasks to queue
[2026-04-28T12:31:13.052+0000] {logging_mixin.py:188} INFO - [2026-04-28T12:31:13.051+0000] {dagbag.py:540} INFO - Filling up the DagBag from /home/airflow/.local/lib/python3.8/site-packages/airflow/example_dags/example_dynamic_task_mapping.py
[2026-04-28T12:31:13.059+0000] {processor.py:840} INFO - DAG(s) 'example_dynamic_task_mapping' retrieved from /home/airflow/.local/lib/python3.8/site-packages/airflow/example_dags/example_dynamic_task_mapping.py
[2026-04-28T12:31:13.084+0000] {logging_mixin.py:188} INFO - [2026-04-28T12:31:13.084+0000] {dag.py:3047} INFO - Sync 1 DAGs
[2026-04-28T12:31:13.308+0000] {logging_mixin.py:188} INFO - [2026-04-28T12:31:13.305+0000] {dag.py:3834} INFO - Setting next_dagrun for example_dynamic_task_mapping to 2022-03-04 00:00:00+00:00, run_after=2022-03-05 00:00:00+00:00
[2026-04-28T12:31:13.330+0000] {processor.py:183} INFO - Processing /home/airflow/.local/lib/python3.8/site-packages/airflow/example_dags/example_dynamic_task_mapping.py took 0.285 seconds
[2026-04-28T12:31:43.572+0000] {processor.py:161} INFO - Started process (PID=2240) to work on /home/airflow/.local/lib/python3.8/site-packages/airflow/example_dags/example_dynamic_task_mapping.py
[2026-04-28T12:31:43.573+0000] {processor.py:830} INFO - Processing file /home/airflow/.local/lib/python3.8/site-packages/airflow/example_dags/example_dynamic_task_mapping.py for tasks to queue
[2026-04-28T12:31:43.575+0000] {logging_mixin.py:188} INFO - [2026-04-28T12:31:43.575+0000] {dagbag.py:540} INFO - Filling up the DagBag from /home/airflow/.local/lib/python3.8/site-packages/airflow/example_dags/example_dynamic_task_mapping.py
[2026-04-28T12:31:43.582+0000] {processor.py:840} INFO - DAG(s) 'example_dynamic_task_mapping' retrieved from /home/airflow/.local/lib/python3.8/site-packages/airflow/example_dags/example_dynamic_task_mapping.py
[2026-04-28T12:31:43.604+0000] {logging_mixin.py:188} INFO - [2026-04-28T12:31:43.604+0000] {dag.py:3047} INFO - Sync 1 DAGs
[2026-04-28T12:31:43.628+0000] {logging_mixin.py:188} INFO - [2026-04-28T12:31:43.628+0000] {dag.py:3834} INFO - Setting next_dagrun for example_dynamic_task_mapping to 2022-03-04 00:00:00+00:00, run_after=2022-03-05 00:00:00+00:00
[2026-04-28T12:31:43.645+0000] {processor.py:183} INFO - Processing /home/airflow/.local/lib/python3.8/site-packages/airflow/example_dags/example_dynamic_task_mapping.py took 0.077 seconds
[2026-04-28T12:32:14.244+0000] {processor.py:161} INFO - Started process (PID=2296) to work on /home/airflow/.local/lib/python3.8/site-packages/airflow/example_dags/example_dynamic_task_mapping.py
[2026-04-28T12:32:14.245+0000] {processor.py:830} INFO - Processing file /home/airflow/.local/lib/python3.8/site-packages/airflow/example_dags/example_dynamic_task_mapping.py for tasks to queue
[2026-04-28T12:32:14.247+0000] {logging_mixin.py:188} INFO - [2026-04-28T12:32:14.247+0000] {dagbag.py:540} INFO - Filling up the DagBag from /home/airflow/.local/lib/python3.8/site-packages/airflow/example_dags/example_dynamic_task_mapping.py
[2026-04-28T12:32:14.255+0000] {processor.py:840} INFO - DAG(s) 'example_dynamic_task_mapping' retrieved from /home/airflow/.local/lib/python3.8/site-packages/airflow/example_dags/example_dynamic_task_mapping.py
[2026-04-28T12:32:14.278+0000] {logging_mixin.py:188} INFO - [2026-04-28T12:32:14.278+0000] {dag.py:3047} INFO - Sync 1 DAGs
[2026-04-28T12:32:14.302+0000] {logging_mixin.py:188} INFO - [2026-04-28T12:32:14.302+0000] {dag.py:3834} INFO - Setting next_dagrun for example_dynamic_task_mapping to 2022-03-04 00:00:00+00:00, run_after=2022-03-05 00:00:00+00:00
[2026-04-28T12:32:14.319+0000] {processor.py:183} INFO - Processing /home/airflow/.local/lib/python3.8/site-packages/airflow/example_dags/example_dynamic_task_mapping.py took 0.079 seconds
[2026-04-28T12:32:45.086+0000] {processor.py:161} INFO - Started process (PID=2354) to work on /home/airflow/.local/lib/python3.8/site-packages/airflow/example_dags/example_dynamic_task_mapping.py
[2026-04-28T12:32:45.087+0000] {processor.py:830} INFO - Processing file /home/airflow/.local/lib/python3.8/site-packages/airflow/example_dags/example_dynamic_task_mapping.py for tasks to queue
[2026-04-28T12:32:45.089+0000] {logging_mixin.py:188} INFO - [2026-04-28T12:32:45.089+0000] {dagbag.py:540} INFO - Filling up the DagBag from /home/airflow/.local/lib/python3.8/site-packages/airflow/example_dags/example_dynamic_task_mapping.py
[2026-04-28T12:32:45.097+0000] {processor.py:840} INFO - DAG(s) 'example_dynamic_task_mapping' retrieved from /home/airflow/.local/lib/python3.8/site-packages/airflow/example_dags/example_dynamic_task_mapping.py
[2026-04-28T12:32:45.119+0000] {logging_mixin.py:188} INFO - [2026-04-28T12:32:45.119+0000] {dag.py:3047} INFO - Sync 1 DAGs
[2026-04-28T12:32:45.143+0000] {logging_mixin.py:188} INFO - [2026-04-28T12:32:45.143+0000] {dag.py:3834} INFO - Setting next_dagrun for example_dynamic_task_mapping to 2022-03-04 00:00:00+00:00, run_after=2022-03-05 00:00:00+00:00
[2026-04-28T12:32:45.161+0000] {processor.py:183} INFO - Processing /home/airflow/.local/lib/python3.8/site-packages/airflow/example_dags/example_dynamic_task_mapping.py took 0.079 seconds
[2026-04-28T12:33:15.365+0000] {processor.py:161} INFO - Started process (PID=2410) to work on /home/airflow/.local/lib/python3.8/site-packages/airflow/example_dags/example_dynamic_task_mapping.py
[2026-04-28T12:33:15.367+0000] {processor.py:830} INFO - Processing file /home/airflow/.local/lib/python3.8/site-packages/airflow/example_dags/example_dynamic_task_mapping.py for tasks to queue
[2026-04-28T12:33:15.372+0000] {logging_mixin.py:188} INFO - [2026-04-28T12:33:15.370+0000] {dagbag.py:540} INFO - Filling up the DagBag from /home/airflow/.local/lib/python3.8/site-packages/airflow/example_dags/example_dynamic_task_mapping.py
[2026-04-28T12:33:15.391+0000] {processor.py:840} INFO - DAG(s) 'example_dynamic_task_mapping' retrieved from /home/airflow/.local/lib/python3.8/site-packages/airflow/example_dags/example_dynamic_task_mapping.py
[2026-04-28T12:33:15.439+0000] {logging_mixin.py:188} INFO - [2026-04-28T12:33:15.439+0000] {dag.py:3047} INFO - Sync 1 DAGs
[2026-04-28T12:33:15.475+0000] {logging_mixin.py:188} INFO - [2026-04-28T12:33:15.475+0000] {dag.py:3834} INFO - Setting next_dagrun for example_dynamic_task_mapping to 2022-03-04 00:00:00+00:00, run_after=2022-03-05 00:00:00+00:00
[2026-04-28T12:33:15.524+0000] {processor.py:183} INFO - Processing /home/airflow/.local/lib/python3.8/site-packages/airflow/example_dags/example_dynamic_task_mapping.py took 0.163 seconds
[2026-04-28T12:33:45.862+0000] {processor.py:161} INFO - Started process (PID=2466) to work on /home/airflow/.local/lib/python3.8/site-packages/airflow/example_dags/example_dynamic_task_mapping.py
[2026-04-28T12:33:45.863+0000] {processor.py:830} INFO - Processing file /home/airflow/.local/lib/python3.8/site-packages/airflow/example_dags/example_dynamic_task_mapping.py for tasks to queue
[2026-04-28T12:33:45.865+0000] {logging_mixin.py:188} INFO - [2026-04-28T12:33:45.865+0000] {dagbag.py:540} INFO - Filling up the DagBag from /home/airflow/.local/lib/python3.8/site-packages/airflow/example_dags/example_dynamic_task_mapping.py
[2026-04-28T12:33:45.873+0000] {processor.py:840} INFO - DAG(s) 'example_dynamic_task_mapping' retrieved from /home/airflow/.local/lib/python3.8/site-packages/airflow/example_dags/example_dynamic_task_mapping.py
[2026-04-28T12:33:45.895+0000] {logging_mixin.py:188} INFO - [2026-04-28T12:33:45.894+0000] {dag.py:3047} INFO - Sync 1 DAGs
[2026-04-28T12:33:45.919+0000] {logging_mixin.py:188} INFO - [2026-04-28T12:33:45.919+0000] {dag.py:3834} INFO - Setting next_dagrun for example_dynamic_task_mapping to 2022-03-04 00:00:00+00:00, run_after=2022-03-05 00:00:00+00:00
[2026-04-28T12:33:45.936+0000] {processor.py:183} INFO - Processing /home/airflow/.local/lib/python3.8/site-packages/airflow/example_dags/example_dynamic_task_mapping.py took 0.078 seconds
[2026-04-28T12:34:16.625+0000] {processor.py:161} INFO - Started process (PID=2522) to work on /home/airflow/.local/lib/python3.8/site-packages/airflow/example_dags/example_dynamic_task_mapping.py
[2026-04-28T12:34:16.630+0000] {processor.py:830} INFO - Processing file /home/airflow/.local/lib/python3.8/site-packages/airflow/example_dags/example_dynamic_task_mapping.py for tasks to queue
[2026-04-28T12:34:16.635+0000] {logging_mixin.py:188} INFO - [2026-04-28T12:34:16.634+0000] {dagbag.py:540} INFO - Filling up the DagBag from /home/airflow/.local/lib/python3.8/site-packages/airflow/example_dags/example_dynamic_task_mapping.py
[2026-04-28T12:34:16.654+0000] {processor.py:840} INFO - DAG(s) 'example_dynamic_task_mapping' retrieved from /home/airflow/.local/lib/python3.8/site-packages/airflow/example_dags/example_dynamic_task_mapping.py
[2026-04-28T12:34:16.758+0000] {logging_mixin.py:188} INFO - [2026-04-28T12:34:16.757+0000] {dag.py:3047} INFO - Sync 1 DAGs
[2026-04-28T12:34:16.973+0000] {logging_mixin.py:188} INFO - [2026-04-28T12:34:16.973+0000] {dag.py:3834} INFO - Setting next_dagrun for example_dynamic_task_mapping to 2022-03-04 00:00:00+00:00, run_after=2022-03-05 00:00:00+00:00
[2026-04-28T12:34:17.178+0000] {processor.py:183} INFO - Processing /home/airflow/.local/lib/python3.8/site-packages/airflow/example_dags/example_dynamic_task_mapping.py took 0.572 seconds
[2026-04-28T12:34:47.509+0000] {processor.py:161} INFO - Started process (PID=2578) to work on /home/airflow/.local/lib/python3.8/site-packages/airflow/example_dags/example_dynamic_task_mapping.py
[2026-04-28T12:34:47.512+0000] {processor.py:830} INFO - Processing file /home/airflow/.local/lib/python3.8/site-packages/airflow/example_dags/example_dynamic_task_mapping.py for tasks to queue
[2026-04-28T12:34:47.515+0000] {logging_mixin.py:188} INFO - [2026-04-28T12:34:47.515+0000] {dagbag.py:540} INFO - Filling up the DagBag from /home/airflow/.local/lib/python3.8/site-packages/airflow/example_dags/example_dynamic_task_mapping.py
[2026-04-28T12:34:47.538+0000] {processor.py:840} INFO - DAG(s) 'example_dynamic_task_mapping' retrieved from /home/airflow/.local/lib/python3.8/site-packages/airflow/example_dags/example_dynamic_task_mapping.py
[2026-04-28T12:34:47.631+0000] {logging_mixin.py:188} INFO - [2026-04-28T12:34:47.631+0000] {dag.py:3047} INFO - Sync 1 DAGs
[2026-04-28T12:34:47.678+0000] {logging_mixin.py:188} INFO - [2026-04-28T12:34:47.678+0000] {dag.py:3834} INFO - Setting next_dagrun for example_dynamic_task_mapping to 2022-03-04 00:00:00+00:00, run_after=2022-03-05 00:00:00+00:00
[2026-04-28T12:34:47.707+0000] {processor.py:183} INFO - Processing /home/airflow/.local/lib/python3.8/site-packages/airflow/example_dags/example_dynamic_task_mapping.py took 0.204 seconds
[2026-04-28T12:35:18.189+0000] {processor.py:161} INFO - Started process (PID=2634) to work on /home/airflow/.local/lib/python3.8/site-packages/airflow/example_dags/example_dynamic_task_mapping.py
[2026-04-28T12:35:18.190+0000] {processor.py:830} INFO - Processing file /home/airflow/.local/lib/python3.8/site-packages/airflow/example_dags/example_dynamic_task_mapping.py for tasks to queue
[2026-04-28T12:35:18.192+0000] {logging_mixin.py:188} INFO - [2026-04-28T12:35:18.192+0000] {dagbag.py:540} INFO - Filling up the DagBag from /home/airflow/.local/lib/python3.8/site-packages/airflow/example_dags/example_dynamic_task_mapping.py
[2026-04-28T12:35:18.199+0000] {processor.py:840} INFO - DAG(s) 'example_dynamic_task_mapping' retrieved from /home/airflow/.local/lib/python3.8/site-packages/airflow/example_dags/example_dynamic_task_mapping.py
[2026-04-28T12:35:18.219+0000] {logging_mixin.py:188} INFO - [2026-04-28T12:35:18.219+0000] {dag.py:3047} INFO - Sync 1 DAGs
[2026-04-28T12:35:18.243+0000] {logging_mixin.py:188} INFO - [2026-04-28T12:35:18.242+0000] {dag.py:3834} INFO - Setting next_dagrun for example_dynamic_task_mapping to 2022-03-04 00:00:00+00:00, run_after=2022-03-05 00:00:00+00:00
[2026-04-28T12:35:18.259+0000] {processor.py:183} INFO - Processing /home/airflow/.local/lib/python3.8/site-packages/airflow/example_dags/example_dynamic_task_mapping.py took 0.074 seconds
[2026-04-28T12:35:48.718+0000] {processor.py:161} INFO - Started process (PID=2689) to work on /home/airflow/.local/lib/python3.8/site-packages/airflow/example_dags/example_dynamic_task_mapping.py
[2026-04-28T12:35:48.718+0000] {processor.py:830} INFO - Processing file /home/airflow/.local/lib/python3.8/site-packages/airflow/example_dags/example_dynamic_task_mapping.py for tasks to queue
[2026-04-28T12:35:48.720+0000] {logging_mixin.py:188} INFO - [2026-04-28T12:35:48.720+0000] {dagbag.py:540} INFO - Filling up the DagBag from /home/airflow/.local/lib/python3.8/site-packages/airflow/example_dags/example_dynamic_task_mapping.py
[2026-04-28T12:35:48.727+0000] {processor.py:840} INFO - DAG(s) 'example_dynamic_task_mapping' retrieved from /home/airflow/.local/lib/python3.8/site-packages/airflow/example_dags/example_dynamic_task_mapping.py
[2026-04-28T12:35:48.749+0000] {logging_mixin.py:188} INFO - [2026-04-28T12:35:48.749+0000] {dag.py:3047} INFO - Sync 1 DAGs
[2026-04-28T12:35:48.801+0000] {logging_mixin.py:188} INFO - [2026-04-28T12:35:48.800+0000] {dag.py:3834} INFO - Setting next_dagrun for example_dynamic_task_mapping to 2022-03-04 00:00:00+00:00, run_after=2022-03-05 00:00:00+00:00
[2026-04-28T12:35:48.819+0000] {processor.py:183} INFO - Processing /home/airflow/.local/lib/python3.8/site-packages/airflow/example_dags/example_dynamic_task_mapping.py took 0.105 seconds
[2026-04-28T12:36:19.147+0000] {processor.py:161} INFO - Started process (PID=2745) to work on /home/airflow/.local/lib/python3.8/site-packages/airflow/example_dags/example_dynamic_task_mapping.py
[2026-04-28T12:36:19.148+0000] {processor.py:830} INFO - Processing file /home/airflow/.local/lib/python3.8/site-packages/airflow/example_dags/example_dynamic_task_mapping.py for tasks to queue
[2026-04-28T12:36:19.150+0000] {logging_mixin.py:188} INFO - [2026-04-28T12:36:19.150+0000] {dagbag.py:540} INFO - Filling up the DagBag from /home/airflow/.local/lib/python3.8/site-packages/airflow/example_dags/example_dynamic_task_mapping.py
[2026-04-28T12:36:19.157+0000] {processor.py:840} INFO - DAG(s) 'example_dynamic_task_mapping' retrieved from /home/airflow/.local/lib/python3.8/site-packages/airflow/example_dags/example_dynamic_task_mapping.py
[2026-04-28T12:36:19.178+0000] {logging_mixin.py:188} INFO - [2026-04-28T12:36:19.177+0000] {dag.py:3047} INFO - Sync 1 DAGs
[2026-04-28T12:36:19.202+0000] {logging_mixin.py:188} INFO - [2026-04-28T12:36:19.202+0000] {dag.py:3834} INFO - Setting next_dagrun for example_dynamic_task_mapping to 2022-03-04 00:00:00+00:00, run_after=2022-03-05 00:00:00+00:00
[2026-04-28T12:36:19.218+0000] {processor.py:183} INFO - Processing /home/airflow/.local/lib/python3.8/site-packages/airflow/example_dags/example_dynamic_task_mapping.py took 0.075 seconds
[2026-04-28T12:36:49.684+0000] {processor.py:161} INFO - Started process (PID=2801) to work on /home/airflow/.local/lib/python3.8/site-packages/airflow/example_dags/example_dynamic_task_mapping.py
[2026-04-28T12:36:49.685+0000] {processor.py:830} INFO - Processing file /home/airflow/.local/lib/python3.8/site-packages/airflow/example_dags/example_dynamic_task_mapping.py for tasks to queue
[2026-04-28T12:36:49.687+0000] {logging_mixin.py:188} INFO - [2026-04-28T12:36:49.687+0000] {dagbag.py:540} INFO - Filling up the DagBag from /home/airflow/.local/lib/python3.8/site-packages/airflow/example_dags/example_dynamic_task_mapping.py
[2026-04-28T12:36:49.706+0000] {processor.py:840} INFO - DAG(s) 'example_dynamic_task_mapping' retrieved from /home/airflow/.local/lib/python3.8/site-packages/airflow/example_dags/example_dynamic_task_mapping.py
[2026-04-28T12:36:49.733+0000] {logging_mixin.py:188} INFO - [2026-04-28T12:36:49.732+0000] {dag.py:3047} INFO - Sync 1 DAGs
[2026-04-28T12:36:49.756+0000] {logging_mixin.py:188} INFO - [2026-04-28T12:36:49.756+0000] {dag.py:3834} INFO - Setting next_dagrun for example_dynamic_task_mapping to 2022-03-04 00:00:00+00:00, run_after=2022-03-05 00:00:00+00:00
[2026-04-28T12:36:49.773+0000] {processor.py:183} INFO - Processing /home/airflow/.local/lib/python3.8/site-packages/airflow/example_dags/example_dynamic_task_mapping.py took 0.093 seconds
[2026-04-28T12:37:20.336+0000] {processor.py:161} INFO - Started process (PID=2857) to work on /home/airflow/.local/lib/python3.8/site-packages/airflow/example_dags/example_dynamic_task_mapping.py
[2026-04-28T12:37:20.337+0000] {processor.py:830} INFO - Processing file /home/airflow/.local/lib/python3.8/site-packages/airflow/example_dags/example_dynamic_task_mapping.py for tasks to queue
[2026-04-28T12:37:20.339+0000] {logging_mixin.py:188} INFO - [2026-04-28T12:37:20.339+0000] {dagbag.py:540} INFO - Filling up the DagBag from /home/airflow/.local/lib/python3.8/site-packages/airflow/example_dags/example_dynamic_task_mapping.py
[2026-04-28T12:37:20.346+0000] {processor.py:840} INFO - DAG(s) 'example_dynamic_task_mapping' retrieved from /home/airflow/.local/lib/python3.8/site-packages/airflow/example_dags/example_dynamic_task_mapping.py
[2026-04-28T12:37:20.368+0000] {logging_mixin.py:188} INFO - [2026-04-28T12:37:20.368+0000] {dag.py:3047} INFO - Sync 1 DAGs
[2026-04-28T12:37:20.416+0000] {logging_mixin.py:188} INFO - [2026-04-28T12:37:20.415+0000] {dag.py:3834} INFO - Setting next_dagrun for example_dynamic_task_mapping to 2022-03-04 00:00:00+00:00, run_after=2022-03-05 00:00:00+00:00
[2026-04-28T12:37:20.521+0000] {processor.py:183} INFO - Processing /home/airflow/.local/lib/python3.8/site-packages/airflow/example_dags/example_dynamic_task_mapping.py took 0.189 seconds
[2026-04-28T12:37:51.198+0000] {processor.py:161} INFO - Started process (PID=2913) to work on /home/airflow/.local/lib/python3.8/site-packages/airflow/example_dags/example_dynamic_task_mapping.py
[2026-04-28T12:37:51.199+0000] {processor.py:830} INFO - Processing file /home/airflow/.local/lib/python3.8/site-packages/airflow/example_dags/example_dynamic_task_mapping.py for tasks to queue
[2026-04-28T12:37:51.201+0000] {logging_mixin.py:188} INFO - [2026-04-28T12:37:51.201+0000] {dagbag.py:540} INFO - Filling up the DagBag from /home/airflow/.local/lib/python3.8/site-packages/airflow/example_dags/example_dynamic_task_mapping.py
[2026-04-28T12:37:51.208+0000] {processor.py:840} INFO - DAG(s) 'example_dynamic_task_mapping' retrieved from /home/airflow/.local/lib/python3.8/site-packages/airflow/example_dags/example_dynamic_task_mapping.py
[2026-04-28T12:37:51.252+0000] {logging_mixin.py:188} INFO - [2026-04-28T12:37:51.251+0000] {dag.py:3047} INFO - Sync 1 DAGs
[2026-04-28T12:37:51.289+0000] {logging_mixin.py:188} INFO - [2026-04-28T12:37:51.289+0000] {dag.py:3834} INFO - Setting next_dagrun for example_dynamic_task_mapping to 2022-03-04 00:00:00+00:00, run_after=2022-03-05 00:00:00+00:00
[2026-04-28T12:37:51.325+0000] {processor.py:183} INFO - Processing /home/airflow/.local/lib/python3.8/site-packages/airflow/example_dags/example_dynamic_task_mapping.py took 0.131 seconds
[2026-04-28T12:38:21.904+0000] {processor.py:161} INFO - Started process (PID=2969) to work on /home/airflow/.local/lib/python3.8/site-packages/airflow/example_dags/example_dynamic_task_mapping.py
[2026-04-28T12:38:21.905+0000] {processor.py:830} INFO - Processing file /home/airflow/.local/lib/python3.8/site-packages/airflow/example_dags/example_dynamic_task_mapping.py for tasks to queue
[2026-04-28T12:38:21.907+0000] {logging_mixin.py:188} INFO - [2026-04-28T12:38:21.907+0000] {dagbag.py:540} INFO - Filling up the DagBag from /home/airflow/.local/lib/python3.8/site-packages/airflow/example_dags/example_dynamic_task_mapping.py
[2026-04-28T12:38:21.914+0000] {processor.py:840} INFO - DAG(s) 'example_dynamic_task_mapping' retrieved from /home/airflow/.local/lib/python3.8/site-packages/airflow/example_dags/example_dynamic_task_mapping.py
[2026-04-28T12:38:21.934+0000] {logging_mixin.py:188} INFO - [2026-04-28T12:38:21.934+0000] {dag.py:3047} INFO - Sync 1 DAGs
[2026-04-28T12:38:21.957+0000] {logging_mixin.py:188} INFO - [2026-04-28T12:38:21.957+0000] {dag.py:3834} INFO - Setting next_dagrun for example_dynamic_task_mapping to 2022-03-04 00:00:00+00:00, run_after=2022-03-05 00:00:00+00:00
[2026-04-28T12:38:21.974+0000] {processor.py:183} INFO - Processing /home/airflow/.local/lib/python3.8/site-packages/airflow/example_dags/example_dynamic_task_mapping.py took 0.074 seconds
[2026-04-28T12:38:52.420+0000] {processor.py:161} INFO - Started process (PID=3025) to work on /home/airflow/.local/lib/python3.8/site-packages/airflow/example_dags/example_dynamic_task_mapping.py
[2026-04-28T12:38:52.420+0000] {processor.py:830} INFO - Processing file /home/airflow/.local/lib/python3.8/site-packages/airflow/example_dags/example_dynamic_task_mapping.py for tasks to queue
[2026-04-28T12:38:52.422+0000] {logging_mixin.py:188} INFO - [2026-04-28T12:38:52.422+0000] {dagbag.py:540} INFO - Filling up the DagBag from /home/airflow/.local/lib/python3.8/site-packages/airflow/example_dags/example_dynamic_task_mapping.py
[2026-04-28T12:38:52.427+0000] {processor.py:840} INFO - DAG(s) 'example_dynamic_task_mapping' retrieved from /home/airflow/.local/lib/python3.8/site-packages/airflow/example_dags/example_dynamic_task_mapping.py
[2026-04-28T12:38:52.445+0000] {logging_mixin.py:188} INFO - [2026-04-28T12:38:52.445+0000] {dag.py:3047} INFO - Sync 1 DAGs
[2026-04-28T12:38:52.464+0000] {logging_mixin.py:188} INFO - [2026-04-28T12:38:52.464+0000] {dag.py:3834} INFO - Setting next_dagrun for example_dynamic_task_mapping to 2022-03-04 00:00:00+00:00, run_after=2022-03-05 00:00:00+00:00
[2026-04-28T12:38:52.476+0000] {processor.py:183} INFO - Processing /home/airflow/.local/lib/python3.8/site-packages/airflow/example_dags/example_dynamic_task_mapping.py took 0.060 seconds
[2026-04-28T12:39:22.886+0000] {processor.py:161} INFO - Started process (PID=3081) to work on /home/airflow/.local/lib/python3.8/site-packages/airflow/example_dags/example_dynamic_task_mapping.py
[2026-04-28T12:39:22.888+0000] {processor.py:830} INFO - Processing file /home/airflow/.local/lib/python3.8/site-packages/airflow/example_dags/example_dynamic_task_mapping.py for tasks to queue
[2026-04-28T12:39:22.890+0000] {logging_mixin.py:188} INFO - [2026-04-28T12:39:22.889+0000] {dagbag.py:540} INFO - Filling up the DagBag from /home/airflow/.local/lib/python3.8/site-packages/airflow/example_dags/example_dynamic_task_mapping.py
[2026-04-28T12:39:22.897+0000] {processor.py:840} INFO - DAG(s) 'example_dynamic_task_mapping' retrieved from /home/airflow/.local/lib/python3.8/site-packages/airflow/example_dags/example_dynamic_task_mapping.py
[2026-04-28T12:39:22.916+0000] {logging_mixin.py:188} INFO - [2026-04-28T12:39:22.916+0000] {dag.py:3047} INFO - Sync 1 DAGs
[2026-04-28T12:39:22.940+0000] {logging_mixin.py:188} INFO - [2026-04-28T12:39:22.939+0000] {dag.py:3834} INFO - Setting next_dagrun for example_dynamic_task_mapping to 2022-03-04 00:00:00+00:00, run_after=2022-03-05 00:00:00+00:00
[2026-04-28T12:39:22.956+0000] {processor.py:183} INFO - Processing /home/airflow/.local/lib/python3.8/site-packages/airflow/example_dags/example_dynamic_task_mapping.py took 0.074 seconds
[2026-04-28T12:39:53.448+0000] {processor.py:161} INFO - Started process (PID=3137) to work on /home/airflow/.local/lib/python3.8/site-packages/airflow/example_dags/example_dynamic_task_mapping.py
[2026-04-28T12:39:53.449+0000] {processor.py:830} INFO - Processing file /home/airflow/.local/lib/python3.8/site-packages/airflow/example_dags/example_dynamic_task_mapping.py for tasks to queue
[2026-04-28T12:39:53.451+0000] {logging_mixin.py:188} INFO - [2026-04-28T12:39:53.450+0000] {dagbag.py:540} INFO - Filling up the DagBag from /home/airflow/.local/lib/python3.8/site-packages/airflow/example_dags/example_dynamic_task_mapping.py
[2026-04-28T12:39:53.458+0000] {processor.py:840} INFO - DAG(s) 'example_dynamic_task_mapping' retrieved from /home/airflow/.local/lib/python3.8/site-packages/airflow/example_dags/example_dynamic_task_mapping.py
[2026-04-28T12:39:53.481+0000] {logging_mixin.py:188} INFO - [2026-04-28T12:39:53.480+0000] {dag.py:3047} INFO - Sync 1 DAGs
[2026-04-28T12:39:53.505+0000] {logging_mixin.py:188} INFO - [2026-04-28T12:39:53.505+0000] {dag.py:3834} INFO - Setting next_dagrun for example_dynamic_task_mapping to 2022-03-04 00:00:00+00:00, run_after=2022-03-05 00:00:00+00:00
[2026-04-28T12:39:53.522+0000] {processor.py:183} INFO - Processing /home/airflow/.local/lib/python3.8/site-packages/airflow/example_dags/example_dynamic_task_mapping.py took 0.078 seconds
[2026-04-28T12:40:23.814+0000] {processor.py:161} INFO - Started process (PID=3193) to work on /home/airflow/.local/lib/python3.8/site-packages/airflow/example_dags/example_dynamic_task_mapping.py
[2026-04-28T12:40:23.815+0000] {processor.py:830} INFO - Processing file /home/airflow/.local/lib/python3.8/site-packages/airflow/example_dags/example_dynamic_task_mapping.py for tasks to queue
[2026-04-28T12:40:23.817+0000] {logging_mixin.py:188} INFO - [2026-04-28T12:40:23.817+0000] {dagbag.py:540} INFO - Filling up the DagBag from /home/airflow/.local/lib/python3.8/site-packages/airflow/example_dags/example_dynamic_task_mapping.py
[2026-04-28T12:40:23.825+0000] {processor.py:840} INFO - DAG(s) 'example_dynamic_task_mapping' retrieved from /home/airflow/.local/lib/python3.8/site-packages/airflow/example_dags/example_dynamic_task_mapping.py
[2026-04-28T12:40:23.845+0000] {logging_mixin.py:188} INFO - [2026-04-28T12:40:23.845+0000] {dag.py:3047} INFO - Sync 1 DAGs
[2026-04-28T12:40:23.869+0000] {logging_mixin.py:188} INFO - [2026-04-28T12:40:23.869+0000] {dag.py:3834} INFO - Setting next_dagrun for example_dynamic_task_mapping to 2022-03-04 00:00:00+00:00, run_after=2022-03-05 00:00:00+00:00
[2026-04-28T12:40:23.886+0000] {processor.py:183} INFO - Processing /home/airflow/.local/lib/python3.8/site-packages/airflow/example_dags/example_dynamic_task_mapping.py took 0.076 seconds
[2026-04-28T12:40:54.825+0000] {processor.py:161} INFO - Started process (PID=3249) to work on /home/airflow/.local/lib/python3.8/site-packages/airflow/example_dags/example_dynamic_task_mapping.py
[2026-04-28T12:40:54.826+0000] {processor.py:830} INFO - Processing file /home/airflow/.local/lib/python3.8/site-packages/airflow/example_dags/example_dynamic_task_mapping.py for tasks to queue
[2026-04-28T12:40:54.828+0000] {logging_mixin.py:188} INFO - [2026-04-28T12:40:54.828+0000] {dagbag.py:540} INFO - Filling up the DagBag from /home/airflow/.local/lib/python3.8/site-packages/airflow/example_dags/example_dynamic_task_mapping.py
[2026-04-28T12:40:54.835+0000] {processor.py:840} INFO - DAG(s) 'example_dynamic_task_mapping' retrieved from /home/airflow/.local/lib/python3.8/site-packages/airflow/example_dags/example_dynamic_task_mapping.py
[2026-04-28T12:40:54.856+0000] {logging_mixin.py:188} INFO - [2026-04-28T12:40:54.856+0000] {dag.py:3047} INFO - Sync 1 DAGs
[2026-04-28T12:40:54.880+0000] {logging_mixin.py:188} INFO - [2026-04-28T12:40:54.879+0000] {dag.py:3834} INFO - Setting next_dagrun for example_dynamic_task_mapping to 2022-03-04 00:00:00+00:00, run_after=2022-03-05 00:00:00+00:00
[2026-04-28T12:40:54.896+0000] {processor.py:183} INFO - Processing /home/airflow/.local/lib/python3.8/site-packages/airflow/example_dags/example_dynamic_task_mapping.py took 0.075 seconds
[2026-04-28T12:41:25.217+0000] {processor.py:161} INFO - Started process (PID=3305) to work on /home/airflow/.local/lib/python3.8/site-packages/airflow/example_dags/example_dynamic_task_mapping.py
[2026-04-28T12:41:25.217+0000] {processor.py:830} INFO - Processing file /home/airflow/.local/lib/python3.8/site-packages/airflow/example_dags/example_dynamic_task_mapping.py for tasks to queue
[2026-04-28T12:41:25.219+0000] {logging_mixin.py:188} INFO - [2026-04-28T12:41:25.219+0000] {dagbag.py:540} INFO - Filling up the DagBag from /home/airflow/.local/lib/python3.8/site-packages/airflow/example_dags/example_dynamic_task_mapping.py
[2026-04-28T12:41:25.232+0000] {processor.py:840} INFO - DAG(s) 'example_dynamic_task_mapping' retrieved from /home/airflow/.local/lib/python3.8/site-packages/airflow/example_dags/example_dynamic_task_mapping.py
[2026-04-28T12:41:25.252+0000] {logging_mixin.py:188} INFO - [2026-04-28T12:41:25.252+0000] {dag.py:3047} INFO - Sync 1 DAGs
[2026-04-28T12:41:25.276+0000] {logging_mixin.py:188} INFO - [2026-04-28T12:41:25.276+0000] {dag.py:3834} INFO - Setting next_dagrun for example_dynamic_task_mapping to 2022-03-04 00:00:00+00:00, run_after=2022-03-05 00:00:00+00:00
[2026-04-28T12:41:25.293+0000] {processor.py:183} INFO - Processing /home/airflow/.local/lib/python3.8/site-packages/airflow/example_dags/example_dynamic_task_mapping.py took 0.080 seconds
[2026-04-28T12:41:55.631+0000] {processor.py:161} INFO - Started process (PID=3361) to work on /home/airflow/.local/lib/python3.8/site-packages/airflow/example_dags/example_dynamic_task_mapping.py
[2026-04-28T12:41:55.636+0000] {processor.py:830} INFO - Processing file /home/airflow/.local/lib/python3.8/site-packages/airflow/example_dags/example_dynamic_task_mapping.py for tasks to queue
[2026-04-28T12:41:55.642+0000] {logging_mixin.py:188} INFO - [2026-04-28T12:41:55.642+0000] {dagbag.py:540} INFO - Filling up the DagBag from /home/airflow/.local/lib/python3.8/site-packages/airflow/example_dags/example_dynamic_task_mapping.py
[2026-04-28T12:41:55.650+0000] {processor.py:840} INFO - DAG(s) 'example_dynamic_task_mapping' retrieved from /home/airflow/.local/lib/python3.8/site-packages/airflow/example_dags/example_dynamic_task_mapping.py
[2026-04-28T12:41:55.671+0000] {logging_mixin.py:188} INFO - [2026-04-28T12:41:55.670+0000] {dag.py:3047} INFO - Sync 1 DAGs
[2026-04-28T12:41:55.695+0000] {logging_mixin.py:188} INFO - [2026-04-28T12:41:55.695+0000] {dag.py:3834} INFO - Setting next_dagrun for example_dynamic_task_mapping to 2022-03-04 00:00:00+00:00, run_after=2022-03-05 00:00:00+00:00
[2026-04-28T12:41:55.711+0000] {processor.py:183} INFO - Processing /home/airflow/.local/lib/python3.8/site-packages/airflow/example_dags/example_dynamic_task_mapping.py took 0.091 seconds
[2026-04-28T12:42:26.329+0000] {processor.py:161} INFO - Started process (PID=3417) to work on /home/airflow/.local/lib/python3.8/site-packages/airflow/example_dags/example_dynamic_task_mapping.py
[2026-04-28T12:42:26.330+0000] {processor.py:830} INFO - Processing file /home/airflow/.local/lib/python3.8/site-packages/airflow/example_dags/example_dynamic_task_mapping.py for tasks to queue
[2026-04-28T12:42:26.332+0000] {logging_mixin.py:188} INFO - [2026-04-28T12:42:26.332+0000] {dagbag.py:540} INFO - Filling up the DagBag from /home/airflow/.local/lib/python3.8/site-packages/airflow/example_dags/example_dynamic_task_mapping.py
[2026-04-28T12:42:26.340+0000] {processor.py:840} INFO - DAG(s) 'example_dynamic_task_mapping' retrieved from /home/airflow/.local/lib/python3.8/site-packages/airflow/example_dags/example_dynamic_task_mapping.py
[2026-04-28T12:42:26.363+0000] {logging_mixin.py:188} INFO - [2026-04-28T12:42:26.363+0000] {dag.py:3047} INFO - Sync 1 DAGs
[2026-04-28T12:42:26.390+0000] {logging_mixin.py:188} INFO - [2026-04-28T12:42:26.390+0000] {dag.py:3834} INFO - Setting next_dagrun for example_dynamic_task_mapping to 2022-03-04 00:00:00+00:00, run_after=2022-03-05 00:00:00+00:00
[2026-04-28T12:42:26.476+0000] {processor.py:183} INFO - Processing /home/airflow/.local/lib/python3.8/site-packages/airflow/example_dags/example_dynamic_task_mapping.py took 0.150 seconds
[2026-04-28T12:42:56.989+0000] {processor.py:161} INFO - Started process (PID=3473) to work on /home/airflow/.local/lib/python3.8/site-packages/airflow/example_dags/example_dynamic_task_mapping.py
[2026-04-28T12:42:56.989+0000] {processor.py:830} INFO - Processing file /home/airflow/.local/lib/python3.8/site-packages/airflow/example_dags/example_dynamic_task_mapping.py for tasks to queue
[2026-04-28T12:42:56.992+0000] {logging_mixin.py:188} INFO - [2026-04-28T12:42:56.991+0000] {dagbag.py:540} INFO - Filling up the DagBag from /home/airflow/.local/lib/python3.8/site-packages/airflow/example_dags/example_dynamic_task_mapping.py
[2026-04-28T12:42:56.998+0000] {processor.py:840} INFO - DAG(s) 'example_dynamic_task_mapping' retrieved from /home/airflow/.local/lib/python3.8/site-packages/airflow/example_dags/example_dynamic_task_mapping.py
[2026-04-28T12:42:57.018+0000] {logging_mixin.py:188} INFO - [2026-04-28T12:42:57.018+0000] {dag.py:3047} INFO - Sync 1 DAGs
[2026-04-28T12:42:57.044+0000] {logging_mixin.py:188} INFO - [2026-04-28T12:42:57.043+0000] {dag.py:3834} INFO - Setting next_dagrun for example_dynamic_task_mapping to 2022-03-04 00:00:00+00:00, run_after=2022-03-05 00:00:00+00:00
[2026-04-28T12:42:57.061+0000] {processor.py:183} INFO - Processing /home/airflow/.local/lib/python3.8/site-packages/airflow/example_dags/example_dynamic_task_mapping.py took 0.076 seconds
[2026-04-28T12:43:27.301+0000] {processor.py:161} INFO - Started process (PID=3529) to work on /home/airflow/.local/lib/python3.8/site-packages/airflow/example_dags/example_dynamic_task_mapping.py
[2026-04-28T12:43:27.303+0000] {processor.py:830} INFO - Processing file /home/airflow/.local/lib/python3.8/site-packages/airflow/example_dags/example_dynamic_task_mapping.py for tasks to queue
[2026-04-28T12:43:27.306+0000] {logging_mixin.py:188} INFO - [2026-04-28T12:43:27.305+0000] {dagbag.py:540} INFO - Filling up the DagBag from /home/airflow/.local/lib/python3.8/site-packages/airflow/example_dags/example_dynamic_task_mapping.py
[2026-04-28T12:43:27.320+0000] {processor.py:840} INFO - DAG(s) 'example_dynamic_task_mapping' retrieved from /home/airflow/.local/lib/python3.8/site-packages/airflow/example_dags/example_dynamic_task_mapping.py
[2026-04-28T12:43:27.356+0000] {logging_mixin.py:188} INFO - [2026-04-28T12:43:27.356+0000] {dag.py:3047} INFO - Sync 1 DAGs
[2026-04-28T12:43:27.402+0000] {logging_mixin.py:188} INFO - [2026-04-28T12:43:27.402+0000] {dag.py:3834} INFO - Setting next_dagrun for example_dynamic_task_mapping to 2022-03-04 00:00:00+00:00, run_after=2022-03-05 00:00:00+00:00
[2026-04-28T12:43:27.434+0000] {processor.py:183} INFO - Processing /home/airflow/.local/lib/python3.8/site-packages/airflow/example_dags/example_dynamic_task_mapping.py took 0.143 seconds
[2026-04-28T12:43:57.512+0000] {processor.py:161} INFO - Started process (PID=3584) to work on /home/airflow/.local/lib/python3.8/site-packages/airflow/example_dags/example_dynamic_task_mapping.py
[2026-04-28T12:43:57.513+0000] {processor.py:830} INFO - Processing file /home/airflow/.local/lib/python3.8/site-packages/airflow/example_dags/example_dynamic_task_mapping.py for tasks to queue
[2026-04-28T12:43:57.515+0000] {logging_mixin.py:188} INFO - [2026-04-28T12:43:57.514+0000] {dagbag.py:540} INFO - Filling up the DagBag from /home/airflow/.local/lib/python3.8/site-packages/airflow/example_dags/example_dynamic_task_mapping.py
[2026-04-28T12:43:57.522+0000] {processor.py:840} INFO - DAG(s) 'example_dynamic_task_mapping' retrieved from /home/airflow/.local/lib/python3.8/site-packages/airflow/example_dags/example_dynamic_task_mapping.py
[2026-04-28T12:43:57.542+0000] {logging_mixin.py:188} INFO - [2026-04-28T12:43:57.542+0000] {dag.py:3047} INFO - Sync 1 DAGs
[2026-04-28T12:43:57.566+0000] {logging_mixin.py:188} INFO - [2026-04-28T12:43:57.566+0000] {dag.py:3834} INFO - Setting next_dagrun for example_dynamic_task_mapping to 2022-03-04 00:00:00+00:00, run_after=2022-03-05 00:00:00+00:00
[2026-04-28T12:43:57.583+0000] {processor.py:183} INFO - Processing /home/airflow/.local/lib/python3.8/site-packages/airflow/example_dags/example_dynamic_task_mapping.py took 0.076 seconds
[2026-04-28T12:44:28.416+0000] {processor.py:161} INFO - Started process (PID=3640) to work on /home/airflow/.local/lib/python3.8/site-packages/airflow/example_dags/example_dynamic_task_mapping.py
[2026-04-28T12:44:28.417+0000] {processor.py:830} INFO - Processing file /home/airflow/.local/lib/python3.8/site-packages/airflow/example_dags/example_dynamic_task_mapping.py for tasks to queue
[2026-04-28T12:44:28.420+0000] {logging_mixin.py:188} INFO - [2026-04-28T12:44:28.419+0000] {dagbag.py:540} INFO - Filling up the DagBag from /home/airflow/.local/lib/python3.8/site-packages/airflow/example_dags/example_dynamic_task_mapping.py
[2026-04-28T12:44:28.428+0000] {processor.py:840} INFO - DAG(s) 'example_dynamic_task_mapping' retrieved from /home/airflow/.local/lib/python3.8/site-packages/airflow/example_dags/example_dynamic_task_mapping.py
[2026-04-28T12:44:28.447+0000] {logging_mixin.py:188} INFO - [2026-04-28T12:44:28.447+0000] {dag.py:3047} INFO - Sync 1 DAGs
[2026-04-28T12:44:28.475+0000] {logging_mixin.py:188} INFO - [2026-04-28T12:44:28.475+0000] {dag.py:3834} INFO - Setting next_dagrun for example_dynamic_task_mapping to 2022-03-04 00:00:00+00:00, run_after=2022-03-05 00:00:00+00:00
[2026-04-28T12:44:28.492+0000] {processor.py:183} INFO - Processing /home/airflow/.local/lib/python3.8/site-packages/airflow/example_dags/example_dynamic_task_mapping.py took 0.080 seconds
[2026-04-28T12:44:58.731+0000] {processor.py:161} INFO - Started process (PID=3696) to work on /home/airflow/.local/lib/python3.8/site-packages/airflow/example_dags/example_dynamic_task_mapping.py
[2026-04-28T12:44:58.732+0000] {processor.py:830} INFO - Processing file /home/airflow/.local/lib/python3.8/site-packages/airflow/example_dags/example_dynamic_task_mapping.py for tasks to queue
[2026-04-28T12:44:58.734+0000] {logging_mixin.py:188} INFO - [2026-04-28T12:44:58.734+0000] {dagbag.py:540} INFO - Filling up the DagBag from /home/airflow/.local/lib/python3.8/site-packages/airflow/example_dags/example_dynamic_task_mapping.py
[2026-04-28T12:44:58.741+0000] {processor.py:840} INFO - DAG(s) 'example_dynamic_task_mapping' retrieved from /home/airflow/.local/lib/python3.8/site-packages/airflow/example_dags/example_dynamic_task_mapping.py
[2026-04-28T12:44:58.761+0000] {logging_mixin.py:188} INFO - [2026-04-28T12:44:58.761+0000] {dag.py:3047} INFO - Sync 1 DAGs
[2026-04-28T12:44:58.786+0000] {logging_mixin.py:188} INFO - [2026-04-28T12:44:58.785+0000] {dag.py:3834} INFO - Setting next_dagrun for example_dynamic_task_mapping to 2022-03-04 00:00:00+00:00, run_after=2022-03-05 00:00:00+00:00
[2026-04-28T12:44:58.802+0000] {processor.py:183} INFO - Processing /home/airflow/.local/lib/python3.8/site-packages/airflow/example_dags/example_dynamic_task_mapping.py took 0.075 seconds
[2026-04-28T12:45:29.050+0000] {processor.py:161} INFO - Started process (PID=3751) to work on /home/airflow/.local/lib/python3.8/site-packages/airflow/example_dags/example_dynamic_task_mapping.py
[2026-04-28T12:45:29.053+0000] {processor.py:830} INFO - Processing file /home/airflow/.local/lib/python3.8/site-packages/airflow/example_dags/example_dynamic_task_mapping.py for tasks to queue
[2026-04-28T12:45:29.057+0000] {logging_mixin.py:188} INFO - [2026-04-28T12:45:29.057+0000] {dagbag.py:540} INFO - Filling up the DagBag from /home/airflow/.local/lib/python3.8/site-packages/airflow/example_dags/example_dynamic_task_mapping.py
[2026-04-28T12:45:29.075+0000] {processor.py:840} INFO - DAG(s) 'example_dynamic_task_mapping' retrieved from /home/airflow/.local/lib/python3.8/site-packages/airflow/example_dags/example_dynamic_task_mapping.py
[2026-04-28T12:45:29.126+0000] {logging_mixin.py:188} INFO - [2026-04-28T12:45:29.126+0000] {dag.py:3047} INFO - Sync 1 DAGs
[2026-04-28T12:45:29.184+0000] {logging_mixin.py:188} INFO - [2026-04-28T12:45:29.184+0000] {dag.py:3834} INFO - Setting next_dagrun for example_dynamic_task_mapping to 2022-03-04 00:00:00+00:00, run_after=2022-03-05 00:00:00+00:00
[2026-04-28T12:45:29.231+0000] {processor.py:183} INFO - Processing /home/airflow/.local/lib/python3.8/site-packages/airflow/example_dags/example_dynamic_task_mapping.py took 0.189 seconds
[2026-04-28T12:45:59.252+0000] {processor.py:161} INFO - Started process (PID=3807) to work on /home/airflow/.local/lib/python3.8/site-packages/airflow/example_dags/example_dynamic_task_mapping.py
[2026-04-28T12:45:59.253+0000] {processor.py:830} INFO - Processing file /home/airflow/.local/lib/python3.8/site-packages/airflow/example_dags/example_dynamic_task_mapping.py for tasks to queue
[2026-04-28T12:45:59.254+0000] {logging_mixin.py:188} INFO - [2026-04-28T12:45:59.254+0000] {dagbag.py:540} INFO - Filling up the DagBag from /home/airflow/.local/lib/python3.8/site-packages/airflow/example_dags/example_dynamic_task_mapping.py
[2026-04-28T12:45:59.260+0000] {processor.py:840} INFO - DAG(s) 'example_dynamic_task_mapping' retrieved from /home/airflow/.local/lib/python3.8/site-packages/airflow/example_dags/example_dynamic_task_mapping.py
[2026-04-28T12:45:59.288+0000] {logging_mixin.py:188} INFO - [2026-04-28T12:45:59.287+0000] {dag.py:3047} INFO - Sync 1 DAGs
[2026-04-28T12:45:59.314+0000] {logging_mixin.py:188} INFO - [2026-04-28T12:45:59.314+0000] {dag.py:3834} INFO - Setting next_dagrun for example_dynamic_task_mapping to 2022-03-04 00:00:00+00:00, run_after=2022-03-05 00:00:00+00:00
[2026-04-28T12:45:59.329+0000] {processor.py:183} INFO - Processing /home/airflow/.local/lib/python3.8/site-packages/airflow/example_dags/example_dynamic_task_mapping.py took 0.081 seconds
[2026-04-28T12:46:29.399+0000] {processor.py:161} INFO - Started process (PID=3863) to work on /home/airflow/.local/lib/python3.8/site-packages/airflow/example_dags/example_dynamic_task_mapping.py
[2026-04-28T12:46:29.400+0000] {processor.py:830} INFO - Processing file /home/airflow/.local/lib/python3.8/site-packages/airflow/example_dags/example_dynamic_task_mapping.py for tasks to queue
[2026-04-28T12:46:29.402+0000] {logging_mixin.py:188} INFO - [2026-04-28T12:46:29.401+0000] {dagbag.py:540} INFO - Filling up the DagBag from /home/airflow/.local/lib/python3.8/site-packages/airflow/example_dags/example_dynamic_task_mapping.py
[2026-04-28T12:46:29.419+0000] {processor.py:840} INFO - DAG(s) 'example_dynamic_task_mapping' retrieved from /home/airflow/.local/lib/python3.8/site-packages/airflow/example_dags/example_dynamic_task_mapping.py
[2026-04-28T12:46:29.465+0000] {logging_mixin.py:188} INFO - [2026-04-28T12:46:29.464+0000] {dag.py:3047} INFO - Sync 1 DAGs
[2026-04-28T12:46:29.492+0000] {logging_mixin.py:188} INFO - [2026-04-28T12:46:29.492+0000] {dag.py:3834} INFO - Setting next_dagrun for example_dynamic_task_mapping to 2022-03-04 00:00:00+00:00, run_after=2022-03-05 00:00:00+00:00
[2026-04-28T12:46:29.527+0000] {processor.py:183} INFO - Processing /home/airflow/.local/lib/python3.8/site-packages/airflow/example_dags/example_dynamic_task_mapping.py took 0.132 seconds
[2026-04-28T12:46:59.831+0000] {processor.py:161} INFO - Started process (PID=3919) to work on /home/airflow/.local/lib/python3.8/site-packages/airflow/example_dags/example_dynamic_task_mapping.py
[2026-04-28T12:46:59.832+0000] {processor.py:830} INFO - Processing file /home/airflow/.local/lib/python3.8/site-packages/airflow/example_dags/example_dynamic_task_mapping.py for tasks to queue
[2026-04-28T12:46:59.834+0000] {logging_mixin.py:188} INFO - [2026-04-28T12:46:59.833+0000] {dagbag.py:540} INFO - Filling up the DagBag from /home/airflow/.local/lib/python3.8/site-packages/airflow/example_dags/example_dynamic_task_mapping.py
[2026-04-28T12:46:59.841+0000] {processor.py:840} INFO - DAG(s) 'example_dynamic_task_mapping' retrieved from /home/airflow/.local/lib/python3.8/site-packages/airflow/example_dags/example_dynamic_task_mapping.py
[2026-04-28T12:46:59.861+0000] {logging_mixin.py:188} INFO - [2026-04-28T12:46:59.861+0000] {dag.py:3047} INFO - Sync 1 DAGs
[2026-04-28T12:46:59.885+0000] {logging_mixin.py:188} INFO - [2026-04-28T12:46:59.885+0000] {dag.py:3834} INFO - Setting next_dagrun for example_dynamic_task_mapping to 2022-03-04 00:00:00+00:00, run_after=2022-03-05 00:00:00+00:00
[2026-04-28T12:46:59.903+0000] {processor.py:183} INFO - Processing /home/airflow/.local/lib/python3.8/site-packages/airflow/example_dags/example_dynamic_task_mapping.py took 0.076 seconds
[2026-04-28T12:47:30.635+0000] {processor.py:161} INFO - Started process (PID=3975) to work on /home/airflow/.local/lib/python3.8/site-packages/airflow/example_dags/example_dynamic_task_mapping.py
[2026-04-28T12:47:30.636+0000] {processor.py:830} INFO - Processing file /home/airflow/.local/lib/python3.8/site-packages/airflow/example_dags/example_dynamic_task_mapping.py for tasks to queue
[2026-04-28T12:47:30.638+0000] {logging_mixin.py:188} INFO - [2026-04-28T12:47:30.637+0000] {dagbag.py:540} INFO - Filling up the DagBag from /home/airflow/.local/lib/python3.8/site-packages/airflow/example_dags/example_dynamic_task_mapping.py
[2026-04-28T12:47:30.643+0000] {processor.py:840} INFO - DAG(s) 'example_dynamic_task_mapping' retrieved from /home/airflow/.local/lib/python3.8/site-packages/airflow/example_dags/example_dynamic_task_mapping.py
[2026-04-28T12:47:30.658+0000] {logging_mixin.py:188} INFO - [2026-04-28T12:47:30.658+0000] {dag.py:3047} INFO - Sync 1 DAGs
[2026-04-28T12:47:30.675+0000] {logging_mixin.py:188} INFO - [2026-04-28T12:47:30.675+0000] {dag.py:3834} INFO - Setting next_dagrun for example_dynamic_task_mapping to 2022-03-04 00:00:00+00:00, run_after=2022-03-05 00:00:00+00:00
[2026-04-28T12:47:30.688+0000] {processor.py:183} INFO - Processing /home/airflow/.local/lib/python3.8/site-packages/airflow/example_dags/example_dynamic_task_mapping.py took 0.056 seconds
[2026-04-28T12:48:00.741+0000] {processor.py:161} INFO - Started process (PID=4029) to work on /home/airflow/.local/lib/python3.8/site-packages/airflow/example_dags/example_dynamic_task_mapping.py
[2026-04-28T12:48:00.742+0000] {processor.py:830} INFO - Processing file /home/airflow/.local/lib/python3.8/site-packages/airflow/example_dags/example_dynamic_task_mapping.py for tasks to queue
[2026-04-28T12:48:00.744+0000] {logging_mixin.py:188} INFO - [2026-04-28T12:48:00.744+0000] {dagbag.py:540} INFO - Filling up the DagBag from /home/airflow/.local/lib/python3.8/site-packages/airflow/example_dags/example_dynamic_task_mapping.py
[2026-04-28T12:48:00.751+0000] {processor.py:840} INFO - DAG(s) 'example_dynamic_task_mapping' retrieved from /home/airflow/.local/lib/python3.8/site-packages/airflow/example_dags/example_dynamic_task_mapping.py
[2026-04-28T12:48:00.771+0000] {logging_mixin.py:188} INFO - [2026-04-28T12:48:00.771+0000] {dag.py:3047} INFO - Sync 1 DAGs
[2026-04-28T12:48:00.795+0000] {logging_mixin.py:188} INFO - [2026-04-28T12:48:00.795+0000] {dag.py:3834} INFO - Setting next_dagrun for example_dynamic_task_mapping to 2022-03-04 00:00:00+00:00, run_after=2022-03-05 00:00:00+00:00
[2026-04-28T12:48:00.812+0000] {processor.py:183} INFO - Processing /home/airflow/.local/lib/python3.8/site-packages/airflow/example_dags/example_dynamic_task_mapping.py took 0.075 seconds
[2026-04-28T12:48:31.716+0000] {processor.py:161} INFO - Started process (PID=4085) to work on /home/airflow/.local/lib/python3.8/site-packages/airflow/example_dags/example_dynamic_task_mapping.py
[2026-04-28T12:48:31.717+0000] {processor.py:830} INFO - Processing file /home/airflow/.local/lib/python3.8/site-packages/airflow/example_dags/example_dynamic_task_mapping.py for tasks to queue
[2026-04-28T12:48:31.719+0000] {logging_mixin.py:188} INFO - [2026-04-28T12:48:31.719+0000] {dagbag.py:540} INFO - Filling up the DagBag from /home/airflow/.local/lib/python3.8/site-packages/airflow/example_dags/example_dynamic_task_mapping.py
[2026-04-28T12:48:31.727+0000] {processor.py:840} INFO - DAG(s) 'example_dynamic_task_mapping' retrieved from /home/airflow/.local/lib/python3.8/site-packages/airflow/example_dags/example_dynamic_task_mapping.py
[2026-04-28T12:48:31.748+0000] {logging_mixin.py:188} INFO - [2026-04-28T12:48:31.748+0000] {dag.py:3047} INFO - Sync 1 DAGs
[2026-04-28T12:48:31.772+0000] {logging_mixin.py:188} INFO - [2026-04-28T12:48:31.772+0000] {dag.py:3834} INFO - Setting next_dagrun for example_dynamic_task_mapping to 2022-03-04 00:00:00+00:00, run_after=2022-03-05 00:00:00+00:00
[2026-04-28T12:48:31.788+0000] {processor.py:183} INFO - Processing /home/airflow/.local/lib/python3.8/site-packages/airflow/example_dags/example_dynamic_task_mapping.py took 0.076 seconds
[2026-04-28T12:49:01.968+0000] {processor.py:161} INFO - Started process (PID=4141) to work on /home/airflow/.local/lib/python3.8/site-packages/airflow/example_dags/example_dynamic_task_mapping.py
[2026-04-28T12:49:01.969+0000] {processor.py:830} INFO - Processing file /home/airflow/.local/lib/python3.8/site-packages/airflow/example_dags/example_dynamic_task_mapping.py for tasks to queue
[2026-04-28T12:49:01.971+0000] {logging_mixin.py:188} INFO - [2026-04-28T12:49:01.970+0000] {dagbag.py:540} INFO - Filling up the DagBag from /home/airflow/.local/lib/python3.8/site-packages/airflow/example_dags/example_dynamic_task_mapping.py
[2026-04-28T12:49:01.978+0000] {processor.py:840} INFO - DAG(s) 'example_dynamic_task_mapping' retrieved from /home/airflow/.local/lib/python3.8/site-packages/airflow/example_dags/example_dynamic_task_mapping.py
[2026-04-28T12:49:01.998+0000] {logging_mixin.py:188} INFO - [2026-04-28T12:49:01.997+0000] {dag.py:3047} INFO - Sync 1 DAGs
[2026-04-28T12:49:02.022+0000] {logging_mixin.py:188} INFO - [2026-04-28T12:49:02.022+0000] {dag.py:3834} INFO - Setting next_dagrun for example_dynamic_task_mapping to 2022-03-04 00:00:00+00:00, run_after=2022-03-05 00:00:00+00:00
[2026-04-28T12:49:02.038+0000] {processor.py:183} INFO - Processing /home/airflow/.local/lib/python3.8/site-packages/airflow/example_dags/example_dynamic_task_mapping.py took 0.075 seconds
[2026-04-28T12:49:32.617+0000] {processor.py:161} INFO - Started process (PID=4197) to work on /home/airflow/.local/lib/python3.8/site-packages/airflow/example_dags/example_dynamic_task_mapping.py
[2026-04-28T12:49:32.618+0000] {processor.py:830} INFO - Processing file /home/airflow/.local/lib/python3.8/site-packages/airflow/example_dags/example_dynamic_task_mapping.py for tasks to queue
[2026-04-28T12:49:32.620+0000] {logging_mixin.py:188} INFO - [2026-04-28T12:49:32.620+0000] {dagbag.py:540} INFO - Filling up the DagBag from /home/airflow/.local/lib/python3.8/site-packages/airflow/example_dags/example_dynamic_task_mapping.py
[2026-04-28T12:49:32.627+0000] {processor.py:840} INFO - DAG(s) 'example_dynamic_task_mapping' retrieved from /home/airflow/.local/lib/python3.8/site-packages/airflow/example_dags/example_dynamic_task_mapping.py
[2026-04-28T12:49:32.658+0000] {logging_mixin.py:188} INFO - [2026-04-28T12:49:32.658+0000] {dag.py:3047} INFO - Sync 1 DAGs
[2026-04-28T12:49:32.698+0000] {logging_mixin.py:188} INFO - [2026-04-28T12:49:32.698+0000] {dag.py:3834} INFO - Setting next_dagrun for example_dynamic_task_mapping to 2022-03-04 00:00:00+00:00, run_after=2022-03-05 00:00:00+00:00
[2026-04-28T12:49:32.715+0000] {processor.py:183} INFO - Processing /home/airflow/.local/lib/python3.8/site-packages/airflow/example_dags/example_dynamic_task_mapping.py took 0.101 seconds
[2026-04-28T12:50:03.047+0000] {processor.py:161} INFO - Started process (PID=4253) to work on /home/airflow/.local/lib/python3.8/site-packages/airflow/example_dags/example_dynamic_task_mapping.py
[2026-04-28T12:50:03.047+0000] {processor.py:830} INFO - Processing file /home/airflow/.local/lib/python3.8/site-packages/airflow/example_dags/example_dynamic_task_mapping.py for tasks to queue
[2026-04-28T12:50:03.049+0000] {logging_mixin.py:188} INFO - [2026-04-28T12:50:03.049+0000] {dagbag.py:540} INFO - Filling up the DagBag from /home/airflow/.local/lib/python3.8/site-packages/airflow/example_dags/example_dynamic_task_mapping.py
[2026-04-28T12:50:03.054+0000] {processor.py:840} INFO - DAG(s) 'example_dynamic_task_mapping' retrieved from /home/airflow/.local/lib/python3.8/site-packages/airflow/example_dags/example_dynamic_task_mapping.py
[2026-04-28T12:50:03.070+0000] {logging_mixin.py:188} INFO - [2026-04-28T12:50:03.070+0000] {dag.py:3047} INFO - Sync 1 DAGs
[2026-04-28T12:50:03.086+0000] {logging_mixin.py:188} INFO - [2026-04-28T12:50:03.086+0000] {dag.py:3834} INFO - Setting next_dagrun for example_dynamic_task_mapping to 2022-03-04 00:00:00+00:00, run_after=2022-03-05 00:00:00+00:00
[2026-04-28T12:50:03.099+0000] {processor.py:183} INFO - Processing /home/airflow/.local/lib/python3.8/site-packages/airflow/example_dags/example_dynamic_task_mapping.py took 0.055 seconds
[2026-04-28T12:50:33.934+0000] {processor.py:161} INFO - Started process (PID=4309) to work on /home/airflow/.local/lib/python3.8/site-packages/airflow/example_dags/example_dynamic_task_mapping.py
[2026-04-28T12:50:33.935+0000] {processor.py:830} INFO - Processing file /home/airflow/.local/lib/python3.8/site-packages/airflow/example_dags/example_dynamic_task_mapping.py for tasks to queue
[2026-04-28T12:50:33.937+0000] {logging_mixin.py:188} INFO - [2026-04-28T12:50:33.937+0000] {dagbag.py:540} INFO - Filling up the DagBag from /home/airflow/.local/lib/python3.8/site-packages/airflow/example_dags/example_dynamic_task_mapping.py
[2026-04-28T12:50:33.945+0000] {processor.py:840} INFO - DAG(s) 'example_dynamic_task_mapping' retrieved from /home/airflow/.local/lib/python3.8/site-packages/airflow/example_dags/example_dynamic_task_mapping.py
[2026-04-28T12:50:33.965+0000] {logging_mixin.py:188} INFO - [2026-04-28T12:50:33.965+0000] {dag.py:3047} INFO - Sync 1 DAGs
[2026-04-28T12:50:33.989+0000] {logging_mixin.py:188} INFO - [2026-04-28T12:50:33.989+0000] {dag.py:3834} INFO - Setting next_dagrun for example_dynamic_task_mapping to 2022-03-04 00:00:00+00:00, run_after=2022-03-05 00:00:00+00:00
[2026-04-28T12:50:34.005+0000] {processor.py:183} INFO - Processing /home/airflow/.local/lib/python3.8/site-packages/airflow/example_dags/example_dynamic_task_mapping.py took 0.074 seconds
[2026-04-28T12:51:04.205+0000] {processor.py:161} INFO - Started process (PID=4365) to work on /home/airflow/.local/lib/python3.8/site-packages/airflow/example_dags/example_dynamic_task_mapping.py
[2026-04-28T12:51:04.206+0000] {processor.py:830} INFO - Processing file /home/airflow/.local/lib/python3.8/site-packages/airflow/example_dags/example_dynamic_task_mapping.py for tasks to queue
[2026-04-28T12:51:04.208+0000] {logging_mixin.py:188} INFO - [2026-04-28T12:51:04.208+0000] {dagbag.py:540} INFO - Filling up the DagBag from /home/airflow/.local/lib/python3.8/site-packages/airflow/example_dags/example_dynamic_task_mapping.py
[2026-04-28T12:51:04.216+0000] {processor.py:840} INFO - DAG(s) 'example_dynamic_task_mapping' retrieved from /home/airflow/.local/lib/python3.8/site-packages/airflow/example_dags/example_dynamic_task_mapping.py
[2026-04-28T12:51:04.237+0000] {logging_mixin.py:188} INFO - [2026-04-28T12:51:04.237+0000] {dag.py:3047} INFO - Sync 1 DAGs
[2026-04-28T12:51:04.261+0000] {logging_mixin.py:188} INFO - [2026-04-28T12:51:04.261+0000] {dag.py:3834} INFO - Setting next_dagrun for example_dynamic_task_mapping to 2022-03-04 00:00:00+00:00, run_after=2022-03-05 00:00:00+00:00
[2026-04-28T12:51:04.278+0000] {processor.py:183} INFO - Processing /home/airflow/.local/lib/python3.8/site-packages/airflow/example_dags/example_dynamic_task_mapping.py took 0.077 seconds
[2026-04-28T12:51:35.180+0000] {processor.py:161} INFO - Started process (PID=4421) to work on /home/airflow/.local/lib/python3.8/site-packages/airflow/example_dags/example_dynamic_task_mapping.py
[2026-04-28T12:51:35.181+0000] {processor.py:830} INFO - Processing file /home/airflow/.local/lib/python3.8/site-packages/airflow/example_dags/example_dynamic_task_mapping.py for tasks to queue
[2026-04-28T12:51:35.183+0000] {logging_mixin.py:188} INFO - [2026-04-28T12:51:35.182+0000] {dagbag.py:540} INFO - Filling up the DagBag from /home/airflow/.local/lib/python3.8/site-packages/airflow/example_dags/example_dynamic_task_mapping.py
[2026-04-28T12:51:35.188+0000] {processor.py:840} INFO - DAG(s) 'example_dynamic_task_mapping' retrieved from /home/airflow/.local/lib/python3.8/site-packages/airflow/example_dags/example_dynamic_task_mapping.py
[2026-04-28T12:51:35.204+0000] {logging_mixin.py:188} INFO - [2026-04-28T12:51:35.203+0000] {dag.py:3047} INFO - Sync 1 DAGs
[2026-04-28T12:51:35.220+0000] {logging_mixin.py:188} INFO - [2026-04-28T12:51:35.220+0000] {dag.py:3834} INFO - Setting next_dagrun for example_dynamic_task_mapping to 2022-03-04 00:00:00+00:00, run_after=2022-03-05 00:00:00+00:00
[2026-04-28T12:51:35.233+0000] {processor.py:183} INFO - Processing /home/airflow/.local/lib/python3.8/site-packages/airflow/example_dags/example_dynamic_task_mapping.py took 0.055 seconds
[2026-04-28T12:52:06.041+0000] {processor.py:161} INFO - Started process (PID=4483) to work on /home/airflow/.local/lib/python3.8/site-packages/airflow/example_dags/example_dynamic_task_mapping.py
[2026-04-28T12:52:06.042+0000] {processor.py:830} INFO - Processing file /home/airflow/.local/lib/python3.8/site-packages/airflow/example_dags/example_dynamic_task_mapping.py for tasks to queue
[2026-04-28T12:52:06.044+0000] {logging_mixin.py:188} INFO - [2026-04-28T12:52:06.043+0000] {dagbag.py:540} INFO - Filling up the DagBag from /home/airflow/.local/lib/python3.8/site-packages/airflow/example_dags/example_dynamic_task_mapping.py
[2026-04-28T12:52:06.051+0000] {processor.py:840} INFO - DAG(s) 'example_dynamic_task_mapping' retrieved from /home/airflow/.local/lib/python3.8/site-packages/airflow/example_dags/example_dynamic_task_mapping.py
[2026-04-28T12:52:06.073+0000] {logging_mixin.py:188} INFO - [2026-04-28T12:52:06.073+0000] {dag.py:3047} INFO - Sync 1 DAGs
[2026-04-28T12:52:06.097+0000] {logging_mixin.py:188} INFO - [2026-04-28T12:52:06.097+0000] {dag.py:3834} INFO - Setting next_dagrun for example_dynamic_task_mapping to 2022-03-04 00:00:00+00:00, run_after=2022-03-05 00:00:00+00:00
[2026-04-28T12:52:06.112+0000] {processor.py:183} INFO - Processing /home/airflow/.local/lib/python3.8/site-packages/airflow/example_dags/example_dynamic_task_mapping.py took 0.075 seconds
[2026-04-28T12:52:36.844+0000] {processor.py:161} INFO - Started process (PID=4539) to work on /home/airflow/.local/lib/python3.8/site-packages/airflow/example_dags/example_dynamic_task_mapping.py
[2026-04-28T12:52:36.844+0000] {processor.py:830} INFO - Processing file /home/airflow/.local/lib/python3.8/site-packages/airflow/example_dags/example_dynamic_task_mapping.py for tasks to queue
[2026-04-28T12:52:36.846+0000] {logging_mixin.py:188} INFO - [2026-04-28T12:52:36.846+0000] {dagbag.py:540} INFO - Filling up the DagBag from /home/airflow/.local/lib/python3.8/site-packages/airflow/example_dags/example_dynamic_task_mapping.py
[2026-04-28T12:52:36.853+0000] {processor.py:840} INFO - DAG(s) 'example_dynamic_task_mapping' retrieved from /home/airflow/.local/lib/python3.8/site-packages/airflow/example_dags/example_dynamic_task_mapping.py
[2026-04-28T12:52:36.873+0000] {logging_mixin.py:188} INFO - [2026-04-28T12:52:36.873+0000] {dag.py:3047} INFO - Sync 1 DAGs
[2026-04-28T12:52:36.913+0000] {logging_mixin.py:188} INFO - [2026-04-28T12:52:36.913+0000] {dag.py:3834} INFO - Setting next_dagrun for example_dynamic_task_mapping to 2022-03-04 00:00:00+00:00, run_after=2022-03-05 00:00:00+00:00
[2026-04-28T12:52:36.930+0000] {processor.py:183} INFO - Processing /home/airflow/.local/lib/python3.8/site-packages/airflow/example_dags/example_dynamic_task_mapping.py took 0.090 seconds
[2026-04-28T12:53:07.969+0000] {processor.py:161} INFO - Started process (PID=4595) to work on /home/airflow/.local/lib/python3.8/site-packages/airflow/example_dags/example_dynamic_task_mapping.py
[2026-04-28T12:53:07.972+0000] {processor.py:830} INFO - Processing file /home/airflow/.local/lib/python3.8/site-packages/airflow/example_dags/example_dynamic_task_mapping.py for tasks to queue
[2026-04-28T12:53:07.976+0000] {logging_mixin.py:188} INFO - [2026-04-28T12:53:07.976+0000] {dagbag.py:540} INFO - Filling up the DagBag from /home/airflow/.local/lib/python3.8/site-packages/airflow/example_dags/example_dynamic_task_mapping.py
[2026-04-28T12:53:07.996+0000] {processor.py:840} INFO - DAG(s) 'example_dynamic_task_mapping' retrieved from /home/airflow/.local/lib/python3.8/site-packages/airflow/example_dags/example_dynamic_task_mapping.py
[2026-04-28T12:53:08.036+0000] {logging_mixin.py:188} INFO - [2026-04-28T12:53:08.036+0000] {dag.py:3047} INFO - Sync 1 DAGs
[2026-04-28T12:53:08.078+0000] {logging_mixin.py:188} INFO - [2026-04-28T12:53:08.077+0000] {dag.py:3834} INFO - Setting next_dagrun for example_dynamic_task_mapping to 2022-03-04 00:00:00+00:00, run_after=2022-03-05 00:00:00+00:00
[2026-04-28T12:53:08.117+0000] {processor.py:183} INFO - Processing /home/airflow/.local/lib/python3.8/site-packages/airflow/example_dags/example_dynamic_task_mapping.py took 0.159 seconds
[2026-04-28T12:53:39.554+0000] {processor.py:161} INFO - Started process (PID=4651) to work on /home/airflow/.local/lib/python3.8/site-packages/airflow/example_dags/example_dynamic_task_mapping.py
[2026-04-28T12:53:39.557+0000] {processor.py:830} INFO - Processing file /home/airflow/.local/lib/python3.8/site-packages/airflow/example_dags/example_dynamic_task_mapping.py for tasks to queue
[2026-04-28T12:53:39.564+0000] {logging_mixin.py:188} INFO - [2026-04-28T12:53:39.563+0000] {dagbag.py:540} INFO - Filling up the DagBag from /home/airflow/.local/lib/python3.8/site-packages/airflow/example_dags/example_dynamic_task_mapping.py
[2026-04-28T12:53:39.585+0000] {processor.py:840} INFO - DAG(s) 'example_dynamic_task_mapping' retrieved from /home/airflow/.local/lib/python3.8/site-packages/airflow/example_dags/example_dynamic_task_mapping.py
[2026-04-28T12:53:39.625+0000] {logging_mixin.py:188} INFO - [2026-04-28T12:53:39.625+0000] {dag.py:3047} INFO - Sync 1 DAGs
[2026-04-28T12:53:39.651+0000] {logging_mixin.py:188} INFO - [2026-04-28T12:53:39.650+0000] {dag.py:3834} INFO - Setting next_dagrun for example_dynamic_task_mapping to 2022-03-04 00:00:00+00:00, run_after=2022-03-05 00:00:00+00:00
[2026-04-28T12:53:39.695+0000] {processor.py:183} INFO - Processing /home/airflow/.local/lib/python3.8/site-packages/airflow/example_dags/example_dynamic_task_mapping.py took 0.157 seconds
[2026-04-28T12:54:10.065+0000] {processor.py:161} INFO - Started process (PID=4707) to work on /home/airflow/.local/lib/python3.8/site-packages/airflow/example_dags/example_dynamic_task_mapping.py
[2026-04-28T12:54:10.066+0000] {processor.py:830} INFO - Processing file /home/airflow/.local/lib/python3.8/site-packages/airflow/example_dags/example_dynamic_task_mapping.py for tasks to queue
[2026-04-28T12:54:10.068+0000] {logging_mixin.py:188} INFO - [2026-04-28T12:54:10.068+0000] {dagbag.py:540} INFO - Filling up the DagBag from /home/airflow/.local/lib/python3.8/site-packages/airflow/example_dags/example_dynamic_task_mapping.py
[2026-04-28T12:54:10.076+0000] {processor.py:840} INFO - DAG(s) 'example_dynamic_task_mapping' retrieved from /home/airflow/.local/lib/python3.8/site-packages/airflow/example_dags/example_dynamic_task_mapping.py
[2026-04-28T12:54:10.097+0000] {logging_mixin.py:188} INFO - [2026-04-28T12:54:10.097+0000] {dag.py:3047} INFO - Sync 1 DAGs
[2026-04-28T12:54:10.121+0000] {logging_mixin.py:188} INFO - [2026-04-28T12:54:10.121+0000] {dag.py:3834} INFO - Setting next_dagrun for example_dynamic_task_mapping to 2022-03-04 00:00:00+00:00, run_after=2022-03-05 00:00:00+00:00
[2026-04-28T12:54:10.140+0000] {processor.py:183} INFO - Processing /home/airflow/.local/lib/python3.8/site-packages/airflow/example_dags/example_dynamic_task_mapping.py took 0.078 seconds
[2026-04-28T12:54:40.311+0000] {processor.py:161} INFO - Started process (PID=4763) to work on /home/airflow/.local/lib/python3.8/site-packages/airflow/example_dags/example_dynamic_task_mapping.py
[2026-04-28T12:54:40.314+0000] {processor.py:830} INFO - Processing file /home/airflow/.local/lib/python3.8/site-packages/airflow/example_dags/example_dynamic_task_mapping.py for tasks to queue
[2026-04-28T12:54:40.318+0000] {logging_mixin.py:188} INFO - [2026-04-28T12:54:40.317+0000] {dagbag.py:540} INFO - Filling up the DagBag from /home/airflow/.local/lib/python3.8/site-packages/airflow/example_dags/example_dynamic_task_mapping.py
[2026-04-28T12:54:40.327+0000] {processor.py:840} INFO - DAG(s) 'example_dynamic_task_mapping' retrieved from /home/airflow/.local/lib/python3.8/site-packages/airflow/example_dags/example_dynamic_task_mapping.py
[2026-04-28T12:54:40.348+0000] {logging_mixin.py:188} INFO - [2026-04-28T12:54:40.348+0000] {dag.py:3047} INFO - Sync 1 DAGs
[2026-04-28T12:54:40.373+0000] {logging_mixin.py:188} INFO - [2026-04-28T12:54:40.373+0000] {dag.py:3834} INFO - Setting next_dagrun for example_dynamic_task_mapping to 2022-03-04 00:00:00+00:00, run_after=2022-03-05 00:00:00+00:00
[2026-04-28T12:54:40.393+0000] {processor.py:183} INFO - Processing /home/airflow/.local/lib/python3.8/site-packages/airflow/example_dags/example_dynamic_task_mapping.py took 0.087 seconds
[2026-04-28T12:55:10.706+0000] {processor.py:161} INFO - Started process (PID=4820) to work on /home/airflow/.local/lib/python3.8/site-packages/airflow/example_dags/example_dynamic_task_mapping.py
[2026-04-28T12:55:10.706+0000] {processor.py:830} INFO - Processing file /home/airflow/.local/lib/python3.8/site-packages/airflow/example_dags/example_dynamic_task_mapping.py for tasks to queue
[2026-04-28T12:55:10.709+0000] {logging_mixin.py:188} INFO - [2026-04-28T12:55:10.708+0000] {dagbag.py:540} INFO - Filling up the DagBag from /home/airflow/.local/lib/python3.8/site-packages/airflow/example_dags/example_dynamic_task_mapping.py
[2026-04-28T12:55:10.716+0000] {processor.py:840} INFO - DAG(s) 'example_dynamic_task_mapping' retrieved from /home/airflow/.local/lib/python3.8/site-packages/airflow/example_dags/example_dynamic_task_mapping.py
[2026-04-28T12:55:10.744+0000] {logging_mixin.py:188} INFO - [2026-04-28T12:55:10.744+0000] {dag.py:3047} INFO - Sync 1 DAGs
[2026-04-28T12:55:10.788+0000] {logging_mixin.py:188} INFO - [2026-04-28T12:55:10.788+0000] {dag.py:3834} INFO - Setting next_dagrun for example_dynamic_task_mapping to 2022-03-04 00:00:00+00:00, run_after=2022-03-05 00:00:00+00:00
[2026-04-28T12:55:10.805+0000] {processor.py:183} INFO - Processing /home/airflow/.local/lib/python3.8/site-packages/airflow/example_dags/example_dynamic_task_mapping.py took 0.104 seconds
[2026-04-28T12:55:41.690+0000] {processor.py:161} INFO - Started process (PID=4876) to work on /home/airflow/.local/lib/python3.8/site-packages/airflow/example_dags/example_dynamic_task_mapping.py
[2026-04-28T12:55:41.691+0000] {processor.py:830} INFO - Processing file /home/airflow/.local/lib/python3.8/site-packages/airflow/example_dags/example_dynamic_task_mapping.py for tasks to queue
[2026-04-28T12:55:41.693+0000] {logging_mixin.py:188} INFO - [2026-04-28T12:55:41.692+0000] {dagbag.py:540} INFO - Filling up the DagBag from /home/airflow/.local/lib/python3.8/site-packages/airflow/example_dags/example_dynamic_task_mapping.py
[2026-04-28T12:55:41.700+0000] {processor.py:840} INFO - DAG(s) 'example_dynamic_task_mapping' retrieved from /home/airflow/.local/lib/python3.8/site-packages/airflow/example_dags/example_dynamic_task_mapping.py
[2026-04-28T12:55:41.721+0000] {logging_mixin.py:188} INFO - [2026-04-28T12:55:41.721+0000] {dag.py:3047} INFO - Sync 1 DAGs
[2026-04-28T12:55:41.746+0000] {logging_mixin.py:188} INFO - [2026-04-28T12:55:41.745+0000] {dag.py:3834} INFO - Setting next_dagrun for example_dynamic_task_mapping to 2022-03-04 00:00:00+00:00, run_after=2022-03-05 00:00:00+00:00
[2026-04-28T12:55:41.762+0000] {processor.py:183} INFO - Processing /home/airflow/.local/lib/python3.8/site-packages/airflow/example_dags/example_dynamic_task_mapping.py took 0.077 seconds
[2026-04-28T12:56:11.899+0000] {processor.py:161} INFO - Started process (PID=4931) to work on /home/airflow/.local/lib/python3.8/site-packages/airflow/example_dags/example_dynamic_task_mapping.py
[2026-04-28T12:56:11.900+0000] {processor.py:830} INFO - Processing file /home/airflow/.local/lib/python3.8/site-packages/airflow/example_dags/example_dynamic_task_mapping.py for tasks to queue
[2026-04-28T12:56:11.902+0000] {logging_mixin.py:188} INFO - [2026-04-28T12:56:11.901+0000] {dagbag.py:540} INFO - Filling up the DagBag from /home/airflow/.local/lib/python3.8/site-packages/airflow/example_dags/example_dynamic_task_mapping.py
[2026-04-28T12:56:11.909+0000] {processor.py:840} INFO - DAG(s) 'example_dynamic_task_mapping' retrieved from /home/airflow/.local/lib/python3.8/site-packages/airflow/example_dags/example_dynamic_task_mapping.py
[2026-04-28T12:56:11.930+0000] {logging_mixin.py:188} INFO - [2026-04-28T12:56:11.930+0000] {dag.py:3047} INFO - Sync 1 DAGs
[2026-04-28T12:56:11.954+0000] {logging_mixin.py:188} INFO - [2026-04-28T12:56:11.954+0000] {dag.py:3834} INFO - Setting next_dagrun for example_dynamic_task_mapping to 2022-03-04 00:00:00+00:00, run_after=2022-03-05 00:00:00+00:00
[2026-04-28T12:56:11.972+0000] {processor.py:183} INFO - Processing /home/airflow/.local/lib/python3.8/site-packages/airflow/example_dags/example_dynamic_task_mapping.py took 0.077 seconds
[2026-04-28T12:56:42.252+0000] {processor.py:161} INFO - Started process (PID=4987) to work on /home/airflow/.local/lib/python3.8/site-packages/airflow/example_dags/example_dynamic_task_mapping.py
[2026-04-28T12:56:42.253+0000] {processor.py:830} INFO - Processing file /home/airflow/.local/lib/python3.8/site-packages/airflow/example_dags/example_dynamic_task_mapping.py for tasks to queue
[2026-04-28T12:56:42.255+0000] {logging_mixin.py:188} INFO - [2026-04-28T12:56:42.255+0000] {dagbag.py:540} INFO - Filling up the DagBag from /home/airflow/.local/lib/python3.8/site-packages/airflow/example_dags/example_dynamic_task_mapping.py
[2026-04-28T12:56:42.262+0000] {processor.py:840} INFO - DAG(s) 'example_dynamic_task_mapping' retrieved from /home/airflow/.local/lib/python3.8/site-packages/airflow/example_dags/example_dynamic_task_mapping.py
[2026-04-28T12:56:42.283+0000] {logging_mixin.py:188} INFO - [2026-04-28T12:56:42.282+0000] {dag.py:3047} INFO - Sync 1 DAGs
[2026-04-28T12:56:42.309+0000] {logging_mixin.py:188} INFO - [2026-04-28T12:56:42.309+0000] {dag.py:3834} INFO - Setting next_dagrun for example_dynamic_task_mapping to 2022-03-04 00:00:00+00:00, run_after=2022-03-05 00:00:00+00:00
[2026-04-28T12:56:42.326+0000] {processor.py:183} INFO - Processing /home/airflow/.local/lib/python3.8/site-packages/airflow/example_dags/example_dynamic_task_mapping.py took 0.077 seconds
[2026-04-28T12:57:13.532+0000] {processor.py:161} INFO - Started process (PID=5043) to work on /home/airflow/.local/lib/python3.8/site-packages/airflow/example_dags/example_dynamic_task_mapping.py
[2026-04-28T12:57:13.533+0000] {processor.py:830} INFO - Processing file /home/airflow/.local/lib/python3.8/site-packages/airflow/example_dags/example_dynamic_task_mapping.py for tasks to queue
[2026-04-28T12:57:13.535+0000] {logging_mixin.py:188} INFO - [2026-04-28T12:57:13.534+0000] {dagbag.py:540} INFO - Filling up the DagBag from /home/airflow/.local/lib/python3.8/site-packages/airflow/example_dags/example_dynamic_task_mapping.py
[2026-04-28T12:57:13.542+0000] {processor.py:840} INFO - DAG(s) 'example_dynamic_task_mapping' retrieved from /home/airflow/.local/lib/python3.8/site-packages/airflow/example_dags/example_dynamic_task_mapping.py
[2026-04-28T12:57:13.563+0000] {logging_mixin.py:188} INFO - [2026-04-28T12:57:13.562+0000] {dag.py:3047} INFO - Sync 1 DAGs
[2026-04-28T12:57:13.586+0000] {logging_mixin.py:188} INFO - [2026-04-28T12:57:13.586+0000] {dag.py:3834} INFO - Setting next_dagrun for example_dynamic_task_mapping to 2022-03-04 00:00:00+00:00, run_after=2022-03-05 00:00:00+00:00
[2026-04-28T12:57:13.602+0000] {processor.py:183} INFO - Processing /home/airflow/.local/lib/python3.8/site-packages/airflow/example_dags/example_dynamic_task_mapping.py took 0.075 seconds
[2026-04-28T12:57:44.304+0000] {processor.py:161} INFO - Started process (PID=5099) to work on /home/airflow/.local/lib/python3.8/site-packages/airflow/example_dags/example_dynamic_task_mapping.py
[2026-04-28T12:57:44.304+0000] {processor.py:830} INFO - Processing file /home/airflow/.local/lib/python3.8/site-packages/airflow/example_dags/example_dynamic_task_mapping.py for tasks to queue
[2026-04-28T12:57:44.307+0000] {logging_mixin.py:188} INFO - [2026-04-28T12:57:44.306+0000] {dagbag.py:540} INFO - Filling up the DagBag from /home/airflow/.local/lib/python3.8/site-packages/airflow/example_dags/example_dynamic_task_mapping.py
[2026-04-28T12:57:44.314+0000] {processor.py:840} INFO - DAG(s) 'example_dynamic_task_mapping' retrieved from /home/airflow/.local/lib/python3.8/site-packages/airflow/example_dags/example_dynamic_task_mapping.py
[2026-04-28T12:57:44.359+0000] {logging_mixin.py:188} INFO - [2026-04-28T12:57:44.359+0000] {dag.py:3047} INFO - Sync 1 DAGs
[2026-04-28T12:57:44.410+0000] {logging_mixin.py:188} INFO - [2026-04-28T12:57:44.409+0000] {dag.py:3834} INFO - Setting next_dagrun for example_dynamic_task_mapping to 2022-03-04 00:00:00+00:00, run_after=2022-03-05 00:00:00+00:00
[2026-04-28T12:57:44.457+0000] {processor.py:183} INFO - Processing /home/airflow/.local/lib/python3.8/site-packages/airflow/example_dags/example_dynamic_task_mapping.py took 0.158 seconds
[2026-04-28T12:58:15.217+0000] {processor.py:161} INFO - Started process (PID=5154) to work on /home/airflow/.local/lib/python3.8/site-packages/airflow/example_dags/example_dynamic_task_mapping.py
[2026-04-28T12:58:15.218+0000] {processor.py:830} INFO - Processing file /home/airflow/.local/lib/python3.8/site-packages/airflow/example_dags/example_dynamic_task_mapping.py for tasks to queue
[2026-04-28T12:58:15.220+0000] {logging_mixin.py:188} INFO - [2026-04-28T12:58:15.219+0000] {dagbag.py:540} INFO - Filling up the DagBag from /home/airflow/.local/lib/python3.8/site-packages/airflow/example_dags/example_dynamic_task_mapping.py
[2026-04-28T12:58:15.227+0000] {processor.py:840} INFO - DAG(s) 'example_dynamic_task_mapping' retrieved from /home/airflow/.local/lib/python3.8/site-packages/airflow/example_dags/example_dynamic_task_mapping.py
[2026-04-28T12:58:15.247+0000] {logging_mixin.py:188} INFO - [2026-04-28T12:58:15.247+0000] {dag.py:3047} INFO - Sync 1 DAGs
[2026-04-28T12:58:15.271+0000] {logging_mixin.py:188} INFO - [2026-04-28T12:58:15.271+0000] {dag.py:3834} INFO - Setting next_dagrun for example_dynamic_task_mapping to 2022-03-04 00:00:00+00:00, run_after=2022-03-05 00:00:00+00:00
[2026-04-28T12:58:15.289+0000] {processor.py:183} INFO - Processing /home/airflow/.local/lib/python3.8/site-packages/airflow/example_dags/example_dynamic_task_mapping.py took 0.077 seconds
[2026-04-28T12:58:45.661+0000] {processor.py:161} INFO - Started process (PID=5210) to work on /home/airflow/.local/lib/python3.8/site-packages/airflow/example_dags/example_dynamic_task_mapping.py
[2026-04-28T12:58:45.662+0000] {processor.py:830} INFO - Processing file /home/airflow/.local/lib/python3.8/site-packages/airflow/example_dags/example_dynamic_task_mapping.py for tasks to queue
[2026-04-28T12:58:45.664+0000] {logging_mixin.py:188} INFO - [2026-04-28T12:58:45.664+0000] {dagbag.py:540} INFO - Filling up the DagBag from /home/airflow/.local/lib/python3.8/site-packages/airflow/example_dags/example_dynamic_task_mapping.py
[2026-04-28T12:58:45.672+0000] {processor.py:840} INFO - DAG(s) 'example_dynamic_task_mapping' retrieved from /home/airflow/.local/lib/python3.8/site-packages/airflow/example_dags/example_dynamic_task_mapping.py
[2026-04-28T12:58:45.687+0000] {logging_mixin.py:188} INFO - [2026-04-28T12:58:45.687+0000] {dag.py:3047} INFO - Sync 1 DAGs
[2026-04-28T12:58:45.703+0000] {logging_mixin.py:188} INFO - [2026-04-28T12:58:45.703+0000] {dag.py:3834} INFO - Setting next_dagrun for example_dynamic_task_mapping to 2022-03-04 00:00:00+00:00, run_after=2022-03-05 00:00:00+00:00
[2026-04-28T12:58:45.717+0000] {processor.py:183} INFO - Processing /home/airflow/.local/lib/python3.8/site-packages/airflow/example_dags/example_dynamic_task_mapping.py took 0.063 seconds
[2026-04-28T12:59:16.594+0000] {processor.py:161} INFO - Started process (PID=5266) to work on /home/airflow/.local/lib/python3.8/site-packages/airflow/example_dags/example_dynamic_task_mapping.py
[2026-04-28T12:59:16.595+0000] {processor.py:830} INFO - Processing file /home/airflow/.local/lib/python3.8/site-packages/airflow/example_dags/example_dynamic_task_mapping.py for tasks to queue
[2026-04-28T12:59:16.596+0000] {logging_mixin.py:188} INFO - [2026-04-28T12:59:16.596+0000] {dagbag.py:540} INFO - Filling up the DagBag from /home/airflow/.local/lib/python3.8/site-packages/airflow/example_dags/example_dynamic_task_mapping.py
[2026-04-28T12:59:16.602+0000] {processor.py:840} INFO - DAG(s) 'example_dynamic_task_mapping' retrieved from /home/airflow/.local/lib/python3.8/site-packages/airflow/example_dags/example_dynamic_task_mapping.py
[2026-04-28T12:59:16.617+0000] {logging_mixin.py:188} INFO - [2026-04-28T12:59:16.617+0000] {dag.py:3047} INFO - Sync 1 DAGs
[2026-04-28T12:59:16.636+0000] {logging_mixin.py:188} INFO - [2026-04-28T12:59:16.635+0000] {dag.py:3834} INFO - Setting next_dagrun for example_dynamic_task_mapping to 2022-03-04 00:00:00+00:00, run_after=2022-03-05 00:00:00+00:00
[2026-04-28T12:59:16.648+0000] {processor.py:183} INFO - Processing /home/airflow/.local/lib/python3.8/site-packages/airflow/example_dags/example_dynamic_task_mapping.py took 0.057 seconds
[2026-04-28T12:59:47.099+0000] {processor.py:161} INFO - Started process (PID=5322) to work on /home/airflow/.local/lib/python3.8/site-packages/airflow/example_dags/example_dynamic_task_mapping.py
[2026-04-28T12:59:47.100+0000] {processor.py:830} INFO - Processing file /home/airflow/.local/lib/python3.8/site-packages/airflow/example_dags/example_dynamic_task_mapping.py for tasks to queue
[2026-04-28T12:59:47.102+0000] {logging_mixin.py:188} INFO - [2026-04-28T12:59:47.102+0000] {dagbag.py:540} INFO - Filling up the DagBag from /home/airflow/.local/lib/python3.8/site-packages/airflow/example_dags/example_dynamic_task_mapping.py
[2026-04-28T12:59:47.112+0000] {processor.py:840} INFO - DAG(s) 'example_dynamic_task_mapping' retrieved from /home/airflow/.local/lib/python3.8/site-packages/airflow/example_dags/example_dynamic_task_mapping.py
[2026-04-28T12:59:47.129+0000] {logging_mixin.py:188} INFO - [2026-04-28T12:59:47.129+0000] {dag.py:3047} INFO - Sync 1 DAGs
[2026-04-28T12:59:47.145+0000] {logging_mixin.py:188} INFO - [2026-04-28T12:59:47.145+0000] {dag.py:3834} INFO - Setting next_dagrun for example_dynamic_task_mapping to 2022-03-04 00:00:00+00:00, run_after=2022-03-05 00:00:00+00:00
[2026-04-28T12:59:47.160+0000] {processor.py:183} INFO - Processing /home/airflow/.local/lib/python3.8/site-packages/airflow/example_dags/example_dynamic_task_mapping.py took 0.064 seconds
[2026-04-28T13:00:17.604+0000] {processor.py:161} INFO - Started process (PID=5378) to work on /home/airflow/.local/lib/python3.8/site-packages/airflow/example_dags/example_dynamic_task_mapping.py
[2026-04-28T13:00:17.605+0000] {processor.py:830} INFO - Processing file /home/airflow/.local/lib/python3.8/site-packages/airflow/example_dags/example_dynamic_task_mapping.py for tasks to queue
[2026-04-28T13:00:17.607+0000] {logging_mixin.py:188} INFO - [2026-04-28T13:00:17.607+0000] {dagbag.py:540} INFO - Filling up the DagBag from /home/airflow/.local/lib/python3.8/site-packages/airflow/example_dags/example_dynamic_task_mapping.py
[2026-04-28T13:00:17.614+0000] {processor.py:840} INFO - DAG(s) 'example_dynamic_task_mapping' retrieved from /home/airflow/.local/lib/python3.8/site-packages/airflow/example_dags/example_dynamic_task_mapping.py
[2026-04-28T13:00:17.634+0000] {logging_mixin.py:188} INFO - [2026-04-28T13:00:17.634+0000] {dag.py:3047} INFO - Sync 1 DAGs
[2026-04-28T13:00:17.662+0000] {logging_mixin.py:188} INFO - [2026-04-28T13:00:17.662+0000] {dag.py:3834} INFO - Setting next_dagrun for example_dynamic_task_mapping to 2022-03-04 00:00:00+00:00, run_after=2022-03-05 00:00:00+00:00
[2026-04-28T13:00:17.687+0000] {processor.py:183} INFO - Processing /home/airflow/.local/lib/python3.8/site-packages/airflow/example_dags/example_dynamic_task_mapping.py took 0.087 seconds
[2026-04-28T13:00:48.457+0000] {processor.py:161} INFO - Started process (PID=5433) to work on /home/airflow/.local/lib/python3.8/site-packages/airflow/example_dags/example_dynamic_task_mapping.py
[2026-04-28T13:00:48.458+0000] {processor.py:830} INFO - Processing file /home/airflow/.local/lib/python3.8/site-packages/airflow/example_dags/example_dynamic_task_mapping.py for tasks to queue
[2026-04-28T13:00:48.460+0000] {logging_mixin.py:188} INFO - [2026-04-28T13:00:48.460+0000] {dagbag.py:540} INFO - Filling up the DagBag from /home/airflow/.local/lib/python3.8/site-packages/airflow/example_dags/example_dynamic_task_mapping.py
[2026-04-28T13:00:48.467+0000] {processor.py:840} INFO - DAG(s) 'example_dynamic_task_mapping' retrieved from /home/airflow/.local/lib/python3.8/site-packages/airflow/example_dags/example_dynamic_task_mapping.py
[2026-04-28T13:00:48.489+0000] {logging_mixin.py:188} INFO - [2026-04-28T13:00:48.488+0000] {dag.py:3047} INFO - Sync 1 DAGs
[2026-04-28T13:00:48.591+0000] {logging_mixin.py:188} INFO - [2026-04-28T13:00:48.591+0000] {dag.py:3834} INFO - Setting next_dagrun for example_dynamic_task_mapping to 2022-03-04 00:00:00+00:00, run_after=2022-03-05 00:00:00+00:00
[2026-04-28T13:00:48.614+0000] {processor.py:183} INFO - Processing /home/airflow/.local/lib/python3.8/site-packages/airflow/example_dags/example_dynamic_task_mapping.py took 0.161 seconds
[2026-04-28T13:01:18.662+0000] {processor.py:161} INFO - Started process (PID=5489) to work on /home/airflow/.local/lib/python3.8/site-packages/airflow/example_dags/example_dynamic_task_mapping.py
[2026-04-28T13:01:18.663+0000] {processor.py:830} INFO - Processing file /home/airflow/.local/lib/python3.8/site-packages/airflow/example_dags/example_dynamic_task_mapping.py for tasks to queue
[2026-04-28T13:01:18.665+0000] {logging_mixin.py:188} INFO - [2026-04-28T13:01:18.665+0000] {dagbag.py:540} INFO - Filling up the DagBag from /home/airflow/.local/lib/python3.8/site-packages/airflow/example_dags/example_dynamic_task_mapping.py
[2026-04-28T13:01:18.672+0000] {processor.py:840} INFO - DAG(s) 'example_dynamic_task_mapping' retrieved from /home/airflow/.local/lib/python3.8/site-packages/airflow/example_dags/example_dynamic_task_mapping.py
[2026-04-28T13:01:18.692+0000] {logging_mixin.py:188} INFO - [2026-04-28T13:01:18.692+0000] {dag.py:3047} INFO - Sync 1 DAGs
[2026-04-28T13:01:18.716+0000] {logging_mixin.py:188} INFO - [2026-04-28T13:01:18.716+0000] {dag.py:3834} INFO - Setting next_dagrun for example_dynamic_task_mapping to 2022-03-04 00:00:00+00:00, run_after=2022-03-05 00:00:00+00:00
[2026-04-28T13:01:18.733+0000] {processor.py:183} INFO - Processing /home/airflow/.local/lib/python3.8/site-packages/airflow/example_dags/example_dynamic_task_mapping.py took 0.075 seconds
[2026-04-28T13:01:48.949+0000] {processor.py:161} INFO - Started process (PID=5545) to work on /home/airflow/.local/lib/python3.8/site-packages/airflow/example_dags/example_dynamic_task_mapping.py
[2026-04-28T13:01:48.950+0000] {processor.py:830} INFO - Processing file /home/airflow/.local/lib/python3.8/site-packages/airflow/example_dags/example_dynamic_task_mapping.py for tasks to queue
[2026-04-28T13:01:48.952+0000] {logging_mixin.py:188} INFO - [2026-04-28T13:01:48.952+0000] {dagbag.py:540} INFO - Filling up the DagBag from /home/airflow/.local/lib/python3.8/site-packages/airflow/example_dags/example_dynamic_task_mapping.py
[2026-04-28T13:01:48.960+0000] {processor.py:840} INFO - DAG(s) 'example_dynamic_task_mapping' retrieved from /home/airflow/.local/lib/python3.8/site-packages/airflow/example_dags/example_dynamic_task_mapping.py
[2026-04-28T13:01:48.990+0000] {logging_mixin.py:188} INFO - [2026-04-28T13:01:48.990+0000] {dag.py:3047} INFO - Sync 1 DAGs
[2026-04-28T13:01:49.068+0000] {logging_mixin.py:188} INFO - [2026-04-28T13:01:49.067+0000] {dag.py:3834} INFO - Setting next_dagrun for example_dynamic_task_mapping to 2022-03-04 00:00:00+00:00, run_after=2022-03-05 00:00:00+00:00
[2026-04-28T13:01:49.087+0000] {processor.py:183} INFO - Processing /home/airflow/.local/lib/python3.8/site-packages/airflow/example_dags/example_dynamic_task_mapping.py took 0.142 seconds
[2026-04-28T13:02:19.281+0000] {processor.py:161} INFO - Started process (PID=5601) to work on /home/airflow/.local/lib/python3.8/site-packages/airflow/example_dags/example_dynamic_task_mapping.py
[2026-04-28T13:02:19.282+0000] {processor.py:830} INFO - Processing file /home/airflow/.local/lib/python3.8/site-packages/airflow/example_dags/example_dynamic_task_mapping.py for tasks to queue
[2026-04-28T13:02:19.284+0000] {logging_mixin.py:188} INFO - [2026-04-28T13:02:19.284+0000] {dagbag.py:540} INFO - Filling up the DagBag from /home/airflow/.local/lib/python3.8/site-packages/airflow/example_dags/example_dynamic_task_mapping.py
[2026-04-28T13:02:19.292+0000] {processor.py:840} INFO - DAG(s) 'example_dynamic_task_mapping' retrieved from /home/airflow/.local/lib/python3.8/site-packages/airflow/example_dags/example_dynamic_task_mapping.py
[2026-04-28T13:02:19.312+0000] {logging_mixin.py:188} INFO - [2026-04-28T13:02:19.312+0000] {dag.py:3047} INFO - Sync 1 DAGs
[2026-04-28T13:02:19.350+0000] {logging_mixin.py:188} INFO - [2026-04-28T13:02:19.350+0000] {dag.py:3834} INFO - Setting next_dagrun for example_dynamic_task_mapping to 2022-03-04 00:00:00+00:00, run_after=2022-03-05 00:00:00+00:00
[2026-04-28T13:02:19.377+0000] {processor.py:183} INFO - Processing /home/airflow/.local/lib/python3.8/site-packages/airflow/example_dags/example_dynamic_task_mapping.py took 0.100 seconds
