[2026-04-28T12:11:58.610+0000] {processor.py:161} INFO - Started process (PID=100) to work on /home/airflow/.local/lib/python3.8/site-packages/airflow/example_dags/example_task_group_decorator.py
[2026-04-28T12:11:58.611+0000] {processor.py:830} INFO - Processing file /home/airflow/.local/lib/python3.8/site-packages/airflow/example_dags/example_task_group_decorator.py for tasks to queue
[2026-04-28T12:11:58.616+0000] {logging_mixin.py:188} INFO - [2026-04-28T12:11:58.613+0000] {dagbag.py:540} INFO - Filling up the DagBag from /home/airflow/.local/lib/python3.8/site-packages/airflow/example_dags/example_task_group_decorator.py
[2026-04-28T12:11:58.677+0000] {processor.py:840} INFO - DAG(s) 'example_task_group_decorator' retrieved from /home/airflow/.local/lib/python3.8/site-packages/airflow/example_dags/example_task_group_decorator.py
[2026-04-28T12:11:58.952+0000] {logging_mixin.py:188} INFO - [2026-04-28T12:11:58.951+0000] {dag.py:3047} INFO - Sync 1 DAGs
[2026-04-28T12:11:59.040+0000] {logging_mixin.py:188} INFO - [2026-04-28T12:11:59.036+0000] {dag.py:3834} INFO - Setting next_dagrun for example_task_group_decorator to 2026-04-27 00:00:00+00:00, run_after=2026-04-28 00:00:00+00:00
[2026-04-28T12:11:59.191+0000] {processor.py:183} INFO - Processing /home/airflow/.local/lib/python3.8/site-packages/airflow/example_dags/example_task_group_decorator.py took 0.596 seconds
[2026-04-28T12:12:29.863+0000] {processor.py:161} INFO - Started process (PID=155) to work on /home/airflow/.local/lib/python3.8/site-packages/airflow/example_dags/example_task_group_decorator.py
[2026-04-28T12:12:29.864+0000] {processor.py:830} INFO - Processing file /home/airflow/.local/lib/python3.8/site-packages/airflow/example_dags/example_task_group_decorator.py for tasks to queue
[2026-04-28T12:12:29.872+0000] {logging_mixin.py:188} INFO - [2026-04-28T12:12:29.871+0000] {dagbag.py:540} INFO - Filling up the DagBag from /home/airflow/.local/lib/python3.8/site-packages/airflow/example_dags/example_task_group_decorator.py
[2026-04-28T12:12:29.915+0000] {processor.py:840} INFO - DAG(s) 'example_task_group_decorator' retrieved from /home/airflow/.local/lib/python3.8/site-packages/airflow/example_dags/example_task_group_decorator.py
[2026-04-28T12:12:29.965+0000] {logging_mixin.py:188} INFO - [2026-04-28T12:12:29.965+0000] {dag.py:3047} INFO - Sync 1 DAGs
[2026-04-28T12:12:30.006+0000] {logging_mixin.py:188} INFO - [2026-04-28T12:12:30.006+0000] {dag.py:3834} INFO - Setting next_dagrun for example_task_group_decorator to 2026-04-27 00:00:00+00:00, run_after=2026-04-28 00:00:00+00:00
[2026-04-28T12:12:30.032+0000] {processor.py:183} INFO - Processing /home/airflow/.local/lib/python3.8/site-packages/airflow/example_dags/example_task_group_decorator.py took 0.187 seconds
[2026-04-28T12:13:00.931+0000] {processor.py:161} INFO - Started process (PID=216) to work on /home/airflow/.local/lib/python3.8/site-packages/airflow/example_dags/example_task_group_decorator.py
[2026-04-28T12:13:00.932+0000] {processor.py:830} INFO - Processing file /home/airflow/.local/lib/python3.8/site-packages/airflow/example_dags/example_task_group_decorator.py for tasks to queue
[2026-04-28T12:13:00.934+0000] {logging_mixin.py:188} INFO - [2026-04-28T12:13:00.934+0000] {dagbag.py:540} INFO - Filling up the DagBag from /home/airflow/.local/lib/python3.8/site-packages/airflow/example_dags/example_task_group_decorator.py
[2026-04-28T12:13:00.952+0000] {processor.py:840} INFO - DAG(s) 'example_task_group_decorator' retrieved from /home/airflow/.local/lib/python3.8/site-packages/airflow/example_dags/example_task_group_decorator.py
[2026-04-28T12:13:00.998+0000] {logging_mixin.py:188} INFO - [2026-04-28T12:13:00.998+0000] {dag.py:3047} INFO - Sync 1 DAGs
[2026-04-28T12:13:01.031+0000] {logging_mixin.py:188} INFO - [2026-04-28T12:13:01.031+0000] {dag.py:3834} INFO - Setting next_dagrun for example_task_group_decorator to 2026-04-27 00:00:00+00:00, run_after=2026-04-28 00:00:00+00:00
[2026-04-28T12:13:01.047+0000] {processor.py:183} INFO - Processing /home/airflow/.local/lib/python3.8/site-packages/airflow/example_dags/example_task_group_decorator.py took 0.120 seconds
[2026-04-28T12:13:31.415+0000] {processor.py:161} INFO - Started process (PID=271) to work on /home/airflow/.local/lib/python3.8/site-packages/airflow/example_dags/example_task_group_decorator.py
[2026-04-28T12:13:31.416+0000] {processor.py:830} INFO - Processing file /home/airflow/.local/lib/python3.8/site-packages/airflow/example_dags/example_task_group_decorator.py for tasks to queue
[2026-04-28T12:13:31.418+0000] {logging_mixin.py:188} INFO - [2026-04-28T12:13:31.418+0000] {dagbag.py:540} INFO - Filling up the DagBag from /home/airflow/.local/lib/python3.8/site-packages/airflow/example_dags/example_task_group_decorator.py
[2026-04-28T12:13:31.435+0000] {processor.py:840} INFO - DAG(s) 'example_task_group_decorator' retrieved from /home/airflow/.local/lib/python3.8/site-packages/airflow/example_dags/example_task_group_decorator.py
[2026-04-28T12:13:31.474+0000] {logging_mixin.py:188} INFO - [2026-04-28T12:13:31.474+0000] {dag.py:3047} INFO - Sync 1 DAGs
[2026-04-28T12:13:31.515+0000] {logging_mixin.py:188} INFO - [2026-04-28T12:13:31.514+0000] {dag.py:3834} INFO - Setting next_dagrun for example_task_group_decorator to 2026-04-27 00:00:00+00:00, run_after=2026-04-28 00:00:00+00:00
[2026-04-28T12:13:31.536+0000] {processor.py:183} INFO - Processing /home/airflow/.local/lib/python3.8/site-packages/airflow/example_dags/example_task_group_decorator.py took 0.124 seconds
[2026-04-28T12:14:01.993+0000] {processor.py:161} INFO - Started process (PID=326) to work on /home/airflow/.local/lib/python3.8/site-packages/airflow/example_dags/example_task_group_decorator.py
[2026-04-28T12:14:01.994+0000] {processor.py:830} INFO - Processing file /home/airflow/.local/lib/python3.8/site-packages/airflow/example_dags/example_task_group_decorator.py for tasks to queue
[2026-04-28T12:14:01.996+0000] {logging_mixin.py:188} INFO - [2026-04-28T12:14:01.995+0000] {dagbag.py:540} INFO - Filling up the DagBag from /home/airflow/.local/lib/python3.8/site-packages/airflow/example_dags/example_task_group_decorator.py
[2026-04-28T12:14:02.014+0000] {processor.py:840} INFO - DAG(s) 'example_task_group_decorator' retrieved from /home/airflow/.local/lib/python3.8/site-packages/airflow/example_dags/example_task_group_decorator.py
[2026-04-28T12:14:02.041+0000] {logging_mixin.py:188} INFO - [2026-04-28T12:14:02.041+0000] {dag.py:3047} INFO - Sync 1 DAGs
[2026-04-28T12:14:02.065+0000] {logging_mixin.py:188} INFO - [2026-04-28T12:14:02.064+0000] {dag.py:3834} INFO - Setting next_dagrun for example_task_group_decorator to 2026-04-27 00:00:00+00:00, run_after=2026-04-28 00:00:00+00:00
[2026-04-28T12:14:02.080+0000] {processor.py:183} INFO - Processing /home/airflow/.local/lib/python3.8/site-packages/airflow/example_dags/example_task_group_decorator.py took 0.091 seconds
[2026-04-28T12:14:32.548+0000] {processor.py:161} INFO - Started process (PID=381) to work on /home/airflow/.local/lib/python3.8/site-packages/airflow/example_dags/example_task_group_decorator.py
[2026-04-28T12:14:32.549+0000] {processor.py:830} INFO - Processing file /home/airflow/.local/lib/python3.8/site-packages/airflow/example_dags/example_task_group_decorator.py for tasks to queue
[2026-04-28T12:14:32.551+0000] {logging_mixin.py:188} INFO - [2026-04-28T12:14:32.551+0000] {dagbag.py:540} INFO - Filling up the DagBag from /home/airflow/.local/lib/python3.8/site-packages/airflow/example_dags/example_task_group_decorator.py
[2026-04-28T12:14:32.568+0000] {processor.py:840} INFO - DAG(s) 'example_task_group_decorator' retrieved from /home/airflow/.local/lib/python3.8/site-packages/airflow/example_dags/example_task_group_decorator.py
[2026-04-28T12:14:32.596+0000] {logging_mixin.py:188} INFO - [2026-04-28T12:14:32.596+0000] {dag.py:3047} INFO - Sync 1 DAGs
[2026-04-28T12:14:32.624+0000] {logging_mixin.py:188} INFO - [2026-04-28T12:14:32.624+0000] {dag.py:3834} INFO - Setting next_dagrun for example_task_group_decorator to 2026-04-27 00:00:00+00:00, run_after=2026-04-28 00:00:00+00:00
[2026-04-28T12:14:32.639+0000] {processor.py:183} INFO - Processing /home/airflow/.local/lib/python3.8/site-packages/airflow/example_dags/example_task_group_decorator.py took 0.095 seconds
[2026-04-28T12:15:03.336+0000] {processor.py:161} INFO - Started process (PID=436) to work on /home/airflow/.local/lib/python3.8/site-packages/airflow/example_dags/example_task_group_decorator.py
[2026-04-28T12:15:03.337+0000] {processor.py:830} INFO - Processing file /home/airflow/.local/lib/python3.8/site-packages/airflow/example_dags/example_task_group_decorator.py for tasks to queue
[2026-04-28T12:15:03.339+0000] {logging_mixin.py:188} INFO - [2026-04-28T12:15:03.338+0000] {dagbag.py:540} INFO - Filling up the DagBag from /home/airflow/.local/lib/python3.8/site-packages/airflow/example_dags/example_task_group_decorator.py
[2026-04-28T12:15:03.358+0000] {processor.py:840} INFO - DAG(s) 'example_task_group_decorator' retrieved from /home/airflow/.local/lib/python3.8/site-packages/airflow/example_dags/example_task_group_decorator.py
[2026-04-28T12:15:03.386+0000] {logging_mixin.py:188} INFO - [2026-04-28T12:15:03.386+0000] {dag.py:3047} INFO - Sync 1 DAGs
[2026-04-28T12:15:03.409+0000] {logging_mixin.py:188} INFO - [2026-04-28T12:15:03.409+0000] {dag.py:3834} INFO - Setting next_dagrun for example_task_group_decorator to 2026-04-27 00:00:00+00:00, run_after=2026-04-28 00:00:00+00:00
[2026-04-28T12:15:03.425+0000] {processor.py:183} INFO - Processing /home/airflow/.local/lib/python3.8/site-packages/airflow/example_dags/example_task_group_decorator.py took 0.093 seconds
[2026-04-28T12:15:33.774+0000] {processor.py:161} INFO - Started process (PID=490) to work on /home/airflow/.local/lib/python3.8/site-packages/airflow/example_dags/example_task_group_decorator.py
[2026-04-28T12:15:33.775+0000] {processor.py:830} INFO - Processing file /home/airflow/.local/lib/python3.8/site-packages/airflow/example_dags/example_task_group_decorator.py for tasks to queue
[2026-04-28T12:15:33.777+0000] {logging_mixin.py:188} INFO - [2026-04-28T12:15:33.776+0000] {dagbag.py:540} INFO - Filling up the DagBag from /home/airflow/.local/lib/python3.8/site-packages/airflow/example_dags/example_task_group_decorator.py
[2026-04-28T12:15:33.794+0000] {processor.py:840} INFO - DAG(s) 'example_task_group_decorator' retrieved from /home/airflow/.local/lib/python3.8/site-packages/airflow/example_dags/example_task_group_decorator.py
[2026-04-28T12:15:33.822+0000] {logging_mixin.py:188} INFO - [2026-04-28T12:15:33.822+0000] {dag.py:3047} INFO - Sync 1 DAGs
[2026-04-28T12:15:33.847+0000] {logging_mixin.py:188} INFO - [2026-04-28T12:15:33.847+0000] {dag.py:3834} INFO - Setting next_dagrun for example_task_group_decorator to 2026-04-27 00:00:00+00:00, run_after=2026-04-28 00:00:00+00:00
[2026-04-28T12:15:33.865+0000] {processor.py:183} INFO - Processing /home/airflow/.local/lib/python3.8/site-packages/airflow/example_dags/example_task_group_decorator.py took 0.096 seconds
[2026-04-28T12:16:04.794+0000] {processor.py:161} INFO - Started process (PID=545) to work on /home/airflow/.local/lib/python3.8/site-packages/airflow/example_dags/example_task_group_decorator.py
[2026-04-28T12:16:04.795+0000] {processor.py:830} INFO - Processing file /home/airflow/.local/lib/python3.8/site-packages/airflow/example_dags/example_task_group_decorator.py for tasks to queue
[2026-04-28T12:16:04.798+0000] {logging_mixin.py:188} INFO - [2026-04-28T12:16:04.797+0000] {dagbag.py:540} INFO - Filling up the DagBag from /home/airflow/.local/lib/python3.8/site-packages/airflow/example_dags/example_task_group_decorator.py
[2026-04-28T12:16:04.818+0000] {processor.py:840} INFO - DAG(s) 'example_task_group_decorator' retrieved from /home/airflow/.local/lib/python3.8/site-packages/airflow/example_dags/example_task_group_decorator.py
[2026-04-28T12:16:04.845+0000] {logging_mixin.py:188} INFO - [2026-04-28T12:16:04.845+0000] {dag.py:3047} INFO - Sync 1 DAGs
[2026-04-28T12:16:04.869+0000] {logging_mixin.py:188} INFO - [2026-04-28T12:16:04.868+0000] {dag.py:3834} INFO - Setting next_dagrun for example_task_group_decorator to 2026-04-27 00:00:00+00:00, run_after=2026-04-28 00:00:00+00:00
[2026-04-28T12:16:04.885+0000] {processor.py:183} INFO - Processing /home/airflow/.local/lib/python3.8/site-packages/airflow/example_dags/example_task_group_decorator.py took 0.096 seconds
[2026-04-28T12:16:35.070+0000] {processor.py:161} INFO - Started process (PID=600) to work on /home/airflow/.local/lib/python3.8/site-packages/airflow/example_dags/example_task_group_decorator.py
[2026-04-28T12:16:35.071+0000] {processor.py:830} INFO - Processing file /home/airflow/.local/lib/python3.8/site-packages/airflow/example_dags/example_task_group_decorator.py for tasks to queue
[2026-04-28T12:16:35.073+0000] {logging_mixin.py:188} INFO - [2026-04-28T12:16:35.073+0000] {dagbag.py:540} INFO - Filling up the DagBag from /home/airflow/.local/lib/python3.8/site-packages/airflow/example_dags/example_task_group_decorator.py
[2026-04-28T12:16:35.093+0000] {processor.py:840} INFO - DAG(s) 'example_task_group_decorator' retrieved from /home/airflow/.local/lib/python3.8/site-packages/airflow/example_dags/example_task_group_decorator.py
[2026-04-28T12:16:35.121+0000] {logging_mixin.py:188} INFO - [2026-04-28T12:16:35.121+0000] {dag.py:3047} INFO - Sync 1 DAGs
[2026-04-28T12:16:35.154+0000] {logging_mixin.py:188} INFO - [2026-04-28T12:16:35.152+0000] {dag.py:3834} INFO - Setting next_dagrun for example_task_group_decorator to 2026-04-27 00:00:00+00:00, run_after=2026-04-28 00:00:00+00:00
[2026-04-28T12:16:35.172+0000] {processor.py:183} INFO - Processing /home/airflow/.local/lib/python3.8/site-packages/airflow/example_dags/example_task_group_decorator.py took 0.106 seconds
[2026-04-28T12:17:05.753+0000] {processor.py:161} INFO - Started process (PID=655) to work on /home/airflow/.local/lib/python3.8/site-packages/airflow/example_dags/example_task_group_decorator.py
[2026-04-28T12:17:05.758+0000] {processor.py:830} INFO - Processing file /home/airflow/.local/lib/python3.8/site-packages/airflow/example_dags/example_task_group_decorator.py for tasks to queue
[2026-04-28T12:17:05.767+0000] {logging_mixin.py:188} INFO - [2026-04-28T12:17:05.766+0000] {dagbag.py:540} INFO - Filling up the DagBag from /home/airflow/.local/lib/python3.8/site-packages/airflow/example_dags/example_task_group_decorator.py
[2026-04-28T12:17:05.832+0000] {processor.py:840} INFO - DAG(s) 'example_task_group_decorator' retrieved from /home/airflow/.local/lib/python3.8/site-packages/airflow/example_dags/example_task_group_decorator.py
[2026-04-28T12:17:05.883+0000] {logging_mixin.py:188} INFO - [2026-04-28T12:17:05.881+0000] {dag.py:3047} INFO - Sync 1 DAGs
[2026-04-28T12:17:05.916+0000] {logging_mixin.py:188} INFO - [2026-04-28T12:17:05.915+0000] {dag.py:3834} INFO - Setting next_dagrun for example_task_group_decorator to 2026-04-27 00:00:00+00:00, run_after=2026-04-28 00:00:00+00:00
[2026-04-28T12:17:05.950+0000] {processor.py:183} INFO - Processing /home/airflow/.local/lib/python3.8/site-packages/airflow/example_dags/example_task_group_decorator.py took 0.208 seconds
[2026-04-28T12:17:36.008+0000] {processor.py:161} INFO - Started process (PID=710) to work on /home/airflow/.local/lib/python3.8/site-packages/airflow/example_dags/example_task_group_decorator.py
[2026-04-28T12:17:36.009+0000] {processor.py:830} INFO - Processing file /home/airflow/.local/lib/python3.8/site-packages/airflow/example_dags/example_task_group_decorator.py for tasks to queue
[2026-04-28T12:17:36.011+0000] {logging_mixin.py:188} INFO - [2026-04-28T12:17:36.011+0000] {dagbag.py:540} INFO - Filling up the DagBag from /home/airflow/.local/lib/python3.8/site-packages/airflow/example_dags/example_task_group_decorator.py
[2026-04-28T12:17:36.030+0000] {processor.py:840} INFO - DAG(s) 'example_task_group_decorator' retrieved from /home/airflow/.local/lib/python3.8/site-packages/airflow/example_dags/example_task_group_decorator.py
[2026-04-28T12:17:36.061+0000] {logging_mixin.py:188} INFO - [2026-04-28T12:17:36.061+0000] {dag.py:3047} INFO - Sync 1 DAGs
[2026-04-28T12:17:36.084+0000] {logging_mixin.py:188} INFO - [2026-04-28T12:17:36.084+0000] {dag.py:3834} INFO - Setting next_dagrun for example_task_group_decorator to 2026-04-27 00:00:00+00:00, run_after=2026-04-28 00:00:00+00:00
[2026-04-28T12:17:36.101+0000] {processor.py:183} INFO - Processing /home/airflow/.local/lib/python3.8/site-packages/airflow/example_dags/example_task_group_decorator.py took 0.097 seconds
[2026-04-28T12:18:06.645+0000] {processor.py:161} INFO - Started process (PID=765) to work on /home/airflow/.local/lib/python3.8/site-packages/airflow/example_dags/example_task_group_decorator.py
[2026-04-28T12:18:06.649+0000] {processor.py:830} INFO - Processing file /home/airflow/.local/lib/python3.8/site-packages/airflow/example_dags/example_task_group_decorator.py for tasks to queue
[2026-04-28T12:18:06.653+0000] {logging_mixin.py:188} INFO - [2026-04-28T12:18:06.653+0000] {dagbag.py:540} INFO - Filling up the DagBag from /home/airflow/.local/lib/python3.8/site-packages/airflow/example_dags/example_task_group_decorator.py
[2026-04-28T12:18:06.686+0000] {processor.py:840} INFO - DAG(s) 'example_task_group_decorator' retrieved from /home/airflow/.local/lib/python3.8/site-packages/airflow/example_dags/example_task_group_decorator.py
[2026-04-28T12:18:06.745+0000] {logging_mixin.py:188} INFO - [2026-04-28T12:18:06.744+0000] {dag.py:3047} INFO - Sync 1 DAGs
[2026-04-28T12:18:06.796+0000] {logging_mixin.py:188} INFO - [2026-04-28T12:18:06.796+0000] {dag.py:3834} INFO - Setting next_dagrun for example_task_group_decorator to 2026-04-27 00:00:00+00:00, run_after=2026-04-28 00:00:00+00:00
[2026-04-28T12:18:06.834+0000] {processor.py:183} INFO - Processing /home/airflow/.local/lib/python3.8/site-packages/airflow/example_dags/example_task_group_decorator.py took 0.196 seconds
[2026-04-28T12:18:37.624+0000] {processor.py:161} INFO - Started process (PID=820) to work on /home/airflow/.local/lib/python3.8/site-packages/airflow/example_dags/example_task_group_decorator.py
[2026-04-28T12:18:37.625+0000] {processor.py:830} INFO - Processing file /home/airflow/.local/lib/python3.8/site-packages/airflow/example_dags/example_task_group_decorator.py for tasks to queue
[2026-04-28T12:18:37.627+0000] {logging_mixin.py:188} INFO - [2026-04-28T12:18:37.627+0000] {dagbag.py:540} INFO - Filling up the DagBag from /home/airflow/.local/lib/python3.8/site-packages/airflow/example_dags/example_task_group_decorator.py
[2026-04-28T12:18:37.644+0000] {processor.py:840} INFO - DAG(s) 'example_task_group_decorator' retrieved from /home/airflow/.local/lib/python3.8/site-packages/airflow/example_dags/example_task_group_decorator.py
[2026-04-28T12:18:37.757+0000] {logging_mixin.py:188} INFO - [2026-04-28T12:18:37.756+0000] {dag.py:3047} INFO - Sync 1 DAGs
[2026-04-28T12:18:37.824+0000] {logging_mixin.py:188} INFO - [2026-04-28T12:18:37.823+0000] {dag.py:3834} INFO - Setting next_dagrun for example_task_group_decorator to 2026-04-27 00:00:00+00:00, run_after=2026-04-28 00:00:00+00:00
[2026-04-28T12:18:37.867+0000] {processor.py:183} INFO - Processing /home/airflow/.local/lib/python3.8/site-packages/airflow/example_dags/example_task_group_decorator.py took 0.250 seconds
[2026-04-28T12:19:07.986+0000] {processor.py:161} INFO - Started process (PID=875) to work on /home/airflow/.local/lib/python3.8/site-packages/airflow/example_dags/example_task_group_decorator.py
[2026-04-28T12:19:07.986+0000] {processor.py:830} INFO - Processing file /home/airflow/.local/lib/python3.8/site-packages/airflow/example_dags/example_task_group_decorator.py for tasks to queue
[2026-04-28T12:19:07.989+0000] {logging_mixin.py:188} INFO - [2026-04-28T12:19:07.988+0000] {dagbag.py:540} INFO - Filling up the DagBag from /home/airflow/.local/lib/python3.8/site-packages/airflow/example_dags/example_task_group_decorator.py
[2026-04-28T12:19:08.006+0000] {processor.py:840} INFO - DAG(s) 'example_task_group_decorator' retrieved from /home/airflow/.local/lib/python3.8/site-packages/airflow/example_dags/example_task_group_decorator.py
[2026-04-28T12:19:08.034+0000] {logging_mixin.py:188} INFO - [2026-04-28T12:19:08.034+0000] {dag.py:3047} INFO - Sync 1 DAGs
[2026-04-28T12:19:08.060+0000] {logging_mixin.py:188} INFO - [2026-04-28T12:19:08.059+0000] {dag.py:3834} INFO - Setting next_dagrun for example_task_group_decorator to 2026-04-27 00:00:00+00:00, run_after=2026-04-28 00:00:00+00:00
[2026-04-28T12:19:08.078+0000] {processor.py:183} INFO - Processing /home/airflow/.local/lib/python3.8/site-packages/airflow/example_dags/example_task_group_decorator.py took 0.096 seconds
[2026-04-28T12:19:39.223+0000] {processor.py:161} INFO - Started process (PID=930) to work on /home/airflow/.local/lib/python3.8/site-packages/airflow/example_dags/example_task_group_decorator.py
[2026-04-28T12:19:39.225+0000] {processor.py:830} INFO - Processing file /home/airflow/.local/lib/python3.8/site-packages/airflow/example_dags/example_task_group_decorator.py for tasks to queue
[2026-04-28T12:19:39.232+0000] {logging_mixin.py:188} INFO - [2026-04-28T12:19:39.232+0000] {dagbag.py:540} INFO - Filling up the DagBag from /home/airflow/.local/lib/python3.8/site-packages/airflow/example_dags/example_task_group_decorator.py
[2026-04-28T12:19:39.257+0000] {processor.py:840} INFO - DAG(s) 'example_task_group_decorator' retrieved from /home/airflow/.local/lib/python3.8/site-packages/airflow/example_dags/example_task_group_decorator.py
[2026-04-28T12:19:39.287+0000] {logging_mixin.py:188} INFO - [2026-04-28T12:19:39.287+0000] {dag.py:3047} INFO - Sync 1 DAGs
[2026-04-28T12:19:39.314+0000] {logging_mixin.py:188} INFO - [2026-04-28T12:19:39.313+0000] {dag.py:3834} INFO - Setting next_dagrun for example_task_group_decorator to 2026-04-27 00:00:00+00:00, run_after=2026-04-28 00:00:00+00:00
[2026-04-28T12:19:39.392+0000] {processor.py:183} INFO - Processing /home/airflow/.local/lib/python3.8/site-packages/airflow/example_dags/example_task_group_decorator.py took 0.185 seconds
[2026-04-28T12:20:09.530+0000] {processor.py:161} INFO - Started process (PID=984) to work on /home/airflow/.local/lib/python3.8/site-packages/airflow/example_dags/example_task_group_decorator.py
[2026-04-28T12:20:09.531+0000] {processor.py:830} INFO - Processing file /home/airflow/.local/lib/python3.8/site-packages/airflow/example_dags/example_task_group_decorator.py for tasks to queue
[2026-04-28T12:20:09.533+0000] {logging_mixin.py:188} INFO - [2026-04-28T12:20:09.533+0000] {dagbag.py:540} INFO - Filling up the DagBag from /home/airflow/.local/lib/python3.8/site-packages/airflow/example_dags/example_task_group_decorator.py
[2026-04-28T12:20:09.551+0000] {processor.py:840} INFO - DAG(s) 'example_task_group_decorator' retrieved from /home/airflow/.local/lib/python3.8/site-packages/airflow/example_dags/example_task_group_decorator.py
[2026-04-28T12:20:09.578+0000] {logging_mixin.py:188} INFO - [2026-04-28T12:20:09.578+0000] {dag.py:3047} INFO - Sync 1 DAGs
[2026-04-28T12:20:09.615+0000] {logging_mixin.py:188} INFO - [2026-04-28T12:20:09.614+0000] {dag.py:3834} INFO - Setting next_dagrun for example_task_group_decorator to 2026-04-27 00:00:00+00:00, run_after=2026-04-28 00:00:00+00:00
[2026-04-28T12:20:09.646+0000] {processor.py:183} INFO - Processing /home/airflow/.local/lib/python3.8/site-packages/airflow/example_dags/example_task_group_decorator.py took 0.119 seconds
[2026-04-28T12:20:39.676+0000] {processor.py:161} INFO - Started process (PID=1038) to work on /home/airflow/.local/lib/python3.8/site-packages/airflow/example_dags/example_task_group_decorator.py
[2026-04-28T12:20:39.676+0000] {processor.py:830} INFO - Processing file /home/airflow/.local/lib/python3.8/site-packages/airflow/example_dags/example_task_group_decorator.py for tasks to queue
[2026-04-28T12:20:39.678+0000] {logging_mixin.py:188} INFO - [2026-04-28T12:20:39.678+0000] {dagbag.py:540} INFO - Filling up the DagBag from /home/airflow/.local/lib/python3.8/site-packages/airflow/example_dags/example_task_group_decorator.py
[2026-04-28T12:20:39.689+0000] {processor.py:840} INFO - DAG(s) 'example_task_group_decorator' retrieved from /home/airflow/.local/lib/python3.8/site-packages/airflow/example_dags/example_task_group_decorator.py
[2026-04-28T12:20:39.708+0000] {logging_mixin.py:188} INFO - [2026-04-28T12:20:39.708+0000] {dag.py:3047} INFO - Sync 1 DAGs
[2026-04-28T12:20:39.725+0000] {logging_mixin.py:188} INFO - [2026-04-28T12:20:39.725+0000] {dag.py:3834} INFO - Setting next_dagrun for example_task_group_decorator to 2026-04-27 00:00:00+00:00, run_after=2026-04-28 00:00:00+00:00
[2026-04-28T12:20:39.738+0000] {processor.py:183} INFO - Processing /home/airflow/.local/lib/python3.8/site-packages/airflow/example_dags/example_task_group_decorator.py took 0.065 seconds
[2026-04-28T12:21:10.340+0000] {processor.py:161} INFO - Started process (PID=1093) to work on /home/airflow/.local/lib/python3.8/site-packages/airflow/example_dags/example_task_group_decorator.py
[2026-04-28T12:21:10.341+0000] {processor.py:830} INFO - Processing file /home/airflow/.local/lib/python3.8/site-packages/airflow/example_dags/example_task_group_decorator.py for tasks to queue
[2026-04-28T12:21:10.343+0000] {logging_mixin.py:188} INFO - [2026-04-28T12:21:10.342+0000] {dagbag.py:540} INFO - Filling up the DagBag from /home/airflow/.local/lib/python3.8/site-packages/airflow/example_dags/example_task_group_decorator.py
[2026-04-28T12:21:10.354+0000] {processor.py:840} INFO - DAG(s) 'example_task_group_decorator' retrieved from /home/airflow/.local/lib/python3.8/site-packages/airflow/example_dags/example_task_group_decorator.py
[2026-04-28T12:21:10.374+0000] {logging_mixin.py:188} INFO - [2026-04-28T12:21:10.373+0000] {dag.py:3047} INFO - Sync 1 DAGs
[2026-04-28T12:21:10.391+0000] {logging_mixin.py:188} INFO - [2026-04-28T12:21:10.390+0000] {dag.py:3834} INFO - Setting next_dagrun for example_task_group_decorator to 2026-04-27 00:00:00+00:00, run_after=2026-04-28 00:00:00+00:00
[2026-04-28T12:21:10.404+0000] {processor.py:183} INFO - Processing /home/airflow/.local/lib/python3.8/site-packages/airflow/example_dags/example_task_group_decorator.py took 0.067 seconds
[2026-04-28T12:21:40.494+0000] {processor.py:161} INFO - Started process (PID=1148) to work on /home/airflow/.local/lib/python3.8/site-packages/airflow/example_dags/example_task_group_decorator.py
[2026-04-28T12:21:40.495+0000] {processor.py:830} INFO - Processing file /home/airflow/.local/lib/python3.8/site-packages/airflow/example_dags/example_task_group_decorator.py for tasks to queue
[2026-04-28T12:21:40.497+0000] {logging_mixin.py:188} INFO - [2026-04-28T12:21:40.496+0000] {dagbag.py:540} INFO - Filling up the DagBag from /home/airflow/.local/lib/python3.8/site-packages/airflow/example_dags/example_task_group_decorator.py
[2026-04-28T12:21:40.508+0000] {processor.py:840} INFO - DAG(s) 'example_task_group_decorator' retrieved from /home/airflow/.local/lib/python3.8/site-packages/airflow/example_dags/example_task_group_decorator.py
[2026-04-28T12:21:40.527+0000] {logging_mixin.py:188} INFO - [2026-04-28T12:21:40.526+0000] {dag.py:3047} INFO - Sync 1 DAGs
[2026-04-28T12:21:40.543+0000] {logging_mixin.py:188} INFO - [2026-04-28T12:21:40.542+0000] {dag.py:3834} INFO - Setting next_dagrun for example_task_group_decorator to 2026-04-27 00:00:00+00:00, run_after=2026-04-28 00:00:00+00:00
[2026-04-28T12:21:40.555+0000] {processor.py:183} INFO - Processing /home/airflow/.local/lib/python3.8/site-packages/airflow/example_dags/example_task_group_decorator.py took 0.064 seconds
[2026-04-28T12:22:11.236+0000] {processor.py:161} INFO - Started process (PID=1203) to work on /home/airflow/.local/lib/python3.8/site-packages/airflow/example_dags/example_task_group_decorator.py
[2026-04-28T12:22:11.236+0000] {processor.py:830} INFO - Processing file /home/airflow/.local/lib/python3.8/site-packages/airflow/example_dags/example_task_group_decorator.py for tasks to queue
[2026-04-28T12:22:11.238+0000] {logging_mixin.py:188} INFO - [2026-04-28T12:22:11.238+0000] {dagbag.py:540} INFO - Filling up the DagBag from /home/airflow/.local/lib/python3.8/site-packages/airflow/example_dags/example_task_group_decorator.py
[2026-04-28T12:22:11.249+0000] {processor.py:840} INFO - DAG(s) 'example_task_group_decorator' retrieved from /home/airflow/.local/lib/python3.8/site-packages/airflow/example_dags/example_task_group_decorator.py
[2026-04-28T12:22:11.267+0000] {logging_mixin.py:188} INFO - [2026-04-28T12:22:11.267+0000] {dag.py:3047} INFO - Sync 1 DAGs
[2026-04-28T12:22:11.283+0000] {logging_mixin.py:188} INFO - [2026-04-28T12:22:11.282+0000] {dag.py:3834} INFO - Setting next_dagrun for example_task_group_decorator to 2026-04-27 00:00:00+00:00, run_after=2026-04-28 00:00:00+00:00
[2026-04-28T12:22:11.296+0000] {processor.py:183} INFO - Processing /home/airflow/.local/lib/python3.8/site-packages/airflow/example_dags/example_task_group_decorator.py took 0.064 seconds
[2026-04-28T12:22:41.471+0000] {processor.py:161} INFO - Started process (PID=1258) to work on /home/airflow/.local/lib/python3.8/site-packages/airflow/example_dags/example_task_group_decorator.py
[2026-04-28T12:22:41.471+0000] {processor.py:830} INFO - Processing file /home/airflow/.local/lib/python3.8/site-packages/airflow/example_dags/example_task_group_decorator.py for tasks to queue
[2026-04-28T12:22:41.473+0000] {logging_mixin.py:188} INFO - [2026-04-28T12:22:41.473+0000] {dagbag.py:540} INFO - Filling up the DagBag from /home/airflow/.local/lib/python3.8/site-packages/airflow/example_dags/example_task_group_decorator.py
[2026-04-28T12:22:41.484+0000] {processor.py:840} INFO - DAG(s) 'example_task_group_decorator' retrieved from /home/airflow/.local/lib/python3.8/site-packages/airflow/example_dags/example_task_group_decorator.py
[2026-04-28T12:22:41.503+0000] {logging_mixin.py:188} INFO - [2026-04-28T12:22:41.503+0000] {dag.py:3047} INFO - Sync 1 DAGs
[2026-04-28T12:22:41.518+0000] {logging_mixin.py:188} INFO - [2026-04-28T12:22:41.518+0000] {dag.py:3834} INFO - Setting next_dagrun for example_task_group_decorator to 2026-04-27 00:00:00+00:00, run_after=2026-04-28 00:00:00+00:00
[2026-04-28T12:22:41.532+0000] {processor.py:183} INFO - Processing /home/airflow/.local/lib/python3.8/site-packages/airflow/example_dags/example_task_group_decorator.py took 0.064 seconds
[2026-04-28T12:23:11.937+0000] {processor.py:161} INFO - Started process (PID=1313) to work on /home/airflow/.local/lib/python3.8/site-packages/airflow/example_dags/example_task_group_decorator.py
[2026-04-28T12:23:11.938+0000] {processor.py:830} INFO - Processing file /home/airflow/.local/lib/python3.8/site-packages/airflow/example_dags/example_task_group_decorator.py for tasks to queue
[2026-04-28T12:23:11.939+0000] {logging_mixin.py:188} INFO - [2026-04-28T12:23:11.939+0000] {dagbag.py:540} INFO - Filling up the DagBag from /home/airflow/.local/lib/python3.8/site-packages/airflow/example_dags/example_task_group_decorator.py
[2026-04-28T12:23:11.951+0000] {processor.py:840} INFO - DAG(s) 'example_task_group_decorator' retrieved from /home/airflow/.local/lib/python3.8/site-packages/airflow/example_dags/example_task_group_decorator.py
[2026-04-28T12:23:11.968+0000] {logging_mixin.py:188} INFO - [2026-04-28T12:23:11.968+0000] {dag.py:3047} INFO - Sync 1 DAGs
[2026-04-28T12:23:11.984+0000] {logging_mixin.py:188} INFO - [2026-04-28T12:23:11.984+0000] {dag.py:3834} INFO - Setting next_dagrun for example_task_group_decorator to 2026-04-27 00:00:00+00:00, run_after=2026-04-28 00:00:00+00:00
[2026-04-28T12:23:11.997+0000] {processor.py:183} INFO - Processing /home/airflow/.local/lib/python3.8/site-packages/airflow/example_dags/example_task_group_decorator.py took 0.063 seconds
[2026-04-28T12:23:42.210+0000] {processor.py:161} INFO - Started process (PID=1368) to work on /home/airflow/.local/lib/python3.8/site-packages/airflow/example_dags/example_task_group_decorator.py
[2026-04-28T12:23:42.211+0000] {processor.py:830} INFO - Processing file /home/airflow/.local/lib/python3.8/site-packages/airflow/example_dags/example_task_group_decorator.py for tasks to queue
[2026-04-28T12:23:42.212+0000] {logging_mixin.py:188} INFO - [2026-04-28T12:23:42.212+0000] {dagbag.py:540} INFO - Filling up the DagBag from /home/airflow/.local/lib/python3.8/site-packages/airflow/example_dags/example_task_group_decorator.py
[2026-04-28T12:23:42.223+0000] {processor.py:840} INFO - DAG(s) 'example_task_group_decorator' retrieved from /home/airflow/.local/lib/python3.8/site-packages/airflow/example_dags/example_task_group_decorator.py
[2026-04-28T12:23:42.242+0000] {logging_mixin.py:188} INFO - [2026-04-28T12:23:42.242+0000] {dag.py:3047} INFO - Sync 1 DAGs
[2026-04-28T12:23:42.259+0000] {logging_mixin.py:188} INFO - [2026-04-28T12:23:42.258+0000] {dag.py:3834} INFO - Setting next_dagrun for example_task_group_decorator to 2026-04-27 00:00:00+00:00, run_after=2026-04-28 00:00:00+00:00
[2026-04-28T12:23:42.272+0000] {processor.py:183} INFO - Processing /home/airflow/.local/lib/python3.8/site-packages/airflow/example_dags/example_task_group_decorator.py took 0.065 seconds
[2026-04-28T12:24:12.933+0000] {processor.py:161} INFO - Started process (PID=1423) to work on /home/airflow/.local/lib/python3.8/site-packages/airflow/example_dags/example_task_group_decorator.py
[2026-04-28T12:24:12.933+0000] {processor.py:830} INFO - Processing file /home/airflow/.local/lib/python3.8/site-packages/airflow/example_dags/example_task_group_decorator.py for tasks to queue
[2026-04-28T12:24:12.935+0000] {logging_mixin.py:188} INFO - [2026-04-28T12:24:12.935+0000] {dagbag.py:540} INFO - Filling up the DagBag from /home/airflow/.local/lib/python3.8/site-packages/airflow/example_dags/example_task_group_decorator.py
[2026-04-28T12:24:12.946+0000] {processor.py:840} INFO - DAG(s) 'example_task_group_decorator' retrieved from /home/airflow/.local/lib/python3.8/site-packages/airflow/example_dags/example_task_group_decorator.py
[2026-04-28T12:24:12.965+0000] {logging_mixin.py:188} INFO - [2026-04-28T12:24:12.965+0000] {dag.py:3047} INFO - Sync 1 DAGs
[2026-04-28T12:24:12.987+0000] {logging_mixin.py:188} INFO - [2026-04-28T12:24:12.987+0000] {dag.py:3834} INFO - Setting next_dagrun for example_task_group_decorator to 2026-04-27 00:00:00+00:00, run_after=2026-04-28 00:00:00+00:00
[2026-04-28T12:24:13.006+0000] {processor.py:183} INFO - Processing /home/airflow/.local/lib/python3.8/site-packages/airflow/example_dags/example_task_group_decorator.py took 0.076 seconds
[2026-04-28T12:24:43.147+0000] {processor.py:161} INFO - Started process (PID=1478) to work on /home/airflow/.local/lib/python3.8/site-packages/airflow/example_dags/example_task_group_decorator.py
[2026-04-28T12:24:43.148+0000] {processor.py:830} INFO - Processing file /home/airflow/.local/lib/python3.8/site-packages/airflow/example_dags/example_task_group_decorator.py for tasks to queue
[2026-04-28T12:24:43.160+0000] {logging_mixin.py:188} INFO - [2026-04-28T12:24:43.151+0000] {dagbag.py:540} INFO - Filling up the DagBag from /home/airflow/.local/lib/python3.8/site-packages/airflow/example_dags/example_task_group_decorator.py
[2026-04-28T12:24:43.185+0000] {processor.py:840} INFO - DAG(s) 'example_task_group_decorator' retrieved from /home/airflow/.local/lib/python3.8/site-packages/airflow/example_dags/example_task_group_decorator.py
[2026-04-28T12:24:43.212+0000] {logging_mixin.py:188} INFO - [2026-04-28T12:24:43.212+0000] {dag.py:3047} INFO - Sync 1 DAGs
[2026-04-28T12:24:43.228+0000] {logging_mixin.py:188} INFO - [2026-04-28T12:24:43.228+0000] {dag.py:3834} INFO - Setting next_dagrun for example_task_group_decorator to 2026-04-27 00:00:00+00:00, run_after=2026-04-28 00:00:00+00:00
[2026-04-28T12:24:43.242+0000] {processor.py:183} INFO - Processing /home/airflow/.local/lib/python3.8/site-packages/airflow/example_dags/example_task_group_decorator.py took 0.099 seconds
[2026-04-28T12:25:13.445+0000] {processor.py:161} INFO - Started process (PID=1533) to work on /home/airflow/.local/lib/python3.8/site-packages/airflow/example_dags/example_task_group_decorator.py
[2026-04-28T12:25:13.449+0000] {processor.py:830} INFO - Processing file /home/airflow/.local/lib/python3.8/site-packages/airflow/example_dags/example_task_group_decorator.py for tasks to queue
[2026-04-28T12:25:13.451+0000] {logging_mixin.py:188} INFO - [2026-04-28T12:25:13.450+0000] {dagbag.py:540} INFO - Filling up the DagBag from /home/airflow/.local/lib/python3.8/site-packages/airflow/example_dags/example_task_group_decorator.py
[2026-04-28T12:25:13.473+0000] {processor.py:840} INFO - DAG(s) 'example_task_group_decorator' retrieved from /home/airflow/.local/lib/python3.8/site-packages/airflow/example_dags/example_task_group_decorator.py
[2026-04-28T12:25:13.492+0000] {logging_mixin.py:188} INFO - [2026-04-28T12:25:13.491+0000] {dag.py:3047} INFO - Sync 1 DAGs
[2026-04-28T12:25:13.508+0000] {logging_mixin.py:188} INFO - [2026-04-28T12:25:13.507+0000] {dag.py:3834} INFO - Setting next_dagrun for example_task_group_decorator to 2026-04-27 00:00:00+00:00, run_after=2026-04-28 00:00:00+00:00
[2026-04-28T12:25:13.520+0000] {processor.py:183} INFO - Processing /home/airflow/.local/lib/python3.8/site-packages/airflow/example_dags/example_task_group_decorator.py took 0.084 seconds
[2026-04-28T12:25:43.709+0000] {processor.py:161} INFO - Started process (PID=1588) to work on /home/airflow/.local/lib/python3.8/site-packages/airflow/example_dags/example_task_group_decorator.py
[2026-04-28T12:25:43.709+0000] {processor.py:830} INFO - Processing file /home/airflow/.local/lib/python3.8/site-packages/airflow/example_dags/example_task_group_decorator.py for tasks to queue
[2026-04-28T12:25:43.711+0000] {logging_mixin.py:188} INFO - [2026-04-28T12:25:43.711+0000] {dagbag.py:540} INFO - Filling up the DagBag from /home/airflow/.local/lib/python3.8/site-packages/airflow/example_dags/example_task_group_decorator.py
[2026-04-28T12:25:43.722+0000] {processor.py:840} INFO - DAG(s) 'example_task_group_decorator' retrieved from /home/airflow/.local/lib/python3.8/site-packages/airflow/example_dags/example_task_group_decorator.py
[2026-04-28T12:25:43.745+0000] {logging_mixin.py:188} INFO - [2026-04-28T12:25:43.745+0000] {dag.py:3047} INFO - Sync 1 DAGs
[2026-04-28T12:25:43.761+0000] {logging_mixin.py:188} INFO - [2026-04-28T12:25:43.761+0000] {dag.py:3834} INFO - Setting next_dagrun for example_task_group_decorator to 2026-04-27 00:00:00+00:00, run_after=2026-04-28 00:00:00+00:00
[2026-04-28T12:25:43.775+0000] {processor.py:183} INFO - Processing /home/airflow/.local/lib/python3.8/site-packages/airflow/example_dags/example_task_group_decorator.py took 0.069 seconds
[2026-04-28T12:26:14.518+0000] {processor.py:161} INFO - Started process (PID=1643) to work on /home/airflow/.local/lib/python3.8/site-packages/airflow/example_dags/example_task_group_decorator.py
[2026-04-28T12:26:14.519+0000] {processor.py:830} INFO - Processing file /home/airflow/.local/lib/python3.8/site-packages/airflow/example_dags/example_task_group_decorator.py for tasks to queue
[2026-04-28T12:26:14.521+0000] {logging_mixin.py:188} INFO - [2026-04-28T12:26:14.521+0000] {dagbag.py:540} INFO - Filling up the DagBag from /home/airflow/.local/lib/python3.8/site-packages/airflow/example_dags/example_task_group_decorator.py
[2026-04-28T12:26:14.532+0000] {processor.py:840} INFO - DAG(s) 'example_task_group_decorator' retrieved from /home/airflow/.local/lib/python3.8/site-packages/airflow/example_dags/example_task_group_decorator.py
[2026-04-28T12:26:14.551+0000] {logging_mixin.py:188} INFO - [2026-04-28T12:26:14.550+0000] {dag.py:3047} INFO - Sync 1 DAGs
[2026-04-28T12:26:14.567+0000] {logging_mixin.py:188} INFO - [2026-04-28T12:26:14.566+0000] {dag.py:3834} INFO - Setting next_dagrun for example_task_group_decorator to 2026-04-27 00:00:00+00:00, run_after=2026-04-28 00:00:00+00:00
[2026-04-28T12:26:14.580+0000] {processor.py:183} INFO - Processing /home/airflow/.local/lib/python3.8/site-packages/airflow/example_dags/example_task_group_decorator.py took 0.065 seconds
[2026-04-28T12:26:45.410+0000] {processor.py:161} INFO - Started process (PID=1699) to work on /home/airflow/.local/lib/python3.8/site-packages/airflow/example_dags/example_task_group_decorator.py
[2026-04-28T12:26:45.411+0000] {processor.py:830} INFO - Processing file /home/airflow/.local/lib/python3.8/site-packages/airflow/example_dags/example_task_group_decorator.py for tasks to queue
[2026-04-28T12:26:45.413+0000] {logging_mixin.py:188} INFO - [2026-04-28T12:26:45.413+0000] {dagbag.py:540} INFO - Filling up the DagBag from /home/airflow/.local/lib/python3.8/site-packages/airflow/example_dags/example_task_group_decorator.py
[2026-04-28T12:26:45.424+0000] {processor.py:840} INFO - DAG(s) 'example_task_group_decorator' retrieved from /home/airflow/.local/lib/python3.8/site-packages/airflow/example_dags/example_task_group_decorator.py
[2026-04-28T12:26:45.447+0000] {logging_mixin.py:188} INFO - [2026-04-28T12:26:45.446+0000] {dag.py:3047} INFO - Sync 1 DAGs
[2026-04-28T12:26:45.463+0000] {logging_mixin.py:188} INFO - [2026-04-28T12:26:45.463+0000] {dag.py:3834} INFO - Setting next_dagrun for example_task_group_decorator to 2026-04-27 00:00:00+00:00, run_after=2026-04-28 00:00:00+00:00
[2026-04-28T12:26:45.480+0000] {processor.py:183} INFO - Processing /home/airflow/.local/lib/python3.8/site-packages/airflow/example_dags/example_task_group_decorator.py took 0.074 seconds
[2026-04-28T12:27:15.675+0000] {processor.py:161} INFO - Started process (PID=1755) to work on /home/airflow/.local/lib/python3.8/site-packages/airflow/example_dags/example_task_group_decorator.py
[2026-04-28T12:27:15.676+0000] {processor.py:830} INFO - Processing file /home/airflow/.local/lib/python3.8/site-packages/airflow/example_dags/example_task_group_decorator.py for tasks to queue
[2026-04-28T12:27:15.678+0000] {logging_mixin.py:188} INFO - [2026-04-28T12:27:15.678+0000] {dagbag.py:540} INFO - Filling up the DagBag from /home/airflow/.local/lib/python3.8/site-packages/airflow/example_dags/example_task_group_decorator.py
[2026-04-28T12:27:15.696+0000] {processor.py:840} INFO - DAG(s) 'example_task_group_decorator' retrieved from /home/airflow/.local/lib/python3.8/site-packages/airflow/example_dags/example_task_group_decorator.py
[2026-04-28T12:27:15.724+0000] {logging_mixin.py:188} INFO - [2026-04-28T12:27:15.724+0000] {dag.py:3047} INFO - Sync 1 DAGs
[2026-04-28T12:27:15.749+0000] {logging_mixin.py:188} INFO - [2026-04-28T12:27:15.749+0000] {dag.py:3834} INFO - Setting next_dagrun for example_task_group_decorator to 2026-04-27 00:00:00+00:00, run_after=2026-04-28 00:00:00+00:00
[2026-04-28T12:27:15.768+0000] {processor.py:183} INFO - Processing /home/airflow/.local/lib/python3.8/site-packages/airflow/example_dags/example_task_group_decorator.py took 0.096 seconds
[2026-04-28T12:27:45.988+0000] {processor.py:161} INFO - Started process (PID=1810) to work on /home/airflow/.local/lib/python3.8/site-packages/airflow/example_dags/example_task_group_decorator.py
[2026-04-28T12:27:45.989+0000] {processor.py:830} INFO - Processing file /home/airflow/.local/lib/python3.8/site-packages/airflow/example_dags/example_task_group_decorator.py for tasks to queue
[2026-04-28T12:27:45.991+0000] {logging_mixin.py:188} INFO - [2026-04-28T12:27:45.990+0000] {dagbag.py:540} INFO - Filling up the DagBag from /home/airflow/.local/lib/python3.8/site-packages/airflow/example_dags/example_task_group_decorator.py
[2026-04-28T12:27:46.002+0000] {processor.py:840} INFO - DAG(s) 'example_task_group_decorator' retrieved from /home/airflow/.local/lib/python3.8/site-packages/airflow/example_dags/example_task_group_decorator.py
[2026-04-28T12:27:46.026+0000] {logging_mixin.py:188} INFO - [2026-04-28T12:27:46.026+0000] {dag.py:3047} INFO - Sync 1 DAGs
[2026-04-28T12:27:46.042+0000] {logging_mixin.py:188} INFO - [2026-04-28T12:27:46.041+0000] {dag.py:3834} INFO - Setting next_dagrun for example_task_group_decorator to 2026-04-27 00:00:00+00:00, run_after=2026-04-28 00:00:00+00:00
[2026-04-28T12:27:46.055+0000] {processor.py:183} INFO - Processing /home/airflow/.local/lib/python3.8/site-packages/airflow/example_dags/example_task_group_decorator.py took 0.070 seconds
[2026-04-28T12:28:16.744+0000] {processor.py:161} INFO - Started process (PID=1866) to work on /home/airflow/.local/lib/python3.8/site-packages/airflow/example_dags/example_task_group_decorator.py
[2026-04-28T12:28:16.746+0000] {processor.py:830} INFO - Processing file /home/airflow/.local/lib/python3.8/site-packages/airflow/example_dags/example_task_group_decorator.py for tasks to queue
[2026-04-28T12:28:16.748+0000] {logging_mixin.py:188} INFO - [2026-04-28T12:28:16.747+0000] {dagbag.py:540} INFO - Filling up the DagBag from /home/airflow/.local/lib/python3.8/site-packages/airflow/example_dags/example_task_group_decorator.py
[2026-04-28T12:28:16.765+0000] {processor.py:840} INFO - DAG(s) 'example_task_group_decorator' retrieved from /home/airflow/.local/lib/python3.8/site-packages/airflow/example_dags/example_task_group_decorator.py
[2026-04-28T12:28:16.793+0000] {logging_mixin.py:188} INFO - [2026-04-28T12:28:16.793+0000] {dag.py:3047} INFO - Sync 1 DAGs
[2026-04-28T12:28:16.816+0000] {logging_mixin.py:188} INFO - [2026-04-28T12:28:16.815+0000] {dag.py:3834} INFO - Setting next_dagrun for example_task_group_decorator to 2026-04-27 00:00:00+00:00, run_after=2026-04-28 00:00:00+00:00
[2026-04-28T12:28:16.830+0000] {processor.py:183} INFO - Processing /home/airflow/.local/lib/python3.8/site-packages/airflow/example_dags/example_task_group_decorator.py took 0.090 seconds
[2026-04-28T12:28:47.523+0000] {processor.py:161} INFO - Started process (PID=1922) to work on /home/airflow/.local/lib/python3.8/site-packages/airflow/example_dags/example_task_group_decorator.py
[2026-04-28T12:28:47.524+0000] {processor.py:830} INFO - Processing file /home/airflow/.local/lib/python3.8/site-packages/airflow/example_dags/example_task_group_decorator.py for tasks to queue
[2026-04-28T12:28:47.525+0000] {logging_mixin.py:188} INFO - [2026-04-28T12:28:47.525+0000] {dagbag.py:540} INFO - Filling up the DagBag from /home/airflow/.local/lib/python3.8/site-packages/airflow/example_dags/example_task_group_decorator.py
[2026-04-28T12:28:47.536+0000] {processor.py:840} INFO - DAG(s) 'example_task_group_decorator' retrieved from /home/airflow/.local/lib/python3.8/site-packages/airflow/example_dags/example_task_group_decorator.py
[2026-04-28T12:28:47.556+0000] {logging_mixin.py:188} INFO - [2026-04-28T12:28:47.556+0000] {dag.py:3047} INFO - Sync 1 DAGs
[2026-04-28T12:28:47.573+0000] {logging_mixin.py:188} INFO - [2026-04-28T12:28:47.573+0000] {dag.py:3834} INFO - Setting next_dagrun for example_task_group_decorator to 2026-04-27 00:00:00+00:00, run_after=2026-04-28 00:00:00+00:00
[2026-04-28T12:28:47.596+0000] {processor.py:183} INFO - Processing /home/airflow/.local/lib/python3.8/site-packages/airflow/example_dags/example_task_group_decorator.py took 0.076 seconds
[2026-04-28T12:29:18.197+0000] {processor.py:161} INFO - Started process (PID=1978) to work on /home/airflow/.local/lib/python3.8/site-packages/airflow/example_dags/example_task_group_decorator.py
[2026-04-28T12:29:18.202+0000] {processor.py:830} INFO - Processing file /home/airflow/.local/lib/python3.8/site-packages/airflow/example_dags/example_task_group_decorator.py for tasks to queue
[2026-04-28T12:29:18.208+0000] {logging_mixin.py:188} INFO - [2026-04-28T12:29:18.207+0000] {dagbag.py:540} INFO - Filling up the DagBag from /home/airflow/.local/lib/python3.8/site-packages/airflow/example_dags/example_task_group_decorator.py
[2026-04-28T12:29:18.265+0000] {processor.py:840} INFO - DAG(s) 'example_task_group_decorator' retrieved from /home/airflow/.local/lib/python3.8/site-packages/airflow/example_dags/example_task_group_decorator.py
[2026-04-28T12:29:18.314+0000] {logging_mixin.py:188} INFO - [2026-04-28T12:29:18.313+0000] {dag.py:3047} INFO - Sync 1 DAGs
[2026-04-28T12:29:18.344+0000] {logging_mixin.py:188} INFO - [2026-04-28T12:29:18.344+0000] {dag.py:3834} INFO - Setting next_dagrun for example_task_group_decorator to 2026-04-27 00:00:00+00:00, run_after=2026-04-28 00:00:00+00:00
[2026-04-28T12:29:18.369+0000] {processor.py:183} INFO - Processing /home/airflow/.local/lib/python3.8/site-packages/airflow/example_dags/example_task_group_decorator.py took 0.186 seconds
[2026-04-28T12:29:48.501+0000] {processor.py:161} INFO - Started process (PID=2034) to work on /home/airflow/.local/lib/python3.8/site-packages/airflow/example_dags/example_task_group_decorator.py
[2026-04-28T12:29:48.501+0000] {processor.py:830} INFO - Processing file /home/airflow/.local/lib/python3.8/site-packages/airflow/example_dags/example_task_group_decorator.py for tasks to queue
[2026-04-28T12:29:48.503+0000] {logging_mixin.py:188} INFO - [2026-04-28T12:29:48.503+0000] {dagbag.py:540} INFO - Filling up the DagBag from /home/airflow/.local/lib/python3.8/site-packages/airflow/example_dags/example_task_group_decorator.py
[2026-04-28T12:29:48.514+0000] {processor.py:840} INFO - DAG(s) 'example_task_group_decorator' retrieved from /home/airflow/.local/lib/python3.8/site-packages/airflow/example_dags/example_task_group_decorator.py
[2026-04-28T12:29:48.534+0000] {logging_mixin.py:188} INFO - [2026-04-28T12:29:48.534+0000] {dag.py:3047} INFO - Sync 1 DAGs
[2026-04-28T12:29:48.551+0000] {logging_mixin.py:188} INFO - [2026-04-28T12:29:48.551+0000] {dag.py:3834} INFO - Setting next_dagrun for example_task_group_decorator to 2026-04-27 00:00:00+00:00, run_after=2026-04-28 00:00:00+00:00
[2026-04-28T12:29:48.564+0000] {processor.py:183} INFO - Processing /home/airflow/.local/lib/python3.8/site-packages/airflow/example_dags/example_task_group_decorator.py took 0.066 seconds
[2026-04-28T12:30:19.048+0000] {processor.py:161} INFO - Started process (PID=2090) to work on /home/airflow/.local/lib/python3.8/site-packages/airflow/example_dags/example_task_group_decorator.py
[2026-04-28T12:30:19.049+0000] {processor.py:830} INFO - Processing file /home/airflow/.local/lib/python3.8/site-packages/airflow/example_dags/example_task_group_decorator.py for tasks to queue
[2026-04-28T12:30:19.051+0000] {logging_mixin.py:188} INFO - [2026-04-28T12:30:19.051+0000] {dagbag.py:540} INFO - Filling up the DagBag from /home/airflow/.local/lib/python3.8/site-packages/airflow/example_dags/example_task_group_decorator.py
[2026-04-28T12:30:19.075+0000] {processor.py:840} INFO - DAG(s) 'example_task_group_decorator' retrieved from /home/airflow/.local/lib/python3.8/site-packages/airflow/example_dags/example_task_group_decorator.py
[2026-04-28T12:30:19.113+0000] {logging_mixin.py:188} INFO - [2026-04-28T12:30:19.113+0000] {dag.py:3047} INFO - Sync 1 DAGs
[2026-04-28T12:30:19.139+0000] {logging_mixin.py:188} INFO - [2026-04-28T12:30:19.139+0000] {dag.py:3834} INFO - Setting next_dagrun for example_task_group_decorator to 2026-04-27 00:00:00+00:00, run_after=2026-04-28 00:00:00+00:00
[2026-04-28T12:30:19.152+0000] {processor.py:183} INFO - Processing /home/airflow/.local/lib/python3.8/site-packages/airflow/example_dags/example_task_group_decorator.py took 0.108 seconds
[2026-04-28T12:30:49.824+0000] {processor.py:161} INFO - Started process (PID=2146) to work on /home/airflow/.local/lib/python3.8/site-packages/airflow/example_dags/example_task_group_decorator.py
[2026-04-28T12:30:49.825+0000] {processor.py:830} INFO - Processing file /home/airflow/.local/lib/python3.8/site-packages/airflow/example_dags/example_task_group_decorator.py for tasks to queue
[2026-04-28T12:30:49.827+0000] {logging_mixin.py:188} INFO - [2026-04-28T12:30:49.826+0000] {dagbag.py:540} INFO - Filling up the DagBag from /home/airflow/.local/lib/python3.8/site-packages/airflow/example_dags/example_task_group_decorator.py
[2026-04-28T12:30:49.838+0000] {processor.py:840} INFO - DAG(s) 'example_task_group_decorator' retrieved from /home/airflow/.local/lib/python3.8/site-packages/airflow/example_dags/example_task_group_decorator.py
[2026-04-28T12:30:49.857+0000] {logging_mixin.py:188} INFO - [2026-04-28T12:30:49.857+0000] {dag.py:3047} INFO - Sync 1 DAGs
[2026-04-28T12:30:49.875+0000] {logging_mixin.py:188} INFO - [2026-04-28T12:30:49.875+0000] {dag.py:3834} INFO - Setting next_dagrun for example_task_group_decorator to 2026-04-27 00:00:00+00:00, run_after=2026-04-28 00:00:00+00:00
[2026-04-28T12:30:49.889+0000] {processor.py:183} INFO - Processing /home/airflow/.local/lib/python3.8/site-packages/airflow/example_dags/example_task_group_decorator.py took 0.067 seconds
[2026-04-28T12:31:20.364+0000] {processor.py:161} INFO - Started process (PID=2202) to work on /home/airflow/.local/lib/python3.8/site-packages/airflow/example_dags/example_task_group_decorator.py
[2026-04-28T12:31:20.365+0000] {processor.py:830} INFO - Processing file /home/airflow/.local/lib/python3.8/site-packages/airflow/example_dags/example_task_group_decorator.py for tasks to queue
[2026-04-28T12:31:20.367+0000] {logging_mixin.py:188} INFO - [2026-04-28T12:31:20.366+0000] {dagbag.py:540} INFO - Filling up the DagBag from /home/airflow/.local/lib/python3.8/site-packages/airflow/example_dags/example_task_group_decorator.py
[2026-04-28T12:31:20.544+0000] {processor.py:840} INFO - DAG(s) 'example_task_group_decorator' retrieved from /home/airflow/.local/lib/python3.8/site-packages/airflow/example_dags/example_task_group_decorator.py
[2026-04-28T12:31:20.568+0000] {logging_mixin.py:188} INFO - [2026-04-28T12:31:20.568+0000] {dag.py:3047} INFO - Sync 1 DAGs
[2026-04-28T12:31:20.589+0000] {logging_mixin.py:188} INFO - [2026-04-28T12:31:20.589+0000] {dag.py:3834} INFO - Setting next_dagrun for example_task_group_decorator to 2026-04-27 00:00:00+00:00, run_after=2026-04-28 00:00:00+00:00
[2026-04-28T12:31:20.603+0000] {processor.py:183} INFO - Processing /home/airflow/.local/lib/python3.8/site-packages/airflow/example_dags/example_task_group_decorator.py took 0.243 seconds
[2026-04-28T12:31:51.516+0000] {processor.py:161} INFO - Started process (PID=2257) to work on /home/airflow/.local/lib/python3.8/site-packages/airflow/example_dags/example_task_group_decorator.py
[2026-04-28T12:31:51.516+0000] {processor.py:830} INFO - Processing file /home/airflow/.local/lib/python3.8/site-packages/airflow/example_dags/example_task_group_decorator.py for tasks to queue
[2026-04-28T12:31:51.518+0000] {logging_mixin.py:188} INFO - [2026-04-28T12:31:51.518+0000] {dagbag.py:540} INFO - Filling up the DagBag from /home/airflow/.local/lib/python3.8/site-packages/airflow/example_dags/example_task_group_decorator.py
[2026-04-28T12:31:51.535+0000] {processor.py:840} INFO - DAG(s) 'example_task_group_decorator' retrieved from /home/airflow/.local/lib/python3.8/site-packages/airflow/example_dags/example_task_group_decorator.py
[2026-04-28T12:31:51.576+0000] {logging_mixin.py:188} INFO - [2026-04-28T12:31:51.575+0000] {dag.py:3047} INFO - Sync 1 DAGs
[2026-04-28T12:31:51.610+0000] {logging_mixin.py:188} INFO - [2026-04-28T12:31:51.610+0000] {dag.py:3834} INFO - Setting next_dagrun for example_task_group_decorator to 2026-04-27 00:00:00+00:00, run_after=2026-04-28 00:00:00+00:00
[2026-04-28T12:31:51.629+0000] {processor.py:183} INFO - Processing /home/airflow/.local/lib/python3.8/site-packages/airflow/example_dags/example_task_group_decorator.py took 0.117 seconds
[2026-04-28T12:32:22.109+0000] {processor.py:161} INFO - Started process (PID=2313) to work on /home/airflow/.local/lib/python3.8/site-packages/airflow/example_dags/example_task_group_decorator.py
[2026-04-28T12:32:22.110+0000] {processor.py:830} INFO - Processing file /home/airflow/.local/lib/python3.8/site-packages/airflow/example_dags/example_task_group_decorator.py for tasks to queue
[2026-04-28T12:32:22.117+0000] {logging_mixin.py:188} INFO - [2026-04-28T12:32:22.117+0000] {dagbag.py:540} INFO - Filling up the DagBag from /home/airflow/.local/lib/python3.8/site-packages/airflow/example_dags/example_task_group_decorator.py
[2026-04-28T12:32:22.173+0000] {processor.py:840} INFO - DAG(s) 'example_task_group_decorator' retrieved from /home/airflow/.local/lib/python3.8/site-packages/airflow/example_dags/example_task_group_decorator.py
[2026-04-28T12:32:22.200+0000] {logging_mixin.py:188} INFO - [2026-04-28T12:32:22.200+0000] {dag.py:3047} INFO - Sync 1 DAGs
[2026-04-28T12:32:22.222+0000] {logging_mixin.py:188} INFO - [2026-04-28T12:32:22.222+0000] {dag.py:3834} INFO - Setting next_dagrun for example_task_group_decorator to 2026-04-27 00:00:00+00:00, run_after=2026-04-28 00:00:00+00:00
[2026-04-28T12:32:22.235+0000] {processor.py:183} INFO - Processing /home/airflow/.local/lib/python3.8/site-packages/airflow/example_dags/example_task_group_decorator.py took 0.130 seconds
[2026-04-28T12:32:52.995+0000] {processor.py:161} INFO - Started process (PID=2371) to work on /home/airflow/.local/lib/python3.8/site-packages/airflow/example_dags/example_task_group_decorator.py
[2026-04-28T12:32:52.996+0000] {processor.py:830} INFO - Processing file /home/airflow/.local/lib/python3.8/site-packages/airflow/example_dags/example_task_group_decorator.py for tasks to queue
[2026-04-28T12:32:52.998+0000] {logging_mixin.py:188} INFO - [2026-04-28T12:32:52.997+0000] {dagbag.py:540} INFO - Filling up the DagBag from /home/airflow/.local/lib/python3.8/site-packages/airflow/example_dags/example_task_group_decorator.py
[2026-04-28T12:32:53.030+0000] {processor.py:840} INFO - DAG(s) 'example_task_group_decorator' retrieved from /home/airflow/.local/lib/python3.8/site-packages/airflow/example_dags/example_task_group_decorator.py
[2026-04-28T12:32:53.057+0000] {logging_mixin.py:188} INFO - [2026-04-28T12:32:53.057+0000] {dag.py:3047} INFO - Sync 1 DAGs
[2026-04-28T12:32:53.087+0000] {logging_mixin.py:188} INFO - [2026-04-28T12:32:53.087+0000] {dag.py:3834} INFO - Setting next_dagrun for example_task_group_decorator to 2026-04-27 00:00:00+00:00, run_after=2026-04-28 00:00:00+00:00
[2026-04-28T12:32:53.113+0000] {processor.py:183} INFO - Processing /home/airflow/.local/lib/python3.8/site-packages/airflow/example_dags/example_task_group_decorator.py took 0.122 seconds
[2026-04-28T12:33:23.252+0000] {processor.py:161} INFO - Started process (PID=2427) to work on /home/airflow/.local/lib/python3.8/site-packages/airflow/example_dags/example_task_group_decorator.py
[2026-04-28T12:33:23.253+0000] {processor.py:830} INFO - Processing file /home/airflow/.local/lib/python3.8/site-packages/airflow/example_dags/example_task_group_decorator.py for tasks to queue
[2026-04-28T12:33:23.255+0000] {logging_mixin.py:188} INFO - [2026-04-28T12:33:23.255+0000] {dagbag.py:540} INFO - Filling up the DagBag from /home/airflow/.local/lib/python3.8/site-packages/airflow/example_dags/example_task_group_decorator.py
[2026-04-28T12:33:23.275+0000] {processor.py:840} INFO - DAG(s) 'example_task_group_decorator' retrieved from /home/airflow/.local/lib/python3.8/site-packages/airflow/example_dags/example_task_group_decorator.py
[2026-04-28T12:33:23.303+0000] {logging_mixin.py:188} INFO - [2026-04-28T12:33:23.302+0000] {dag.py:3047} INFO - Sync 1 DAGs
[2026-04-28T12:33:23.328+0000] {logging_mixin.py:188} INFO - [2026-04-28T12:33:23.327+0000] {dag.py:3834} INFO - Setting next_dagrun for example_task_group_decorator to 2026-04-27 00:00:00+00:00, run_after=2026-04-28 00:00:00+00:00
[2026-04-28T12:33:23.343+0000] {processor.py:183} INFO - Processing /home/airflow/.local/lib/python3.8/site-packages/airflow/example_dags/example_task_group_decorator.py took 0.095 seconds
[2026-04-28T12:33:54.255+0000] {processor.py:161} INFO - Started process (PID=2483) to work on /home/airflow/.local/lib/python3.8/site-packages/airflow/example_dags/example_task_group_decorator.py
[2026-04-28T12:33:54.258+0000] {processor.py:830} INFO - Processing file /home/airflow/.local/lib/python3.8/site-packages/airflow/example_dags/example_task_group_decorator.py for tasks to queue
[2026-04-28T12:33:54.260+0000] {logging_mixin.py:188} INFO - [2026-04-28T12:33:54.259+0000] {dagbag.py:540} INFO - Filling up the DagBag from /home/airflow/.local/lib/python3.8/site-packages/airflow/example_dags/example_task_group_decorator.py
[2026-04-28T12:33:54.277+0000] {processor.py:840} INFO - DAG(s) 'example_task_group_decorator' retrieved from /home/airflow/.local/lib/python3.8/site-packages/airflow/example_dags/example_task_group_decorator.py
[2026-04-28T12:33:54.319+0000] {logging_mixin.py:188} INFO - [2026-04-28T12:33:54.319+0000] {dag.py:3047} INFO - Sync 1 DAGs
[2026-04-28T12:33:54.342+0000] {logging_mixin.py:188} INFO - [2026-04-28T12:33:54.342+0000] {dag.py:3834} INFO - Setting next_dagrun for example_task_group_decorator to 2026-04-27 00:00:00+00:00, run_after=2026-04-28 00:00:00+00:00
[2026-04-28T12:33:54.359+0000] {processor.py:183} INFO - Processing /home/airflow/.local/lib/python3.8/site-packages/airflow/example_dags/example_task_group_decorator.py took 0.112 seconds
[2026-04-28T12:34:24.589+0000] {processor.py:161} INFO - Started process (PID=2539) to work on /home/airflow/.local/lib/python3.8/site-packages/airflow/example_dags/example_task_group_decorator.py
[2026-04-28T12:34:24.597+0000] {processor.py:830} INFO - Processing file /home/airflow/.local/lib/python3.8/site-packages/airflow/example_dags/example_task_group_decorator.py for tasks to queue
[2026-04-28T12:34:24.605+0000] {logging_mixin.py:188} INFO - [2026-04-28T12:34:24.602+0000] {dagbag.py:540} INFO - Filling up the DagBag from /home/airflow/.local/lib/python3.8/site-packages/airflow/example_dags/example_task_group_decorator.py
[2026-04-28T12:34:24.656+0000] {processor.py:840} INFO - DAG(s) 'example_task_group_decorator' retrieved from /home/airflow/.local/lib/python3.8/site-packages/airflow/example_dags/example_task_group_decorator.py
[2026-04-28T12:34:24.735+0000] {logging_mixin.py:188} INFO - [2026-04-28T12:34:24.735+0000] {dag.py:3047} INFO - Sync 1 DAGs
[2026-04-28T12:34:24.834+0000] {logging_mixin.py:188} INFO - [2026-04-28T12:34:24.829+0000] {dag.py:3834} INFO - Setting next_dagrun for example_task_group_decorator to 2026-04-27 00:00:00+00:00, run_after=2026-04-28 00:00:00+00:00
[2026-04-28T12:34:24.999+0000] {processor.py:183} INFO - Processing /home/airflow/.local/lib/python3.8/site-packages/airflow/example_dags/example_task_group_decorator.py took 0.423 seconds
[2026-04-28T12:34:55.461+0000] {processor.py:161} INFO - Started process (PID=2595) to work on /home/airflow/.local/lib/python3.8/site-packages/airflow/example_dags/example_task_group_decorator.py
[2026-04-28T12:34:55.462+0000] {processor.py:830} INFO - Processing file /home/airflow/.local/lib/python3.8/site-packages/airflow/example_dags/example_task_group_decorator.py for tasks to queue
[2026-04-28T12:34:55.463+0000] {logging_mixin.py:188} INFO - [2026-04-28T12:34:55.463+0000] {dagbag.py:540} INFO - Filling up the DagBag from /home/airflow/.local/lib/python3.8/site-packages/airflow/example_dags/example_task_group_decorator.py
[2026-04-28T12:34:55.475+0000] {processor.py:840} INFO - DAG(s) 'example_task_group_decorator' retrieved from /home/airflow/.local/lib/python3.8/site-packages/airflow/example_dags/example_task_group_decorator.py
[2026-04-28T12:34:55.495+0000] {logging_mixin.py:188} INFO - [2026-04-28T12:34:55.495+0000] {dag.py:3047} INFO - Sync 1 DAGs
[2026-04-28T12:34:55.513+0000] {logging_mixin.py:188} INFO - [2026-04-28T12:34:55.513+0000] {dag.py:3834} INFO - Setting next_dagrun for example_task_group_decorator to 2026-04-27 00:00:00+00:00, run_after=2026-04-28 00:00:00+00:00
[2026-04-28T12:34:55.526+0000] {processor.py:183} INFO - Processing /home/airflow/.local/lib/python3.8/site-packages/airflow/example_dags/example_task_group_decorator.py took 0.068 seconds
[2026-04-28T12:35:26.162+0000] {processor.py:161} INFO - Started process (PID=2651) to work on /home/airflow/.local/lib/python3.8/site-packages/airflow/example_dags/example_task_group_decorator.py
[2026-04-28T12:35:26.163+0000] {processor.py:830} INFO - Processing file /home/airflow/.local/lib/python3.8/site-packages/airflow/example_dags/example_task_group_decorator.py for tasks to queue
[2026-04-28T12:35:26.164+0000] {logging_mixin.py:188} INFO - [2026-04-28T12:35:26.164+0000] {dagbag.py:540} INFO - Filling up the DagBag from /home/airflow/.local/lib/python3.8/site-packages/airflow/example_dags/example_task_group_decorator.py
[2026-04-28T12:35:26.175+0000] {processor.py:840} INFO - DAG(s) 'example_task_group_decorator' retrieved from /home/airflow/.local/lib/python3.8/site-packages/airflow/example_dags/example_task_group_decorator.py
[2026-04-28T12:35:26.194+0000] {logging_mixin.py:188} INFO - [2026-04-28T12:35:26.194+0000] {dag.py:3047} INFO - Sync 1 DAGs
[2026-04-28T12:35:26.211+0000] {logging_mixin.py:188} INFO - [2026-04-28T12:35:26.211+0000] {dag.py:3834} INFO - Setting next_dagrun for example_task_group_decorator to 2026-04-27 00:00:00+00:00, run_after=2026-04-28 00:00:00+00:00
[2026-04-28T12:35:26.223+0000] {processor.py:183} INFO - Processing /home/airflow/.local/lib/python3.8/site-packages/airflow/example_dags/example_task_group_decorator.py took 0.065 seconds
[2026-04-28T12:35:56.962+0000] {processor.py:161} INFO - Started process (PID=2706) to work on /home/airflow/.local/lib/python3.8/site-packages/airflow/example_dags/example_task_group_decorator.py
[2026-04-28T12:35:56.964+0000] {processor.py:830} INFO - Processing file /home/airflow/.local/lib/python3.8/site-packages/airflow/example_dags/example_task_group_decorator.py for tasks to queue
[2026-04-28T12:35:56.968+0000] {logging_mixin.py:188} INFO - [2026-04-28T12:35:56.966+0000] {dagbag.py:540} INFO - Filling up the DagBag from /home/airflow/.local/lib/python3.8/site-packages/airflow/example_dags/example_task_group_decorator.py
[2026-04-28T12:35:56.992+0000] {processor.py:840} INFO - DAG(s) 'example_task_group_decorator' retrieved from /home/airflow/.local/lib/python3.8/site-packages/airflow/example_dags/example_task_group_decorator.py
[2026-04-28T12:35:57.034+0000] {logging_mixin.py:188} INFO - [2026-04-28T12:35:57.034+0000] {dag.py:3047} INFO - Sync 1 DAGs
[2026-04-28T12:35:57.059+0000] {logging_mixin.py:188} INFO - [2026-04-28T12:35:57.059+0000] {dag.py:3834} INFO - Setting next_dagrun for example_task_group_decorator to 2026-04-27 00:00:00+00:00, run_after=2026-04-28 00:00:00+00:00
[2026-04-28T12:35:57.077+0000] {processor.py:183} INFO - Processing /home/airflow/.local/lib/python3.8/site-packages/airflow/example_dags/example_task_group_decorator.py took 0.124 seconds
[2026-04-28T12:36:27.182+0000] {processor.py:161} INFO - Started process (PID=2762) to work on /home/airflow/.local/lib/python3.8/site-packages/airflow/example_dags/example_task_group_decorator.py
[2026-04-28T12:36:27.183+0000] {processor.py:830} INFO - Processing file /home/airflow/.local/lib/python3.8/site-packages/airflow/example_dags/example_task_group_decorator.py for tasks to queue
[2026-04-28T12:36:27.185+0000] {logging_mixin.py:188} INFO - [2026-04-28T12:36:27.184+0000] {dagbag.py:540} INFO - Filling up the DagBag from /home/airflow/.local/lib/python3.8/site-packages/airflow/example_dags/example_task_group_decorator.py
[2026-04-28T12:36:27.202+0000] {processor.py:840} INFO - DAG(s) 'example_task_group_decorator' retrieved from /home/airflow/.local/lib/python3.8/site-packages/airflow/example_dags/example_task_group_decorator.py
[2026-04-28T12:36:27.238+0000] {logging_mixin.py:188} INFO - [2026-04-28T12:36:27.238+0000] {dag.py:3047} INFO - Sync 1 DAGs
[2026-04-28T12:36:27.261+0000] {logging_mixin.py:188} INFO - [2026-04-28T12:36:27.261+0000] {dag.py:3834} INFO - Setting next_dagrun for example_task_group_decorator to 2026-04-27 00:00:00+00:00, run_after=2026-04-28 00:00:00+00:00
[2026-04-28T12:36:27.274+0000] {processor.py:183} INFO - Processing /home/airflow/.local/lib/python3.8/site-packages/airflow/example_dags/example_task_group_decorator.py took 0.096 seconds
[2026-04-28T12:36:57.688+0000] {processor.py:161} INFO - Started process (PID=2818) to work on /home/airflow/.local/lib/python3.8/site-packages/airflow/example_dags/example_task_group_decorator.py
[2026-04-28T12:36:57.690+0000] {processor.py:830} INFO - Processing file /home/airflow/.local/lib/python3.8/site-packages/airflow/example_dags/example_task_group_decorator.py for tasks to queue
[2026-04-28T12:36:57.694+0000] {logging_mixin.py:188} INFO - [2026-04-28T12:36:57.694+0000] {dagbag.py:540} INFO - Filling up the DagBag from /home/airflow/.local/lib/python3.8/site-packages/airflow/example_dags/example_task_group_decorator.py
[2026-04-28T12:36:57.736+0000] {processor.py:840} INFO - DAG(s) 'example_task_group_decorator' retrieved from /home/airflow/.local/lib/python3.8/site-packages/airflow/example_dags/example_task_group_decorator.py
[2026-04-28T12:36:57.772+0000] {logging_mixin.py:188} INFO - [2026-04-28T12:36:57.771+0000] {dag.py:3047} INFO - Sync 1 DAGs
[2026-04-28T12:36:57.789+0000] {logging_mixin.py:188} INFO - [2026-04-28T12:36:57.789+0000] {dag.py:3834} INFO - Setting next_dagrun for example_task_group_decorator to 2026-04-27 00:00:00+00:00, run_after=2026-04-28 00:00:00+00:00
[2026-04-28T12:36:57.802+0000] {processor.py:183} INFO - Processing /home/airflow/.local/lib/python3.8/site-packages/airflow/example_dags/example_task_group_decorator.py took 0.123 seconds
[2026-04-28T12:37:28.391+0000] {processor.py:161} INFO - Started process (PID=2874) to work on /home/airflow/.local/lib/python3.8/site-packages/airflow/example_dags/example_task_group_decorator.py
[2026-04-28T12:37:28.393+0000] {processor.py:830} INFO - Processing file /home/airflow/.local/lib/python3.8/site-packages/airflow/example_dags/example_task_group_decorator.py for tasks to queue
[2026-04-28T12:37:28.396+0000] {logging_mixin.py:188} INFO - [2026-04-28T12:37:28.395+0000] {dagbag.py:540} INFO - Filling up the DagBag from /home/airflow/.local/lib/python3.8/site-packages/airflow/example_dags/example_task_group_decorator.py
[2026-04-28T12:37:28.428+0000] {processor.py:840} INFO - DAG(s) 'example_task_group_decorator' retrieved from /home/airflow/.local/lib/python3.8/site-packages/airflow/example_dags/example_task_group_decorator.py
[2026-04-28T12:37:28.456+0000] {logging_mixin.py:188} INFO - [2026-04-28T12:37:28.455+0000] {dag.py:3047} INFO - Sync 1 DAGs
[2026-04-28T12:37:28.483+0000] {logging_mixin.py:188} INFO - [2026-04-28T12:37:28.482+0000] {dag.py:3834} INFO - Setting next_dagrun for example_task_group_decorator to 2026-04-27 00:00:00+00:00, run_after=2026-04-28 00:00:00+00:00
[2026-04-28T12:37:28.500+0000] {processor.py:183} INFO - Processing /home/airflow/.local/lib/python3.8/site-packages/airflow/example_dags/example_task_group_decorator.py took 0.117 seconds
[2026-04-28T12:37:59.169+0000] {processor.py:161} INFO - Started process (PID=2930) to work on /home/airflow/.local/lib/python3.8/site-packages/airflow/example_dags/example_task_group_decorator.py
[2026-04-28T12:37:59.170+0000] {processor.py:830} INFO - Processing file /home/airflow/.local/lib/python3.8/site-packages/airflow/example_dags/example_task_group_decorator.py for tasks to queue
[2026-04-28T12:37:59.171+0000] {logging_mixin.py:188} INFO - [2026-04-28T12:37:59.171+0000] {dagbag.py:540} INFO - Filling up the DagBag from /home/airflow/.local/lib/python3.8/site-packages/airflow/example_dags/example_task_group_decorator.py
[2026-04-28T12:37:59.182+0000] {processor.py:840} INFO - DAG(s) 'example_task_group_decorator' retrieved from /home/airflow/.local/lib/python3.8/site-packages/airflow/example_dags/example_task_group_decorator.py
[2026-04-28T12:37:59.201+0000] {logging_mixin.py:188} INFO - [2026-04-28T12:37:59.201+0000] {dag.py:3047} INFO - Sync 1 DAGs
[2026-04-28T12:37:59.218+0000] {logging_mixin.py:188} INFO - [2026-04-28T12:37:59.217+0000] {dag.py:3834} INFO - Setting next_dagrun for example_task_group_decorator to 2026-04-27 00:00:00+00:00, run_after=2026-04-28 00:00:00+00:00
[2026-04-28T12:37:59.230+0000] {processor.py:183} INFO - Processing /home/airflow/.local/lib/python3.8/site-packages/airflow/example_dags/example_task_group_decorator.py took 0.064 seconds
[2026-04-28T12:38:29.757+0000] {processor.py:161} INFO - Started process (PID=2986) to work on /home/airflow/.local/lib/python3.8/site-packages/airflow/example_dags/example_task_group_decorator.py
[2026-04-28T12:38:29.758+0000] {processor.py:830} INFO - Processing file /home/airflow/.local/lib/python3.8/site-packages/airflow/example_dags/example_task_group_decorator.py for tasks to queue
[2026-04-28T12:38:29.759+0000] {logging_mixin.py:188} INFO - [2026-04-28T12:38:29.759+0000] {dagbag.py:540} INFO - Filling up the DagBag from /home/airflow/.local/lib/python3.8/site-packages/airflow/example_dags/example_task_group_decorator.py
[2026-04-28T12:38:29.770+0000] {processor.py:840} INFO - DAG(s) 'example_task_group_decorator' retrieved from /home/airflow/.local/lib/python3.8/site-packages/airflow/example_dags/example_task_group_decorator.py
[2026-04-28T12:38:29.788+0000] {logging_mixin.py:188} INFO - [2026-04-28T12:38:29.788+0000] {dag.py:3047} INFO - Sync 1 DAGs
[2026-04-28T12:38:29.804+0000] {logging_mixin.py:188} INFO - [2026-04-28T12:38:29.804+0000] {dag.py:3834} INFO - Setting next_dagrun for example_task_group_decorator to 2026-04-27 00:00:00+00:00, run_after=2026-04-28 00:00:00+00:00
[2026-04-28T12:38:29.817+0000] {processor.py:183} INFO - Processing /home/airflow/.local/lib/python3.8/site-packages/airflow/example_dags/example_task_group_decorator.py took 0.063 seconds
[2026-04-28T12:39:00.258+0000] {processor.py:161} INFO - Started process (PID=3042) to work on /home/airflow/.local/lib/python3.8/site-packages/airflow/example_dags/example_task_group_decorator.py
[2026-04-28T12:39:00.259+0000] {processor.py:830} INFO - Processing file /home/airflow/.local/lib/python3.8/site-packages/airflow/example_dags/example_task_group_decorator.py for tasks to queue
[2026-04-28T12:39:00.261+0000] {logging_mixin.py:188} INFO - [2026-04-28T12:39:00.260+0000] {dagbag.py:540} INFO - Filling up the DagBag from /home/airflow/.local/lib/python3.8/site-packages/airflow/example_dags/example_task_group_decorator.py
[2026-04-28T12:39:00.272+0000] {processor.py:840} INFO - DAG(s) 'example_task_group_decorator' retrieved from /home/airflow/.local/lib/python3.8/site-packages/airflow/example_dags/example_task_group_decorator.py
[2026-04-28T12:39:00.290+0000] {logging_mixin.py:188} INFO - [2026-04-28T12:39:00.290+0000] {dag.py:3047} INFO - Sync 1 DAGs
[2026-04-28T12:39:00.307+0000] {logging_mixin.py:188} INFO - [2026-04-28T12:39:00.306+0000] {dag.py:3834} INFO - Setting next_dagrun for example_task_group_decorator to 2026-04-27 00:00:00+00:00, run_after=2026-04-28 00:00:00+00:00
[2026-04-28T12:39:00.319+0000] {processor.py:183} INFO - Processing /home/airflow/.local/lib/python3.8/site-packages/airflow/example_dags/example_task_group_decorator.py took 0.065 seconds
[2026-04-28T12:39:30.679+0000] {processor.py:161} INFO - Started process (PID=3098) to work on /home/airflow/.local/lib/python3.8/site-packages/airflow/example_dags/example_task_group_decorator.py
[2026-04-28T12:39:30.679+0000] {processor.py:830} INFO - Processing file /home/airflow/.local/lib/python3.8/site-packages/airflow/example_dags/example_task_group_decorator.py for tasks to queue
[2026-04-28T12:39:30.681+0000] {logging_mixin.py:188} INFO - [2026-04-28T12:39:30.681+0000] {dagbag.py:540} INFO - Filling up the DagBag from /home/airflow/.local/lib/python3.8/site-packages/airflow/example_dags/example_task_group_decorator.py
[2026-04-28T12:39:30.693+0000] {processor.py:840} INFO - DAG(s) 'example_task_group_decorator' retrieved from /home/airflow/.local/lib/python3.8/site-packages/airflow/example_dags/example_task_group_decorator.py
[2026-04-28T12:39:30.710+0000] {logging_mixin.py:188} INFO - [2026-04-28T12:39:30.710+0000] {dag.py:3047} INFO - Sync 1 DAGs
[2026-04-28T12:39:30.726+0000] {logging_mixin.py:188} INFO - [2026-04-28T12:39:30.726+0000] {dag.py:3834} INFO - Setting next_dagrun for example_task_group_decorator to 2026-04-27 00:00:00+00:00, run_after=2026-04-28 00:00:00+00:00
[2026-04-28T12:39:30.740+0000] {processor.py:183} INFO - Processing /home/airflow/.local/lib/python3.8/site-packages/airflow/example_dags/example_task_group_decorator.py took 0.065 seconds
[2026-04-28T12:40:01.270+0000] {processor.py:161} INFO - Started process (PID=3154) to work on /home/airflow/.local/lib/python3.8/site-packages/airflow/example_dags/example_task_group_decorator.py
[2026-04-28T12:40:01.271+0000] {processor.py:830} INFO - Processing file /home/airflow/.local/lib/python3.8/site-packages/airflow/example_dags/example_task_group_decorator.py for tasks to queue
[2026-04-28T12:40:01.273+0000] {logging_mixin.py:188} INFO - [2026-04-28T12:40:01.272+0000] {dagbag.py:540} INFO - Filling up the DagBag from /home/airflow/.local/lib/python3.8/site-packages/airflow/example_dags/example_task_group_decorator.py
[2026-04-28T12:40:01.285+0000] {processor.py:840} INFO - DAG(s) 'example_task_group_decorator' retrieved from /home/airflow/.local/lib/python3.8/site-packages/airflow/example_dags/example_task_group_decorator.py
[2026-04-28T12:40:01.304+0000] {logging_mixin.py:188} INFO - [2026-04-28T12:40:01.304+0000] {dag.py:3047} INFO - Sync 1 DAGs
[2026-04-28T12:40:01.321+0000] {logging_mixin.py:188} INFO - [2026-04-28T12:40:01.321+0000] {dag.py:3834} INFO - Setting next_dagrun for example_task_group_decorator to 2026-04-27 00:00:00+00:00, run_after=2026-04-28 00:00:00+00:00
[2026-04-28T12:40:01.335+0000] {processor.py:183} INFO - Processing /home/airflow/.local/lib/python3.8/site-packages/airflow/example_dags/example_task_group_decorator.py took 0.068 seconds
[2026-04-28T12:40:31.723+0000] {processor.py:161} INFO - Started process (PID=3210) to work on /home/airflow/.local/lib/python3.8/site-packages/airflow/example_dags/example_task_group_decorator.py
[2026-04-28T12:40:31.724+0000] {processor.py:830} INFO - Processing file /home/airflow/.local/lib/python3.8/site-packages/airflow/example_dags/example_task_group_decorator.py for tasks to queue
[2026-04-28T12:40:31.726+0000] {logging_mixin.py:188} INFO - [2026-04-28T12:40:31.726+0000] {dagbag.py:540} INFO - Filling up the DagBag from /home/airflow/.local/lib/python3.8/site-packages/airflow/example_dags/example_task_group_decorator.py
[2026-04-28T12:40:31.738+0000] {processor.py:840} INFO - DAG(s) 'example_task_group_decorator' retrieved from /home/airflow/.local/lib/python3.8/site-packages/airflow/example_dags/example_task_group_decorator.py
[2026-04-28T12:40:31.756+0000] {logging_mixin.py:188} INFO - [2026-04-28T12:40:31.756+0000] {dag.py:3047} INFO - Sync 1 DAGs
[2026-04-28T12:40:31.773+0000] {logging_mixin.py:188} INFO - [2026-04-28T12:40:31.772+0000] {dag.py:3834} INFO - Setting next_dagrun for example_task_group_decorator to 2026-04-27 00:00:00+00:00, run_after=2026-04-28 00:00:00+00:00
[2026-04-28T12:40:31.786+0000] {processor.py:183} INFO - Processing /home/airflow/.local/lib/python3.8/site-packages/airflow/example_dags/example_task_group_decorator.py took 0.066 seconds
[2026-04-28T12:41:01.835+0000] {processor.py:161} INFO - Started process (PID=3266) to work on /home/airflow/.local/lib/python3.8/site-packages/airflow/example_dags/example_task_group_decorator.py
[2026-04-28T12:41:01.837+0000] {processor.py:830} INFO - Processing file /home/airflow/.local/lib/python3.8/site-packages/airflow/example_dags/example_task_group_decorator.py for tasks to queue
[2026-04-28T12:41:01.842+0000] {logging_mixin.py:188} INFO - [2026-04-28T12:41:01.841+0000] {dagbag.py:540} INFO - Filling up the DagBag from /home/airflow/.local/lib/python3.8/site-packages/airflow/example_dags/example_task_group_decorator.py
[2026-04-28T12:41:01.857+0000] {processor.py:840} INFO - DAG(s) 'example_task_group_decorator' retrieved from /home/airflow/.local/lib/python3.8/site-packages/airflow/example_dags/example_task_group_decorator.py
[2026-04-28T12:41:01.875+0000] {logging_mixin.py:188} INFO - [2026-04-28T12:41:01.875+0000] {dag.py:3047} INFO - Sync 1 DAGs
[2026-04-28T12:41:01.891+0000] {logging_mixin.py:188} INFO - [2026-04-28T12:41:01.891+0000] {dag.py:3834} INFO - Setting next_dagrun for example_task_group_decorator to 2026-04-27 00:00:00+00:00, run_after=2026-04-28 00:00:00+00:00
[2026-04-28T12:41:01.904+0000] {processor.py:183} INFO - Processing /home/airflow/.local/lib/python3.8/site-packages/airflow/example_dags/example_task_group_decorator.py took 0.077 seconds
[2026-04-28T12:41:32.115+0000] {processor.py:161} INFO - Started process (PID=3322) to work on /home/airflow/.local/lib/python3.8/site-packages/airflow/example_dags/example_task_group_decorator.py
[2026-04-28T12:41:32.116+0000] {processor.py:830} INFO - Processing file /home/airflow/.local/lib/python3.8/site-packages/airflow/example_dags/example_task_group_decorator.py for tasks to queue
[2026-04-28T12:41:32.118+0000] {logging_mixin.py:188} INFO - [2026-04-28T12:41:32.117+0000] {dagbag.py:540} INFO - Filling up the DagBag from /home/airflow/.local/lib/python3.8/site-packages/airflow/example_dags/example_task_group_decorator.py
[2026-04-28T12:41:32.132+0000] {processor.py:840} INFO - DAG(s) 'example_task_group_decorator' retrieved from /home/airflow/.local/lib/python3.8/site-packages/airflow/example_dags/example_task_group_decorator.py
[2026-04-28T12:41:32.151+0000] {logging_mixin.py:188} INFO - [2026-04-28T12:41:32.151+0000] {dag.py:3047} INFO - Sync 1 DAGs
[2026-04-28T12:41:32.167+0000] {logging_mixin.py:188} INFO - [2026-04-28T12:41:32.167+0000] {dag.py:3834} INFO - Setting next_dagrun for example_task_group_decorator to 2026-04-27 00:00:00+00:00, run_after=2026-04-28 00:00:00+00:00
[2026-04-28T12:41:32.179+0000] {processor.py:183} INFO - Processing /home/airflow/.local/lib/python3.8/site-packages/airflow/example_dags/example_task_group_decorator.py took 0.068 seconds
[2026-04-28T12:42:02.561+0000] {processor.py:161} INFO - Started process (PID=3378) to work on /home/airflow/.local/lib/python3.8/site-packages/airflow/example_dags/example_task_group_decorator.py
[2026-04-28T12:42:02.562+0000] {processor.py:830} INFO - Processing file /home/airflow/.local/lib/python3.8/site-packages/airflow/example_dags/example_task_group_decorator.py for tasks to queue
[2026-04-28T12:42:02.563+0000] {logging_mixin.py:188} INFO - [2026-04-28T12:42:02.563+0000] {dagbag.py:540} INFO - Filling up the DagBag from /home/airflow/.local/lib/python3.8/site-packages/airflow/example_dags/example_task_group_decorator.py
[2026-04-28T12:42:02.575+0000] {processor.py:840} INFO - DAG(s) 'example_task_group_decorator' retrieved from /home/airflow/.local/lib/python3.8/site-packages/airflow/example_dags/example_task_group_decorator.py
[2026-04-28T12:42:02.593+0000] {logging_mixin.py:188} INFO - [2026-04-28T12:42:02.593+0000] {dag.py:3047} INFO - Sync 1 DAGs
[2026-04-28T12:42:02.610+0000] {logging_mixin.py:188} INFO - [2026-04-28T12:42:02.610+0000] {dag.py:3834} INFO - Setting next_dagrun for example_task_group_decorator to 2026-04-27 00:00:00+00:00, run_after=2026-04-28 00:00:00+00:00
[2026-04-28T12:42:02.623+0000] {processor.py:183} INFO - Processing /home/airflow/.local/lib/python3.8/site-packages/airflow/example_dags/example_task_group_decorator.py took 0.065 seconds
[2026-04-28T12:42:33.031+0000] {processor.py:161} INFO - Started process (PID=3434) to work on /home/airflow/.local/lib/python3.8/site-packages/airflow/example_dags/example_task_group_decorator.py
[2026-04-28T12:42:33.032+0000] {processor.py:830} INFO - Processing file /home/airflow/.local/lib/python3.8/site-packages/airflow/example_dags/example_task_group_decorator.py for tasks to queue
[2026-04-28T12:42:33.035+0000] {logging_mixin.py:188} INFO - [2026-04-28T12:42:33.034+0000] {dagbag.py:540} INFO - Filling up the DagBag from /home/airflow/.local/lib/python3.8/site-packages/airflow/example_dags/example_task_group_decorator.py
[2026-04-28T12:42:33.048+0000] {processor.py:840} INFO - DAG(s) 'example_task_group_decorator' retrieved from /home/airflow/.local/lib/python3.8/site-packages/airflow/example_dags/example_task_group_decorator.py
[2026-04-28T12:42:33.066+0000] {logging_mixin.py:188} INFO - [2026-04-28T12:42:33.066+0000] {dag.py:3047} INFO - Sync 1 DAGs
[2026-04-28T12:42:33.082+0000] {logging_mixin.py:188} INFO - [2026-04-28T12:42:33.082+0000] {dag.py:3834} INFO - Setting next_dagrun for example_task_group_decorator to 2026-04-27 00:00:00+00:00, run_after=2026-04-28 00:00:00+00:00
[2026-04-28T12:42:33.095+0000] {processor.py:183} INFO - Processing /home/airflow/.local/lib/python3.8/site-packages/airflow/example_dags/example_task_group_decorator.py took 0.069 seconds
[2026-04-28T12:43:04.161+0000] {processor.py:161} INFO - Started process (PID=3490) to work on /home/airflow/.local/lib/python3.8/site-packages/airflow/example_dags/example_task_group_decorator.py
[2026-04-28T12:43:04.162+0000] {processor.py:830} INFO - Processing file /home/airflow/.local/lib/python3.8/site-packages/airflow/example_dags/example_task_group_decorator.py for tasks to queue
[2026-04-28T12:43:04.165+0000] {logging_mixin.py:188} INFO - [2026-04-28T12:43:04.165+0000] {dagbag.py:540} INFO - Filling up the DagBag from /home/airflow/.local/lib/python3.8/site-packages/airflow/example_dags/example_task_group_decorator.py
[2026-04-28T12:43:04.185+0000] {processor.py:840} INFO - DAG(s) 'example_task_group_decorator' retrieved from /home/airflow/.local/lib/python3.8/site-packages/airflow/example_dags/example_task_group_decorator.py
[2026-04-28T12:43:04.212+0000] {logging_mixin.py:188} INFO - [2026-04-28T12:43:04.212+0000] {dag.py:3047} INFO - Sync 1 DAGs
[2026-04-28T12:43:04.237+0000] {logging_mixin.py:188} INFO - [2026-04-28T12:43:04.236+0000] {dag.py:3834} INFO - Setting next_dagrun for example_task_group_decorator to 2026-04-27 00:00:00+00:00, run_after=2026-04-28 00:00:00+00:00
[2026-04-28T12:43:04.254+0000] {processor.py:183} INFO - Processing /home/airflow/.local/lib/python3.8/site-packages/airflow/example_dags/example_task_group_decorator.py took 0.102 seconds
[2026-04-28T12:43:34.596+0000] {processor.py:161} INFO - Started process (PID=3551) to work on /home/airflow/.local/lib/python3.8/site-packages/airflow/example_dags/example_task_group_decorator.py
[2026-04-28T12:43:34.597+0000] {processor.py:830} INFO - Processing file /home/airflow/.local/lib/python3.8/site-packages/airflow/example_dags/example_task_group_decorator.py for tasks to queue
[2026-04-28T12:43:34.599+0000] {logging_mixin.py:188} INFO - [2026-04-28T12:43:34.599+0000] {dagbag.py:540} INFO - Filling up the DagBag from /home/airflow/.local/lib/python3.8/site-packages/airflow/example_dags/example_task_group_decorator.py
[2026-04-28T12:43:34.616+0000] {processor.py:840} INFO - DAG(s) 'example_task_group_decorator' retrieved from /home/airflow/.local/lib/python3.8/site-packages/airflow/example_dags/example_task_group_decorator.py
[2026-04-28T12:43:34.646+0000] {logging_mixin.py:188} INFO - [2026-04-28T12:43:34.646+0000] {dag.py:3047} INFO - Sync 1 DAGs
[2026-04-28T12:43:34.674+0000] {logging_mixin.py:188} INFO - [2026-04-28T12:43:34.673+0000] {dag.py:3834} INFO - Setting next_dagrun for example_task_group_decorator to 2026-04-27 00:00:00+00:00, run_after=2026-04-28 00:00:00+00:00
[2026-04-28T12:43:34.691+0000] {processor.py:183} INFO - Processing /home/airflow/.local/lib/python3.8/site-packages/airflow/example_dags/example_task_group_decorator.py took 0.102 seconds
[2026-04-28T12:44:05.591+0000] {processor.py:161} INFO - Started process (PID=3607) to work on /home/airflow/.local/lib/python3.8/site-packages/airflow/example_dags/example_task_group_decorator.py
[2026-04-28T12:44:05.592+0000] {processor.py:830} INFO - Processing file /home/airflow/.local/lib/python3.8/site-packages/airflow/example_dags/example_task_group_decorator.py for tasks to queue
[2026-04-28T12:44:05.593+0000] {logging_mixin.py:188} INFO - [2026-04-28T12:44:05.593+0000] {dagbag.py:540} INFO - Filling up the DagBag from /home/airflow/.local/lib/python3.8/site-packages/airflow/example_dags/example_task_group_decorator.py
[2026-04-28T12:44:05.605+0000] {processor.py:840} INFO - DAG(s) 'example_task_group_decorator' retrieved from /home/airflow/.local/lib/python3.8/site-packages/airflow/example_dags/example_task_group_decorator.py
[2026-04-28T12:44:05.624+0000] {logging_mixin.py:188} INFO - [2026-04-28T12:44:05.624+0000] {dag.py:3047} INFO - Sync 1 DAGs
[2026-04-28T12:44:05.641+0000] {logging_mixin.py:188} INFO - [2026-04-28T12:44:05.641+0000] {dag.py:3834} INFO - Setting next_dagrun for example_task_group_decorator to 2026-04-27 00:00:00+00:00, run_after=2026-04-28 00:00:00+00:00
[2026-04-28T12:44:05.658+0000] {processor.py:183} INFO - Processing /home/airflow/.local/lib/python3.8/site-packages/airflow/example_dags/example_task_group_decorator.py took 0.070 seconds
[2026-04-28T12:44:36.436+0000] {processor.py:161} INFO - Started process (PID=3663) to work on /home/airflow/.local/lib/python3.8/site-packages/airflow/example_dags/example_task_group_decorator.py
[2026-04-28T12:44:36.437+0000] {processor.py:830} INFO - Processing file /home/airflow/.local/lib/python3.8/site-packages/airflow/example_dags/example_task_group_decorator.py for tasks to queue
[2026-04-28T12:44:36.438+0000] {logging_mixin.py:188} INFO - [2026-04-28T12:44:36.438+0000] {dagbag.py:540} INFO - Filling up the DagBag from /home/airflow/.local/lib/python3.8/site-packages/airflow/example_dags/example_task_group_decorator.py
[2026-04-28T12:44:36.450+0000] {processor.py:840} INFO - DAG(s) 'example_task_group_decorator' retrieved from /home/airflow/.local/lib/python3.8/site-packages/airflow/example_dags/example_task_group_decorator.py
[2026-04-28T12:44:36.470+0000] {logging_mixin.py:188} INFO - [2026-04-28T12:44:36.469+0000] {dag.py:3047} INFO - Sync 1 DAGs
[2026-04-28T12:44:36.487+0000] {logging_mixin.py:188} INFO - [2026-04-28T12:44:36.487+0000] {dag.py:3834} INFO - Setting next_dagrun for example_task_group_decorator to 2026-04-27 00:00:00+00:00, run_after=2026-04-28 00:00:00+00:00
[2026-04-28T12:44:36.500+0000] {processor.py:183} INFO - Processing /home/airflow/.local/lib/python3.8/site-packages/airflow/example_dags/example_task_group_decorator.py took 0.068 seconds
[2026-04-28T12:45:07.352+0000] {processor.py:161} INFO - Started process (PID=3718) to work on /home/airflow/.local/lib/python3.8/site-packages/airflow/example_dags/example_task_group_decorator.py
[2026-04-28T12:45:07.353+0000] {processor.py:830} INFO - Processing file /home/airflow/.local/lib/python3.8/site-packages/airflow/example_dags/example_task_group_decorator.py for tasks to queue
[2026-04-28T12:45:07.355+0000] {logging_mixin.py:188} INFO - [2026-04-28T12:45:07.354+0000] {dagbag.py:540} INFO - Filling up the DagBag from /home/airflow/.local/lib/python3.8/site-packages/airflow/example_dags/example_task_group_decorator.py
[2026-04-28T12:45:07.371+0000] {processor.py:840} INFO - DAG(s) 'example_task_group_decorator' retrieved from /home/airflow/.local/lib/python3.8/site-packages/airflow/example_dags/example_task_group_decorator.py
[2026-04-28T12:45:07.409+0000] {logging_mixin.py:188} INFO - [2026-04-28T12:45:07.408+0000] {dag.py:3047} INFO - Sync 1 DAGs
[2026-04-28T12:45:07.432+0000] {logging_mixin.py:188} INFO - [2026-04-28T12:45:07.432+0000] {dag.py:3834} INFO - Setting next_dagrun for example_task_group_decorator to 2026-04-27 00:00:00+00:00, run_after=2026-04-28 00:00:00+00:00
[2026-04-28T12:45:07.462+0000] {processor.py:183} INFO - Processing /home/airflow/.local/lib/python3.8/site-packages/airflow/example_dags/example_task_group_decorator.py took 0.114 seconds
[2026-04-28T12:45:38.315+0000] {processor.py:161} INFO - Started process (PID=3774) to work on /home/airflow/.local/lib/python3.8/site-packages/airflow/example_dags/example_task_group_decorator.py
[2026-04-28T12:45:38.316+0000] {processor.py:830} INFO - Processing file /home/airflow/.local/lib/python3.8/site-packages/airflow/example_dags/example_task_group_decorator.py for tasks to queue
[2026-04-28T12:45:38.317+0000] {logging_mixin.py:188} INFO - [2026-04-28T12:45:38.317+0000] {dagbag.py:540} INFO - Filling up the DagBag from /home/airflow/.local/lib/python3.8/site-packages/airflow/example_dags/example_task_group_decorator.py
[2026-04-28T12:45:38.329+0000] {processor.py:840} INFO - DAG(s) 'example_task_group_decorator' retrieved from /home/airflow/.local/lib/python3.8/site-packages/airflow/example_dags/example_task_group_decorator.py
[2026-04-28T12:45:38.349+0000] {logging_mixin.py:188} INFO - [2026-04-28T12:45:38.349+0000] {dag.py:3047} INFO - Sync 1 DAGs
[2026-04-28T12:45:38.366+0000] {logging_mixin.py:188} INFO - [2026-04-28T12:45:38.366+0000] {dag.py:3834} INFO - Setting next_dagrun for example_task_group_decorator to 2026-04-27 00:00:00+00:00, run_after=2026-04-28 00:00:00+00:00
[2026-04-28T12:45:38.379+0000] {processor.py:183} INFO - Processing /home/airflow/.local/lib/python3.8/site-packages/airflow/example_dags/example_task_group_decorator.py took 0.067 seconds
[2026-04-28T12:46:09.486+0000] {processor.py:161} INFO - Started process (PID=3830) to work on /home/airflow/.local/lib/python3.8/site-packages/airflow/example_dags/example_task_group_decorator.py
[2026-04-28T12:46:09.489+0000] {processor.py:830} INFO - Processing file /home/airflow/.local/lib/python3.8/site-packages/airflow/example_dags/example_task_group_decorator.py for tasks to queue
[2026-04-28T12:46:09.497+0000] {logging_mixin.py:188} INFO - [2026-04-28T12:46:09.491+0000] {dagbag.py:540} INFO - Filling up the DagBag from /home/airflow/.local/lib/python3.8/site-packages/airflow/example_dags/example_task_group_decorator.py
[2026-04-28T12:46:09.528+0000] {processor.py:840} INFO - DAG(s) 'example_task_group_decorator' retrieved from /home/airflow/.local/lib/python3.8/site-packages/airflow/example_dags/example_task_group_decorator.py
[2026-04-28T12:46:09.584+0000] {logging_mixin.py:188} INFO - [2026-04-28T12:46:09.583+0000] {dag.py:3047} INFO - Sync 1 DAGs
[2026-04-28T12:46:09.624+0000] {logging_mixin.py:188} INFO - [2026-04-28T12:46:09.624+0000] {dag.py:3834} INFO - Setting next_dagrun for example_task_group_decorator to 2026-04-27 00:00:00+00:00, run_after=2026-04-28 00:00:00+00:00
[2026-04-28T12:46:09.654+0000] {processor.py:183} INFO - Processing /home/airflow/.local/lib/python3.8/site-packages/airflow/example_dags/example_task_group_decorator.py took 0.183 seconds
[2026-04-28T12:46:40.560+0000] {processor.py:161} INFO - Started process (PID=3886) to work on /home/airflow/.local/lib/python3.8/site-packages/airflow/example_dags/example_task_group_decorator.py
[2026-04-28T12:46:40.562+0000] {processor.py:830} INFO - Processing file /home/airflow/.local/lib/python3.8/site-packages/airflow/example_dags/example_task_group_decorator.py for tasks to queue
[2026-04-28T12:46:40.564+0000] {logging_mixin.py:188} INFO - [2026-04-28T12:46:40.563+0000] {dagbag.py:540} INFO - Filling up the DagBag from /home/airflow/.local/lib/python3.8/site-packages/airflow/example_dags/example_task_group_decorator.py
[2026-04-28T12:46:40.582+0000] {processor.py:840} INFO - DAG(s) 'example_task_group_decorator' retrieved from /home/airflow/.local/lib/python3.8/site-packages/airflow/example_dags/example_task_group_decorator.py
[2026-04-28T12:46:40.632+0000] {logging_mixin.py:188} INFO - [2026-04-28T12:46:40.632+0000] {dag.py:3047} INFO - Sync 1 DAGs
[2026-04-28T12:46:40.657+0000] {logging_mixin.py:188} INFO - [2026-04-28T12:46:40.657+0000] {dag.py:3834} INFO - Setting next_dagrun for example_task_group_decorator to 2026-04-27 00:00:00+00:00, run_after=2026-04-28 00:00:00+00:00
[2026-04-28T12:46:40.674+0000] {processor.py:183} INFO - Processing /home/airflow/.local/lib/python3.8/site-packages/airflow/example_dags/example_task_group_decorator.py took 0.119 seconds
[2026-04-28T12:47:11.662+0000] {processor.py:161} INFO - Started process (PID=3942) to work on /home/airflow/.local/lib/python3.8/site-packages/airflow/example_dags/example_task_group_decorator.py
[2026-04-28T12:47:11.663+0000] {processor.py:830} INFO - Processing file /home/airflow/.local/lib/python3.8/site-packages/airflow/example_dags/example_task_group_decorator.py for tasks to queue
[2026-04-28T12:47:11.665+0000] {logging_mixin.py:188} INFO - [2026-04-28T12:47:11.665+0000] {dagbag.py:540} INFO - Filling up the DagBag from /home/airflow/.local/lib/python3.8/site-packages/airflow/example_dags/example_task_group_decorator.py
[2026-04-28T12:47:11.683+0000] {processor.py:840} INFO - DAG(s) 'example_task_group_decorator' retrieved from /home/airflow/.local/lib/python3.8/site-packages/airflow/example_dags/example_task_group_decorator.py
[2026-04-28T12:47:11.716+0000] {logging_mixin.py:188} INFO - [2026-04-28T12:47:11.716+0000] {dag.py:3047} INFO - Sync 1 DAGs
[2026-04-28T12:47:11.742+0000] {logging_mixin.py:188} INFO - [2026-04-28T12:47:11.742+0000] {dag.py:3834} INFO - Setting next_dagrun for example_task_group_decorator to 2026-04-27 00:00:00+00:00, run_after=2026-04-28 00:00:00+00:00
[2026-04-28T12:47:11.760+0000] {processor.py:183} INFO - Processing /home/airflow/.local/lib/python3.8/site-packages/airflow/example_dags/example_task_group_decorator.py took 0.101 seconds
[2026-04-28T12:47:42.019+0000] {processor.py:161} INFO - Started process (PID=3998) to work on /home/airflow/.local/lib/python3.8/site-packages/airflow/example_dags/example_task_group_decorator.py
[2026-04-28T12:47:42.020+0000] {processor.py:830} INFO - Processing file /home/airflow/.local/lib/python3.8/site-packages/airflow/example_dags/example_task_group_decorator.py for tasks to queue
[2026-04-28T12:47:42.022+0000] {logging_mixin.py:188} INFO - [2026-04-28T12:47:42.022+0000] {dagbag.py:540} INFO - Filling up the DagBag from /home/airflow/.local/lib/python3.8/site-packages/airflow/example_dags/example_task_group_decorator.py
[2026-04-28T12:47:42.040+0000] {processor.py:840} INFO - DAG(s) 'example_task_group_decorator' retrieved from /home/airflow/.local/lib/python3.8/site-packages/airflow/example_dags/example_task_group_decorator.py
[2026-04-28T12:47:42.072+0000] {logging_mixin.py:188} INFO - [2026-04-28T12:47:42.072+0000] {dag.py:3047} INFO - Sync 1 DAGs
[2026-04-28T12:47:42.098+0000] {logging_mixin.py:188} INFO - [2026-04-28T12:47:42.097+0000] {dag.py:3834} INFO - Setting next_dagrun for example_task_group_decorator to 2026-04-27 00:00:00+00:00, run_after=2026-04-28 00:00:00+00:00
[2026-04-28T12:47:42.121+0000] {processor.py:183} INFO - Processing /home/airflow/.local/lib/python3.8/site-packages/airflow/example_dags/example_task_group_decorator.py took 0.108 seconds
[2026-04-28T12:48:12.915+0000] {processor.py:161} INFO - Started process (PID=4054) to work on /home/airflow/.local/lib/python3.8/site-packages/airflow/example_dags/example_task_group_decorator.py
[2026-04-28T12:48:12.916+0000] {processor.py:830} INFO - Processing file /home/airflow/.local/lib/python3.8/site-packages/airflow/example_dags/example_task_group_decorator.py for tasks to queue
[2026-04-28T12:48:12.918+0000] {logging_mixin.py:188} INFO - [2026-04-28T12:48:12.918+0000] {dagbag.py:540} INFO - Filling up the DagBag from /home/airflow/.local/lib/python3.8/site-packages/airflow/example_dags/example_task_group_decorator.py
[2026-04-28T12:48:12.937+0000] {processor.py:840} INFO - DAG(s) 'example_task_group_decorator' retrieved from /home/airflow/.local/lib/python3.8/site-packages/airflow/example_dags/example_task_group_decorator.py
[2026-04-28T12:48:12.976+0000] {logging_mixin.py:188} INFO - [2026-04-28T12:48:12.975+0000] {dag.py:3047} INFO - Sync 1 DAGs
[2026-04-28T12:48:13.002+0000] {logging_mixin.py:188} INFO - [2026-04-28T12:48:13.002+0000] {dag.py:3834} INFO - Setting next_dagrun for example_task_group_decorator to 2026-04-27 00:00:00+00:00, run_after=2026-04-28 00:00:00+00:00
[2026-04-28T12:48:13.020+0000] {processor.py:183} INFO - Processing /home/airflow/.local/lib/python3.8/site-packages/airflow/example_dags/example_task_group_decorator.py took 0.109 seconds
[2026-04-28T12:48:43.136+0000] {processor.py:161} INFO - Started process (PID=4110) to work on /home/airflow/.local/lib/python3.8/site-packages/airflow/example_dags/example_task_group_decorator.py
[2026-04-28T12:48:43.137+0000] {processor.py:830} INFO - Processing file /home/airflow/.local/lib/python3.8/site-packages/airflow/example_dags/example_task_group_decorator.py for tasks to queue
[2026-04-28T12:48:43.139+0000] {logging_mixin.py:188} INFO - [2026-04-28T12:48:43.139+0000] {dagbag.py:540} INFO - Filling up the DagBag from /home/airflow/.local/lib/python3.8/site-packages/airflow/example_dags/example_task_group_decorator.py
[2026-04-28T12:48:43.159+0000] {processor.py:840} INFO - DAG(s) 'example_task_group_decorator' retrieved from /home/airflow/.local/lib/python3.8/site-packages/airflow/example_dags/example_task_group_decorator.py
[2026-04-28T12:48:43.189+0000] {logging_mixin.py:188} INFO - [2026-04-28T12:48:43.189+0000] {dag.py:3047} INFO - Sync 1 DAGs
[2026-04-28T12:48:43.213+0000] {logging_mixin.py:188} INFO - [2026-04-28T12:48:43.213+0000] {dag.py:3834} INFO - Setting next_dagrun for example_task_group_decorator to 2026-04-27 00:00:00+00:00, run_after=2026-04-28 00:00:00+00:00
[2026-04-28T12:48:43.230+0000] {processor.py:183} INFO - Processing /home/airflow/.local/lib/python3.8/site-packages/airflow/example_dags/example_task_group_decorator.py took 0.097 seconds
[2026-04-28T12:49:13.311+0000] {processor.py:161} INFO - Started process (PID=4166) to work on /home/airflow/.local/lib/python3.8/site-packages/airflow/example_dags/example_task_group_decorator.py
[2026-04-28T12:49:13.315+0000] {processor.py:830} INFO - Processing file /home/airflow/.local/lib/python3.8/site-packages/airflow/example_dags/example_task_group_decorator.py for tasks to queue
[2026-04-28T12:49:13.319+0000] {logging_mixin.py:188} INFO - [2026-04-28T12:49:13.317+0000] {dagbag.py:540} INFO - Filling up the DagBag from /home/airflow/.local/lib/python3.8/site-packages/airflow/example_dags/example_task_group_decorator.py
[2026-04-28T12:49:13.341+0000] {processor.py:840} INFO - DAG(s) 'example_task_group_decorator' retrieved from /home/airflow/.local/lib/python3.8/site-packages/airflow/example_dags/example_task_group_decorator.py
[2026-04-28T12:49:13.377+0000] {logging_mixin.py:188} INFO - [2026-04-28T12:49:13.377+0000] {dag.py:3047} INFO - Sync 1 DAGs
[2026-04-28T12:49:13.410+0000] {logging_mixin.py:188} INFO - [2026-04-28T12:49:13.410+0000] {dag.py:3834} INFO - Setting next_dagrun for example_task_group_decorator to 2026-04-27 00:00:00+00:00, run_after=2026-04-28 00:00:00+00:00
[2026-04-28T12:49:13.439+0000] {processor.py:183} INFO - Processing /home/airflow/.local/lib/python3.8/site-packages/airflow/example_dags/example_task_group_decorator.py took 0.135 seconds
[2026-04-28T12:49:43.618+0000] {processor.py:161} INFO - Started process (PID=4222) to work on /home/airflow/.local/lib/python3.8/site-packages/airflow/example_dags/example_task_group_decorator.py
[2026-04-28T12:49:43.621+0000] {processor.py:830} INFO - Processing file /home/airflow/.local/lib/python3.8/site-packages/airflow/example_dags/example_task_group_decorator.py for tasks to queue
[2026-04-28T12:49:43.623+0000] {logging_mixin.py:188} INFO - [2026-04-28T12:49:43.623+0000] {dagbag.py:540} INFO - Filling up the DagBag from /home/airflow/.local/lib/python3.8/site-packages/airflow/example_dags/example_task_group_decorator.py
[2026-04-28T12:49:43.642+0000] {processor.py:840} INFO - DAG(s) 'example_task_group_decorator' retrieved from /home/airflow/.local/lib/python3.8/site-packages/airflow/example_dags/example_task_group_decorator.py
[2026-04-28T12:49:43.669+0000] {logging_mixin.py:188} INFO - [2026-04-28T12:49:43.669+0000] {dag.py:3047} INFO - Sync 1 DAGs
[2026-04-28T12:49:43.722+0000] {logging_mixin.py:188} INFO - [2026-04-28T12:49:43.720+0000] {dag.py:3834} INFO - Setting next_dagrun for example_task_group_decorator to 2026-04-27 00:00:00+00:00, run_after=2026-04-28 00:00:00+00:00
[2026-04-28T12:49:43.765+0000] {processor.py:183} INFO - Processing /home/airflow/.local/lib/python3.8/site-packages/airflow/example_dags/example_task_group_decorator.py took 0.151 seconds
[2026-04-28T12:50:14.003+0000] {processor.py:161} INFO - Started process (PID=4278) to work on /home/airflow/.local/lib/python3.8/site-packages/airflow/example_dags/example_task_group_decorator.py
[2026-04-28T12:50:14.004+0000] {processor.py:830} INFO - Processing file /home/airflow/.local/lib/python3.8/site-packages/airflow/example_dags/example_task_group_decorator.py for tasks to queue
[2026-04-28T12:50:14.006+0000] {logging_mixin.py:188} INFO - [2026-04-28T12:50:14.006+0000] {dagbag.py:540} INFO - Filling up the DagBag from /home/airflow/.local/lib/python3.8/site-packages/airflow/example_dags/example_task_group_decorator.py
[2026-04-28T12:50:14.024+0000] {processor.py:840} INFO - DAG(s) 'example_task_group_decorator' retrieved from /home/airflow/.local/lib/python3.8/site-packages/airflow/example_dags/example_task_group_decorator.py
[2026-04-28T12:50:14.052+0000] {logging_mixin.py:188} INFO - [2026-04-28T12:50:14.052+0000] {dag.py:3047} INFO - Sync 1 DAGs
[2026-04-28T12:50:14.076+0000] {logging_mixin.py:188} INFO - [2026-04-28T12:50:14.075+0000] {dag.py:3834} INFO - Setting next_dagrun for example_task_group_decorator to 2026-04-27 00:00:00+00:00, run_after=2026-04-28 00:00:00+00:00
[2026-04-28T12:50:14.093+0000] {processor.py:183} INFO - Processing /home/airflow/.local/lib/python3.8/site-packages/airflow/example_dags/example_task_group_decorator.py took 0.094 seconds
[2026-04-28T12:50:44.118+0000] {processor.py:161} INFO - Started process (PID=4334) to work on /home/airflow/.local/lib/python3.8/site-packages/airflow/example_dags/example_task_group_decorator.py
[2026-04-28T12:50:44.119+0000] {processor.py:830} INFO - Processing file /home/airflow/.local/lib/python3.8/site-packages/airflow/example_dags/example_task_group_decorator.py for tasks to queue
[2026-04-28T12:50:44.121+0000] {logging_mixin.py:188} INFO - [2026-04-28T12:50:44.121+0000] {dagbag.py:540} INFO - Filling up the DagBag from /home/airflow/.local/lib/python3.8/site-packages/airflow/example_dags/example_task_group_decorator.py
[2026-04-28T12:50:44.138+0000] {processor.py:840} INFO - DAG(s) 'example_task_group_decorator' retrieved from /home/airflow/.local/lib/python3.8/site-packages/airflow/example_dags/example_task_group_decorator.py
[2026-04-28T12:50:44.167+0000] {logging_mixin.py:188} INFO - [2026-04-28T12:50:44.167+0000] {dag.py:3047} INFO - Sync 1 DAGs
[2026-04-28T12:50:44.191+0000] {logging_mixin.py:188} INFO - [2026-04-28T12:50:44.191+0000] {dag.py:3834} INFO - Setting next_dagrun for example_task_group_decorator to 2026-04-27 00:00:00+00:00, run_after=2026-04-28 00:00:00+00:00
[2026-04-28T12:50:44.209+0000] {processor.py:183} INFO - Processing /home/airflow/.local/lib/python3.8/site-packages/airflow/example_dags/example_task_group_decorator.py took 0.095 seconds
[2026-04-28T12:51:14.386+0000] {processor.py:161} INFO - Started process (PID=4390) to work on /home/airflow/.local/lib/python3.8/site-packages/airflow/example_dags/example_task_group_decorator.py
[2026-04-28T12:51:14.387+0000] {processor.py:830} INFO - Processing file /home/airflow/.local/lib/python3.8/site-packages/airflow/example_dags/example_task_group_decorator.py for tasks to queue
[2026-04-28T12:51:14.389+0000] {logging_mixin.py:188} INFO - [2026-04-28T12:51:14.389+0000] {dagbag.py:540} INFO - Filling up the DagBag from /home/airflow/.local/lib/python3.8/site-packages/airflow/example_dags/example_task_group_decorator.py
[2026-04-28T12:51:14.407+0000] {processor.py:840} INFO - DAG(s) 'example_task_group_decorator' retrieved from /home/airflow/.local/lib/python3.8/site-packages/airflow/example_dags/example_task_group_decorator.py
[2026-04-28T12:51:14.436+0000] {logging_mixin.py:188} INFO - [2026-04-28T12:51:14.436+0000] {dag.py:3047} INFO - Sync 1 DAGs
[2026-04-28T12:51:14.460+0000] {logging_mixin.py:188} INFO - [2026-04-28T12:51:14.460+0000] {dag.py:3834} INFO - Setting next_dagrun for example_task_group_decorator to 2026-04-27 00:00:00+00:00, run_after=2026-04-28 00:00:00+00:00
[2026-04-28T12:51:14.478+0000] {processor.py:183} INFO - Processing /home/airflow/.local/lib/python3.8/site-packages/airflow/example_dags/example_task_group_decorator.py took 0.095 seconds
[2026-04-28T12:51:45.229+0000] {processor.py:161} INFO - Started process (PID=4446) to work on /home/airflow/.local/lib/python3.8/site-packages/airflow/example_dags/example_task_group_decorator.py
[2026-04-28T12:51:45.230+0000] {processor.py:830} INFO - Processing file /home/airflow/.local/lib/python3.8/site-packages/airflow/example_dags/example_task_group_decorator.py for tasks to queue
[2026-04-28T12:51:45.232+0000] {logging_mixin.py:188} INFO - [2026-04-28T12:51:45.232+0000] {dagbag.py:540} INFO - Filling up the DagBag from /home/airflow/.local/lib/python3.8/site-packages/airflow/example_dags/example_task_group_decorator.py
[2026-04-28T12:51:45.251+0000] {processor.py:840} INFO - DAG(s) 'example_task_group_decorator' retrieved from /home/airflow/.local/lib/python3.8/site-packages/airflow/example_dags/example_task_group_decorator.py
[2026-04-28T12:51:45.284+0000] {logging_mixin.py:188} INFO - [2026-04-28T12:51:45.284+0000] {dag.py:3047} INFO - Sync 1 DAGs
[2026-04-28T12:51:45.308+0000] {logging_mixin.py:188} INFO - [2026-04-28T12:51:45.307+0000] {dag.py:3834} INFO - Setting next_dagrun for example_task_group_decorator to 2026-04-27 00:00:00+00:00, run_after=2026-04-28 00:00:00+00:00
[2026-04-28T12:51:45.324+0000] {processor.py:183} INFO - Processing /home/airflow/.local/lib/python3.8/site-packages/airflow/example_dags/example_task_group_decorator.py took 0.099 seconds
[2026-04-28T12:52:16.080+0000] {processor.py:161} INFO - Started process (PID=4502) to work on /home/airflow/.local/lib/python3.8/site-packages/airflow/example_dags/example_task_group_decorator.py
[2026-04-28T12:52:16.081+0000] {processor.py:830} INFO - Processing file /home/airflow/.local/lib/python3.8/site-packages/airflow/example_dags/example_task_group_decorator.py for tasks to queue
[2026-04-28T12:52:16.084+0000] {logging_mixin.py:188} INFO - [2026-04-28T12:52:16.083+0000] {dagbag.py:540} INFO - Filling up the DagBag from /home/airflow/.local/lib/python3.8/site-packages/airflow/example_dags/example_task_group_decorator.py
[2026-04-28T12:52:16.102+0000] {processor.py:840} INFO - DAG(s) 'example_task_group_decorator' retrieved from /home/airflow/.local/lib/python3.8/site-packages/airflow/example_dags/example_task_group_decorator.py
[2026-04-28T12:52:16.131+0000] {logging_mixin.py:188} INFO - [2026-04-28T12:52:16.131+0000] {dag.py:3047} INFO - Sync 1 DAGs
[2026-04-28T12:52:16.158+0000] {logging_mixin.py:188} INFO - [2026-04-28T12:52:16.158+0000] {dag.py:3834} INFO - Setting next_dagrun for example_task_group_decorator to 2026-04-27 00:00:00+00:00, run_after=2026-04-28 00:00:00+00:00
[2026-04-28T12:52:16.175+0000] {processor.py:183} INFO - Processing /home/airflow/.local/lib/python3.8/site-packages/airflow/example_dags/example_task_group_decorator.py took 0.099 seconds
[2026-04-28T12:52:46.904+0000] {processor.py:161} INFO - Started process (PID=4558) to work on /home/airflow/.local/lib/python3.8/site-packages/airflow/example_dags/example_task_group_decorator.py
[2026-04-28T12:52:46.905+0000] {processor.py:830} INFO - Processing file /home/airflow/.local/lib/python3.8/site-packages/airflow/example_dags/example_task_group_decorator.py for tasks to queue
[2026-04-28T12:52:46.907+0000] {logging_mixin.py:188} INFO - [2026-04-28T12:52:46.907+0000] {dagbag.py:540} INFO - Filling up the DagBag from /home/airflow/.local/lib/python3.8/site-packages/airflow/example_dags/example_task_group_decorator.py
[2026-04-28T12:52:46.925+0000] {processor.py:840} INFO - DAG(s) 'example_task_group_decorator' retrieved from /home/airflow/.local/lib/python3.8/site-packages/airflow/example_dags/example_task_group_decorator.py
[2026-04-28T12:52:46.953+0000] {logging_mixin.py:188} INFO - [2026-04-28T12:52:46.953+0000] {dag.py:3047} INFO - Sync 1 DAGs
[2026-04-28T12:52:46.977+0000] {logging_mixin.py:188} INFO - [2026-04-28T12:52:46.976+0000] {dag.py:3834} INFO - Setting next_dagrun for example_task_group_decorator to 2026-04-27 00:00:00+00:00, run_after=2026-04-28 00:00:00+00:00
[2026-04-28T12:52:46.995+0000] {processor.py:183} INFO - Processing /home/airflow/.local/lib/python3.8/site-packages/airflow/example_dags/example_task_group_decorator.py took 0.095 seconds
[2026-04-28T12:53:17.049+0000] {processor.py:161} INFO - Started process (PID=4614) to work on /home/airflow/.local/lib/python3.8/site-packages/airflow/example_dags/example_task_group_decorator.py
[2026-04-28T12:53:17.050+0000] {processor.py:830} INFO - Processing file /home/airflow/.local/lib/python3.8/site-packages/airflow/example_dags/example_task_group_decorator.py for tasks to queue
[2026-04-28T12:53:17.053+0000] {logging_mixin.py:188} INFO - [2026-04-28T12:53:17.052+0000] {dagbag.py:540} INFO - Filling up the DagBag from /home/airflow/.local/lib/python3.8/site-packages/airflow/example_dags/example_task_group_decorator.py
[2026-04-28T12:53:17.077+0000] {processor.py:840} INFO - DAG(s) 'example_task_group_decorator' retrieved from /home/airflow/.local/lib/python3.8/site-packages/airflow/example_dags/example_task_group_decorator.py
[2026-04-28T12:53:17.103+0000] {logging_mixin.py:188} INFO - [2026-04-28T12:53:17.103+0000] {dag.py:3047} INFO - Sync 1 DAGs
[2026-04-28T12:53:17.127+0000] {logging_mixin.py:188} INFO - [2026-04-28T12:53:17.127+0000] {dag.py:3834} INFO - Setting next_dagrun for example_task_group_decorator to 2026-04-27 00:00:00+00:00, run_after=2026-04-28 00:00:00+00:00
[2026-04-28T12:53:17.148+0000] {processor.py:183} INFO - Processing /home/airflow/.local/lib/python3.8/site-packages/airflow/example_dags/example_task_group_decorator.py took 0.102 seconds
[2026-04-28T12:53:47.245+0000] {processor.py:161} INFO - Started process (PID=4670) to work on /home/airflow/.local/lib/python3.8/site-packages/airflow/example_dags/example_task_group_decorator.py
[2026-04-28T12:53:47.246+0000] {processor.py:830} INFO - Processing file /home/airflow/.local/lib/python3.8/site-packages/airflow/example_dags/example_task_group_decorator.py for tasks to queue
[2026-04-28T12:53:47.248+0000] {logging_mixin.py:188} INFO - [2026-04-28T12:53:47.248+0000] {dagbag.py:540} INFO - Filling up the DagBag from /home/airflow/.local/lib/python3.8/site-packages/airflow/example_dags/example_task_group_decorator.py
[2026-04-28T12:53:47.265+0000] {processor.py:840} INFO - DAG(s) 'example_task_group_decorator' retrieved from /home/airflow/.local/lib/python3.8/site-packages/airflow/example_dags/example_task_group_decorator.py
[2026-04-28T12:53:47.294+0000] {logging_mixin.py:188} INFO - [2026-04-28T12:53:47.293+0000] {dag.py:3047} INFO - Sync 1 DAGs
[2026-04-28T12:53:47.322+0000] {logging_mixin.py:188} INFO - [2026-04-28T12:53:47.322+0000] {dag.py:3834} INFO - Setting next_dagrun for example_task_group_decorator to 2026-04-27 00:00:00+00:00, run_after=2026-04-28 00:00:00+00:00
[2026-04-28T12:53:47.339+0000] {processor.py:183} INFO - Processing /home/airflow/.local/lib/python3.8/site-packages/airflow/example_dags/example_task_group_decorator.py took 0.097 seconds
[2026-04-28T12:54:17.462+0000] {processor.py:161} INFO - Started process (PID=4726) to work on /home/airflow/.local/lib/python3.8/site-packages/airflow/example_dags/example_task_group_decorator.py
[2026-04-28T12:54:17.467+0000] {processor.py:830} INFO - Processing file /home/airflow/.local/lib/python3.8/site-packages/airflow/example_dags/example_task_group_decorator.py for tasks to queue
[2026-04-28T12:54:17.470+0000] {logging_mixin.py:188} INFO - [2026-04-28T12:54:17.469+0000] {dagbag.py:540} INFO - Filling up the DagBag from /home/airflow/.local/lib/python3.8/site-packages/airflow/example_dags/example_task_group_decorator.py
[2026-04-28T12:54:17.488+0000] {processor.py:840} INFO - DAG(s) 'example_task_group_decorator' retrieved from /home/airflow/.local/lib/python3.8/site-packages/airflow/example_dags/example_task_group_decorator.py
[2026-04-28T12:54:17.515+0000] {logging_mixin.py:188} INFO - [2026-04-28T12:54:17.514+0000] {dag.py:3047} INFO - Sync 1 DAGs
[2026-04-28T12:54:17.539+0000] {logging_mixin.py:188} INFO - [2026-04-28T12:54:17.538+0000] {dag.py:3834} INFO - Setting next_dagrun for example_task_group_decorator to 2026-04-27 00:00:00+00:00, run_after=2026-04-28 00:00:00+00:00
[2026-04-28T12:54:17.556+0000] {processor.py:183} INFO - Processing /home/airflow/.local/lib/python3.8/site-packages/airflow/example_dags/example_task_group_decorator.py took 0.097 seconds
[2026-04-28T12:54:48.030+0000] {processor.py:161} INFO - Started process (PID=4782) to work on /home/airflow/.local/lib/python3.8/site-packages/airflow/example_dags/example_task_group_decorator.py
[2026-04-28T12:54:48.031+0000] {processor.py:830} INFO - Processing file /home/airflow/.local/lib/python3.8/site-packages/airflow/example_dags/example_task_group_decorator.py for tasks to queue
[2026-04-28T12:54:48.033+0000] {logging_mixin.py:188} INFO - [2026-04-28T12:54:48.033+0000] {dagbag.py:540} INFO - Filling up the DagBag from /home/airflow/.local/lib/python3.8/site-packages/airflow/example_dags/example_task_group_decorator.py
[2026-04-28T12:54:48.050+0000] {processor.py:840} INFO - DAG(s) 'example_task_group_decorator' retrieved from /home/airflow/.local/lib/python3.8/site-packages/airflow/example_dags/example_task_group_decorator.py
[2026-04-28T12:54:48.082+0000] {logging_mixin.py:188} INFO - [2026-04-28T12:54:48.082+0000] {dag.py:3047} INFO - Sync 1 DAGs
[2026-04-28T12:54:48.106+0000] {logging_mixin.py:188} INFO - [2026-04-28T12:54:48.106+0000] {dag.py:3834} INFO - Setting next_dagrun for example_task_group_decorator to 2026-04-27 00:00:00+00:00, run_after=2026-04-28 00:00:00+00:00
[2026-04-28T12:54:48.122+0000] {processor.py:183} INFO - Processing /home/airflow/.local/lib/python3.8/site-packages/airflow/example_dags/example_task_group_decorator.py took 0.096 seconds
[2026-04-28T12:55:18.773+0000] {processor.py:161} INFO - Started process (PID=4838) to work on /home/airflow/.local/lib/python3.8/site-packages/airflow/example_dags/example_task_group_decorator.py
[2026-04-28T12:55:18.774+0000] {processor.py:830} INFO - Processing file /home/airflow/.local/lib/python3.8/site-packages/airflow/example_dags/example_task_group_decorator.py for tasks to queue
[2026-04-28T12:55:18.778+0000] {logging_mixin.py:188} INFO - [2026-04-28T12:55:18.776+0000] {dagbag.py:540} INFO - Filling up the DagBag from /home/airflow/.local/lib/python3.8/site-packages/airflow/example_dags/example_task_group_decorator.py
[2026-04-28T12:55:18.803+0000] {processor.py:840} INFO - DAG(s) 'example_task_group_decorator' retrieved from /home/airflow/.local/lib/python3.8/site-packages/airflow/example_dags/example_task_group_decorator.py
[2026-04-28T12:55:18.829+0000] {logging_mixin.py:188} INFO - [2026-04-28T12:55:18.829+0000] {dag.py:3047} INFO - Sync 1 DAGs
[2026-04-28T12:55:18.852+0000] {logging_mixin.py:188} INFO - [2026-04-28T12:55:18.852+0000] {dag.py:3834} INFO - Setting next_dagrun for example_task_group_decorator to 2026-04-27 00:00:00+00:00, run_after=2026-04-28 00:00:00+00:00
[2026-04-28T12:55:18.869+0000] {processor.py:183} INFO - Processing /home/airflow/.local/lib/python3.8/site-packages/airflow/example_dags/example_task_group_decorator.py took 0.108 seconds
[2026-04-28T12:55:49.777+0000] {processor.py:161} INFO - Started process (PID=4894) to work on /home/airflow/.local/lib/python3.8/site-packages/airflow/example_dags/example_task_group_decorator.py
[2026-04-28T12:55:49.778+0000] {processor.py:830} INFO - Processing file /home/airflow/.local/lib/python3.8/site-packages/airflow/example_dags/example_task_group_decorator.py for tasks to queue
[2026-04-28T12:55:49.780+0000] {logging_mixin.py:188} INFO - [2026-04-28T12:55:49.780+0000] {dagbag.py:540} INFO - Filling up the DagBag from /home/airflow/.local/lib/python3.8/site-packages/airflow/example_dags/example_task_group_decorator.py
[2026-04-28T12:55:49.798+0000] {processor.py:840} INFO - DAG(s) 'example_task_group_decorator' retrieved from /home/airflow/.local/lib/python3.8/site-packages/airflow/example_dags/example_task_group_decorator.py
[2026-04-28T12:55:49.827+0000] {logging_mixin.py:188} INFO - [2026-04-28T12:55:49.827+0000] {dag.py:3047} INFO - Sync 1 DAGs
[2026-04-28T12:55:49.851+0000] {logging_mixin.py:188} INFO - [2026-04-28T12:55:49.850+0000] {dag.py:3834} INFO - Setting next_dagrun for example_task_group_decorator to 2026-04-27 00:00:00+00:00, run_after=2026-04-28 00:00:00+00:00
[2026-04-28T12:55:49.867+0000] {processor.py:183} INFO - Processing /home/airflow/.local/lib/python3.8/site-packages/airflow/example_dags/example_task_group_decorator.py took 0.093 seconds
[2026-04-28T12:56:20.069+0000] {processor.py:161} INFO - Started process (PID=4949) to work on /home/airflow/.local/lib/python3.8/site-packages/airflow/example_dags/example_task_group_decorator.py
[2026-04-28T12:56:20.074+0000] {processor.py:830} INFO - Processing file /home/airflow/.local/lib/python3.8/site-packages/airflow/example_dags/example_task_group_decorator.py for tasks to queue
[2026-04-28T12:56:20.080+0000] {logging_mixin.py:188} INFO - [2026-04-28T12:56:20.079+0000] {dagbag.py:540} INFO - Filling up the DagBag from /home/airflow/.local/lib/python3.8/site-packages/airflow/example_dags/example_task_group_decorator.py
[2026-04-28T12:56:20.119+0000] {processor.py:840} INFO - DAG(s) 'example_task_group_decorator' retrieved from /home/airflow/.local/lib/python3.8/site-packages/airflow/example_dags/example_task_group_decorator.py
[2026-04-28T12:56:20.172+0000] {logging_mixin.py:188} INFO - [2026-04-28T12:56:20.171+0000] {dag.py:3047} INFO - Sync 1 DAGs
[2026-04-28T12:56:20.215+0000] {logging_mixin.py:188} INFO - [2026-04-28T12:56:20.213+0000] {dag.py:3834} INFO - Setting next_dagrun for example_task_group_decorator to 2026-04-27 00:00:00+00:00, run_after=2026-04-28 00:00:00+00:00
[2026-04-28T12:56:20.263+0000] {processor.py:183} INFO - Processing /home/airflow/.local/lib/python3.8/site-packages/airflow/example_dags/example_task_group_decorator.py took 0.202 seconds
[2026-04-28T12:56:51.119+0000] {processor.py:161} INFO - Started process (PID=5005) to work on /home/airflow/.local/lib/python3.8/site-packages/airflow/example_dags/example_task_group_decorator.py
[2026-04-28T12:56:51.120+0000] {processor.py:830} INFO - Processing file /home/airflow/.local/lib/python3.8/site-packages/airflow/example_dags/example_task_group_decorator.py for tasks to queue
[2026-04-28T12:56:51.122+0000] {logging_mixin.py:188} INFO - [2026-04-28T12:56:51.122+0000] {dagbag.py:540} INFO - Filling up the DagBag from /home/airflow/.local/lib/python3.8/site-packages/airflow/example_dags/example_task_group_decorator.py
[2026-04-28T12:56:51.140+0000] {processor.py:840} INFO - DAG(s) 'example_task_group_decorator' retrieved from /home/airflow/.local/lib/python3.8/site-packages/airflow/example_dags/example_task_group_decorator.py
[2026-04-28T12:56:51.168+0000] {logging_mixin.py:188} INFO - [2026-04-28T12:56:51.168+0000] {dag.py:3047} INFO - Sync 1 DAGs
[2026-04-28T12:56:51.192+0000] {logging_mixin.py:188} INFO - [2026-04-28T12:56:51.191+0000] {dag.py:3834} INFO - Setting next_dagrun for example_task_group_decorator to 2026-04-27 00:00:00+00:00, run_after=2026-04-28 00:00:00+00:00
[2026-04-28T12:56:51.210+0000] {processor.py:183} INFO - Processing /home/airflow/.local/lib/python3.8/site-packages/airflow/example_dags/example_task_group_decorator.py took 0.094 seconds
[2026-04-28T12:57:21.292+0000] {processor.py:161} INFO - Started process (PID=5061) to work on /home/airflow/.local/lib/python3.8/site-packages/airflow/example_dags/example_task_group_decorator.py
[2026-04-28T12:57:21.293+0000] {processor.py:830} INFO - Processing file /home/airflow/.local/lib/python3.8/site-packages/airflow/example_dags/example_task_group_decorator.py for tasks to queue
[2026-04-28T12:57:21.295+0000] {logging_mixin.py:188} INFO - [2026-04-28T12:57:21.295+0000] {dagbag.py:540} INFO - Filling up the DagBag from /home/airflow/.local/lib/python3.8/site-packages/airflow/example_dags/example_task_group_decorator.py
[2026-04-28T12:57:21.313+0000] {processor.py:840} INFO - DAG(s) 'example_task_group_decorator' retrieved from /home/airflow/.local/lib/python3.8/site-packages/airflow/example_dags/example_task_group_decorator.py
[2026-04-28T12:57:21.341+0000] {logging_mixin.py:188} INFO - [2026-04-28T12:57:21.341+0000] {dag.py:3047} INFO - Sync 1 DAGs
[2026-04-28T12:57:21.364+0000] {logging_mixin.py:188} INFO - [2026-04-28T12:57:21.364+0000] {dag.py:3834} INFO - Setting next_dagrun for example_task_group_decorator to 2026-04-27 00:00:00+00:00, run_after=2026-04-28 00:00:00+00:00
[2026-04-28T12:57:21.381+0000] {processor.py:183} INFO - Processing /home/airflow/.local/lib/python3.8/site-packages/airflow/example_dags/example_task_group_decorator.py took 0.092 seconds
[2026-04-28T12:57:51.635+0000] {processor.py:161} INFO - Started process (PID=5117) to work on /home/airflow/.local/lib/python3.8/site-packages/airflow/example_dags/example_task_group_decorator.py
[2026-04-28T12:57:51.636+0000] {processor.py:830} INFO - Processing file /home/airflow/.local/lib/python3.8/site-packages/airflow/example_dags/example_task_group_decorator.py for tasks to queue
[2026-04-28T12:57:51.638+0000] {logging_mixin.py:188} INFO - [2026-04-28T12:57:51.637+0000] {dagbag.py:540} INFO - Filling up the DagBag from /home/airflow/.local/lib/python3.8/site-packages/airflow/example_dags/example_task_group_decorator.py
[2026-04-28T12:57:51.656+0000] {processor.py:840} INFO - DAG(s) 'example_task_group_decorator' retrieved from /home/airflow/.local/lib/python3.8/site-packages/airflow/example_dags/example_task_group_decorator.py
[2026-04-28T12:57:51.684+0000] {logging_mixin.py:188} INFO - [2026-04-28T12:57:51.683+0000] {dag.py:3047} INFO - Sync 1 DAGs
[2026-04-28T12:57:51.711+0000] {logging_mixin.py:188} INFO - [2026-04-28T12:57:51.710+0000] {dag.py:3834} INFO - Setting next_dagrun for example_task_group_decorator to 2026-04-27 00:00:00+00:00, run_after=2026-04-28 00:00:00+00:00
[2026-04-28T12:57:51.732+0000] {processor.py:183} INFO - Processing /home/airflow/.local/lib/python3.8/site-packages/airflow/example_dags/example_task_group_decorator.py took 0.101 seconds
[2026-04-28T12:58:21.867+0000] {processor.py:161} INFO - Started process (PID=5172) to work on /home/airflow/.local/lib/python3.8/site-packages/airflow/example_dags/example_task_group_decorator.py
[2026-04-28T12:58:21.868+0000] {processor.py:830} INFO - Processing file /home/airflow/.local/lib/python3.8/site-packages/airflow/example_dags/example_task_group_decorator.py for tasks to queue
[2026-04-28T12:58:21.870+0000] {logging_mixin.py:188} INFO - [2026-04-28T12:58:21.870+0000] {dagbag.py:540} INFO - Filling up the DagBag from /home/airflow/.local/lib/python3.8/site-packages/airflow/example_dags/example_task_group_decorator.py
[2026-04-28T12:58:21.892+0000] {processor.py:840} INFO - DAG(s) 'example_task_group_decorator' retrieved from /home/airflow/.local/lib/python3.8/site-packages/airflow/example_dags/example_task_group_decorator.py
[2026-04-28T12:58:21.917+0000] {logging_mixin.py:188} INFO - [2026-04-28T12:58:21.917+0000] {dag.py:3047} INFO - Sync 1 DAGs
[2026-04-28T12:58:21.940+0000] {logging_mixin.py:188} INFO - [2026-04-28T12:58:21.940+0000] {dag.py:3834} INFO - Setting next_dagrun for example_task_group_decorator to 2026-04-27 00:00:00+00:00, run_after=2026-04-28 00:00:00+00:00
[2026-04-28T12:58:21.957+0000] {processor.py:183} INFO - Processing /home/airflow/.local/lib/python3.8/site-packages/airflow/example_dags/example_task_group_decorator.py took 0.094 seconds
[2026-04-28T12:58:52.714+0000] {processor.py:161} INFO - Started process (PID=5228) to work on /home/airflow/.local/lib/python3.8/site-packages/airflow/example_dags/example_task_group_decorator.py
[2026-04-28T12:58:52.715+0000] {processor.py:830} INFO - Processing file /home/airflow/.local/lib/python3.8/site-packages/airflow/example_dags/example_task_group_decorator.py for tasks to queue
[2026-04-28T12:58:52.717+0000] {logging_mixin.py:188} INFO - [2026-04-28T12:58:52.717+0000] {dagbag.py:540} INFO - Filling up the DagBag from /home/airflow/.local/lib/python3.8/site-packages/airflow/example_dags/example_task_group_decorator.py
[2026-04-28T12:58:52.734+0000] {processor.py:840} INFO - DAG(s) 'example_task_group_decorator' retrieved from /home/airflow/.local/lib/python3.8/site-packages/airflow/example_dags/example_task_group_decorator.py
[2026-04-28T12:58:52.770+0000] {logging_mixin.py:188} INFO - [2026-04-28T12:58:52.770+0000] {dag.py:3047} INFO - Sync 1 DAGs
[2026-04-28T12:58:52.796+0000] {logging_mixin.py:188} INFO - [2026-04-28T12:58:52.796+0000] {dag.py:3834} INFO - Setting next_dagrun for example_task_group_decorator to 2026-04-27 00:00:00+00:00, run_after=2026-04-28 00:00:00+00:00
[2026-04-28T12:58:52.823+0000] {processor.py:183} INFO - Processing /home/airflow/.local/lib/python3.8/site-packages/airflow/example_dags/example_task_group_decorator.py took 0.112 seconds
[2026-04-28T12:59:23.505+0000] {processor.py:161} INFO - Started process (PID=5284) to work on /home/airflow/.local/lib/python3.8/site-packages/airflow/example_dags/example_task_group_decorator.py
[2026-04-28T12:59:23.506+0000] {processor.py:830} INFO - Processing file /home/airflow/.local/lib/python3.8/site-packages/airflow/example_dags/example_task_group_decorator.py for tasks to queue
[2026-04-28T12:59:23.508+0000] {logging_mixin.py:188} INFO - [2026-04-28T12:59:23.508+0000] {dagbag.py:540} INFO - Filling up the DagBag from /home/airflow/.local/lib/python3.8/site-packages/airflow/example_dags/example_task_group_decorator.py
[2026-04-28T12:59:23.525+0000] {processor.py:840} INFO - DAG(s) 'example_task_group_decorator' retrieved from /home/airflow/.local/lib/python3.8/site-packages/airflow/example_dags/example_task_group_decorator.py
[2026-04-28T12:59:23.553+0000] {logging_mixin.py:188} INFO - [2026-04-28T12:59:23.553+0000] {dag.py:3047} INFO - Sync 1 DAGs
[2026-04-28T12:59:23.577+0000] {logging_mixin.py:188} INFO - [2026-04-28T12:59:23.577+0000] {dag.py:3834} INFO - Setting next_dagrun for example_task_group_decorator to 2026-04-27 00:00:00+00:00, run_after=2026-04-28 00:00:00+00:00
[2026-04-28T12:59:23.594+0000] {processor.py:183} INFO - Processing /home/airflow/.local/lib/python3.8/site-packages/airflow/example_dags/example_task_group_decorator.py took 0.092 seconds
[2026-04-28T12:59:54.021+0000] {processor.py:161} INFO - Started process (PID=5340) to work on /home/airflow/.local/lib/python3.8/site-packages/airflow/example_dags/example_task_group_decorator.py
[2026-04-28T12:59:54.025+0000] {processor.py:830} INFO - Processing file /home/airflow/.local/lib/python3.8/site-packages/airflow/example_dags/example_task_group_decorator.py for tasks to queue
[2026-04-28T12:59:54.027+0000] {logging_mixin.py:188} INFO - [2026-04-28T12:59:54.027+0000] {dagbag.py:540} INFO - Filling up the DagBag from /home/airflow/.local/lib/python3.8/site-packages/airflow/example_dags/example_task_group_decorator.py
[2026-04-28T12:59:54.055+0000] {processor.py:840} INFO - DAG(s) 'example_task_group_decorator' retrieved from /home/airflow/.local/lib/python3.8/site-packages/airflow/example_dags/example_task_group_decorator.py
[2026-04-28T12:59:54.092+0000] {logging_mixin.py:188} INFO - [2026-04-28T12:59:54.092+0000] {dag.py:3047} INFO - Sync 1 DAGs
[2026-04-28T12:59:54.116+0000] {logging_mixin.py:188} INFO - [2026-04-28T12:59:54.116+0000] {dag.py:3834} INFO - Setting next_dagrun for example_task_group_decorator to 2026-04-27 00:00:00+00:00, run_after=2026-04-28 00:00:00+00:00
[2026-04-28T12:59:54.134+0000] {processor.py:183} INFO - Processing /home/airflow/.local/lib/python3.8/site-packages/airflow/example_dags/example_task_group_decorator.py took 0.121 seconds
[2026-04-28T13:00:24.502+0000] {processor.py:161} INFO - Started process (PID=5396) to work on /home/airflow/.local/lib/python3.8/site-packages/airflow/example_dags/example_task_group_decorator.py
[2026-04-28T13:00:24.506+0000] {processor.py:830} INFO - Processing file /home/airflow/.local/lib/python3.8/site-packages/airflow/example_dags/example_task_group_decorator.py for tasks to queue
[2026-04-28T13:00:24.510+0000] {logging_mixin.py:188} INFO - [2026-04-28T13:00:24.509+0000] {dagbag.py:540} INFO - Filling up the DagBag from /home/airflow/.local/lib/python3.8/site-packages/airflow/example_dags/example_task_group_decorator.py
[2026-04-28T13:00:24.547+0000] {processor.py:840} INFO - DAG(s) 'example_task_group_decorator' retrieved from /home/airflow/.local/lib/python3.8/site-packages/airflow/example_dags/example_task_group_decorator.py
[2026-04-28T13:00:24.611+0000] {logging_mixin.py:188} INFO - [2026-04-28T13:00:24.610+0000] {dag.py:3047} INFO - Sync 1 DAGs
[2026-04-28T13:00:24.689+0000] {logging_mixin.py:188} INFO - [2026-04-28T13:00:24.688+0000] {dag.py:3834} INFO - Setting next_dagrun for example_task_group_decorator to 2026-04-27 00:00:00+00:00, run_after=2026-04-28 00:00:00+00:00
[2026-04-28T13:00:24.742+0000] {processor.py:183} INFO - Processing /home/airflow/.local/lib/python3.8/site-packages/airflow/example_dags/example_task_group_decorator.py took 0.246 seconds
[2026-04-28T13:00:55.718+0000] {processor.py:161} INFO - Started process (PID=5452) to work on /home/airflow/.local/lib/python3.8/site-packages/airflow/example_dags/example_task_group_decorator.py
[2026-04-28T13:00:55.719+0000] {processor.py:830} INFO - Processing file /home/airflow/.local/lib/python3.8/site-packages/airflow/example_dags/example_task_group_decorator.py for tasks to queue
[2026-04-28T13:00:55.721+0000] {logging_mixin.py:188} INFO - [2026-04-28T13:00:55.720+0000] {dagbag.py:540} INFO - Filling up the DagBag from /home/airflow/.local/lib/python3.8/site-packages/airflow/example_dags/example_task_group_decorator.py
[2026-04-28T13:00:55.738+0000] {processor.py:840} INFO - DAG(s) 'example_task_group_decorator' retrieved from /home/airflow/.local/lib/python3.8/site-packages/airflow/example_dags/example_task_group_decorator.py
[2026-04-28T13:00:55.765+0000] {logging_mixin.py:188} INFO - [2026-04-28T13:00:55.765+0000] {dag.py:3047} INFO - Sync 1 DAGs
[2026-04-28T13:00:55.790+0000] {logging_mixin.py:188} INFO - [2026-04-28T13:00:55.790+0000] {dag.py:3834} INFO - Setting next_dagrun for example_task_group_decorator to 2026-04-27 00:00:00+00:00, run_after=2026-04-28 00:00:00+00:00
[2026-04-28T13:00:55.806+0000] {processor.py:183} INFO - Processing /home/airflow/.local/lib/python3.8/site-packages/airflow/example_dags/example_task_group_decorator.py took 0.092 seconds
[2026-04-28T13:01:25.939+0000] {processor.py:161} INFO - Started process (PID=5509) to work on /home/airflow/.local/lib/python3.8/site-packages/airflow/example_dags/example_task_group_decorator.py
[2026-04-28T13:01:25.943+0000] {processor.py:830} INFO - Processing file /home/airflow/.local/lib/python3.8/site-packages/airflow/example_dags/example_task_group_decorator.py for tasks to queue
[2026-04-28T13:01:25.946+0000] {logging_mixin.py:188} INFO - [2026-04-28T13:01:25.946+0000] {dagbag.py:540} INFO - Filling up the DagBag from /home/airflow/.local/lib/python3.8/site-packages/airflow/example_dags/example_task_group_decorator.py
[2026-04-28T13:01:25.964+0000] {processor.py:840} INFO - DAG(s) 'example_task_group_decorator' retrieved from /home/airflow/.local/lib/python3.8/site-packages/airflow/example_dags/example_task_group_decorator.py
[2026-04-28T13:01:25.992+0000] {logging_mixin.py:188} INFO - [2026-04-28T13:01:25.991+0000] {dag.py:3047} INFO - Sync 1 DAGs
[2026-04-28T13:01:26.016+0000] {logging_mixin.py:188} INFO - [2026-04-28T13:01:26.016+0000] {dag.py:3834} INFO - Setting next_dagrun for example_task_group_decorator to 2026-04-27 00:00:00+00:00, run_after=2026-04-28 00:00:00+00:00
[2026-04-28T13:01:26.034+0000] {processor.py:183} INFO - Processing /home/airflow/.local/lib/python3.8/site-packages/airflow/example_dags/example_task_group_decorator.py took 0.105 seconds
[2026-04-28T13:01:56.966+0000] {processor.py:161} INFO - Started process (PID=5563) to work on /home/airflow/.local/lib/python3.8/site-packages/airflow/example_dags/example_task_group_decorator.py
[2026-04-28T13:01:56.967+0000] {processor.py:830} INFO - Processing file /home/airflow/.local/lib/python3.8/site-packages/airflow/example_dags/example_task_group_decorator.py for tasks to queue
[2026-04-28T13:01:56.969+0000] {logging_mixin.py:188} INFO - [2026-04-28T13:01:56.968+0000] {dagbag.py:540} INFO - Filling up the DagBag from /home/airflow/.local/lib/python3.8/site-packages/airflow/example_dags/example_task_group_decorator.py
[2026-04-28T13:01:56.999+0000] {processor.py:840} INFO - DAG(s) 'example_task_group_decorator' retrieved from /home/airflow/.local/lib/python3.8/site-packages/airflow/example_dags/example_task_group_decorator.py
[2026-04-28T13:01:57.084+0000] {logging_mixin.py:188} INFO - [2026-04-28T13:01:57.082+0000] {dag.py:3047} INFO - Sync 1 DAGs
[2026-04-28T13:01:57.128+0000] {logging_mixin.py:188} INFO - [2026-04-28T13:01:57.127+0000] {dag.py:3834} INFO - Setting next_dagrun for example_task_group_decorator to 2026-04-27 00:00:00+00:00, run_after=2026-04-28 00:00:00+00:00
[2026-04-28T13:01:57.169+0000] {processor.py:183} INFO - Processing /home/airflow/.local/lib/python3.8/site-packages/airflow/example_dags/example_task_group_decorator.py took 0.207 seconds
[2026-04-28T13:02:27.309+0000] {processor.py:161} INFO - Started process (PID=5619) to work on /home/airflow/.local/lib/python3.8/site-packages/airflow/example_dags/example_task_group_decorator.py
[2026-04-28T13:02:27.316+0000] {processor.py:830} INFO - Processing file /home/airflow/.local/lib/python3.8/site-packages/airflow/example_dags/example_task_group_decorator.py for tasks to queue
[2026-04-28T13:02:27.320+0000] {logging_mixin.py:188} INFO - [2026-04-28T13:02:27.320+0000] {dagbag.py:540} INFO - Filling up the DagBag from /home/airflow/.local/lib/python3.8/site-packages/airflow/example_dags/example_task_group_decorator.py
[2026-04-28T13:02:27.351+0000] {processor.py:840} INFO - DAG(s) 'example_task_group_decorator' retrieved from /home/airflow/.local/lib/python3.8/site-packages/airflow/example_dags/example_task_group_decorator.py
[2026-04-28T13:02:27.378+0000] {logging_mixin.py:188} INFO - [2026-04-28T13:02:27.378+0000] {dag.py:3047} INFO - Sync 1 DAGs
[2026-04-28T13:02:27.403+0000] {logging_mixin.py:188} INFO - [2026-04-28T13:02:27.402+0000] {dag.py:3834} INFO - Setting next_dagrun for example_task_group_decorator to 2026-04-27 00:00:00+00:00, run_after=2026-04-28 00:00:00+00:00
[2026-04-28T13:02:27.419+0000] {processor.py:183} INFO - Processing /home/airflow/.local/lib/python3.8/site-packages/airflow/example_dags/example_task_group_decorator.py took 0.117 seconds
