[2026-04-28T12:11:59.907+0000] {processor.py:161} INFO - Started process (PID=103) to work on /home/airflow/.local/lib/python3.8/site-packages/airflow/example_dags/example_sensor_decorator.py
[2026-04-28T12:11:59.916+0000] {processor.py:830} INFO - Processing file /home/airflow/.local/lib/python3.8/site-packages/airflow/example_dags/example_sensor_decorator.py for tasks to queue
[2026-04-28T12:11:59.922+0000] {logging_mixin.py:188} INFO - [2026-04-28T12:11:59.921+0000] {dagbag.py:540} INFO - Filling up the DagBag from /home/airflow/.local/lib/python3.8/site-packages/airflow/example_dags/example_sensor_decorator.py
[2026-04-28T12:11:59.959+0000] {processor.py:840} INFO - DAG(s) 'example_sensor_decorator' retrieved from /home/airflow/.local/lib/python3.8/site-packages/airflow/example_dags/example_sensor_decorator.py
[2026-04-28T12:12:00.586+0000] {logging_mixin.py:188} INFO - [2026-04-28T12:12:00.586+0000] {dag.py:3047} INFO - Sync 1 DAGs
[2026-04-28T12:12:00.620+0000] {logging_mixin.py:188} INFO - [2026-04-28T12:12:00.620+0000] {dag.py:3834} INFO - Setting next_dagrun for example_sensor_decorator to None, run_after=None
[2026-04-28T12:12:00.679+0000] {processor.py:183} INFO - Processing /home/airflow/.local/lib/python3.8/site-packages/airflow/example_dags/example_sensor_decorator.py took 0.805 seconds
[2026-04-28T12:12:31.070+0000] {processor.py:161} INFO - Started process (PID=164) to work on /home/airflow/.local/lib/python3.8/site-packages/airflow/example_dags/example_sensor_decorator.py
[2026-04-28T12:12:31.071+0000] {processor.py:830} INFO - Processing file /home/airflow/.local/lib/python3.8/site-packages/airflow/example_dags/example_sensor_decorator.py for tasks to queue
[2026-04-28T12:12:31.073+0000] {logging_mixin.py:188} INFO - [2026-04-28T12:12:31.073+0000] {dagbag.py:540} INFO - Filling up the DagBag from /home/airflow/.local/lib/python3.8/site-packages/airflow/example_dags/example_sensor_decorator.py
[2026-04-28T12:12:31.081+0000] {processor.py:840} INFO - DAG(s) 'example_sensor_decorator' retrieved from /home/airflow/.local/lib/python3.8/site-packages/airflow/example_dags/example_sensor_decorator.py
[2026-04-28T12:12:31.102+0000] {logging_mixin.py:188} INFO - [2026-04-28T12:12:31.102+0000] {dag.py:3047} INFO - Sync 1 DAGs
[2026-04-28T12:12:31.115+0000] {logging_mixin.py:188} INFO - [2026-04-28T12:12:31.115+0000] {dag.py:3834} INFO - Setting next_dagrun for example_sensor_decorator to None, run_after=None
[2026-04-28T12:12:31.133+0000] {processor.py:183} INFO - Processing /home/airflow/.local/lib/python3.8/site-packages/airflow/example_dags/example_sensor_decorator.py took 0.067 seconds
[2026-04-28T12:13:02.086+0000] {processor.py:161} INFO - Started process (PID=219) to work on /home/airflow/.local/lib/python3.8/site-packages/airflow/example_dags/example_sensor_decorator.py
[2026-04-28T12:13:02.087+0000] {processor.py:830} INFO - Processing file /home/airflow/.local/lib/python3.8/site-packages/airflow/example_dags/example_sensor_decorator.py for tasks to queue
[2026-04-28T12:13:02.089+0000] {logging_mixin.py:188} INFO - [2026-04-28T12:13:02.089+0000] {dagbag.py:540} INFO - Filling up the DagBag from /home/airflow/.local/lib/python3.8/site-packages/airflow/example_dags/example_sensor_decorator.py
[2026-04-28T12:13:02.096+0000] {processor.py:840} INFO - DAG(s) 'example_sensor_decorator' retrieved from /home/airflow/.local/lib/python3.8/site-packages/airflow/example_dags/example_sensor_decorator.py
[2026-04-28T12:13:02.120+0000] {logging_mixin.py:188} INFO - [2026-04-28T12:13:02.119+0000] {dag.py:3047} INFO - Sync 1 DAGs
[2026-04-28T12:13:02.134+0000] {logging_mixin.py:188} INFO - [2026-04-28T12:13:02.133+0000] {dag.py:3834} INFO - Setting next_dagrun for example_sensor_decorator to None, run_after=None
[2026-04-28T12:13:02.150+0000] {processor.py:183} INFO - Processing /home/airflow/.local/lib/python3.8/site-packages/airflow/example_dags/example_sensor_decorator.py took 0.068 seconds
[2026-04-28T12:13:32.578+0000] {processor.py:161} INFO - Started process (PID=274) to work on /home/airflow/.local/lib/python3.8/site-packages/airflow/example_dags/example_sensor_decorator.py
[2026-04-28T12:13:32.579+0000] {processor.py:830} INFO - Processing file /home/airflow/.local/lib/python3.8/site-packages/airflow/example_dags/example_sensor_decorator.py for tasks to queue
[2026-04-28T12:13:32.581+0000] {logging_mixin.py:188} INFO - [2026-04-28T12:13:32.581+0000] {dagbag.py:540} INFO - Filling up the DagBag from /home/airflow/.local/lib/python3.8/site-packages/airflow/example_dags/example_sensor_decorator.py
[2026-04-28T12:13:32.588+0000] {processor.py:840} INFO - DAG(s) 'example_sensor_decorator' retrieved from /home/airflow/.local/lib/python3.8/site-packages/airflow/example_dags/example_sensor_decorator.py
[2026-04-28T12:13:32.609+0000] {logging_mixin.py:188} INFO - [2026-04-28T12:13:32.609+0000] {dag.py:3047} INFO - Sync 1 DAGs
[2026-04-28T12:13:32.622+0000] {logging_mixin.py:188} INFO - [2026-04-28T12:13:32.622+0000] {dag.py:3834} INFO - Setting next_dagrun for example_sensor_decorator to None, run_after=None
[2026-04-28T12:13:32.641+0000] {processor.py:183} INFO - Processing /home/airflow/.local/lib/python3.8/site-packages/airflow/example_dags/example_sensor_decorator.py took 0.067 seconds
[2026-04-28T12:14:03.122+0000] {processor.py:161} INFO - Started process (PID=329) to work on /home/airflow/.local/lib/python3.8/site-packages/airflow/example_dags/example_sensor_decorator.py
[2026-04-28T12:14:03.123+0000] {processor.py:830} INFO - Processing file /home/airflow/.local/lib/python3.8/site-packages/airflow/example_dags/example_sensor_decorator.py for tasks to queue
[2026-04-28T12:14:03.125+0000] {logging_mixin.py:188} INFO - [2026-04-28T12:14:03.124+0000] {dagbag.py:540} INFO - Filling up the DagBag from /home/airflow/.local/lib/python3.8/site-packages/airflow/example_dags/example_sensor_decorator.py
[2026-04-28T12:14:03.132+0000] {processor.py:840} INFO - DAG(s) 'example_sensor_decorator' retrieved from /home/airflow/.local/lib/python3.8/site-packages/airflow/example_dags/example_sensor_decorator.py
[2026-04-28T12:14:03.155+0000] {logging_mixin.py:188} INFO - [2026-04-28T12:14:03.155+0000] {dag.py:3047} INFO - Sync 1 DAGs
[2026-04-28T12:14:03.170+0000] {logging_mixin.py:188} INFO - [2026-04-28T12:14:03.170+0000] {dag.py:3834} INFO - Setting next_dagrun for example_sensor_decorator to None, run_after=None
[2026-04-28T12:14:03.189+0000] {processor.py:183} INFO - Processing /home/airflow/.local/lib/python3.8/site-packages/airflow/example_dags/example_sensor_decorator.py took 0.072 seconds
[2026-04-28T12:14:33.676+0000] {processor.py:161} INFO - Started process (PID=384) to work on /home/airflow/.local/lib/python3.8/site-packages/airflow/example_dags/example_sensor_decorator.py
[2026-04-28T12:14:33.677+0000] {processor.py:830} INFO - Processing file /home/airflow/.local/lib/python3.8/site-packages/airflow/example_dags/example_sensor_decorator.py for tasks to queue
[2026-04-28T12:14:33.679+0000] {logging_mixin.py:188} INFO - [2026-04-28T12:14:33.679+0000] {dagbag.py:540} INFO - Filling up the DagBag from /home/airflow/.local/lib/python3.8/site-packages/airflow/example_dags/example_sensor_decorator.py
[2026-04-28T12:14:33.687+0000] {processor.py:840} INFO - DAG(s) 'example_sensor_decorator' retrieved from /home/airflow/.local/lib/python3.8/site-packages/airflow/example_dags/example_sensor_decorator.py
[2026-04-28T12:14:33.707+0000] {logging_mixin.py:188} INFO - [2026-04-28T12:14:33.707+0000] {dag.py:3047} INFO - Sync 1 DAGs
[2026-04-28T12:14:33.724+0000] {logging_mixin.py:188} INFO - [2026-04-28T12:14:33.724+0000] {dag.py:3834} INFO - Setting next_dagrun for example_sensor_decorator to None, run_after=None
[2026-04-28T12:14:33.741+0000] {processor.py:183} INFO - Processing /home/airflow/.local/lib/python3.8/site-packages/airflow/example_dags/example_sensor_decorator.py took 0.069 seconds
[2026-04-28T12:15:04.469+0000] {processor.py:161} INFO - Started process (PID=439) to work on /home/airflow/.local/lib/python3.8/site-packages/airflow/example_dags/example_sensor_decorator.py
[2026-04-28T12:15:04.470+0000] {processor.py:830} INFO - Processing file /home/airflow/.local/lib/python3.8/site-packages/airflow/example_dags/example_sensor_decorator.py for tasks to queue
[2026-04-28T12:15:04.473+0000] {logging_mixin.py:188} INFO - [2026-04-28T12:15:04.473+0000] {dagbag.py:540} INFO - Filling up the DagBag from /home/airflow/.local/lib/python3.8/site-packages/airflow/example_dags/example_sensor_decorator.py
[2026-04-28T12:15:04.480+0000] {processor.py:840} INFO - DAG(s) 'example_sensor_decorator' retrieved from /home/airflow/.local/lib/python3.8/site-packages/airflow/example_dags/example_sensor_decorator.py
[2026-04-28T12:15:04.504+0000] {logging_mixin.py:188} INFO - [2026-04-28T12:15:04.504+0000] {dag.py:3047} INFO - Sync 1 DAGs
[2026-04-28T12:15:04.517+0000] {logging_mixin.py:188} INFO - [2026-04-28T12:15:04.517+0000] {dag.py:3834} INFO - Setting next_dagrun for example_sensor_decorator to None, run_after=None
[2026-04-28T12:15:04.533+0000] {processor.py:183} INFO - Processing /home/airflow/.local/lib/python3.8/site-packages/airflow/example_dags/example_sensor_decorator.py took 0.069 seconds
[2026-04-28T12:15:34.902+0000] {processor.py:161} INFO - Started process (PID=493) to work on /home/airflow/.local/lib/python3.8/site-packages/airflow/example_dags/example_sensor_decorator.py
[2026-04-28T12:15:34.903+0000] {processor.py:830} INFO - Processing file /home/airflow/.local/lib/python3.8/site-packages/airflow/example_dags/example_sensor_decorator.py for tasks to queue
[2026-04-28T12:15:34.905+0000] {logging_mixin.py:188} INFO - [2026-04-28T12:15:34.905+0000] {dagbag.py:540} INFO - Filling up the DagBag from /home/airflow/.local/lib/python3.8/site-packages/airflow/example_dags/example_sensor_decorator.py
[2026-04-28T12:15:34.912+0000] {processor.py:840} INFO - DAG(s) 'example_sensor_decorator' retrieved from /home/airflow/.local/lib/python3.8/site-packages/airflow/example_dags/example_sensor_decorator.py
[2026-04-28T12:15:34.933+0000] {logging_mixin.py:188} INFO - [2026-04-28T12:15:34.933+0000] {dag.py:3047} INFO - Sync 1 DAGs
[2026-04-28T12:15:34.947+0000] {logging_mixin.py:188} INFO - [2026-04-28T12:15:34.947+0000] {dag.py:3834} INFO - Setting next_dagrun for example_sensor_decorator to None, run_after=None
[2026-04-28T12:15:34.964+0000] {processor.py:183} INFO - Processing /home/airflow/.local/lib/python3.8/site-packages/airflow/example_dags/example_sensor_decorator.py took 0.066 seconds
[2026-04-28T12:16:05.923+0000] {processor.py:161} INFO - Started process (PID=548) to work on /home/airflow/.local/lib/python3.8/site-packages/airflow/example_dags/example_sensor_decorator.py
[2026-04-28T12:16:05.924+0000] {processor.py:830} INFO - Processing file /home/airflow/.local/lib/python3.8/site-packages/airflow/example_dags/example_sensor_decorator.py for tasks to queue
[2026-04-28T12:16:05.926+0000] {logging_mixin.py:188} INFO - [2026-04-28T12:16:05.926+0000] {dagbag.py:540} INFO - Filling up the DagBag from /home/airflow/.local/lib/python3.8/site-packages/airflow/example_dags/example_sensor_decorator.py
[2026-04-28T12:16:05.933+0000] {processor.py:840} INFO - DAG(s) 'example_sensor_decorator' retrieved from /home/airflow/.local/lib/python3.8/site-packages/airflow/example_dags/example_sensor_decorator.py
[2026-04-28T12:16:05.955+0000] {logging_mixin.py:188} INFO - [2026-04-28T12:16:05.954+0000] {dag.py:3047} INFO - Sync 1 DAGs
[2026-04-28T12:16:05.972+0000] {logging_mixin.py:188} INFO - [2026-04-28T12:16:05.972+0000] {dag.py:3834} INFO - Setting next_dagrun for example_sensor_decorator to None, run_after=None
[2026-04-28T12:16:05.990+0000] {processor.py:183} INFO - Processing /home/airflow/.local/lib/python3.8/site-packages/airflow/example_dags/example_sensor_decorator.py took 0.071 seconds
[2026-04-28T12:16:36.208+0000] {processor.py:161} INFO - Started process (PID=603) to work on /home/airflow/.local/lib/python3.8/site-packages/airflow/example_dags/example_sensor_decorator.py
[2026-04-28T12:16:36.209+0000] {processor.py:830} INFO - Processing file /home/airflow/.local/lib/python3.8/site-packages/airflow/example_dags/example_sensor_decorator.py for tasks to queue
[2026-04-28T12:16:36.211+0000] {logging_mixin.py:188} INFO - [2026-04-28T12:16:36.210+0000] {dagbag.py:540} INFO - Filling up the DagBag from /home/airflow/.local/lib/python3.8/site-packages/airflow/example_dags/example_sensor_decorator.py
[2026-04-28T12:16:36.218+0000] {processor.py:840} INFO - DAG(s) 'example_sensor_decorator' retrieved from /home/airflow/.local/lib/python3.8/site-packages/airflow/example_dags/example_sensor_decorator.py
[2026-04-28T12:16:36.254+0000] {logging_mixin.py:188} INFO - [2026-04-28T12:16:36.253+0000] {dag.py:3047} INFO - Sync 1 DAGs
[2026-04-28T12:16:36.268+0000] {logging_mixin.py:188} INFO - [2026-04-28T12:16:36.268+0000] {dag.py:3834} INFO - Setting next_dagrun for example_sensor_decorator to None, run_after=None
[2026-04-28T12:16:36.284+0000] {processor.py:183} INFO - Processing /home/airflow/.local/lib/python3.8/site-packages/airflow/example_dags/example_sensor_decorator.py took 0.080 seconds
[2026-04-28T12:17:06.994+0000] {processor.py:161} INFO - Started process (PID=658) to work on /home/airflow/.local/lib/python3.8/site-packages/airflow/example_dags/example_sensor_decorator.py
[2026-04-28T12:17:06.995+0000] {processor.py:830} INFO - Processing file /home/airflow/.local/lib/python3.8/site-packages/airflow/example_dags/example_sensor_decorator.py for tasks to queue
[2026-04-28T12:17:06.997+0000] {logging_mixin.py:188} INFO - [2026-04-28T12:17:06.997+0000] {dagbag.py:540} INFO - Filling up the DagBag from /home/airflow/.local/lib/python3.8/site-packages/airflow/example_dags/example_sensor_decorator.py
[2026-04-28T12:17:07.004+0000] {processor.py:840} INFO - DAG(s) 'example_sensor_decorator' retrieved from /home/airflow/.local/lib/python3.8/site-packages/airflow/example_dags/example_sensor_decorator.py
[2026-04-28T12:17:07.025+0000] {logging_mixin.py:188} INFO - [2026-04-28T12:17:07.025+0000] {dag.py:3047} INFO - Sync 1 DAGs
[2026-04-28T12:17:07.038+0000] {logging_mixin.py:188} INFO - [2026-04-28T12:17:07.038+0000] {dag.py:3834} INFO - Setting next_dagrun for example_sensor_decorator to None, run_after=None
[2026-04-28T12:17:07.055+0000] {processor.py:183} INFO - Processing /home/airflow/.local/lib/python3.8/site-packages/airflow/example_dags/example_sensor_decorator.py took 0.065 seconds
[2026-04-28T12:17:37.137+0000] {processor.py:161} INFO - Started process (PID=713) to work on /home/airflow/.local/lib/python3.8/site-packages/airflow/example_dags/example_sensor_decorator.py
[2026-04-28T12:17:37.138+0000] {processor.py:830} INFO - Processing file /home/airflow/.local/lib/python3.8/site-packages/airflow/example_dags/example_sensor_decorator.py for tasks to queue
[2026-04-28T12:17:37.140+0000] {logging_mixin.py:188} INFO - [2026-04-28T12:17:37.140+0000] {dagbag.py:540} INFO - Filling up the DagBag from /home/airflow/.local/lib/python3.8/site-packages/airflow/example_dags/example_sensor_decorator.py
[2026-04-28T12:17:37.147+0000] {processor.py:840} INFO - DAG(s) 'example_sensor_decorator' retrieved from /home/airflow/.local/lib/python3.8/site-packages/airflow/example_dags/example_sensor_decorator.py
[2026-04-28T12:17:37.178+0000] {logging_mixin.py:188} INFO - [2026-04-28T12:17:37.178+0000] {dag.py:3047} INFO - Sync 1 DAGs
[2026-04-28T12:17:37.217+0000] {logging_mixin.py:188} INFO - [2026-04-28T12:17:37.217+0000] {dag.py:3834} INFO - Setting next_dagrun for example_sensor_decorator to None, run_after=None
[2026-04-28T12:17:37.234+0000] {processor.py:183} INFO - Processing /home/airflow/.local/lib/python3.8/site-packages/airflow/example_dags/example_sensor_decorator.py took 0.101 seconds
[2026-04-28T12:18:07.884+0000] {processor.py:161} INFO - Started process (PID=768) to work on /home/airflow/.local/lib/python3.8/site-packages/airflow/example_dags/example_sensor_decorator.py
[2026-04-28T12:18:07.885+0000] {processor.py:830} INFO - Processing file /home/airflow/.local/lib/python3.8/site-packages/airflow/example_dags/example_sensor_decorator.py for tasks to queue
[2026-04-28T12:18:07.887+0000] {logging_mixin.py:188} INFO - [2026-04-28T12:18:07.887+0000] {dagbag.py:540} INFO - Filling up the DagBag from /home/airflow/.local/lib/python3.8/site-packages/airflow/example_dags/example_sensor_decorator.py
[2026-04-28T12:18:07.894+0000] {processor.py:840} INFO - DAG(s) 'example_sensor_decorator' retrieved from /home/airflow/.local/lib/python3.8/site-packages/airflow/example_dags/example_sensor_decorator.py
[2026-04-28T12:18:07.914+0000] {logging_mixin.py:188} INFO - [2026-04-28T12:18:07.914+0000] {dag.py:3047} INFO - Sync 1 DAGs
[2026-04-28T12:18:07.928+0000] {logging_mixin.py:188} INFO - [2026-04-28T12:18:07.928+0000] {dag.py:3834} INFO - Setting next_dagrun for example_sensor_decorator to None, run_after=None
[2026-04-28T12:18:07.945+0000] {processor.py:183} INFO - Processing /home/airflow/.local/lib/python3.8/site-packages/airflow/example_dags/example_sensor_decorator.py took 0.065 seconds
[2026-04-28T12:18:38.048+0000] {processor.py:161} INFO - Started process (PID=823) to work on /home/airflow/.local/lib/python3.8/site-packages/airflow/example_dags/example_sensor_decorator.py
[2026-04-28T12:18:38.051+0000] {processor.py:830} INFO - Processing file /home/airflow/.local/lib/python3.8/site-packages/airflow/example_dags/example_sensor_decorator.py for tasks to queue
[2026-04-28T12:18:38.053+0000] {logging_mixin.py:188} INFO - [2026-04-28T12:18:38.053+0000] {dagbag.py:540} INFO - Filling up the DagBag from /home/airflow/.local/lib/python3.8/site-packages/airflow/example_dags/example_sensor_decorator.py
[2026-04-28T12:18:38.066+0000] {processor.py:840} INFO - DAG(s) 'example_sensor_decorator' retrieved from /home/airflow/.local/lib/python3.8/site-packages/airflow/example_dags/example_sensor_decorator.py
[2026-04-28T12:18:38.115+0000] {logging_mixin.py:188} INFO - [2026-04-28T12:18:38.114+0000] {dag.py:3047} INFO - Sync 1 DAGs
[2026-04-28T12:18:38.147+0000] {logging_mixin.py:188} INFO - [2026-04-28T12:18:38.147+0000] {dag.py:3834} INFO - Setting next_dagrun for example_sensor_decorator to None, run_after=None
[2026-04-28T12:18:38.180+0000] {processor.py:183} INFO - Processing /home/airflow/.local/lib/python3.8/site-packages/airflow/example_dags/example_sensor_decorator.py took 0.138 seconds
[2026-04-28T12:19:08.248+0000] {processor.py:161} INFO - Started process (PID=878) to work on /home/airflow/.local/lib/python3.8/site-packages/airflow/example_dags/example_sensor_decorator.py
[2026-04-28T12:19:08.249+0000] {processor.py:830} INFO - Processing file /home/airflow/.local/lib/python3.8/site-packages/airflow/example_dags/example_sensor_decorator.py for tasks to queue
[2026-04-28T12:19:08.262+0000] {logging_mixin.py:188} INFO - [2026-04-28T12:19:08.262+0000] {dagbag.py:540} INFO - Filling up the DagBag from /home/airflow/.local/lib/python3.8/site-packages/airflow/example_dags/example_sensor_decorator.py
[2026-04-28T12:19:08.276+0000] {processor.py:840} INFO - DAG(s) 'example_sensor_decorator' retrieved from /home/airflow/.local/lib/python3.8/site-packages/airflow/example_dags/example_sensor_decorator.py
[2026-04-28T12:19:08.319+0000] {logging_mixin.py:188} INFO - [2026-04-28T12:19:08.319+0000] {dag.py:3047} INFO - Sync 1 DAGs
[2026-04-28T12:19:08.346+0000] {logging_mixin.py:188} INFO - [2026-04-28T12:19:08.345+0000] {dag.py:3834} INFO - Setting next_dagrun for example_sensor_decorator to None, run_after=None
[2026-04-28T12:19:08.386+0000] {processor.py:183} INFO - Processing /home/airflow/.local/lib/python3.8/site-packages/airflow/example_dags/example_sensor_decorator.py took 0.148 seconds
[2026-04-28T12:19:39.755+0000] {processor.py:161} INFO - Started process (PID=933) to work on /home/airflow/.local/lib/python3.8/site-packages/airflow/example_dags/example_sensor_decorator.py
[2026-04-28T12:19:39.756+0000] {processor.py:830} INFO - Processing file /home/airflow/.local/lib/python3.8/site-packages/airflow/example_dags/example_sensor_decorator.py for tasks to queue
[2026-04-28T12:19:39.758+0000] {logging_mixin.py:188} INFO - [2026-04-28T12:19:39.758+0000] {dagbag.py:540} INFO - Filling up the DagBag from /home/airflow/.local/lib/python3.8/site-packages/airflow/example_dags/example_sensor_decorator.py
[2026-04-28T12:19:39.765+0000] {processor.py:840} INFO - DAG(s) 'example_sensor_decorator' retrieved from /home/airflow/.local/lib/python3.8/site-packages/airflow/example_dags/example_sensor_decorator.py
[2026-04-28T12:19:39.787+0000] {logging_mixin.py:188} INFO - [2026-04-28T12:19:39.786+0000] {dag.py:3047} INFO - Sync 1 DAGs
[2026-04-28T12:19:39.800+0000] {logging_mixin.py:188} INFO - [2026-04-28T12:19:39.800+0000] {dag.py:3834} INFO - Setting next_dagrun for example_sensor_decorator to None, run_after=None
[2026-04-28T12:19:39.817+0000] {processor.py:183} INFO - Processing /home/airflow/.local/lib/python3.8/site-packages/airflow/example_dags/example_sensor_decorator.py took 0.066 seconds
[2026-04-28T12:20:09.857+0000] {processor.py:161} INFO - Started process (PID=987) to work on /home/airflow/.local/lib/python3.8/site-packages/airflow/example_dags/example_sensor_decorator.py
[2026-04-28T12:20:09.858+0000] {processor.py:830} INFO - Processing file /home/airflow/.local/lib/python3.8/site-packages/airflow/example_dags/example_sensor_decorator.py for tasks to queue
[2026-04-28T12:20:09.859+0000] {logging_mixin.py:188} INFO - [2026-04-28T12:20:09.859+0000] {dagbag.py:540} INFO - Filling up the DagBag from /home/airflow/.local/lib/python3.8/site-packages/airflow/example_dags/example_sensor_decorator.py
[2026-04-28T12:20:09.864+0000] {processor.py:840} INFO - DAG(s) 'example_sensor_decorator' retrieved from /home/airflow/.local/lib/python3.8/site-packages/airflow/example_dags/example_sensor_decorator.py
[2026-04-28T12:20:09.880+0000] {logging_mixin.py:188} INFO - [2026-04-28T12:20:09.880+0000] {dag.py:3047} INFO - Sync 1 DAGs
[2026-04-28T12:20:09.889+0000] {logging_mixin.py:188} INFO - [2026-04-28T12:20:09.889+0000] {dag.py:3834} INFO - Setting next_dagrun for example_sensor_decorator to None, run_after=None
[2026-04-28T12:20:09.902+0000] {processor.py:183} INFO - Processing /home/airflow/.local/lib/python3.8/site-packages/airflow/example_dags/example_sensor_decorator.py took 0.048 seconds
[2026-04-28T12:20:40.935+0000] {processor.py:161} INFO - Started process (PID=1042) to work on /home/airflow/.local/lib/python3.8/site-packages/airflow/example_dags/example_sensor_decorator.py
[2026-04-28T12:20:40.938+0000] {processor.py:830} INFO - Processing file /home/airflow/.local/lib/python3.8/site-packages/airflow/example_dags/example_sensor_decorator.py for tasks to queue
[2026-04-28T12:20:40.942+0000] {logging_mixin.py:188} INFO - [2026-04-28T12:20:40.942+0000] {dagbag.py:540} INFO - Filling up the DagBag from /home/airflow/.local/lib/python3.8/site-packages/airflow/example_dags/example_sensor_decorator.py
[2026-04-28T12:20:40.963+0000] {processor.py:840} INFO - DAG(s) 'example_sensor_decorator' retrieved from /home/airflow/.local/lib/python3.8/site-packages/airflow/example_dags/example_sensor_decorator.py
[2026-04-28T12:20:41.011+0000] {logging_mixin.py:188} INFO - [2026-04-28T12:20:41.011+0000] {dag.py:3047} INFO - Sync 1 DAGs
[2026-04-28T12:20:41.029+0000] {logging_mixin.py:188} INFO - [2026-04-28T12:20:41.029+0000] {dag.py:3834} INFO - Setting next_dagrun for example_sensor_decorator to None, run_after=None
[2026-04-28T12:20:41.055+0000] {processor.py:183} INFO - Processing /home/airflow/.local/lib/python3.8/site-packages/airflow/example_dags/example_sensor_decorator.py took 0.128 seconds
[2026-04-28T12:21:11.613+0000] {processor.py:161} INFO - Started process (PID=1097) to work on /home/airflow/.local/lib/python3.8/site-packages/airflow/example_dags/example_sensor_decorator.py
[2026-04-28T12:21:11.614+0000] {processor.py:830} INFO - Processing file /home/airflow/.local/lib/python3.8/site-packages/airflow/example_dags/example_sensor_decorator.py for tasks to queue
[2026-04-28T12:21:11.616+0000] {logging_mixin.py:188} INFO - [2026-04-28T12:21:11.616+0000] {dagbag.py:540} INFO - Filling up the DagBag from /home/airflow/.local/lib/python3.8/site-packages/airflow/example_dags/example_sensor_decorator.py
[2026-04-28T12:21:11.623+0000] {processor.py:840} INFO - DAG(s) 'example_sensor_decorator' retrieved from /home/airflow/.local/lib/python3.8/site-packages/airflow/example_dags/example_sensor_decorator.py
[2026-04-28T12:21:11.646+0000] {logging_mixin.py:188} INFO - [2026-04-28T12:21:11.645+0000] {dag.py:3047} INFO - Sync 1 DAGs
[2026-04-28T12:21:11.669+0000] {logging_mixin.py:188} INFO - [2026-04-28T12:21:11.668+0000] {dag.py:3834} INFO - Setting next_dagrun for example_sensor_decorator to None, run_after=None
[2026-04-28T12:21:11.714+0000] {processor.py:183} INFO - Processing /home/airflow/.local/lib/python3.8/site-packages/airflow/example_dags/example_sensor_decorator.py took 0.105 seconds
[2026-04-28T12:21:42.637+0000] {processor.py:161} INFO - Started process (PID=1152) to work on /home/airflow/.local/lib/python3.8/site-packages/airflow/example_dags/example_sensor_decorator.py
[2026-04-28T12:21:42.638+0000] {processor.py:830} INFO - Processing file /home/airflow/.local/lib/python3.8/site-packages/airflow/example_dags/example_sensor_decorator.py for tasks to queue
[2026-04-28T12:21:42.640+0000] {logging_mixin.py:188} INFO - [2026-04-28T12:21:42.640+0000] {dagbag.py:540} INFO - Filling up the DagBag from /home/airflow/.local/lib/python3.8/site-packages/airflow/example_dags/example_sensor_decorator.py
[2026-04-28T12:21:42.659+0000] {processor.py:840} INFO - DAG(s) 'example_sensor_decorator' retrieved from /home/airflow/.local/lib/python3.8/site-packages/airflow/example_dags/example_sensor_decorator.py
[2026-04-28T12:21:42.680+0000] {logging_mixin.py:188} INFO - [2026-04-28T12:21:42.680+0000] {dag.py:3047} INFO - Sync 1 DAGs
[2026-04-28T12:21:42.694+0000] {logging_mixin.py:188} INFO - [2026-04-28T12:21:42.693+0000] {dag.py:3834} INFO - Setting next_dagrun for example_sensor_decorator to None, run_after=None
[2026-04-28T12:21:42.712+0000] {processor.py:183} INFO - Processing /home/airflow/.local/lib/python3.8/site-packages/airflow/example_dags/example_sensor_decorator.py took 0.084 seconds
[2026-04-28T12:22:13.424+0000] {processor.py:161} INFO - Started process (PID=1207) to work on /home/airflow/.local/lib/python3.8/site-packages/airflow/example_dags/example_sensor_decorator.py
[2026-04-28T12:22:13.425+0000] {processor.py:830} INFO - Processing file /home/airflow/.local/lib/python3.8/site-packages/airflow/example_dags/example_sensor_decorator.py for tasks to queue
[2026-04-28T12:22:13.427+0000] {logging_mixin.py:188} INFO - [2026-04-28T12:22:13.427+0000] {dagbag.py:540} INFO - Filling up the DagBag from /home/airflow/.local/lib/python3.8/site-packages/airflow/example_dags/example_sensor_decorator.py
[2026-04-28T12:22:13.435+0000] {processor.py:840} INFO - DAG(s) 'example_sensor_decorator' retrieved from /home/airflow/.local/lib/python3.8/site-packages/airflow/example_dags/example_sensor_decorator.py
[2026-04-28T12:22:13.455+0000] {logging_mixin.py:188} INFO - [2026-04-28T12:22:13.455+0000] {dag.py:3047} INFO - Sync 1 DAGs
[2026-04-28T12:22:13.486+0000] {logging_mixin.py:188} INFO - [2026-04-28T12:22:13.485+0000] {dag.py:3834} INFO - Setting next_dagrun for example_sensor_decorator to None, run_after=None
[2026-04-28T12:22:13.536+0000] {processor.py:183} INFO - Processing /home/airflow/.local/lib/python3.8/site-packages/airflow/example_dags/example_sensor_decorator.py took 0.115 seconds
[2026-04-28T12:22:44.508+0000] {processor.py:161} INFO - Started process (PID=1262) to work on /home/airflow/.local/lib/python3.8/site-packages/airflow/example_dags/example_sensor_decorator.py
[2026-04-28T12:22:44.509+0000] {processor.py:830} INFO - Processing file /home/airflow/.local/lib/python3.8/site-packages/airflow/example_dags/example_sensor_decorator.py for tasks to queue
[2026-04-28T12:22:44.511+0000] {logging_mixin.py:188} INFO - [2026-04-28T12:22:44.511+0000] {dagbag.py:540} INFO - Filling up the DagBag from /home/airflow/.local/lib/python3.8/site-packages/airflow/example_dags/example_sensor_decorator.py
[2026-04-28T12:22:44.518+0000] {processor.py:840} INFO - DAG(s) 'example_sensor_decorator' retrieved from /home/airflow/.local/lib/python3.8/site-packages/airflow/example_dags/example_sensor_decorator.py
[2026-04-28T12:22:44.540+0000] {logging_mixin.py:188} INFO - [2026-04-28T12:22:44.540+0000] {dag.py:3047} INFO - Sync 1 DAGs
[2026-04-28T12:22:44.555+0000] {logging_mixin.py:188} INFO - [2026-04-28T12:22:44.555+0000] {dag.py:3834} INFO - Setting next_dagrun for example_sensor_decorator to None, run_after=None
[2026-04-28T12:22:44.579+0000] {processor.py:183} INFO - Processing /home/airflow/.local/lib/python3.8/site-packages/airflow/example_dags/example_sensor_decorator.py took 0.075 seconds
[2026-04-28T12:23:15.052+0000] {processor.py:161} INFO - Started process (PID=1317) to work on /home/airflow/.local/lib/python3.8/site-packages/airflow/example_dags/example_sensor_decorator.py
[2026-04-28T12:23:15.053+0000] {processor.py:830} INFO - Processing file /home/airflow/.local/lib/python3.8/site-packages/airflow/example_dags/example_sensor_decorator.py for tasks to queue
[2026-04-28T12:23:15.056+0000] {logging_mixin.py:188} INFO - [2026-04-28T12:23:15.056+0000] {dagbag.py:540} INFO - Filling up the DagBag from /home/airflow/.local/lib/python3.8/site-packages/airflow/example_dags/example_sensor_decorator.py
[2026-04-28T12:23:15.063+0000] {processor.py:840} INFO - DAG(s) 'example_sensor_decorator' retrieved from /home/airflow/.local/lib/python3.8/site-packages/airflow/example_dags/example_sensor_decorator.py
[2026-04-28T12:23:15.124+0000] {logging_mixin.py:188} INFO - [2026-04-28T12:23:15.123+0000] {dag.py:3047} INFO - Sync 1 DAGs
[2026-04-28T12:23:15.138+0000] {logging_mixin.py:188} INFO - [2026-04-28T12:23:15.137+0000] {dag.py:3834} INFO - Setting next_dagrun for example_sensor_decorator to None, run_after=None
[2026-04-28T12:23:15.155+0000] {processor.py:183} INFO - Processing /home/airflow/.local/lib/python3.8/site-packages/airflow/example_dags/example_sensor_decorator.py took 0.108 seconds
[2026-04-28T12:23:45.313+0000] {processor.py:161} INFO - Started process (PID=1371) to work on /home/airflow/.local/lib/python3.8/site-packages/airflow/example_dags/example_sensor_decorator.py
[2026-04-28T12:23:45.314+0000] {processor.py:830} INFO - Processing file /home/airflow/.local/lib/python3.8/site-packages/airflow/example_dags/example_sensor_decorator.py for tasks to queue
[2026-04-28T12:23:45.316+0000] {logging_mixin.py:188} INFO - [2026-04-28T12:23:45.315+0000] {dagbag.py:540} INFO - Filling up the DagBag from /home/airflow/.local/lib/python3.8/site-packages/airflow/example_dags/example_sensor_decorator.py
[2026-04-28T12:23:45.321+0000] {processor.py:840} INFO - DAG(s) 'example_sensor_decorator' retrieved from /home/airflow/.local/lib/python3.8/site-packages/airflow/example_dags/example_sensor_decorator.py
[2026-04-28T12:23:45.337+0000] {logging_mixin.py:188} INFO - [2026-04-28T12:23:45.337+0000] {dag.py:3047} INFO - Sync 1 DAGs
[2026-04-28T12:23:45.346+0000] {logging_mixin.py:188} INFO - [2026-04-28T12:23:45.346+0000] {dag.py:3834} INFO - Setting next_dagrun for example_sensor_decorator to None, run_after=None
[2026-04-28T12:23:45.361+0000] {processor.py:183} INFO - Processing /home/airflow/.local/lib/python3.8/site-packages/airflow/example_dags/example_sensor_decorator.py took 0.051 seconds
[2026-04-28T12:24:15.959+0000] {processor.py:161} INFO - Started process (PID=1426) to work on /home/airflow/.local/lib/python3.8/site-packages/airflow/example_dags/example_sensor_decorator.py
[2026-04-28T12:24:15.960+0000] {processor.py:830} INFO - Processing file /home/airflow/.local/lib/python3.8/site-packages/airflow/example_dags/example_sensor_decorator.py for tasks to queue
[2026-04-28T12:24:15.962+0000] {logging_mixin.py:188} INFO - [2026-04-28T12:24:15.962+0000] {dagbag.py:540} INFO - Filling up the DagBag from /home/airflow/.local/lib/python3.8/site-packages/airflow/example_dags/example_sensor_decorator.py
[2026-04-28T12:24:15.969+0000] {processor.py:840} INFO - DAG(s) 'example_sensor_decorator' retrieved from /home/airflow/.local/lib/python3.8/site-packages/airflow/example_dags/example_sensor_decorator.py
[2026-04-28T12:24:15.992+0000] {logging_mixin.py:188} INFO - [2026-04-28T12:24:15.992+0000] {dag.py:3047} INFO - Sync 1 DAGs
[2026-04-28T12:24:16.006+0000] {logging_mixin.py:188} INFO - [2026-04-28T12:24:16.005+0000] {dag.py:3834} INFO - Setting next_dagrun for example_sensor_decorator to None, run_after=None
[2026-04-28T12:24:16.024+0000] {processor.py:183} INFO - Processing /home/airflow/.local/lib/python3.8/site-packages/airflow/example_dags/example_sensor_decorator.py took 0.068 seconds
[2026-04-28T12:24:46.259+0000] {processor.py:161} INFO - Started process (PID=1481) to work on /home/airflow/.local/lib/python3.8/site-packages/airflow/example_dags/example_sensor_decorator.py
[2026-04-28T12:24:46.260+0000] {processor.py:830} INFO - Processing file /home/airflow/.local/lib/python3.8/site-packages/airflow/example_dags/example_sensor_decorator.py for tasks to queue
[2026-04-28T12:24:46.263+0000] {logging_mixin.py:188} INFO - [2026-04-28T12:24:46.262+0000] {dagbag.py:540} INFO - Filling up the DagBag from /home/airflow/.local/lib/python3.8/site-packages/airflow/example_dags/example_sensor_decorator.py
[2026-04-28T12:24:46.269+0000] {processor.py:840} INFO - DAG(s) 'example_sensor_decorator' retrieved from /home/airflow/.local/lib/python3.8/site-packages/airflow/example_dags/example_sensor_decorator.py
[2026-04-28T12:24:46.296+0000] {logging_mixin.py:188} INFO - [2026-04-28T12:24:46.295+0000] {dag.py:3047} INFO - Sync 1 DAGs
[2026-04-28T12:24:46.311+0000] {logging_mixin.py:188} INFO - [2026-04-28T12:24:46.311+0000] {dag.py:3834} INFO - Setting next_dagrun for example_sensor_decorator to None, run_after=None
[2026-04-28T12:24:46.332+0000] {processor.py:183} INFO - Processing /home/airflow/.local/lib/python3.8/site-packages/airflow/example_dags/example_sensor_decorator.py took 0.077 seconds
[2026-04-28T12:25:16.572+0000] {processor.py:161} INFO - Started process (PID=1536) to work on /home/airflow/.local/lib/python3.8/site-packages/airflow/example_dags/example_sensor_decorator.py
[2026-04-28T12:25:16.573+0000] {processor.py:830} INFO - Processing file /home/airflow/.local/lib/python3.8/site-packages/airflow/example_dags/example_sensor_decorator.py for tasks to queue
[2026-04-28T12:25:16.576+0000] {logging_mixin.py:188} INFO - [2026-04-28T12:25:16.576+0000] {dagbag.py:540} INFO - Filling up the DagBag from /home/airflow/.local/lib/python3.8/site-packages/airflow/example_dags/example_sensor_decorator.py
[2026-04-28T12:25:16.583+0000] {processor.py:840} INFO - DAG(s) 'example_sensor_decorator' retrieved from /home/airflow/.local/lib/python3.8/site-packages/airflow/example_dags/example_sensor_decorator.py
[2026-04-28T12:25:16.608+0000] {logging_mixin.py:188} INFO - [2026-04-28T12:25:16.608+0000] {dag.py:3047} INFO - Sync 1 DAGs
[2026-04-28T12:25:16.622+0000] {logging_mixin.py:188} INFO - [2026-04-28T12:25:16.622+0000] {dag.py:3834} INFO - Setting next_dagrun for example_sensor_decorator to None, run_after=None
[2026-04-28T12:25:16.639+0000] {processor.py:183} INFO - Processing /home/airflow/.local/lib/python3.8/site-packages/airflow/example_dags/example_sensor_decorator.py took 0.070 seconds
[2026-04-28T12:25:46.844+0000] {processor.py:161} INFO - Started process (PID=1591) to work on /home/airflow/.local/lib/python3.8/site-packages/airflow/example_dags/example_sensor_decorator.py
[2026-04-28T12:25:46.845+0000] {processor.py:830} INFO - Processing file /home/airflow/.local/lib/python3.8/site-packages/airflow/example_dags/example_sensor_decorator.py for tasks to queue
[2026-04-28T12:25:46.847+0000] {logging_mixin.py:188} INFO - [2026-04-28T12:25:46.847+0000] {dagbag.py:540} INFO - Filling up the DagBag from /home/airflow/.local/lib/python3.8/site-packages/airflow/example_dags/example_sensor_decorator.py
[2026-04-28T12:25:46.855+0000] {processor.py:840} INFO - DAG(s) 'example_sensor_decorator' retrieved from /home/airflow/.local/lib/python3.8/site-packages/airflow/example_dags/example_sensor_decorator.py
[2026-04-28T12:25:46.877+0000] {logging_mixin.py:188} INFO - [2026-04-28T12:25:46.877+0000] {dag.py:3047} INFO - Sync 1 DAGs
[2026-04-28T12:25:46.891+0000] {logging_mixin.py:188} INFO - [2026-04-28T12:25:46.890+0000] {dag.py:3834} INFO - Setting next_dagrun for example_sensor_decorator to None, run_after=None
[2026-04-28T12:25:46.908+0000] {processor.py:183} INFO - Processing /home/airflow/.local/lib/python3.8/site-packages/airflow/example_dags/example_sensor_decorator.py took 0.068 seconds
[2026-04-28T12:26:17.660+0000] {processor.py:161} INFO - Started process (PID=1646) to work on /home/airflow/.local/lib/python3.8/site-packages/airflow/example_dags/example_sensor_decorator.py
[2026-04-28T12:26:17.661+0000] {processor.py:830} INFO - Processing file /home/airflow/.local/lib/python3.8/site-packages/airflow/example_dags/example_sensor_decorator.py for tasks to queue
[2026-04-28T12:26:17.664+0000] {logging_mixin.py:188} INFO - [2026-04-28T12:26:17.664+0000] {dagbag.py:540} INFO - Filling up the DagBag from /home/airflow/.local/lib/python3.8/site-packages/airflow/example_dags/example_sensor_decorator.py
[2026-04-28T12:26:17.672+0000] {processor.py:840} INFO - DAG(s) 'example_sensor_decorator' retrieved from /home/airflow/.local/lib/python3.8/site-packages/airflow/example_dags/example_sensor_decorator.py
[2026-04-28T12:26:17.713+0000] {logging_mixin.py:188} INFO - [2026-04-28T12:26:17.712+0000] {dag.py:3047} INFO - Sync 1 DAGs
[2026-04-28T12:26:17.742+0000] {logging_mixin.py:188} INFO - [2026-04-28T12:26:17.742+0000] {dag.py:3834} INFO - Setting next_dagrun for example_sensor_decorator to None, run_after=None
[2026-04-28T12:26:17.766+0000] {processor.py:183} INFO - Processing /home/airflow/.local/lib/python3.8/site-packages/airflow/example_dags/example_sensor_decorator.py took 0.112 seconds
[2026-04-28T12:26:48.582+0000] {processor.py:161} INFO - Started process (PID=1702) to work on /home/airflow/.local/lib/python3.8/site-packages/airflow/example_dags/example_sensor_decorator.py
[2026-04-28T12:26:48.591+0000] {processor.py:830} INFO - Processing file /home/airflow/.local/lib/python3.8/site-packages/airflow/example_dags/example_sensor_decorator.py for tasks to queue
[2026-04-28T12:26:48.595+0000] {logging_mixin.py:188} INFO - [2026-04-28T12:26:48.594+0000] {dagbag.py:540} INFO - Filling up the DagBag from /home/airflow/.local/lib/python3.8/site-packages/airflow/example_dags/example_sensor_decorator.py
[2026-04-28T12:26:48.605+0000] {processor.py:840} INFO - DAG(s) 'example_sensor_decorator' retrieved from /home/airflow/.local/lib/python3.8/site-packages/airflow/example_dags/example_sensor_decorator.py
[2026-04-28T12:26:48.642+0000] {logging_mixin.py:188} INFO - [2026-04-28T12:26:48.641+0000] {dag.py:3047} INFO - Sync 1 DAGs
[2026-04-28T12:26:48.663+0000] {logging_mixin.py:188} INFO - [2026-04-28T12:26:48.663+0000] {dag.py:3834} INFO - Setting next_dagrun for example_sensor_decorator to None, run_after=None
[2026-04-28T12:26:48.691+0000] {processor.py:183} INFO - Processing /home/airflow/.local/lib/python3.8/site-packages/airflow/example_dags/example_sensor_decorator.py took 0.128 seconds
[2026-04-28T12:27:18.769+0000] {processor.py:161} INFO - Started process (PID=1758) to work on /home/airflow/.local/lib/python3.8/site-packages/airflow/example_dags/example_sensor_decorator.py
[2026-04-28T12:27:18.770+0000] {processor.py:830} INFO - Processing file /home/airflow/.local/lib/python3.8/site-packages/airflow/example_dags/example_sensor_decorator.py for tasks to queue
[2026-04-28T12:27:18.773+0000] {logging_mixin.py:188} INFO - [2026-04-28T12:27:18.773+0000] {dagbag.py:540} INFO - Filling up the DagBag from /home/airflow/.local/lib/python3.8/site-packages/airflow/example_dags/example_sensor_decorator.py
[2026-04-28T12:27:18.780+0000] {processor.py:840} INFO - DAG(s) 'example_sensor_decorator' retrieved from /home/airflow/.local/lib/python3.8/site-packages/airflow/example_dags/example_sensor_decorator.py
[2026-04-28T12:27:18.802+0000] {logging_mixin.py:188} INFO - [2026-04-28T12:27:18.801+0000] {dag.py:3047} INFO - Sync 1 DAGs
[2026-04-28T12:27:18.815+0000] {logging_mixin.py:188} INFO - [2026-04-28T12:27:18.815+0000] {dag.py:3834} INFO - Setting next_dagrun for example_sensor_decorator to None, run_after=None
[2026-04-28T12:27:18.834+0000] {processor.py:183} INFO - Processing /home/airflow/.local/lib/python3.8/site-packages/airflow/example_dags/example_sensor_decorator.py took 0.068 seconds
[2026-04-28T12:27:49.092+0000] {processor.py:161} INFO - Started process (PID=1813) to work on /home/airflow/.local/lib/python3.8/site-packages/airflow/example_dags/example_sensor_decorator.py
[2026-04-28T12:27:49.093+0000] {processor.py:830} INFO - Processing file /home/airflow/.local/lib/python3.8/site-packages/airflow/example_dags/example_sensor_decorator.py for tasks to queue
[2026-04-28T12:27:49.096+0000] {logging_mixin.py:188} INFO - [2026-04-28T12:27:49.095+0000] {dagbag.py:540} INFO - Filling up the DagBag from /home/airflow/.local/lib/python3.8/site-packages/airflow/example_dags/example_sensor_decorator.py
[2026-04-28T12:27:49.120+0000] {processor.py:840} INFO - DAG(s) 'example_sensor_decorator' retrieved from /home/airflow/.local/lib/python3.8/site-packages/airflow/example_dags/example_sensor_decorator.py
[2026-04-28T12:27:49.168+0000] {logging_mixin.py:188} INFO - [2026-04-28T12:27:49.166+0000] {dag.py:3047} INFO - Sync 1 DAGs
[2026-04-28T12:27:49.191+0000] {logging_mixin.py:188} INFO - [2026-04-28T12:27:49.191+0000] {dag.py:3834} INFO - Setting next_dagrun for example_sensor_decorator to None, run_after=None
[2026-04-28T12:27:49.252+0000] {processor.py:183} INFO - Processing /home/airflow/.local/lib/python3.8/site-packages/airflow/example_dags/example_sensor_decorator.py took 0.164 seconds
[2026-04-28T12:28:19.928+0000] {processor.py:161} INFO - Started process (PID=1869) to work on /home/airflow/.local/lib/python3.8/site-packages/airflow/example_dags/example_sensor_decorator.py
[2026-04-28T12:28:19.930+0000] {processor.py:830} INFO - Processing file /home/airflow/.local/lib/python3.8/site-packages/airflow/example_dags/example_sensor_decorator.py for tasks to queue
[2026-04-28T12:28:19.934+0000] {logging_mixin.py:188} INFO - [2026-04-28T12:28:19.934+0000] {dagbag.py:540} INFO - Filling up the DagBag from /home/airflow/.local/lib/python3.8/site-packages/airflow/example_dags/example_sensor_decorator.py
[2026-04-28T12:28:19.945+0000] {processor.py:840} INFO - DAG(s) 'example_sensor_decorator' retrieved from /home/airflow/.local/lib/python3.8/site-packages/airflow/example_dags/example_sensor_decorator.py
[2026-04-28T12:28:19.991+0000] {logging_mixin.py:188} INFO - [2026-04-28T12:28:19.988+0000] {dag.py:3047} INFO - Sync 1 DAGs
[2026-04-28T12:28:20.021+0000] {logging_mixin.py:188} INFO - [2026-04-28T12:28:20.021+0000] {dag.py:3834} INFO - Setting next_dagrun for example_sensor_decorator to None, run_after=None
[2026-04-28T12:28:20.062+0000] {processor.py:183} INFO - Processing /home/airflow/.local/lib/python3.8/site-packages/airflow/example_dags/example_sensor_decorator.py took 0.143 seconds
[2026-04-28T12:28:50.552+0000] {processor.py:161} INFO - Started process (PID=1925) to work on /home/airflow/.local/lib/python3.8/site-packages/airflow/example_dags/example_sensor_decorator.py
[2026-04-28T12:28:50.553+0000] {processor.py:830} INFO - Processing file /home/airflow/.local/lib/python3.8/site-packages/airflow/example_dags/example_sensor_decorator.py for tasks to queue
[2026-04-28T12:28:50.555+0000] {logging_mixin.py:188} INFO - [2026-04-28T12:28:50.555+0000] {dagbag.py:540} INFO - Filling up the DagBag from /home/airflow/.local/lib/python3.8/site-packages/airflow/example_dags/example_sensor_decorator.py
[2026-04-28T12:28:50.562+0000] {processor.py:840} INFO - DAG(s) 'example_sensor_decorator' retrieved from /home/airflow/.local/lib/python3.8/site-packages/airflow/example_dags/example_sensor_decorator.py
[2026-04-28T12:28:50.583+0000] {logging_mixin.py:188} INFO - [2026-04-28T12:28:50.583+0000] {dag.py:3047} INFO - Sync 1 DAGs
[2026-04-28T12:28:50.599+0000] {logging_mixin.py:188} INFO - [2026-04-28T12:28:50.599+0000] {dag.py:3834} INFO - Setting next_dagrun for example_sensor_decorator to None, run_after=None
[2026-04-28T12:28:50.619+0000] {processor.py:183} INFO - Processing /home/airflow/.local/lib/python3.8/site-packages/airflow/example_dags/example_sensor_decorator.py took 0.070 seconds
[2026-04-28T12:29:21.323+0000] {processor.py:161} INFO - Started process (PID=1981) to work on /home/airflow/.local/lib/python3.8/site-packages/airflow/example_dags/example_sensor_decorator.py
[2026-04-28T12:29:21.324+0000] {processor.py:830} INFO - Processing file /home/airflow/.local/lib/python3.8/site-packages/airflow/example_dags/example_sensor_decorator.py for tasks to queue
[2026-04-28T12:29:21.326+0000] {logging_mixin.py:188} INFO - [2026-04-28T12:29:21.326+0000] {dagbag.py:540} INFO - Filling up the DagBag from /home/airflow/.local/lib/python3.8/site-packages/airflow/example_dags/example_sensor_decorator.py
[2026-04-28T12:29:21.333+0000] {processor.py:840} INFO - DAG(s) 'example_sensor_decorator' retrieved from /home/airflow/.local/lib/python3.8/site-packages/airflow/example_dags/example_sensor_decorator.py
[2026-04-28T12:29:21.355+0000] {logging_mixin.py:188} INFO - [2026-04-28T12:29:21.355+0000] {dag.py:3047} INFO - Sync 1 DAGs
[2026-04-28T12:29:21.369+0000] {logging_mixin.py:188} INFO - [2026-04-28T12:29:21.368+0000] {dag.py:3834} INFO - Setting next_dagrun for example_sensor_decorator to None, run_after=None
[2026-04-28T12:29:21.407+0000] {processor.py:183} INFO - Processing /home/airflow/.local/lib/python3.8/site-packages/airflow/example_dags/example_sensor_decorator.py took 0.087 seconds
[2026-04-28T12:29:51.633+0000] {processor.py:161} INFO - Started process (PID=2037) to work on /home/airflow/.local/lib/python3.8/site-packages/airflow/example_dags/example_sensor_decorator.py
[2026-04-28T12:29:51.634+0000] {processor.py:830} INFO - Processing file /home/airflow/.local/lib/python3.8/site-packages/airflow/example_dags/example_sensor_decorator.py for tasks to queue
[2026-04-28T12:29:51.636+0000] {logging_mixin.py:188} INFO - [2026-04-28T12:29:51.636+0000] {dagbag.py:540} INFO - Filling up the DagBag from /home/airflow/.local/lib/python3.8/site-packages/airflow/example_dags/example_sensor_decorator.py
[2026-04-28T12:29:51.643+0000] {processor.py:840} INFO - DAG(s) 'example_sensor_decorator' retrieved from /home/airflow/.local/lib/python3.8/site-packages/airflow/example_dags/example_sensor_decorator.py
[2026-04-28T12:29:51.671+0000] {logging_mixin.py:188} INFO - [2026-04-28T12:29:51.671+0000] {dag.py:3047} INFO - Sync 1 DAGs
[2026-04-28T12:29:51.684+0000] {logging_mixin.py:188} INFO - [2026-04-28T12:29:51.684+0000] {dag.py:3834} INFO - Setting next_dagrun for example_sensor_decorator to None, run_after=None
[2026-04-28T12:29:51.705+0000] {processor.py:183} INFO - Processing /home/airflow/.local/lib/python3.8/site-packages/airflow/example_dags/example_sensor_decorator.py took 0.076 seconds
[2026-04-28T12:30:22.152+0000] {processor.py:161} INFO - Started process (PID=2093) to work on /home/airflow/.local/lib/python3.8/site-packages/airflow/example_dags/example_sensor_decorator.py
[2026-04-28T12:30:22.155+0000] {processor.py:830} INFO - Processing file /home/airflow/.local/lib/python3.8/site-packages/airflow/example_dags/example_sensor_decorator.py for tasks to queue
[2026-04-28T12:30:22.159+0000] {logging_mixin.py:188} INFO - [2026-04-28T12:30:22.159+0000] {dagbag.py:540} INFO - Filling up the DagBag from /home/airflow/.local/lib/python3.8/site-packages/airflow/example_dags/example_sensor_decorator.py
[2026-04-28T12:30:22.171+0000] {processor.py:840} INFO - DAG(s) 'example_sensor_decorator' retrieved from /home/airflow/.local/lib/python3.8/site-packages/airflow/example_dags/example_sensor_decorator.py
[2026-04-28T12:30:22.208+0000] {logging_mixin.py:188} INFO - [2026-04-28T12:30:22.207+0000] {dag.py:3047} INFO - Sync 1 DAGs
[2026-04-28T12:30:22.238+0000] {logging_mixin.py:188} INFO - [2026-04-28T12:30:22.237+0000] {dag.py:3834} INFO - Setting next_dagrun for example_sensor_decorator to None, run_after=None
[2026-04-28T12:30:22.256+0000] {processor.py:183} INFO - Processing /home/airflow/.local/lib/python3.8/site-packages/airflow/example_dags/example_sensor_decorator.py took 0.112 seconds
[2026-04-28T12:30:52.855+0000] {processor.py:161} INFO - Started process (PID=2149) to work on /home/airflow/.local/lib/python3.8/site-packages/airflow/example_dags/example_sensor_decorator.py
[2026-04-28T12:30:52.856+0000] {processor.py:830} INFO - Processing file /home/airflow/.local/lib/python3.8/site-packages/airflow/example_dags/example_sensor_decorator.py for tasks to queue
[2026-04-28T12:30:52.858+0000] {logging_mixin.py:188} INFO - [2026-04-28T12:30:52.858+0000] {dagbag.py:540} INFO - Filling up the DagBag from /home/airflow/.local/lib/python3.8/site-packages/airflow/example_dags/example_sensor_decorator.py
[2026-04-28T12:30:52.865+0000] {processor.py:840} INFO - DAG(s) 'example_sensor_decorator' retrieved from /home/airflow/.local/lib/python3.8/site-packages/airflow/example_dags/example_sensor_decorator.py
[2026-04-28T12:30:52.898+0000] {logging_mixin.py:188} INFO - [2026-04-28T12:30:52.897+0000] {dag.py:3047} INFO - Sync 1 DAGs
[2026-04-28T12:30:52.924+0000] {logging_mixin.py:188} INFO - [2026-04-28T12:30:52.922+0000] {dag.py:3834} INFO - Setting next_dagrun for example_sensor_decorator to None, run_after=None
[2026-04-28T12:30:52.983+0000] {processor.py:183} INFO - Processing /home/airflow/.local/lib/python3.8/site-packages/airflow/example_dags/example_sensor_decorator.py took 0.132 seconds
[2026-04-28T12:31:23.749+0000] {processor.py:161} INFO - Started process (PID=2205) to work on /home/airflow/.local/lib/python3.8/site-packages/airflow/example_dags/example_sensor_decorator.py
[2026-04-28T12:31:23.750+0000] {processor.py:830} INFO - Processing file /home/airflow/.local/lib/python3.8/site-packages/airflow/example_dags/example_sensor_decorator.py for tasks to queue
[2026-04-28T12:31:23.752+0000] {logging_mixin.py:188} INFO - [2026-04-28T12:31:23.752+0000] {dagbag.py:540} INFO - Filling up the DagBag from /home/airflow/.local/lib/python3.8/site-packages/airflow/example_dags/example_sensor_decorator.py
[2026-04-28T12:31:23.759+0000] {processor.py:840} INFO - DAG(s) 'example_sensor_decorator' retrieved from /home/airflow/.local/lib/python3.8/site-packages/airflow/example_dags/example_sensor_decorator.py
[2026-04-28T12:31:23.781+0000] {logging_mixin.py:188} INFO - [2026-04-28T12:31:23.781+0000] {dag.py:3047} INFO - Sync 1 DAGs
[2026-04-28T12:31:23.795+0000] {logging_mixin.py:188} INFO - [2026-04-28T12:31:23.795+0000] {dag.py:3834} INFO - Setting next_dagrun for example_sensor_decorator to None, run_after=None
[2026-04-28T12:31:23.813+0000] {processor.py:183} INFO - Processing /home/airflow/.local/lib/python3.8/site-packages/airflow/example_dags/example_sensor_decorator.py took 0.067 seconds
[2026-04-28T12:31:54.710+0000] {processor.py:161} INFO - Started process (PID=2260) to work on /home/airflow/.local/lib/python3.8/site-packages/airflow/example_dags/example_sensor_decorator.py
[2026-04-28T12:31:54.713+0000] {processor.py:830} INFO - Processing file /home/airflow/.local/lib/python3.8/site-packages/airflow/example_dags/example_sensor_decorator.py for tasks to queue
[2026-04-28T12:31:54.716+0000] {logging_mixin.py:188} INFO - [2026-04-28T12:31:54.715+0000] {dagbag.py:540} INFO - Filling up the DagBag from /home/airflow/.local/lib/python3.8/site-packages/airflow/example_dags/example_sensor_decorator.py
[2026-04-28T12:31:54.726+0000] {processor.py:840} INFO - DAG(s) 'example_sensor_decorator' retrieved from /home/airflow/.local/lib/python3.8/site-packages/airflow/example_dags/example_sensor_decorator.py
[2026-04-28T12:31:54.750+0000] {logging_mixin.py:188} INFO - [2026-04-28T12:31:54.750+0000] {dag.py:3047} INFO - Sync 1 DAGs
[2026-04-28T12:31:54.765+0000] {logging_mixin.py:188} INFO - [2026-04-28T12:31:54.764+0000] {dag.py:3834} INFO - Setting next_dagrun for example_sensor_decorator to None, run_after=None
[2026-04-28T12:31:54.783+0000] {processor.py:183} INFO - Processing /home/airflow/.local/lib/python3.8/site-packages/airflow/example_dags/example_sensor_decorator.py took 0.076 seconds
[2026-04-28T12:32:25.317+0000] {processor.py:161} INFO - Started process (PID=2316) to work on /home/airflow/.local/lib/python3.8/site-packages/airflow/example_dags/example_sensor_decorator.py
[2026-04-28T12:32:25.318+0000] {processor.py:830} INFO - Processing file /home/airflow/.local/lib/python3.8/site-packages/airflow/example_dags/example_sensor_decorator.py for tasks to queue
[2026-04-28T12:32:25.320+0000] {logging_mixin.py:188} INFO - [2026-04-28T12:32:25.320+0000] {dagbag.py:540} INFO - Filling up the DagBag from /home/airflow/.local/lib/python3.8/site-packages/airflow/example_dags/example_sensor_decorator.py
[2026-04-28T12:32:25.328+0000] {processor.py:840} INFO - DAG(s) 'example_sensor_decorator' retrieved from /home/airflow/.local/lib/python3.8/site-packages/airflow/example_dags/example_sensor_decorator.py
[2026-04-28T12:32:25.350+0000] {logging_mixin.py:188} INFO - [2026-04-28T12:32:25.350+0000] {dag.py:3047} INFO - Sync 1 DAGs
[2026-04-28T12:32:25.364+0000] {logging_mixin.py:188} INFO - [2026-04-28T12:32:25.364+0000] {dag.py:3834} INFO - Setting next_dagrun for example_sensor_decorator to None, run_after=None
[2026-04-28T12:32:25.382+0000] {processor.py:183} INFO - Processing /home/airflow/.local/lib/python3.8/site-packages/airflow/example_dags/example_sensor_decorator.py took 0.068 seconds
[2026-04-28T12:32:56.211+0000] {processor.py:161} INFO - Started process (PID=2374) to work on /home/airflow/.local/lib/python3.8/site-packages/airflow/example_dags/example_sensor_decorator.py
[2026-04-28T12:32:56.214+0000] {processor.py:830} INFO - Processing file /home/airflow/.local/lib/python3.8/site-packages/airflow/example_dags/example_sensor_decorator.py for tasks to queue
[2026-04-28T12:32:56.217+0000] {logging_mixin.py:188} INFO - [2026-04-28T12:32:56.216+0000] {dagbag.py:540} INFO - Filling up the DagBag from /home/airflow/.local/lib/python3.8/site-packages/airflow/example_dags/example_sensor_decorator.py
[2026-04-28T12:32:56.230+0000] {processor.py:840} INFO - DAG(s) 'example_sensor_decorator' retrieved from /home/airflow/.local/lib/python3.8/site-packages/airflow/example_dags/example_sensor_decorator.py
[2026-04-28T12:32:56.273+0000] {logging_mixin.py:188} INFO - [2026-04-28T12:32:56.273+0000] {dag.py:3047} INFO - Sync 1 DAGs
[2026-04-28T12:32:56.287+0000] {logging_mixin.py:188} INFO - [2026-04-28T12:32:56.287+0000] {dag.py:3834} INFO - Setting next_dagrun for example_sensor_decorator to None, run_after=None
[2026-04-28T12:32:56.305+0000] {processor.py:183} INFO - Processing /home/airflow/.local/lib/python3.8/site-packages/airflow/example_dags/example_sensor_decorator.py took 0.100 seconds
[2026-04-28T12:33:26.451+0000] {processor.py:161} INFO - Started process (PID=2430) to work on /home/airflow/.local/lib/python3.8/site-packages/airflow/example_dags/example_sensor_decorator.py
[2026-04-28T12:33:26.456+0000] {processor.py:830} INFO - Processing file /home/airflow/.local/lib/python3.8/site-packages/airflow/example_dags/example_sensor_decorator.py for tasks to queue
[2026-04-28T12:33:26.460+0000] {logging_mixin.py:188} INFO - [2026-04-28T12:33:26.460+0000] {dagbag.py:540} INFO - Filling up the DagBag from /home/airflow/.local/lib/python3.8/site-packages/airflow/example_dags/example_sensor_decorator.py
[2026-04-28T12:33:26.474+0000] {processor.py:840} INFO - DAG(s) 'example_sensor_decorator' retrieved from /home/airflow/.local/lib/python3.8/site-packages/airflow/example_dags/example_sensor_decorator.py
[2026-04-28T12:33:26.495+0000] {logging_mixin.py:188} INFO - [2026-04-28T12:33:26.495+0000] {dag.py:3047} INFO - Sync 1 DAGs
[2026-04-28T12:33:26.514+0000] {logging_mixin.py:188} INFO - [2026-04-28T12:33:26.509+0000] {dag.py:3834} INFO - Setting next_dagrun for example_sensor_decorator to None, run_after=None
[2026-04-28T12:33:26.542+0000] {processor.py:183} INFO - Processing /home/airflow/.local/lib/python3.8/site-packages/airflow/example_dags/example_sensor_decorator.py took 0.095 seconds
[2026-04-28T12:33:56.590+0000] {processor.py:161} INFO - Started process (PID=2486) to work on /home/airflow/.local/lib/python3.8/site-packages/airflow/example_dags/example_sensor_decorator.py
[2026-04-28T12:33:56.590+0000] {processor.py:830} INFO - Processing file /home/airflow/.local/lib/python3.8/site-packages/airflow/example_dags/example_sensor_decorator.py for tasks to queue
[2026-04-28T12:33:56.593+0000] {logging_mixin.py:188} INFO - [2026-04-28T12:33:56.592+0000] {dagbag.py:540} INFO - Filling up the DagBag from /home/airflow/.local/lib/python3.8/site-packages/airflow/example_dags/example_sensor_decorator.py
[2026-04-28T12:33:56.600+0000] {processor.py:840} INFO - DAG(s) 'example_sensor_decorator' retrieved from /home/airflow/.local/lib/python3.8/site-packages/airflow/example_dags/example_sensor_decorator.py
[2026-04-28T12:33:56.622+0000] {logging_mixin.py:188} INFO - [2026-04-28T12:33:56.622+0000] {dag.py:3047} INFO - Sync 1 DAGs
[2026-04-28T12:33:56.636+0000] {logging_mixin.py:188} INFO - [2026-04-28T12:33:56.636+0000] {dag.py:3834} INFO - Setting next_dagrun for example_sensor_decorator to None, run_after=None
[2026-04-28T12:33:56.654+0000] {processor.py:183} INFO - Processing /home/airflow/.local/lib/python3.8/site-packages/airflow/example_dags/example_sensor_decorator.py took 0.068 seconds
[2026-04-28T12:34:27.437+0000] {processor.py:161} INFO - Started process (PID=2542) to work on /home/airflow/.local/lib/python3.8/site-packages/airflow/example_dags/example_sensor_decorator.py
[2026-04-28T12:34:27.447+0000] {processor.py:830} INFO - Processing file /home/airflow/.local/lib/python3.8/site-packages/airflow/example_dags/example_sensor_decorator.py for tasks to queue
[2026-04-28T12:34:27.453+0000] {logging_mixin.py:188} INFO - [2026-04-28T12:34:27.452+0000] {dagbag.py:540} INFO - Filling up the DagBag from /home/airflow/.local/lib/python3.8/site-packages/airflow/example_dags/example_sensor_decorator.py
[2026-04-28T12:34:27.464+0000] {processor.py:840} INFO - DAG(s) 'example_sensor_decorator' retrieved from /home/airflow/.local/lib/python3.8/site-packages/airflow/example_dags/example_sensor_decorator.py
[2026-04-28T12:34:27.532+0000] {logging_mixin.py:188} INFO - [2026-04-28T12:34:27.532+0000] {dag.py:3047} INFO - Sync 1 DAGs
[2026-04-28T12:34:27.578+0000] {logging_mixin.py:188} INFO - [2026-04-28T12:34:27.578+0000] {dag.py:3834} INFO - Setting next_dagrun for example_sensor_decorator to None, run_after=None
[2026-04-28T12:34:27.701+0000] {processor.py:183} INFO - Processing /home/airflow/.local/lib/python3.8/site-packages/airflow/example_dags/example_sensor_decorator.py took 0.274 seconds
[2026-04-28T12:34:58.581+0000] {processor.py:161} INFO - Started process (PID=2598) to work on /home/airflow/.local/lib/python3.8/site-packages/airflow/example_dags/example_sensor_decorator.py
[2026-04-28T12:34:58.582+0000] {processor.py:830} INFO - Processing file /home/airflow/.local/lib/python3.8/site-packages/airflow/example_dags/example_sensor_decorator.py for tasks to queue
[2026-04-28T12:34:58.585+0000] {logging_mixin.py:188} INFO - [2026-04-28T12:34:58.585+0000] {dagbag.py:540} INFO - Filling up the DagBag from /home/airflow/.local/lib/python3.8/site-packages/airflow/example_dags/example_sensor_decorator.py
[2026-04-28T12:34:58.592+0000] {processor.py:840} INFO - DAG(s) 'example_sensor_decorator' retrieved from /home/airflow/.local/lib/python3.8/site-packages/airflow/example_dags/example_sensor_decorator.py
[2026-04-28T12:34:58.644+0000] {logging_mixin.py:188} INFO - [2026-04-28T12:34:58.643+0000] {dag.py:3047} INFO - Sync 1 DAGs
[2026-04-28T12:34:58.662+0000] {logging_mixin.py:188} INFO - [2026-04-28T12:34:58.661+0000] {dag.py:3834} INFO - Setting next_dagrun for example_sensor_decorator to None, run_after=None
[2026-04-28T12:34:58.699+0000] {processor.py:183} INFO - Processing /home/airflow/.local/lib/python3.8/site-packages/airflow/example_dags/example_sensor_decorator.py took 0.121 seconds
[2026-04-28T12:35:29.275+0000] {processor.py:161} INFO - Started process (PID=2654) to work on /home/airflow/.local/lib/python3.8/site-packages/airflow/example_dags/example_sensor_decorator.py
[2026-04-28T12:35:29.276+0000] {processor.py:830} INFO - Processing file /home/airflow/.local/lib/python3.8/site-packages/airflow/example_dags/example_sensor_decorator.py for tasks to queue
[2026-04-28T12:35:29.279+0000] {logging_mixin.py:188} INFO - [2026-04-28T12:35:29.278+0000] {dagbag.py:540} INFO - Filling up the DagBag from /home/airflow/.local/lib/python3.8/site-packages/airflow/example_dags/example_sensor_decorator.py
[2026-04-28T12:35:29.286+0000] {processor.py:840} INFO - DAG(s) 'example_sensor_decorator' retrieved from /home/airflow/.local/lib/python3.8/site-packages/airflow/example_dags/example_sensor_decorator.py
[2026-04-28T12:35:29.308+0000] {logging_mixin.py:188} INFO - [2026-04-28T12:35:29.308+0000] {dag.py:3047} INFO - Sync 1 DAGs
[2026-04-28T12:35:29.322+0000] {logging_mixin.py:188} INFO - [2026-04-28T12:35:29.321+0000] {dag.py:3834} INFO - Setting next_dagrun for example_sensor_decorator to None, run_after=None
[2026-04-28T12:35:29.340+0000] {processor.py:183} INFO - Processing /home/airflow/.local/lib/python3.8/site-packages/airflow/example_dags/example_sensor_decorator.py took 0.068 seconds
[2026-04-28T12:36:00.122+0000] {processor.py:161} INFO - Started process (PID=2709) to work on /home/airflow/.local/lib/python3.8/site-packages/airflow/example_dags/example_sensor_decorator.py
[2026-04-28T12:36:00.123+0000] {processor.py:830} INFO - Processing file /home/airflow/.local/lib/python3.8/site-packages/airflow/example_dags/example_sensor_decorator.py for tasks to queue
[2026-04-28T12:36:00.126+0000] {logging_mixin.py:188} INFO - [2026-04-28T12:36:00.125+0000] {dagbag.py:540} INFO - Filling up the DagBag from /home/airflow/.local/lib/python3.8/site-packages/airflow/example_dags/example_sensor_decorator.py
[2026-04-28T12:36:00.133+0000] {processor.py:840} INFO - DAG(s) 'example_sensor_decorator' retrieved from /home/airflow/.local/lib/python3.8/site-packages/airflow/example_dags/example_sensor_decorator.py
[2026-04-28T12:36:00.154+0000] {logging_mixin.py:188} INFO - [2026-04-28T12:36:00.154+0000] {dag.py:3047} INFO - Sync 1 DAGs
[2026-04-28T12:36:00.168+0000] {logging_mixin.py:188} INFO - [2026-04-28T12:36:00.168+0000] {dag.py:3834} INFO - Setting next_dagrun for example_sensor_decorator to None, run_after=None
[2026-04-28T12:36:00.186+0000] {processor.py:183} INFO - Processing /home/airflow/.local/lib/python3.8/site-packages/airflow/example_dags/example_sensor_decorator.py took 0.068 seconds
[2026-04-28T12:36:30.340+0000] {processor.py:161} INFO - Started process (PID=2765) to work on /home/airflow/.local/lib/python3.8/site-packages/airflow/example_dags/example_sensor_decorator.py
[2026-04-28T12:36:30.341+0000] {processor.py:830} INFO - Processing file /home/airflow/.local/lib/python3.8/site-packages/airflow/example_dags/example_sensor_decorator.py for tasks to queue
[2026-04-28T12:36:30.344+0000] {logging_mixin.py:188} INFO - [2026-04-28T12:36:30.344+0000] {dagbag.py:540} INFO - Filling up the DagBag from /home/airflow/.local/lib/python3.8/site-packages/airflow/example_dags/example_sensor_decorator.py
[2026-04-28T12:36:30.351+0000] {processor.py:840} INFO - DAG(s) 'example_sensor_decorator' retrieved from /home/airflow/.local/lib/python3.8/site-packages/airflow/example_dags/example_sensor_decorator.py
[2026-04-28T12:36:30.372+0000] {logging_mixin.py:188} INFO - [2026-04-28T12:36:30.372+0000] {dag.py:3047} INFO - Sync 1 DAGs
[2026-04-28T12:36:30.387+0000] {logging_mixin.py:188} INFO - [2026-04-28T12:36:30.387+0000] {dag.py:3834} INFO - Setting next_dagrun for example_sensor_decorator to None, run_after=None
[2026-04-28T12:36:30.406+0000] {processor.py:183} INFO - Processing /home/airflow/.local/lib/python3.8/site-packages/airflow/example_dags/example_sensor_decorator.py took 0.069 seconds
[2026-04-28T12:37:00.722+0000] {processor.py:161} INFO - Started process (PID=2821) to work on /home/airflow/.local/lib/python3.8/site-packages/airflow/example_dags/example_sensor_decorator.py
[2026-04-28T12:37:00.728+0000] {processor.py:830} INFO - Processing file /home/airflow/.local/lib/python3.8/site-packages/airflow/example_dags/example_sensor_decorator.py for tasks to queue
[2026-04-28T12:37:00.732+0000] {logging_mixin.py:188} INFO - [2026-04-28T12:37:00.732+0000] {dagbag.py:540} INFO - Filling up the DagBag from /home/airflow/.local/lib/python3.8/site-packages/airflow/example_dags/example_sensor_decorator.py
[2026-04-28T12:37:00.745+0000] {processor.py:840} INFO - DAG(s) 'example_sensor_decorator' retrieved from /home/airflow/.local/lib/python3.8/site-packages/airflow/example_dags/example_sensor_decorator.py
[2026-04-28T12:37:00.776+0000] {logging_mixin.py:188} INFO - [2026-04-28T12:37:00.775+0000] {dag.py:3047} INFO - Sync 1 DAGs
[2026-04-28T12:37:00.794+0000] {logging_mixin.py:188} INFO - [2026-04-28T12:37:00.794+0000] {dag.py:3834} INFO - Setting next_dagrun for example_sensor_decorator to None, run_after=None
[2026-04-28T12:37:00.817+0000] {processor.py:183} INFO - Processing /home/airflow/.local/lib/python3.8/site-packages/airflow/example_dags/example_sensor_decorator.py took 0.101 seconds
[2026-04-28T12:37:31.643+0000] {processor.py:161} INFO - Started process (PID=2877) to work on /home/airflow/.local/lib/python3.8/site-packages/airflow/example_dags/example_sensor_decorator.py
[2026-04-28T12:37:31.644+0000] {processor.py:830} INFO - Processing file /home/airflow/.local/lib/python3.8/site-packages/airflow/example_dags/example_sensor_decorator.py for tasks to queue
[2026-04-28T12:37:31.647+0000] {logging_mixin.py:188} INFO - [2026-04-28T12:37:31.647+0000] {dagbag.py:540} INFO - Filling up the DagBag from /home/airflow/.local/lib/python3.8/site-packages/airflow/example_dags/example_sensor_decorator.py
[2026-04-28T12:37:31.654+0000] {processor.py:840} INFO - DAG(s) 'example_sensor_decorator' retrieved from /home/airflow/.local/lib/python3.8/site-packages/airflow/example_dags/example_sensor_decorator.py
[2026-04-28T12:37:31.675+0000] {logging_mixin.py:188} INFO - [2026-04-28T12:37:31.675+0000] {dag.py:3047} INFO - Sync 1 DAGs
[2026-04-28T12:37:31.689+0000] {logging_mixin.py:188} INFO - [2026-04-28T12:37:31.689+0000] {dag.py:3834} INFO - Setting next_dagrun for example_sensor_decorator to None, run_after=None
[2026-04-28T12:37:31.707+0000] {processor.py:183} INFO - Processing /home/airflow/.local/lib/python3.8/site-packages/airflow/example_dags/example_sensor_decorator.py took 0.067 seconds
[2026-04-28T12:38:02.388+0000] {processor.py:161} INFO - Started process (PID=2933) to work on /home/airflow/.local/lib/python3.8/site-packages/airflow/example_dags/example_sensor_decorator.py
[2026-04-28T12:38:02.389+0000] {processor.py:830} INFO - Processing file /home/airflow/.local/lib/python3.8/site-packages/airflow/example_dags/example_sensor_decorator.py for tasks to queue
[2026-04-28T12:38:02.392+0000] {logging_mixin.py:188} INFO - [2026-04-28T12:38:02.392+0000] {dagbag.py:540} INFO - Filling up the DagBag from /home/airflow/.local/lib/python3.8/site-packages/airflow/example_dags/example_sensor_decorator.py
[2026-04-28T12:38:02.399+0000] {processor.py:840} INFO - DAG(s) 'example_sensor_decorator' retrieved from /home/airflow/.local/lib/python3.8/site-packages/airflow/example_dags/example_sensor_decorator.py
[2026-04-28T12:38:02.421+0000] {logging_mixin.py:188} INFO - [2026-04-28T12:38:02.421+0000] {dag.py:3047} INFO - Sync 1 DAGs
[2026-04-28T12:38:02.435+0000] {logging_mixin.py:188} INFO - [2026-04-28T12:38:02.435+0000] {dag.py:3834} INFO - Setting next_dagrun for example_sensor_decorator to None, run_after=None
[2026-04-28T12:38:02.453+0000] {processor.py:183} INFO - Processing /home/airflow/.local/lib/python3.8/site-packages/airflow/example_dags/example_sensor_decorator.py took 0.068 seconds
[2026-04-28T12:38:32.866+0000] {processor.py:161} INFO - Started process (PID=2989) to work on /home/airflow/.local/lib/python3.8/site-packages/airflow/example_dags/example_sensor_decorator.py
[2026-04-28T12:38:32.871+0000] {processor.py:830} INFO - Processing file /home/airflow/.local/lib/python3.8/site-packages/airflow/example_dags/example_sensor_decorator.py for tasks to queue
[2026-04-28T12:38:32.876+0000] {logging_mixin.py:188} INFO - [2026-04-28T12:38:32.876+0000] {dagbag.py:540} INFO - Filling up the DagBag from /home/airflow/.local/lib/python3.8/site-packages/airflow/example_dags/example_sensor_decorator.py
[2026-04-28T12:38:32.894+0000] {processor.py:840} INFO - DAG(s) 'example_sensor_decorator' retrieved from /home/airflow/.local/lib/python3.8/site-packages/airflow/example_dags/example_sensor_decorator.py
[2026-04-28T12:38:32.943+0000] {logging_mixin.py:188} INFO - [2026-04-28T12:38:32.942+0000] {dag.py:3047} INFO - Sync 1 DAGs
[2026-04-28T12:38:32.970+0000] {logging_mixin.py:188} INFO - [2026-04-28T12:38:32.970+0000] {dag.py:3834} INFO - Setting next_dagrun for example_sensor_decorator to None, run_after=None
[2026-04-28T12:38:33.011+0000] {processor.py:183} INFO - Processing /home/airflow/.local/lib/python3.8/site-packages/airflow/example_dags/example_sensor_decorator.py took 0.152 seconds
[2026-04-28T12:39:03.354+0000] {processor.py:161} INFO - Started process (PID=3045) to work on /home/airflow/.local/lib/python3.8/site-packages/airflow/example_dags/example_sensor_decorator.py
[2026-04-28T12:39:03.355+0000] {processor.py:830} INFO - Processing file /home/airflow/.local/lib/python3.8/site-packages/airflow/example_dags/example_sensor_decorator.py for tasks to queue
[2026-04-28T12:39:03.358+0000] {logging_mixin.py:188} INFO - [2026-04-28T12:39:03.358+0000] {dagbag.py:540} INFO - Filling up the DagBag from /home/airflow/.local/lib/python3.8/site-packages/airflow/example_dags/example_sensor_decorator.py
[2026-04-28T12:39:03.365+0000] {processor.py:840} INFO - DAG(s) 'example_sensor_decorator' retrieved from /home/airflow/.local/lib/python3.8/site-packages/airflow/example_dags/example_sensor_decorator.py
[2026-04-28T12:39:03.389+0000] {logging_mixin.py:188} INFO - [2026-04-28T12:39:03.389+0000] {dag.py:3047} INFO - Sync 1 DAGs
[2026-04-28T12:39:03.403+0000] {logging_mixin.py:188} INFO - [2026-04-28T12:39:03.403+0000] {dag.py:3834} INFO - Setting next_dagrun for example_sensor_decorator to None, run_after=None
[2026-04-28T12:39:03.421+0000] {processor.py:183} INFO - Processing /home/airflow/.local/lib/python3.8/site-packages/airflow/example_dags/example_sensor_decorator.py took 0.070 seconds
[2026-04-28T12:39:33.803+0000] {processor.py:161} INFO - Started process (PID=3101) to work on /home/airflow/.local/lib/python3.8/site-packages/airflow/example_dags/example_sensor_decorator.py
[2026-04-28T12:39:33.803+0000] {processor.py:830} INFO - Processing file /home/airflow/.local/lib/python3.8/site-packages/airflow/example_dags/example_sensor_decorator.py for tasks to queue
[2026-04-28T12:39:33.806+0000] {logging_mixin.py:188} INFO - [2026-04-28T12:39:33.806+0000] {dagbag.py:540} INFO - Filling up the DagBag from /home/airflow/.local/lib/python3.8/site-packages/airflow/example_dags/example_sensor_decorator.py
[2026-04-28T12:39:33.814+0000] {processor.py:840} INFO - DAG(s) 'example_sensor_decorator' retrieved from /home/airflow/.local/lib/python3.8/site-packages/airflow/example_dags/example_sensor_decorator.py
[2026-04-28T12:39:33.850+0000] {logging_mixin.py:188} INFO - [2026-04-28T12:39:33.850+0000] {dag.py:3047} INFO - Sync 1 DAGs
[2026-04-28T12:39:33.869+0000] {logging_mixin.py:188} INFO - [2026-04-28T12:39:33.868+0000] {dag.py:3834} INFO - Setting next_dagrun for example_sensor_decorator to None, run_after=None
[2026-04-28T12:39:33.895+0000] {processor.py:183} INFO - Processing /home/airflow/.local/lib/python3.8/site-packages/airflow/example_dags/example_sensor_decorator.py took 0.097 seconds
[2026-04-28T12:40:04.395+0000] {processor.py:161} INFO - Started process (PID=3163) to work on /home/airflow/.local/lib/python3.8/site-packages/airflow/example_dags/example_sensor_decorator.py
[2026-04-28T12:40:04.399+0000] {processor.py:830} INFO - Processing file /home/airflow/.local/lib/python3.8/site-packages/airflow/example_dags/example_sensor_decorator.py for tasks to queue
[2026-04-28T12:40:04.406+0000] {logging_mixin.py:188} INFO - [2026-04-28T12:40:04.404+0000] {dagbag.py:540} INFO - Filling up the DagBag from /home/airflow/.local/lib/python3.8/site-packages/airflow/example_dags/example_sensor_decorator.py
[2026-04-28T12:40:04.419+0000] {processor.py:840} INFO - DAG(s) 'example_sensor_decorator' retrieved from /home/airflow/.local/lib/python3.8/site-packages/airflow/example_dags/example_sensor_decorator.py
[2026-04-28T12:40:04.452+0000] {logging_mixin.py:188} INFO - [2026-04-28T12:40:04.451+0000] {dag.py:3047} INFO - Sync 1 DAGs
[2026-04-28T12:40:04.466+0000] {logging_mixin.py:188} INFO - [2026-04-28T12:40:04.465+0000] {dag.py:3834} INFO - Setting next_dagrun for example_sensor_decorator to None, run_after=None
[2026-04-28T12:40:04.485+0000] {processor.py:183} INFO - Processing /home/airflow/.local/lib/python3.8/site-packages/airflow/example_dags/example_sensor_decorator.py took 0.093 seconds
[2026-04-28T12:40:34.875+0000] {processor.py:161} INFO - Started process (PID=3219) to work on /home/airflow/.local/lib/python3.8/site-packages/airflow/example_dags/example_sensor_decorator.py
[2026-04-28T12:40:34.876+0000] {processor.py:830} INFO - Processing file /home/airflow/.local/lib/python3.8/site-packages/airflow/example_dags/example_sensor_decorator.py for tasks to queue
[2026-04-28T12:40:34.879+0000] {logging_mixin.py:188} INFO - [2026-04-28T12:40:34.879+0000] {dagbag.py:540} INFO - Filling up the DagBag from /home/airflow/.local/lib/python3.8/site-packages/airflow/example_dags/example_sensor_decorator.py
[2026-04-28T12:40:34.886+0000] {processor.py:840} INFO - DAG(s) 'example_sensor_decorator' retrieved from /home/airflow/.local/lib/python3.8/site-packages/airflow/example_dags/example_sensor_decorator.py
[2026-04-28T12:40:34.907+0000] {logging_mixin.py:188} INFO - [2026-04-28T12:40:34.907+0000] {dag.py:3047} INFO - Sync 1 DAGs
[2026-04-28T12:40:34.921+0000] {logging_mixin.py:188} INFO - [2026-04-28T12:40:34.921+0000] {dag.py:3834} INFO - Setting next_dagrun for example_sensor_decorator to None, run_after=None
[2026-04-28T12:40:34.939+0000] {processor.py:183} INFO - Processing /home/airflow/.local/lib/python3.8/site-packages/airflow/example_dags/example_sensor_decorator.py took 0.067 seconds
[2026-04-28T12:41:04.970+0000] {processor.py:161} INFO - Started process (PID=3275) to work on /home/airflow/.local/lib/python3.8/site-packages/airflow/example_dags/example_sensor_decorator.py
[2026-04-28T12:41:04.971+0000] {processor.py:830} INFO - Processing file /home/airflow/.local/lib/python3.8/site-packages/airflow/example_dags/example_sensor_decorator.py for tasks to queue
[2026-04-28T12:41:04.973+0000] {logging_mixin.py:188} INFO - [2026-04-28T12:41:04.973+0000] {dagbag.py:540} INFO - Filling up the DagBag from /home/airflow/.local/lib/python3.8/site-packages/airflow/example_dags/example_sensor_decorator.py
[2026-04-28T12:41:04.978+0000] {processor.py:840} INFO - DAG(s) 'example_sensor_decorator' retrieved from /home/airflow/.local/lib/python3.8/site-packages/airflow/example_dags/example_sensor_decorator.py
[2026-04-28T12:41:04.993+0000] {logging_mixin.py:188} INFO - [2026-04-28T12:41:04.993+0000] {dag.py:3047} INFO - Sync 1 DAGs
[2026-04-28T12:41:05.002+0000] {logging_mixin.py:188} INFO - [2026-04-28T12:41:05.002+0000] {dag.py:3834} INFO - Setting next_dagrun for example_sensor_decorator to None, run_after=None
[2026-04-28T12:41:05.016+0000] {processor.py:183} INFO - Processing /home/airflow/.local/lib/python3.8/site-packages/airflow/example_dags/example_sensor_decorator.py took 0.049 seconds
[2026-04-28T12:41:35.281+0000] {processor.py:161} INFO - Started process (PID=3331) to work on /home/airflow/.local/lib/python3.8/site-packages/airflow/example_dags/example_sensor_decorator.py
[2026-04-28T12:41:35.282+0000] {processor.py:830} INFO - Processing file /home/airflow/.local/lib/python3.8/site-packages/airflow/example_dags/example_sensor_decorator.py for tasks to queue
[2026-04-28T12:41:35.285+0000] {logging_mixin.py:188} INFO - [2026-04-28T12:41:35.285+0000] {dagbag.py:540} INFO - Filling up the DagBag from /home/airflow/.local/lib/python3.8/site-packages/airflow/example_dags/example_sensor_decorator.py
[2026-04-28T12:41:35.291+0000] {processor.py:840} INFO - DAG(s) 'example_sensor_decorator' retrieved from /home/airflow/.local/lib/python3.8/site-packages/airflow/example_dags/example_sensor_decorator.py
[2026-04-28T12:41:35.313+0000] {logging_mixin.py:188} INFO - [2026-04-28T12:41:35.313+0000] {dag.py:3047} INFO - Sync 1 DAGs
[2026-04-28T12:41:35.327+0000] {logging_mixin.py:188} INFO - [2026-04-28T12:41:35.327+0000] {dag.py:3834} INFO - Setting next_dagrun for example_sensor_decorator to None, run_after=None
[2026-04-28T12:41:35.344+0000] {processor.py:183} INFO - Processing /home/airflow/.local/lib/python3.8/site-packages/airflow/example_dags/example_sensor_decorator.py took 0.067 seconds
[2026-04-28T12:42:05.658+0000] {processor.py:161} INFO - Started process (PID=3387) to work on /home/airflow/.local/lib/python3.8/site-packages/airflow/example_dags/example_sensor_decorator.py
[2026-04-28T12:42:05.659+0000] {processor.py:830} INFO - Processing file /home/airflow/.local/lib/python3.8/site-packages/airflow/example_dags/example_sensor_decorator.py for tasks to queue
[2026-04-28T12:42:05.665+0000] {logging_mixin.py:188} INFO - [2026-04-28T12:42:05.663+0000] {dagbag.py:540} INFO - Filling up the DagBag from /home/airflow/.local/lib/python3.8/site-packages/airflow/example_dags/example_sensor_decorator.py
[2026-04-28T12:42:05.675+0000] {processor.py:840} INFO - DAG(s) 'example_sensor_decorator' retrieved from /home/airflow/.local/lib/python3.8/site-packages/airflow/example_dags/example_sensor_decorator.py
[2026-04-28T12:42:05.697+0000] {logging_mixin.py:188} INFO - [2026-04-28T12:42:05.696+0000] {dag.py:3047} INFO - Sync 1 DAGs
[2026-04-28T12:42:05.711+0000] {logging_mixin.py:188} INFO - [2026-04-28T12:42:05.710+0000] {dag.py:3834} INFO - Setting next_dagrun for example_sensor_decorator to None, run_after=None
[2026-04-28T12:42:05.728+0000] {processor.py:183} INFO - Processing /home/airflow/.local/lib/python3.8/site-packages/airflow/example_dags/example_sensor_decorator.py took 0.074 seconds
[2026-04-28T12:42:36.197+0000] {processor.py:161} INFO - Started process (PID=3443) to work on /home/airflow/.local/lib/python3.8/site-packages/airflow/example_dags/example_sensor_decorator.py
[2026-04-28T12:42:36.198+0000] {processor.py:830} INFO - Processing file /home/airflow/.local/lib/python3.8/site-packages/airflow/example_dags/example_sensor_decorator.py for tasks to queue
[2026-04-28T12:42:36.201+0000] {logging_mixin.py:188} INFO - [2026-04-28T12:42:36.201+0000] {dagbag.py:540} INFO - Filling up the DagBag from /home/airflow/.local/lib/python3.8/site-packages/airflow/example_dags/example_sensor_decorator.py
[2026-04-28T12:42:36.208+0000] {processor.py:840} INFO - DAG(s) 'example_sensor_decorator' retrieved from /home/airflow/.local/lib/python3.8/site-packages/airflow/example_dags/example_sensor_decorator.py
[2026-04-28T12:42:36.229+0000] {logging_mixin.py:188} INFO - [2026-04-28T12:42:36.229+0000] {dag.py:3047} INFO - Sync 1 DAGs
[2026-04-28T12:42:36.243+0000] {logging_mixin.py:188} INFO - [2026-04-28T12:42:36.243+0000] {dag.py:3834} INFO - Setting next_dagrun for example_sensor_decorator to None, run_after=None
[2026-04-28T12:42:36.261+0000] {processor.py:183} INFO - Processing /home/airflow/.local/lib/python3.8/site-packages/airflow/example_dags/example_sensor_decorator.py took 0.067 seconds
[2026-04-28T12:43:06.410+0000] {processor.py:161} INFO - Started process (PID=3499) to work on /home/airflow/.local/lib/python3.8/site-packages/airflow/example_dags/example_sensor_decorator.py
[2026-04-28T12:43:06.411+0000] {processor.py:830} INFO - Processing file /home/airflow/.local/lib/python3.8/site-packages/airflow/example_dags/example_sensor_decorator.py for tasks to queue
[2026-04-28T12:43:06.413+0000] {logging_mixin.py:188} INFO - [2026-04-28T12:43:06.413+0000] {dagbag.py:540} INFO - Filling up the DagBag from /home/airflow/.local/lib/python3.8/site-packages/airflow/example_dags/example_sensor_decorator.py
[2026-04-28T12:43:06.420+0000] {processor.py:840} INFO - DAG(s) 'example_sensor_decorator' retrieved from /home/airflow/.local/lib/python3.8/site-packages/airflow/example_dags/example_sensor_decorator.py
[2026-04-28T12:43:06.443+0000] {logging_mixin.py:188} INFO - [2026-04-28T12:43:06.442+0000] {dag.py:3047} INFO - Sync 1 DAGs
[2026-04-28T12:43:06.458+0000] {logging_mixin.py:188} INFO - [2026-04-28T12:43:06.457+0000] {dag.py:3834} INFO - Setting next_dagrun for example_sensor_decorator to None, run_after=None
[2026-04-28T12:43:06.475+0000] {processor.py:183} INFO - Processing /home/airflow/.local/lib/python3.8/site-packages/airflow/example_dags/example_sensor_decorator.py took 0.069 seconds
[2026-04-28T12:43:36.780+0000] {processor.py:161} INFO - Started process (PID=3554) to work on /home/airflow/.local/lib/python3.8/site-packages/airflow/example_dags/example_sensor_decorator.py
[2026-04-28T12:43:36.782+0000] {processor.py:830} INFO - Processing file /home/airflow/.local/lib/python3.8/site-packages/airflow/example_dags/example_sensor_decorator.py for tasks to queue
[2026-04-28T12:43:36.785+0000] {logging_mixin.py:188} INFO - [2026-04-28T12:43:36.785+0000] {dagbag.py:540} INFO - Filling up the DagBag from /home/airflow/.local/lib/python3.8/site-packages/airflow/example_dags/example_sensor_decorator.py
[2026-04-28T12:43:36.792+0000] {processor.py:840} INFO - DAG(s) 'example_sensor_decorator' retrieved from /home/airflow/.local/lib/python3.8/site-packages/airflow/example_dags/example_sensor_decorator.py
[2026-04-28T12:43:36.816+0000] {logging_mixin.py:188} INFO - [2026-04-28T12:43:36.816+0000] {dag.py:3047} INFO - Sync 1 DAGs
[2026-04-28T12:43:36.832+0000] {logging_mixin.py:188} INFO - [2026-04-28T12:43:36.832+0000] {dag.py:3834} INFO - Setting next_dagrun for example_sensor_decorator to None, run_after=None
[2026-04-28T12:43:36.852+0000] {processor.py:183} INFO - Processing /home/airflow/.local/lib/python3.8/site-packages/airflow/example_dags/example_sensor_decorator.py took 0.075 seconds
[2026-04-28T12:44:07.804+0000] {processor.py:161} INFO - Started process (PID=3610) to work on /home/airflow/.local/lib/python3.8/site-packages/airflow/example_dags/example_sensor_decorator.py
[2026-04-28T12:44:07.804+0000] {processor.py:830} INFO - Processing file /home/airflow/.local/lib/python3.8/site-packages/airflow/example_dags/example_sensor_decorator.py for tasks to queue
[2026-04-28T12:44:07.807+0000] {logging_mixin.py:188} INFO - [2026-04-28T12:44:07.806+0000] {dagbag.py:540} INFO - Filling up the DagBag from /home/airflow/.local/lib/python3.8/site-packages/airflow/example_dags/example_sensor_decorator.py
[2026-04-28T12:44:07.814+0000] {processor.py:840} INFO - DAG(s) 'example_sensor_decorator' retrieved from /home/airflow/.local/lib/python3.8/site-packages/airflow/example_dags/example_sensor_decorator.py
[2026-04-28T12:44:07.838+0000] {logging_mixin.py:188} INFO - [2026-04-28T12:44:07.837+0000] {dag.py:3047} INFO - Sync 1 DAGs
[2026-04-28T12:44:07.852+0000] {logging_mixin.py:188} INFO - [2026-04-28T12:44:07.852+0000] {dag.py:3834} INFO - Setting next_dagrun for example_sensor_decorator to None, run_after=None
[2026-04-28T12:44:07.870+0000] {processor.py:183} INFO - Processing /home/airflow/.local/lib/python3.8/site-packages/airflow/example_dags/example_sensor_decorator.py took 0.070 seconds
[2026-04-28T12:44:38.626+0000] {processor.py:161} INFO - Started process (PID=3666) to work on /home/airflow/.local/lib/python3.8/site-packages/airflow/example_dags/example_sensor_decorator.py
[2026-04-28T12:44:38.627+0000] {processor.py:830} INFO - Processing file /home/airflow/.local/lib/python3.8/site-packages/airflow/example_dags/example_sensor_decorator.py for tasks to queue
[2026-04-28T12:44:38.629+0000] {logging_mixin.py:188} INFO - [2026-04-28T12:44:38.628+0000] {dagbag.py:540} INFO - Filling up the DagBag from /home/airflow/.local/lib/python3.8/site-packages/airflow/example_dags/example_sensor_decorator.py
[2026-04-28T12:44:38.636+0000] {processor.py:840} INFO - DAG(s) 'example_sensor_decorator' retrieved from /home/airflow/.local/lib/python3.8/site-packages/airflow/example_dags/example_sensor_decorator.py
[2026-04-28T12:44:38.659+0000] {logging_mixin.py:188} INFO - [2026-04-28T12:44:38.658+0000] {dag.py:3047} INFO - Sync 1 DAGs
[2026-04-28T12:44:38.673+0000] {logging_mixin.py:188} INFO - [2026-04-28T12:44:38.672+0000] {dag.py:3834} INFO - Setting next_dagrun for example_sensor_decorator to None, run_after=None
[2026-04-28T12:44:38.703+0000] {processor.py:183} INFO - Processing /home/airflow/.local/lib/python3.8/site-packages/airflow/example_dags/example_sensor_decorator.py took 0.081 seconds
[2026-04-28T12:45:09.494+0000] {processor.py:161} INFO - Started process (PID=3721) to work on /home/airflow/.local/lib/python3.8/site-packages/airflow/example_dags/example_sensor_decorator.py
[2026-04-28T12:45:09.495+0000] {processor.py:830} INFO - Processing file /home/airflow/.local/lib/python3.8/site-packages/airflow/example_dags/example_sensor_decorator.py for tasks to queue
[2026-04-28T12:45:09.498+0000] {logging_mixin.py:188} INFO - [2026-04-28T12:45:09.498+0000] {dagbag.py:540} INFO - Filling up the DagBag from /home/airflow/.local/lib/python3.8/site-packages/airflow/example_dags/example_sensor_decorator.py
[2026-04-28T12:45:09.505+0000] {processor.py:840} INFO - DAG(s) 'example_sensor_decorator' retrieved from /home/airflow/.local/lib/python3.8/site-packages/airflow/example_dags/example_sensor_decorator.py
[2026-04-28T12:45:09.528+0000] {logging_mixin.py:188} INFO - [2026-04-28T12:45:09.528+0000] {dag.py:3047} INFO - Sync 1 DAGs
[2026-04-28T12:45:09.544+0000] {logging_mixin.py:188} INFO - [2026-04-28T12:45:09.543+0000] {dag.py:3834} INFO - Setting next_dagrun for example_sensor_decorator to None, run_after=None
[2026-04-28T12:45:09.561+0000] {processor.py:183} INFO - Processing /home/airflow/.local/lib/python3.8/site-packages/airflow/example_dags/example_sensor_decorator.py took 0.070 seconds
[2026-04-28T12:45:40.498+0000] {processor.py:161} INFO - Started process (PID=3777) to work on /home/airflow/.local/lib/python3.8/site-packages/airflow/example_dags/example_sensor_decorator.py
[2026-04-28T12:45:40.500+0000] {processor.py:830} INFO - Processing file /home/airflow/.local/lib/python3.8/site-packages/airflow/example_dags/example_sensor_decorator.py for tasks to queue
[2026-04-28T12:45:40.504+0000] {logging_mixin.py:188} INFO - [2026-04-28T12:45:40.504+0000] {dagbag.py:540} INFO - Filling up the DagBag from /home/airflow/.local/lib/python3.8/site-packages/airflow/example_dags/example_sensor_decorator.py
[2026-04-28T12:45:40.514+0000] {processor.py:840} INFO - DAG(s) 'example_sensor_decorator' retrieved from /home/airflow/.local/lib/python3.8/site-packages/airflow/example_dags/example_sensor_decorator.py
[2026-04-28T12:45:40.537+0000] {logging_mixin.py:188} INFO - [2026-04-28T12:45:40.536+0000] {dag.py:3047} INFO - Sync 1 DAGs
[2026-04-28T12:45:40.552+0000] {logging_mixin.py:188} INFO - [2026-04-28T12:45:40.551+0000] {dag.py:3834} INFO - Setting next_dagrun for example_sensor_decorator to None, run_after=None
[2026-04-28T12:45:40.569+0000] {processor.py:183} INFO - Processing /home/airflow/.local/lib/python3.8/site-packages/airflow/example_dags/example_sensor_decorator.py took 0.075 seconds
[2026-04-28T12:46:10.685+0000] {processor.py:161} INFO - Started process (PID=3833) to work on /home/airflow/.local/lib/python3.8/site-packages/airflow/example_dags/example_sensor_decorator.py
[2026-04-28T12:46:10.686+0000] {processor.py:830} INFO - Processing file /home/airflow/.local/lib/python3.8/site-packages/airflow/example_dags/example_sensor_decorator.py for tasks to queue
[2026-04-28T12:46:10.688+0000] {logging_mixin.py:188} INFO - [2026-04-28T12:46:10.688+0000] {dagbag.py:540} INFO - Filling up the DagBag from /home/airflow/.local/lib/python3.8/site-packages/airflow/example_dags/example_sensor_decorator.py
[2026-04-28T12:46:10.696+0000] {processor.py:840} INFO - DAG(s) 'example_sensor_decorator' retrieved from /home/airflow/.local/lib/python3.8/site-packages/airflow/example_dags/example_sensor_decorator.py
[2026-04-28T12:46:10.718+0000] {logging_mixin.py:188} INFO - [2026-04-28T12:46:10.718+0000] {dag.py:3047} INFO - Sync 1 DAGs
[2026-04-28T12:46:10.733+0000] {logging_mixin.py:188} INFO - [2026-04-28T12:46:10.732+0000] {dag.py:3834} INFO - Setting next_dagrun for example_sensor_decorator to None, run_after=None
[2026-04-28T12:46:10.750+0000] {processor.py:183} INFO - Processing /home/airflow/.local/lib/python3.8/site-packages/airflow/example_dags/example_sensor_decorator.py took 0.069 seconds
[2026-04-28T12:46:40.840+0000] {processor.py:161} INFO - Started process (PID=3889) to work on /home/airflow/.local/lib/python3.8/site-packages/airflow/example_dags/example_sensor_decorator.py
[2026-04-28T12:46:40.843+0000] {processor.py:830} INFO - Processing file /home/airflow/.local/lib/python3.8/site-packages/airflow/example_dags/example_sensor_decorator.py for tasks to queue
[2026-04-28T12:46:40.847+0000] {logging_mixin.py:188} INFO - [2026-04-28T12:46:40.846+0000] {dagbag.py:540} INFO - Filling up the DagBag from /home/airflow/.local/lib/python3.8/site-packages/airflow/example_dags/example_sensor_decorator.py
[2026-04-28T12:46:40.861+0000] {processor.py:840} INFO - DAG(s) 'example_sensor_decorator' retrieved from /home/airflow/.local/lib/python3.8/site-packages/airflow/example_dags/example_sensor_decorator.py
[2026-04-28T12:46:40.902+0000] {logging_mixin.py:188} INFO - [2026-04-28T12:46:40.902+0000] {dag.py:3047} INFO - Sync 1 DAGs
[2026-04-28T12:46:40.923+0000] {logging_mixin.py:188} INFO - [2026-04-28T12:46:40.923+0000] {dag.py:3834} INFO - Setting next_dagrun for example_sensor_decorator to None, run_after=None
[2026-04-28T12:46:40.961+0000] {processor.py:183} INFO - Processing /home/airflow/.local/lib/python3.8/site-packages/airflow/example_dags/example_sensor_decorator.py took 0.132 seconds
[2026-04-28T12:47:11.851+0000] {processor.py:161} INFO - Started process (PID=3945) to work on /home/airflow/.local/lib/python3.8/site-packages/airflow/example_dags/example_sensor_decorator.py
[2026-04-28T12:47:11.852+0000] {processor.py:830} INFO - Processing file /home/airflow/.local/lib/python3.8/site-packages/airflow/example_dags/example_sensor_decorator.py for tasks to queue
[2026-04-28T12:47:11.854+0000] {logging_mixin.py:188} INFO - [2026-04-28T12:47:11.854+0000] {dagbag.py:540} INFO - Filling up the DagBag from /home/airflow/.local/lib/python3.8/site-packages/airflow/example_dags/example_sensor_decorator.py
[2026-04-28T12:47:11.861+0000] {processor.py:840} INFO - DAG(s) 'example_sensor_decorator' retrieved from /home/airflow/.local/lib/python3.8/site-packages/airflow/example_dags/example_sensor_decorator.py
[2026-04-28T12:47:11.886+0000] {logging_mixin.py:188} INFO - [2026-04-28T12:47:11.886+0000] {dag.py:3047} INFO - Sync 1 DAGs
[2026-04-28T12:47:11.928+0000] {logging_mixin.py:188} INFO - [2026-04-28T12:47:11.928+0000] {dag.py:3834} INFO - Setting next_dagrun for example_sensor_decorator to None, run_after=None
[2026-04-28T12:47:12.002+0000] {processor.py:183} INFO - Processing /home/airflow/.local/lib/python3.8/site-packages/airflow/example_dags/example_sensor_decorator.py took 0.155 seconds
[2026-04-28T12:47:42.231+0000] {processor.py:161} INFO - Started process (PID=4001) to work on /home/airflow/.local/lib/python3.8/site-packages/airflow/example_dags/example_sensor_decorator.py
[2026-04-28T12:47:42.232+0000] {processor.py:830} INFO - Processing file /home/airflow/.local/lib/python3.8/site-packages/airflow/example_dags/example_sensor_decorator.py for tasks to queue
[2026-04-28T12:47:42.234+0000] {logging_mixin.py:188} INFO - [2026-04-28T12:47:42.234+0000] {dagbag.py:540} INFO - Filling up the DagBag from /home/airflow/.local/lib/python3.8/site-packages/airflow/example_dags/example_sensor_decorator.py
[2026-04-28T12:47:42.242+0000] {processor.py:840} INFO - DAG(s) 'example_sensor_decorator' retrieved from /home/airflow/.local/lib/python3.8/site-packages/airflow/example_dags/example_sensor_decorator.py
[2026-04-28T12:47:42.264+0000] {logging_mixin.py:188} INFO - [2026-04-28T12:47:42.264+0000] {dag.py:3047} INFO - Sync 1 DAGs
[2026-04-28T12:47:42.279+0000] {logging_mixin.py:188} INFO - [2026-04-28T12:47:42.279+0000] {dag.py:3834} INFO - Setting next_dagrun for example_sensor_decorator to None, run_after=None
[2026-04-28T12:47:42.305+0000] {processor.py:183} INFO - Processing /home/airflow/.local/lib/python3.8/site-packages/airflow/example_dags/example_sensor_decorator.py took 0.078 seconds
[2026-04-28T12:48:13.108+0000] {processor.py:161} INFO - Started process (PID=4057) to work on /home/airflow/.local/lib/python3.8/site-packages/airflow/example_dags/example_sensor_decorator.py
[2026-04-28T12:48:13.109+0000] {processor.py:830} INFO - Processing file /home/airflow/.local/lib/python3.8/site-packages/airflow/example_dags/example_sensor_decorator.py for tasks to queue
[2026-04-28T12:48:13.111+0000] {logging_mixin.py:188} INFO - [2026-04-28T12:48:13.111+0000] {dagbag.py:540} INFO - Filling up the DagBag from /home/airflow/.local/lib/python3.8/site-packages/airflow/example_dags/example_sensor_decorator.py
[2026-04-28T12:48:13.118+0000] {processor.py:840} INFO - DAG(s) 'example_sensor_decorator' retrieved from /home/airflow/.local/lib/python3.8/site-packages/airflow/example_dags/example_sensor_decorator.py
[2026-04-28T12:48:13.140+0000] {logging_mixin.py:188} INFO - [2026-04-28T12:48:13.140+0000] {dag.py:3047} INFO - Sync 1 DAGs
[2026-04-28T12:48:13.154+0000] {logging_mixin.py:188} INFO - [2026-04-28T12:48:13.154+0000] {dag.py:3834} INFO - Setting next_dagrun for example_sensor_decorator to None, run_after=None
[2026-04-28T12:48:13.170+0000] {processor.py:183} INFO - Processing /home/airflow/.local/lib/python3.8/site-packages/airflow/example_dags/example_sensor_decorator.py took 0.066 seconds
[2026-04-28T12:48:43.261+0000] {processor.py:161} INFO - Started process (PID=4113) to work on /home/airflow/.local/lib/python3.8/site-packages/airflow/example_dags/example_sensor_decorator.py
[2026-04-28T12:48:43.262+0000] {processor.py:830} INFO - Processing file /home/airflow/.local/lib/python3.8/site-packages/airflow/example_dags/example_sensor_decorator.py for tasks to queue
[2026-04-28T12:48:43.264+0000] {logging_mixin.py:188} INFO - [2026-04-28T12:48:43.264+0000] {dagbag.py:540} INFO - Filling up the DagBag from /home/airflow/.local/lib/python3.8/site-packages/airflow/example_dags/example_sensor_decorator.py
[2026-04-28T12:48:43.272+0000] {processor.py:840} INFO - DAG(s) 'example_sensor_decorator' retrieved from /home/airflow/.local/lib/python3.8/site-packages/airflow/example_dags/example_sensor_decorator.py
[2026-04-28T12:48:43.293+0000] {logging_mixin.py:188} INFO - [2026-04-28T12:48:43.293+0000] {dag.py:3047} INFO - Sync 1 DAGs
[2026-04-28T12:48:43.307+0000] {logging_mixin.py:188} INFO - [2026-04-28T12:48:43.307+0000] {dag.py:3834} INFO - Setting next_dagrun for example_sensor_decorator to None, run_after=None
[2026-04-28T12:48:43.332+0000] {processor.py:183} INFO - Processing /home/airflow/.local/lib/python3.8/site-packages/airflow/example_dags/example_sensor_decorator.py took 0.075 seconds
[2026-04-28T12:49:13.595+0000] {processor.py:161} INFO - Started process (PID=4169) to work on /home/airflow/.local/lib/python3.8/site-packages/airflow/example_dags/example_sensor_decorator.py
[2026-04-28T12:49:13.600+0000] {processor.py:830} INFO - Processing file /home/airflow/.local/lib/python3.8/site-packages/airflow/example_dags/example_sensor_decorator.py for tasks to queue
[2026-04-28T12:49:13.607+0000] {logging_mixin.py:188} INFO - [2026-04-28T12:49:13.606+0000] {dagbag.py:540} INFO - Filling up the DagBag from /home/airflow/.local/lib/python3.8/site-packages/airflow/example_dags/example_sensor_decorator.py
[2026-04-28T12:49:13.624+0000] {processor.py:840} INFO - DAG(s) 'example_sensor_decorator' retrieved from /home/airflow/.local/lib/python3.8/site-packages/airflow/example_dags/example_sensor_decorator.py
[2026-04-28T12:49:13.655+0000] {logging_mixin.py:188} INFO - [2026-04-28T12:49:13.655+0000] {dag.py:3047} INFO - Sync 1 DAGs
[2026-04-28T12:49:13.669+0000] {logging_mixin.py:188} INFO - [2026-04-28T12:49:13.669+0000] {dag.py:3834} INFO - Setting next_dagrun for example_sensor_decorator to None, run_after=None
[2026-04-28T12:49:13.688+0000] {processor.py:183} INFO - Processing /home/airflow/.local/lib/python3.8/site-packages/airflow/example_dags/example_sensor_decorator.py took 0.101 seconds
[2026-04-28T12:49:43.844+0000] {processor.py:161} INFO - Started process (PID=4225) to work on /home/airflow/.local/lib/python3.8/site-packages/airflow/example_dags/example_sensor_decorator.py
[2026-04-28T12:49:43.845+0000] {processor.py:830} INFO - Processing file /home/airflow/.local/lib/python3.8/site-packages/airflow/example_dags/example_sensor_decorator.py for tasks to queue
[2026-04-28T12:49:43.846+0000] {logging_mixin.py:188} INFO - [2026-04-28T12:49:43.846+0000] {dagbag.py:540} INFO - Filling up the DagBag from /home/airflow/.local/lib/python3.8/site-packages/airflow/example_dags/example_sensor_decorator.py
[2026-04-28T12:49:43.853+0000] {processor.py:840} INFO - DAG(s) 'example_sensor_decorator' retrieved from /home/airflow/.local/lib/python3.8/site-packages/airflow/example_dags/example_sensor_decorator.py
[2026-04-28T12:49:43.869+0000] {logging_mixin.py:188} INFO - [2026-04-28T12:49:43.868+0000] {dag.py:3047} INFO - Sync 1 DAGs
[2026-04-28T12:49:43.878+0000] {logging_mixin.py:188} INFO - [2026-04-28T12:49:43.878+0000] {dag.py:3834} INFO - Setting next_dagrun for example_sensor_decorator to None, run_after=None
[2026-04-28T12:49:43.891+0000] {processor.py:183} INFO - Processing /home/airflow/.local/lib/python3.8/site-packages/airflow/example_dags/example_sensor_decorator.py took 0.050 seconds
[2026-04-28T12:50:14.124+0000] {processor.py:161} INFO - Started process (PID=4281) to work on /home/airflow/.local/lib/python3.8/site-packages/airflow/example_dags/example_sensor_decorator.py
[2026-04-28T12:50:14.125+0000] {processor.py:830} INFO - Processing file /home/airflow/.local/lib/python3.8/site-packages/airflow/example_dags/example_sensor_decorator.py for tasks to queue
[2026-04-28T12:50:14.127+0000] {logging_mixin.py:188} INFO - [2026-04-28T12:50:14.126+0000] {dagbag.py:540} INFO - Filling up the DagBag from /home/airflow/.local/lib/python3.8/site-packages/airflow/example_dags/example_sensor_decorator.py
[2026-04-28T12:50:14.134+0000] {processor.py:840} INFO - DAG(s) 'example_sensor_decorator' retrieved from /home/airflow/.local/lib/python3.8/site-packages/airflow/example_dags/example_sensor_decorator.py
[2026-04-28T12:50:14.166+0000] {logging_mixin.py:188} INFO - [2026-04-28T12:50:14.166+0000] {dag.py:3047} INFO - Sync 1 DAGs
[2026-04-28T12:50:14.180+0000] {logging_mixin.py:188} INFO - [2026-04-28T12:50:14.179+0000] {dag.py:3834} INFO - Setting next_dagrun for example_sensor_decorator to None, run_after=None
[2026-04-28T12:50:14.203+0000] {processor.py:183} INFO - Processing /home/airflow/.local/lib/python3.8/site-packages/airflow/example_dags/example_sensor_decorator.py took 0.083 seconds
[2026-04-28T12:50:44.293+0000] {processor.py:161} INFO - Started process (PID=4337) to work on /home/airflow/.local/lib/python3.8/site-packages/airflow/example_dags/example_sensor_decorator.py
[2026-04-28T12:50:44.294+0000] {processor.py:830} INFO - Processing file /home/airflow/.local/lib/python3.8/site-packages/airflow/example_dags/example_sensor_decorator.py for tasks to queue
[2026-04-28T12:50:44.295+0000] {logging_mixin.py:188} INFO - [2026-04-28T12:50:44.295+0000] {dagbag.py:540} INFO - Filling up the DagBag from /home/airflow/.local/lib/python3.8/site-packages/airflow/example_dags/example_sensor_decorator.py
[2026-04-28T12:50:44.301+0000] {processor.py:840} INFO - DAG(s) 'example_sensor_decorator' retrieved from /home/airflow/.local/lib/python3.8/site-packages/airflow/example_dags/example_sensor_decorator.py
[2026-04-28T12:50:44.323+0000] {logging_mixin.py:188} INFO - [2026-04-28T12:50:44.323+0000] {dag.py:3047} INFO - Sync 1 DAGs
[2026-04-28T12:50:44.337+0000] {logging_mixin.py:188} INFO - [2026-04-28T12:50:44.337+0000] {dag.py:3834} INFO - Setting next_dagrun for example_sensor_decorator to None, run_after=None
[2026-04-28T12:50:44.353+0000] {processor.py:183} INFO - Processing /home/airflow/.local/lib/python3.8/site-packages/airflow/example_dags/example_sensor_decorator.py took 0.062 seconds
[2026-04-28T12:51:14.509+0000] {processor.py:161} INFO - Started process (PID=4393) to work on /home/airflow/.local/lib/python3.8/site-packages/airflow/example_dags/example_sensor_decorator.py
[2026-04-28T12:51:14.510+0000] {processor.py:830} INFO - Processing file /home/airflow/.local/lib/python3.8/site-packages/airflow/example_dags/example_sensor_decorator.py for tasks to queue
[2026-04-28T12:51:14.513+0000] {logging_mixin.py:188} INFO - [2026-04-28T12:51:14.512+0000] {dagbag.py:540} INFO - Filling up the DagBag from /home/airflow/.local/lib/python3.8/site-packages/airflow/example_dags/example_sensor_decorator.py
[2026-04-28T12:51:14.519+0000] {processor.py:840} INFO - DAG(s) 'example_sensor_decorator' retrieved from /home/airflow/.local/lib/python3.8/site-packages/airflow/example_dags/example_sensor_decorator.py
[2026-04-28T12:51:14.541+0000] {logging_mixin.py:188} INFO - [2026-04-28T12:51:14.541+0000] {dag.py:3047} INFO - Sync 1 DAGs
[2026-04-28T12:51:14.555+0000] {logging_mixin.py:188} INFO - [2026-04-28T12:51:14.554+0000] {dag.py:3834} INFO - Setting next_dagrun for example_sensor_decorator to None, run_after=None
[2026-04-28T12:51:14.572+0000] {processor.py:183} INFO - Processing /home/airflow/.local/lib/python3.8/site-packages/airflow/example_dags/example_sensor_decorator.py took 0.067 seconds
[2026-04-28T12:51:45.354+0000] {processor.py:161} INFO - Started process (PID=4449) to work on /home/airflow/.local/lib/python3.8/site-packages/airflow/example_dags/example_sensor_decorator.py
[2026-04-28T12:51:45.355+0000] {processor.py:830} INFO - Processing file /home/airflow/.local/lib/python3.8/site-packages/airflow/example_dags/example_sensor_decorator.py for tasks to queue
[2026-04-28T12:51:45.357+0000] {logging_mixin.py:188} INFO - [2026-04-28T12:51:45.357+0000] {dagbag.py:540} INFO - Filling up the DagBag from /home/airflow/.local/lib/python3.8/site-packages/airflow/example_dags/example_sensor_decorator.py
[2026-04-28T12:51:45.365+0000] {processor.py:840} INFO - DAG(s) 'example_sensor_decorator' retrieved from /home/airflow/.local/lib/python3.8/site-packages/airflow/example_dags/example_sensor_decorator.py
[2026-04-28T12:51:45.386+0000] {logging_mixin.py:188} INFO - [2026-04-28T12:51:45.385+0000] {dag.py:3047} INFO - Sync 1 DAGs
[2026-04-28T12:51:45.399+0000] {logging_mixin.py:188} INFO - [2026-04-28T12:51:45.399+0000] {dag.py:3834} INFO - Setting next_dagrun for example_sensor_decorator to None, run_after=None
[2026-04-28T12:51:45.416+0000] {processor.py:183} INFO - Processing /home/airflow/.local/lib/python3.8/site-packages/airflow/example_dags/example_sensor_decorator.py took 0.066 seconds
[2026-04-28T12:52:16.254+0000] {processor.py:161} INFO - Started process (PID=4505) to work on /home/airflow/.local/lib/python3.8/site-packages/airflow/example_dags/example_sensor_decorator.py
[2026-04-28T12:52:16.255+0000] {processor.py:830} INFO - Processing file /home/airflow/.local/lib/python3.8/site-packages/airflow/example_dags/example_sensor_decorator.py for tasks to queue
[2026-04-28T12:52:16.257+0000] {logging_mixin.py:188} INFO - [2026-04-28T12:52:16.257+0000] {dagbag.py:540} INFO - Filling up the DagBag from /home/airflow/.local/lib/python3.8/site-packages/airflow/example_dags/example_sensor_decorator.py
[2026-04-28T12:52:16.264+0000] {processor.py:840} INFO - DAG(s) 'example_sensor_decorator' retrieved from /home/airflow/.local/lib/python3.8/site-packages/airflow/example_dags/example_sensor_decorator.py
[2026-04-28T12:52:16.285+0000] {logging_mixin.py:188} INFO - [2026-04-28T12:52:16.285+0000] {dag.py:3047} INFO - Sync 1 DAGs
[2026-04-28T12:52:16.299+0000] {logging_mixin.py:188} INFO - [2026-04-28T12:52:16.299+0000] {dag.py:3834} INFO - Setting next_dagrun for example_sensor_decorator to None, run_after=None
[2026-04-28T12:52:16.319+0000] {processor.py:183} INFO - Processing /home/airflow/.local/lib/python3.8/site-packages/airflow/example_dags/example_sensor_decorator.py took 0.069 seconds
[2026-04-28T12:52:47.096+0000] {processor.py:161} INFO - Started process (PID=4561) to work on /home/airflow/.local/lib/python3.8/site-packages/airflow/example_dags/example_sensor_decorator.py
[2026-04-28T12:52:47.097+0000] {processor.py:830} INFO - Processing file /home/airflow/.local/lib/python3.8/site-packages/airflow/example_dags/example_sensor_decorator.py for tasks to queue
[2026-04-28T12:52:47.099+0000] {logging_mixin.py:188} INFO - [2026-04-28T12:52:47.098+0000] {dagbag.py:540} INFO - Filling up the DagBag from /home/airflow/.local/lib/python3.8/site-packages/airflow/example_dags/example_sensor_decorator.py
[2026-04-28T12:52:47.106+0000] {processor.py:840} INFO - DAG(s) 'example_sensor_decorator' retrieved from /home/airflow/.local/lib/python3.8/site-packages/airflow/example_dags/example_sensor_decorator.py
[2026-04-28T12:52:47.127+0000] {logging_mixin.py:188} INFO - [2026-04-28T12:52:47.126+0000] {dag.py:3047} INFO - Sync 1 DAGs
[2026-04-28T12:52:47.140+0000] {logging_mixin.py:188} INFO - [2026-04-28T12:52:47.140+0000] {dag.py:3834} INFO - Setting next_dagrun for example_sensor_decorator to None, run_after=None
[2026-04-28T12:52:47.158+0000] {processor.py:183} INFO - Processing /home/airflow/.local/lib/python3.8/site-packages/airflow/example_dags/example_sensor_decorator.py took 0.066 seconds
[2026-04-28T12:53:17.256+0000] {processor.py:161} INFO - Started process (PID=4617) to work on /home/airflow/.local/lib/python3.8/site-packages/airflow/example_dags/example_sensor_decorator.py
[2026-04-28T12:53:17.261+0000] {processor.py:830} INFO - Processing file /home/airflow/.local/lib/python3.8/site-packages/airflow/example_dags/example_sensor_decorator.py for tasks to queue
[2026-04-28T12:53:17.264+0000] {logging_mixin.py:188} INFO - [2026-04-28T12:53:17.263+0000] {dagbag.py:540} INFO - Filling up the DagBag from /home/airflow/.local/lib/python3.8/site-packages/airflow/example_dags/example_sensor_decorator.py
[2026-04-28T12:53:17.274+0000] {processor.py:840} INFO - DAG(s) 'example_sensor_decorator' retrieved from /home/airflow/.local/lib/python3.8/site-packages/airflow/example_dags/example_sensor_decorator.py
[2026-04-28T12:53:17.302+0000] {logging_mixin.py:188} INFO - [2026-04-28T12:53:17.302+0000] {dag.py:3047} INFO - Sync 1 DAGs
[2026-04-28T12:53:17.322+0000] {logging_mixin.py:188} INFO - [2026-04-28T12:53:17.322+0000] {dag.py:3834} INFO - Setting next_dagrun for example_sensor_decorator to None, run_after=None
[2026-04-28T12:53:17.340+0000] {processor.py:183} INFO - Processing /home/airflow/.local/lib/python3.8/site-packages/airflow/example_dags/example_sensor_decorator.py took 0.088 seconds
[2026-04-28T12:53:47.420+0000] {processor.py:161} INFO - Started process (PID=4673) to work on /home/airflow/.local/lib/python3.8/site-packages/airflow/example_dags/example_sensor_decorator.py
[2026-04-28T12:53:47.420+0000] {processor.py:830} INFO - Processing file /home/airflow/.local/lib/python3.8/site-packages/airflow/example_dags/example_sensor_decorator.py for tasks to queue
[2026-04-28T12:53:47.423+0000] {logging_mixin.py:188} INFO - [2026-04-28T12:53:47.422+0000] {dagbag.py:540} INFO - Filling up the DagBag from /home/airflow/.local/lib/python3.8/site-packages/airflow/example_dags/example_sensor_decorator.py
[2026-04-28T12:53:47.429+0000] {processor.py:840} INFO - DAG(s) 'example_sensor_decorator' retrieved from /home/airflow/.local/lib/python3.8/site-packages/airflow/example_dags/example_sensor_decorator.py
[2026-04-28T12:53:47.452+0000] {logging_mixin.py:188} INFO - [2026-04-28T12:53:47.452+0000] {dag.py:3047} INFO - Sync 1 DAGs
[2026-04-28T12:53:47.466+0000] {logging_mixin.py:188} INFO - [2026-04-28T12:53:47.466+0000] {dag.py:3834} INFO - Setting next_dagrun for example_sensor_decorator to None, run_after=None
[2026-04-28T12:53:47.485+0000] {processor.py:183} INFO - Processing /home/airflow/.local/lib/python3.8/site-packages/airflow/example_dags/example_sensor_decorator.py took 0.070 seconds
[2026-04-28T12:54:17.639+0000] {processor.py:161} INFO - Started process (PID=4729) to work on /home/airflow/.local/lib/python3.8/site-packages/airflow/example_dags/example_sensor_decorator.py
[2026-04-28T12:54:17.640+0000] {processor.py:830} INFO - Processing file /home/airflow/.local/lib/python3.8/site-packages/airflow/example_dags/example_sensor_decorator.py for tasks to queue
[2026-04-28T12:54:17.642+0000] {logging_mixin.py:188} INFO - [2026-04-28T12:54:17.641+0000] {dagbag.py:540} INFO - Filling up the DagBag from /home/airflow/.local/lib/python3.8/site-packages/airflow/example_dags/example_sensor_decorator.py
[2026-04-28T12:54:17.651+0000] {processor.py:840} INFO - DAG(s) 'example_sensor_decorator' retrieved from /home/airflow/.local/lib/python3.8/site-packages/airflow/example_dags/example_sensor_decorator.py
[2026-04-28T12:54:17.673+0000] {logging_mixin.py:188} INFO - [2026-04-28T12:54:17.673+0000] {dag.py:3047} INFO - Sync 1 DAGs
[2026-04-28T12:54:17.687+0000] {logging_mixin.py:188} INFO - [2026-04-28T12:54:17.686+0000] {dag.py:3834} INFO - Setting next_dagrun for example_sensor_decorator to None, run_after=None
[2026-04-28T12:54:17.704+0000] {processor.py:183} INFO - Processing /home/airflow/.local/lib/python3.8/site-packages/airflow/example_dags/example_sensor_decorator.py took 0.069 seconds
[2026-04-28T12:54:48.209+0000] {processor.py:161} INFO - Started process (PID=4785) to work on /home/airflow/.local/lib/python3.8/site-packages/airflow/example_dags/example_sensor_decorator.py
[2026-04-28T12:54:48.210+0000] {processor.py:830} INFO - Processing file /home/airflow/.local/lib/python3.8/site-packages/airflow/example_dags/example_sensor_decorator.py for tasks to queue
[2026-04-28T12:54:48.212+0000] {logging_mixin.py:188} INFO - [2026-04-28T12:54:48.212+0000] {dagbag.py:540} INFO - Filling up the DagBag from /home/airflow/.local/lib/python3.8/site-packages/airflow/example_dags/example_sensor_decorator.py
[2026-04-28T12:54:48.219+0000] {processor.py:840} INFO - DAG(s) 'example_sensor_decorator' retrieved from /home/airflow/.local/lib/python3.8/site-packages/airflow/example_dags/example_sensor_decorator.py
[2026-04-28T12:54:48.241+0000] {logging_mixin.py:188} INFO - [2026-04-28T12:54:48.240+0000] {dag.py:3047} INFO - Sync 1 DAGs
[2026-04-28T12:54:48.255+0000] {logging_mixin.py:188} INFO - [2026-04-28T12:54:48.255+0000] {dag.py:3834} INFO - Setting next_dagrun for example_sensor_decorator to None, run_after=None
[2026-04-28T12:54:48.274+0000] {processor.py:183} INFO - Processing /home/airflow/.local/lib/python3.8/site-packages/airflow/example_dags/example_sensor_decorator.py took 0.069 seconds
[2026-04-28T12:55:18.899+0000] {processor.py:161} INFO - Started process (PID=4841) to work on /home/airflow/.local/lib/python3.8/site-packages/airflow/example_dags/example_sensor_decorator.py
[2026-04-28T12:55:18.900+0000] {processor.py:830} INFO - Processing file /home/airflow/.local/lib/python3.8/site-packages/airflow/example_dags/example_sensor_decorator.py for tasks to queue
[2026-04-28T12:55:18.902+0000] {logging_mixin.py:188} INFO - [2026-04-28T12:55:18.902+0000] {dagbag.py:540} INFO - Filling up the DagBag from /home/airflow/.local/lib/python3.8/site-packages/airflow/example_dags/example_sensor_decorator.py
[2026-04-28T12:55:18.909+0000] {processor.py:840} INFO - DAG(s) 'example_sensor_decorator' retrieved from /home/airflow/.local/lib/python3.8/site-packages/airflow/example_dags/example_sensor_decorator.py
[2026-04-28T12:55:18.929+0000] {logging_mixin.py:188} INFO - [2026-04-28T12:55:18.929+0000] {dag.py:3047} INFO - Sync 1 DAGs
[2026-04-28T12:55:18.942+0000] {logging_mixin.py:188} INFO - [2026-04-28T12:55:18.942+0000] {dag.py:3834} INFO - Setting next_dagrun for example_sensor_decorator to None, run_after=None
[2026-04-28T12:55:18.969+0000] {processor.py:183} INFO - Processing /home/airflow/.local/lib/python3.8/site-packages/airflow/example_dags/example_sensor_decorator.py took 0.074 seconds
[2026-04-28T12:55:49.896+0000] {processor.py:161} INFO - Started process (PID=4897) to work on /home/airflow/.local/lib/python3.8/site-packages/airflow/example_dags/example_sensor_decorator.py
[2026-04-28T12:55:49.897+0000] {processor.py:830} INFO - Processing file /home/airflow/.local/lib/python3.8/site-packages/airflow/example_dags/example_sensor_decorator.py for tasks to queue
[2026-04-28T12:55:49.899+0000] {logging_mixin.py:188} INFO - [2026-04-28T12:55:49.899+0000] {dagbag.py:540} INFO - Filling up the DagBag from /home/airflow/.local/lib/python3.8/site-packages/airflow/example_dags/example_sensor_decorator.py
[2026-04-28T12:55:49.907+0000] {processor.py:840} INFO - DAG(s) 'example_sensor_decorator' retrieved from /home/airflow/.local/lib/python3.8/site-packages/airflow/example_dags/example_sensor_decorator.py
[2026-04-28T12:55:49.940+0000] {logging_mixin.py:188} INFO - [2026-04-28T12:55:49.940+0000] {dag.py:3047} INFO - Sync 1 DAGs
[2026-04-28T12:55:49.954+0000] {logging_mixin.py:188} INFO - [2026-04-28T12:55:49.953+0000] {dag.py:3834} INFO - Setting next_dagrun for example_sensor_decorator to None, run_after=None
[2026-04-28T12:55:49.970+0000] {processor.py:183} INFO - Processing /home/airflow/.local/lib/python3.8/site-packages/airflow/example_dags/example_sensor_decorator.py took 0.078 seconds
[2026-04-28T12:56:20.386+0000] {processor.py:161} INFO - Started process (PID=4952) to work on /home/airflow/.local/lib/python3.8/site-packages/airflow/example_dags/example_sensor_decorator.py
[2026-04-28T12:56:20.392+0000] {processor.py:830} INFO - Processing file /home/airflow/.local/lib/python3.8/site-packages/airflow/example_dags/example_sensor_decorator.py for tasks to queue
[2026-04-28T12:56:20.396+0000] {logging_mixin.py:188} INFO - [2026-04-28T12:56:20.396+0000] {dagbag.py:540} INFO - Filling up the DagBag from /home/airflow/.local/lib/python3.8/site-packages/airflow/example_dags/example_sensor_decorator.py
[2026-04-28T12:56:20.409+0000] {processor.py:840} INFO - DAG(s) 'example_sensor_decorator' retrieved from /home/airflow/.local/lib/python3.8/site-packages/airflow/example_dags/example_sensor_decorator.py
[2026-04-28T12:56:20.453+0000] {logging_mixin.py:188} INFO - [2026-04-28T12:56:20.452+0000] {dag.py:3047} INFO - Sync 1 DAGs
[2026-04-28T12:56:20.482+0000] {logging_mixin.py:188} INFO - [2026-04-28T12:56:20.482+0000] {dag.py:3834} INFO - Setting next_dagrun for example_sensor_decorator to None, run_after=None
[2026-04-28T12:56:20.521+0000] {processor.py:183} INFO - Processing /home/airflow/.local/lib/python3.8/site-packages/airflow/example_dags/example_sensor_decorator.py took 0.142 seconds
[2026-04-28T12:56:51.237+0000] {processor.py:161} INFO - Started process (PID=5008) to work on /home/airflow/.local/lib/python3.8/site-packages/airflow/example_dags/example_sensor_decorator.py
[2026-04-28T12:56:51.238+0000] {processor.py:830} INFO - Processing file /home/airflow/.local/lib/python3.8/site-packages/airflow/example_dags/example_sensor_decorator.py for tasks to queue
[2026-04-28T12:56:51.240+0000] {logging_mixin.py:188} INFO - [2026-04-28T12:56:51.240+0000] {dagbag.py:540} INFO - Filling up the DagBag from /home/airflow/.local/lib/python3.8/site-packages/airflow/example_dags/example_sensor_decorator.py
[2026-04-28T12:56:51.248+0000] {processor.py:840} INFO - DAG(s) 'example_sensor_decorator' retrieved from /home/airflow/.local/lib/python3.8/site-packages/airflow/example_dags/example_sensor_decorator.py
[2026-04-28T12:56:51.268+0000] {logging_mixin.py:188} INFO - [2026-04-28T12:56:51.268+0000] {dag.py:3047} INFO - Sync 1 DAGs
[2026-04-28T12:56:51.282+0000] {logging_mixin.py:188} INFO - [2026-04-28T12:56:51.282+0000] {dag.py:3834} INFO - Setting next_dagrun for example_sensor_decorator to None, run_after=None
[2026-04-28T12:56:51.298+0000] {processor.py:183} INFO - Processing /home/airflow/.local/lib/python3.8/site-packages/airflow/example_dags/example_sensor_decorator.py took 0.065 seconds
[2026-04-28T12:57:21.508+0000] {processor.py:161} INFO - Started process (PID=5064) to work on /home/airflow/.local/lib/python3.8/site-packages/airflow/example_dags/example_sensor_decorator.py
[2026-04-28T12:57:21.509+0000] {processor.py:830} INFO - Processing file /home/airflow/.local/lib/python3.8/site-packages/airflow/example_dags/example_sensor_decorator.py for tasks to queue
[2026-04-28T12:57:21.512+0000] {logging_mixin.py:188} INFO - [2026-04-28T12:57:21.512+0000] {dagbag.py:540} INFO - Filling up the DagBag from /home/airflow/.local/lib/python3.8/site-packages/airflow/example_dags/example_sensor_decorator.py
[2026-04-28T12:57:21.519+0000] {processor.py:840} INFO - DAG(s) 'example_sensor_decorator' retrieved from /home/airflow/.local/lib/python3.8/site-packages/airflow/example_dags/example_sensor_decorator.py
[2026-04-28T12:57:21.548+0000] {logging_mixin.py:188} INFO - [2026-04-28T12:57:21.548+0000] {dag.py:3047} INFO - Sync 1 DAGs
[2026-04-28T12:57:21.563+0000] {logging_mixin.py:188} INFO - [2026-04-28T12:57:21.563+0000] {dag.py:3834} INFO - Setting next_dagrun for example_sensor_decorator to None, run_after=None
[2026-04-28T12:57:21.581+0000] {processor.py:183} INFO - Processing /home/airflow/.local/lib/python3.8/site-packages/airflow/example_dags/example_sensor_decorator.py took 0.077 seconds
[2026-04-28T12:57:51.783+0000] {processor.py:161} INFO - Started process (PID=5120) to work on /home/airflow/.local/lib/python3.8/site-packages/airflow/example_dags/example_sensor_decorator.py
[2026-04-28T12:57:51.784+0000] {processor.py:830} INFO - Processing file /home/airflow/.local/lib/python3.8/site-packages/airflow/example_dags/example_sensor_decorator.py for tasks to queue
[2026-04-28T12:57:51.786+0000] {logging_mixin.py:188} INFO - [2026-04-28T12:57:51.786+0000] {dagbag.py:540} INFO - Filling up the DagBag from /home/airflow/.local/lib/python3.8/site-packages/airflow/example_dags/example_sensor_decorator.py
[2026-04-28T12:57:51.793+0000] {processor.py:840} INFO - DAG(s) 'example_sensor_decorator' retrieved from /home/airflow/.local/lib/python3.8/site-packages/airflow/example_dags/example_sensor_decorator.py
[2026-04-28T12:57:51.814+0000] {logging_mixin.py:188} INFO - [2026-04-28T12:57:51.814+0000] {dag.py:3047} INFO - Sync 1 DAGs
[2026-04-28T12:57:51.828+0000] {logging_mixin.py:188} INFO - [2026-04-28T12:57:51.827+0000] {dag.py:3834} INFO - Setting next_dagrun for example_sensor_decorator to None, run_after=None
[2026-04-28T12:57:51.849+0000] {processor.py:183} INFO - Processing /home/airflow/.local/lib/python3.8/site-packages/airflow/example_dags/example_sensor_decorator.py took 0.070 seconds
[2026-04-28T12:58:22.038+0000] {processor.py:161} INFO - Started process (PID=5175) to work on /home/airflow/.local/lib/python3.8/site-packages/airflow/example_dags/example_sensor_decorator.py
[2026-04-28T12:58:22.039+0000] {processor.py:830} INFO - Processing file /home/airflow/.local/lib/python3.8/site-packages/airflow/example_dags/example_sensor_decorator.py for tasks to queue
[2026-04-28T12:58:22.041+0000] {logging_mixin.py:188} INFO - [2026-04-28T12:58:22.041+0000] {dagbag.py:540} INFO - Filling up the DagBag from /home/airflow/.local/lib/python3.8/site-packages/airflow/example_dags/example_sensor_decorator.py
[2026-04-28T12:58:22.048+0000] {processor.py:840} INFO - DAG(s) 'example_sensor_decorator' retrieved from /home/airflow/.local/lib/python3.8/site-packages/airflow/example_dags/example_sensor_decorator.py
[2026-04-28T12:58:22.069+0000] {logging_mixin.py:188} INFO - [2026-04-28T12:58:22.069+0000] {dag.py:3047} INFO - Sync 1 DAGs
[2026-04-28T12:58:22.083+0000] {logging_mixin.py:188} INFO - [2026-04-28T12:58:22.083+0000] {dag.py:3834} INFO - Setting next_dagrun for example_sensor_decorator to None, run_after=None
[2026-04-28T12:58:22.100+0000] {processor.py:183} INFO - Processing /home/airflow/.local/lib/python3.8/site-packages/airflow/example_dags/example_sensor_decorator.py took 0.066 seconds
[2026-04-28T12:58:52.925+0000] {processor.py:161} INFO - Started process (PID=5231) to work on /home/airflow/.local/lib/python3.8/site-packages/airflow/example_dags/example_sensor_decorator.py
[2026-04-28T12:58:52.926+0000] {processor.py:830} INFO - Processing file /home/airflow/.local/lib/python3.8/site-packages/airflow/example_dags/example_sensor_decorator.py for tasks to queue
[2026-04-28T12:58:52.928+0000] {logging_mixin.py:188} INFO - [2026-04-28T12:58:52.928+0000] {dagbag.py:540} INFO - Filling up the DagBag from /home/airflow/.local/lib/python3.8/site-packages/airflow/example_dags/example_sensor_decorator.py
[2026-04-28T12:58:52.936+0000] {processor.py:840} INFO - DAG(s) 'example_sensor_decorator' retrieved from /home/airflow/.local/lib/python3.8/site-packages/airflow/example_dags/example_sensor_decorator.py
[2026-04-28T12:58:52.958+0000] {logging_mixin.py:188} INFO - [2026-04-28T12:58:52.957+0000] {dag.py:3047} INFO - Sync 1 DAGs
[2026-04-28T12:58:52.971+0000] {logging_mixin.py:188} INFO - [2026-04-28T12:58:52.971+0000] {dag.py:3834} INFO - Setting next_dagrun for example_sensor_decorator to None, run_after=None
[2026-04-28T12:58:52.992+0000] {processor.py:183} INFO - Processing /home/airflow/.local/lib/python3.8/site-packages/airflow/example_dags/example_sensor_decorator.py took 0.071 seconds
[2026-04-28T12:59:23.624+0000] {processor.py:161} INFO - Started process (PID=5287) to work on /home/airflow/.local/lib/python3.8/site-packages/airflow/example_dags/example_sensor_decorator.py
[2026-04-28T12:59:23.625+0000] {processor.py:830} INFO - Processing file /home/airflow/.local/lib/python3.8/site-packages/airflow/example_dags/example_sensor_decorator.py for tasks to queue
[2026-04-28T12:59:23.628+0000] {logging_mixin.py:188} INFO - [2026-04-28T12:59:23.627+0000] {dagbag.py:540} INFO - Filling up the DagBag from /home/airflow/.local/lib/python3.8/site-packages/airflow/example_dags/example_sensor_decorator.py
[2026-04-28T12:59:23.635+0000] {processor.py:840} INFO - DAG(s) 'example_sensor_decorator' retrieved from /home/airflow/.local/lib/python3.8/site-packages/airflow/example_dags/example_sensor_decorator.py
[2026-04-28T12:59:23.659+0000] {logging_mixin.py:188} INFO - [2026-04-28T12:59:23.659+0000] {dag.py:3047} INFO - Sync 1 DAGs
[2026-04-28T12:59:23.673+0000] {logging_mixin.py:188} INFO - [2026-04-28T12:59:23.672+0000] {dag.py:3834} INFO - Setting next_dagrun for example_sensor_decorator to None, run_after=None
[2026-04-28T12:59:23.690+0000] {processor.py:183} INFO - Processing /home/airflow/.local/lib/python3.8/site-packages/airflow/example_dags/example_sensor_decorator.py took 0.069 seconds
[2026-04-28T12:59:54.162+0000] {processor.py:161} INFO - Started process (PID=5343) to work on /home/airflow/.local/lib/python3.8/site-packages/airflow/example_dags/example_sensor_decorator.py
[2026-04-28T12:59:54.163+0000] {processor.py:830} INFO - Processing file /home/airflow/.local/lib/python3.8/site-packages/airflow/example_dags/example_sensor_decorator.py for tasks to queue
[2026-04-28T12:59:54.165+0000] {logging_mixin.py:188} INFO - [2026-04-28T12:59:54.165+0000] {dagbag.py:540} INFO - Filling up the DagBag from /home/airflow/.local/lib/python3.8/site-packages/airflow/example_dags/example_sensor_decorator.py
[2026-04-28T12:59:54.173+0000] {processor.py:840} INFO - DAG(s) 'example_sensor_decorator' retrieved from /home/airflow/.local/lib/python3.8/site-packages/airflow/example_dags/example_sensor_decorator.py
[2026-04-28T12:59:54.194+0000] {logging_mixin.py:188} INFO - [2026-04-28T12:59:54.194+0000] {dag.py:3047} INFO - Sync 1 DAGs
[2026-04-28T12:59:54.208+0000] {logging_mixin.py:188} INFO - [2026-04-28T12:59:54.207+0000] {dag.py:3834} INFO - Setting next_dagrun for example_sensor_decorator to None, run_after=None
[2026-04-28T12:59:54.225+0000] {processor.py:183} INFO - Processing /home/airflow/.local/lib/python3.8/site-packages/airflow/example_dags/example_sensor_decorator.py took 0.067 seconds
[2026-04-28T13:00:24.815+0000] {processor.py:161} INFO - Started process (PID=5399) to work on /home/airflow/.local/lib/python3.8/site-packages/airflow/example_dags/example_sensor_decorator.py
[2026-04-28T13:00:24.816+0000] {processor.py:830} INFO - Processing file /home/airflow/.local/lib/python3.8/site-packages/airflow/example_dags/example_sensor_decorator.py for tasks to queue
[2026-04-28T13:00:24.820+0000] {logging_mixin.py:188} INFO - [2026-04-28T13:00:24.820+0000] {dagbag.py:540} INFO - Filling up the DagBag from /home/airflow/.local/lib/python3.8/site-packages/airflow/example_dags/example_sensor_decorator.py
[2026-04-28T13:00:24.834+0000] {processor.py:840} INFO - DAG(s) 'example_sensor_decorator' retrieved from /home/airflow/.local/lib/python3.8/site-packages/airflow/example_dags/example_sensor_decorator.py
[2026-04-28T13:00:24.887+0000] {logging_mixin.py:188} INFO - [2026-04-28T13:00:24.886+0000] {dag.py:3047} INFO - Sync 1 DAGs
[2026-04-28T13:00:24.928+0000] {logging_mixin.py:188} INFO - [2026-04-28T13:00:24.924+0000] {dag.py:3834} INFO - Setting next_dagrun for example_sensor_decorator to None, run_after=None
[2026-04-28T13:00:24.976+0000] {processor.py:183} INFO - Processing /home/airflow/.local/lib/python3.8/site-packages/airflow/example_dags/example_sensor_decorator.py took 0.168 seconds
[2026-04-28T13:00:55.820+0000] {processor.py:161} INFO - Started process (PID=5454) to work on /home/airflow/.local/lib/python3.8/site-packages/airflow/example_dags/example_sensor_decorator.py
[2026-04-28T13:00:55.820+0000] {processor.py:830} INFO - Processing file /home/airflow/.local/lib/python3.8/site-packages/airflow/example_dags/example_sensor_decorator.py for tasks to queue
[2026-04-28T13:00:55.822+0000] {logging_mixin.py:188} INFO - [2026-04-28T13:00:55.822+0000] {dagbag.py:540} INFO - Filling up the DagBag from /home/airflow/.local/lib/python3.8/site-packages/airflow/example_dags/example_sensor_decorator.py
[2026-04-28T13:00:55.832+0000] {processor.py:840} INFO - DAG(s) 'example_sensor_decorator' retrieved from /home/airflow/.local/lib/python3.8/site-packages/airflow/example_dags/example_sensor_decorator.py
[2026-04-28T13:00:55.850+0000] {logging_mixin.py:188} INFO - [2026-04-28T13:00:55.850+0000] {dag.py:3047} INFO - Sync 1 DAGs
[2026-04-28T13:00:55.860+0000] {logging_mixin.py:188} INFO - [2026-04-28T13:00:55.860+0000] {dag.py:3834} INFO - Setting next_dagrun for example_sensor_decorator to None, run_after=None
[2026-04-28T13:00:55.873+0000] {processor.py:183} INFO - Processing /home/airflow/.local/lib/python3.8/site-packages/airflow/example_dags/example_sensor_decorator.py took 0.057 seconds
[2026-04-28T13:01:26.061+0000] {processor.py:161} INFO - Started process (PID=5510) to work on /home/airflow/.local/lib/python3.8/site-packages/airflow/example_dags/example_sensor_decorator.py
[2026-04-28T13:01:26.062+0000] {processor.py:830} INFO - Processing file /home/airflow/.local/lib/python3.8/site-packages/airflow/example_dags/example_sensor_decorator.py for tasks to queue
[2026-04-28T13:01:26.064+0000] {logging_mixin.py:188} INFO - [2026-04-28T13:01:26.063+0000] {dagbag.py:540} INFO - Filling up the DagBag from /home/airflow/.local/lib/python3.8/site-packages/airflow/example_dags/example_sensor_decorator.py
[2026-04-28T13:01:26.071+0000] {processor.py:840} INFO - DAG(s) 'example_sensor_decorator' retrieved from /home/airflow/.local/lib/python3.8/site-packages/airflow/example_dags/example_sensor_decorator.py
[2026-04-28T13:01:26.094+0000] {logging_mixin.py:188} INFO - [2026-04-28T13:01:26.093+0000] {dag.py:3047} INFO - Sync 1 DAGs
[2026-04-28T13:01:26.107+0000] {logging_mixin.py:188} INFO - [2026-04-28T13:01:26.106+0000] {dag.py:3834} INFO - Setting next_dagrun for example_sensor_decorator to None, run_after=None
[2026-04-28T13:01:26.125+0000] {processor.py:183} INFO - Processing /home/airflow/.local/lib/python3.8/site-packages/airflow/example_dags/example_sensor_decorator.py took 0.068 seconds
[2026-04-28T13:01:56.988+0000] {processor.py:161} INFO - Started process (PID=5564) to work on /home/airflow/.local/lib/python3.8/site-packages/airflow/example_dags/example_sensor_decorator.py
[2026-04-28T13:01:56.989+0000] {processor.py:830} INFO - Processing file /home/airflow/.local/lib/python3.8/site-packages/airflow/example_dags/example_sensor_decorator.py for tasks to queue
[2026-04-28T13:01:56.992+0000] {logging_mixin.py:188} INFO - [2026-04-28T13:01:56.992+0000] {dagbag.py:540} INFO - Filling up the DagBag from /home/airflow/.local/lib/python3.8/site-packages/airflow/example_dags/example_sensor_decorator.py
[2026-04-28T13:01:57.004+0000] {processor.py:840} INFO - DAG(s) 'example_sensor_decorator' retrieved from /home/airflow/.local/lib/python3.8/site-packages/airflow/example_dags/example_sensor_decorator.py
[2026-04-28T13:01:57.038+0000] {logging_mixin.py:188} INFO - [2026-04-28T13:01:57.038+0000] {dag.py:3047} INFO - Sync 1 DAGs
[2026-04-28T13:01:57.054+0000] {logging_mixin.py:188} INFO - [2026-04-28T13:01:57.053+0000] {dag.py:3834} INFO - Setting next_dagrun for example_sensor_decorator to None, run_after=None
[2026-04-28T13:01:57.133+0000] {processor.py:183} INFO - Processing /home/airflow/.local/lib/python3.8/site-packages/airflow/example_dags/example_sensor_decorator.py took 0.149 seconds
[2026-04-28T13:02:27.319+0000] {processor.py:161} INFO - Started process (PID=5620) to work on /home/airflow/.local/lib/python3.8/site-packages/airflow/example_dags/example_sensor_decorator.py
[2026-04-28T13:02:27.322+0000] {processor.py:830} INFO - Processing file /home/airflow/.local/lib/python3.8/site-packages/airflow/example_dags/example_sensor_decorator.py for tasks to queue
[2026-04-28T13:02:27.326+0000] {logging_mixin.py:188} INFO - [2026-04-28T13:02:27.325+0000] {dagbag.py:540} INFO - Filling up the DagBag from /home/airflow/.local/lib/python3.8/site-packages/airflow/example_dags/example_sensor_decorator.py
[2026-04-28T13:02:27.341+0000] {processor.py:840} INFO - DAG(s) 'example_sensor_decorator' retrieved from /home/airflow/.local/lib/python3.8/site-packages/airflow/example_dags/example_sensor_decorator.py
[2026-04-28T13:02:27.363+0000] {logging_mixin.py:188} INFO - [2026-04-28T13:02:27.363+0000] {dag.py:3047} INFO - Sync 1 DAGs
[2026-04-28T13:02:27.377+0000] {logging_mixin.py:188} INFO - [2026-04-28T13:02:27.376+0000] {dag.py:3834} INFO - Setting next_dagrun for example_sensor_decorator to None, run_after=None
[2026-04-28T13:02:27.394+0000] {processor.py:183} INFO - Processing /home/airflow/.local/lib/python3.8/site-packages/airflow/example_dags/example_sensor_decorator.py took 0.080 seconds
