[2026-04-28T12:11:49.799+0000] {processor.py:161} INFO - Started process (PID=74) to work on /home/airflow/.local/lib/python3.8/site-packages/airflow/example_dags/example_subdag_operator.py
[2026-04-28T12:11:49.801+0000] {processor.py:830} INFO - Processing file /home/airflow/.local/lib/python3.8/site-packages/airflow/example_dags/example_subdag_operator.py for tasks to queue
[2026-04-28T12:11:49.804+0000] {logging_mixin.py:188} INFO - [2026-04-28T12:11:49.804+0000] {dagbag.py:540} INFO - Filling up the DagBag from /home/airflow/.local/lib/python3.8/site-packages/airflow/example_dags/example_subdag_operator.py
[2026-04-28T12:11:49.867+0000] {processor.py:840} INFO - DAG(s) 'example_subdag_operator.section-1', 'example_subdag_operator.section-2', 'example_subdag_operator' retrieved from /home/airflow/.local/lib/python3.8/site-packages/airflow/example_dags/example_subdag_operator.py
[2026-04-28T12:11:50.276+0000] {logging_mixin.py:188} INFO - [2026-04-28T12:11:50.275+0000] {dag.py:3047} INFO - Sync 3 DAGs
[2026-04-28T12:11:50.300+0000] {logging_mixin.py:188} INFO - [2026-04-28T12:11:50.299+0000] {dag.py:3834} INFO - Setting next_dagrun for example_subdag_operator to 2022-01-01 00:00:00+00:00, run_after=2022-01-01 00:00:00+00:00
[2026-04-28T12:11:50.303+0000] {logging_mixin.py:188} INFO - [2026-04-28T12:11:50.302+0000] {dag.py:3834} INFO - Setting next_dagrun for example_subdag_operator.section-1 to None, run_after=None
[2026-04-28T12:11:50.304+0000] {logging_mixin.py:188} INFO - [2026-04-28T12:11:50.304+0000] {dag.py:3834} INFO - Setting next_dagrun for example_subdag_operator.section-2 to None, run_after=None
[2026-04-28T12:11:50.318+0000] {logging_mixin.py:188} INFO - [2026-04-28T12:11:50.318+0000] {dag.py:3047} INFO - Sync 2 DAGs
[2026-04-28T12:11:50.329+0000] {logging_mixin.py:188} INFO - [2026-04-28T12:11:50.329+0000] {dag.py:3834} INFO - Setting next_dagrun for example_subdag_operator.section-1 to None, run_after=None
[2026-04-28T12:11:50.330+0000] {logging_mixin.py:188} INFO - [2026-04-28T12:11:50.330+0000] {dag.py:3834} INFO - Setting next_dagrun for example_subdag_operator.section-2 to None, run_after=None
[2026-04-28T12:11:50.355+0000] {processor.py:183} INFO - Processing /home/airflow/.local/lib/python3.8/site-packages/airflow/example_dags/example_subdag_operator.py took 0.566 seconds
[2026-04-28T12:12:21.346+0000] {processor.py:161} INFO - Started process (PID=129) to work on /home/airflow/.local/lib/python3.8/site-packages/airflow/example_dags/example_subdag_operator.py
[2026-04-28T12:12:21.347+0000] {processor.py:830} INFO - Processing file /home/airflow/.local/lib/python3.8/site-packages/airflow/example_dags/example_subdag_operator.py for tasks to queue
[2026-04-28T12:12:21.349+0000] {logging_mixin.py:188} INFO - [2026-04-28T12:12:21.349+0000] {dagbag.py:540} INFO - Filling up the DagBag from /home/airflow/.local/lib/python3.8/site-packages/airflow/example_dags/example_subdag_operator.py
[2026-04-28T12:12:21.377+0000] {processor.py:840} INFO - DAG(s) 'example_subdag_operator.section-1', 'example_subdag_operator.section-2', 'example_subdag_operator' retrieved from /home/airflow/.local/lib/python3.8/site-packages/airflow/example_dags/example_subdag_operator.py
[2026-04-28T12:12:21.394+0000] {logging_mixin.py:188} INFO - [2026-04-28T12:12:21.393+0000] {dag.py:3047} INFO - Sync 3 DAGs
[2026-04-28T12:12:21.416+0000] {logging_mixin.py:188} INFO - [2026-04-28T12:12:21.416+0000] {dag.py:3834} INFO - Setting next_dagrun for example_subdag_operator to 2022-01-01 00:00:00+00:00, run_after=2022-01-01 00:00:00+00:00
[2026-04-28T12:12:21.421+0000] {logging_mixin.py:188} INFO - [2026-04-28T12:12:21.421+0000] {dag.py:3834} INFO - Setting next_dagrun for example_subdag_operator.section-1 to None, run_after=None
[2026-04-28T12:12:21.422+0000] {logging_mixin.py:188} INFO - [2026-04-28T12:12:21.422+0000] {dag.py:3834} INFO - Setting next_dagrun for example_subdag_operator.section-2 to None, run_after=None
[2026-04-28T12:12:21.429+0000] {logging_mixin.py:188} INFO - [2026-04-28T12:12:21.429+0000] {dag.py:3047} INFO - Sync 2 DAGs
[2026-04-28T12:12:21.434+0000] {logging_mixin.py:188} INFO - [2026-04-28T12:12:21.434+0000] {dag.py:3834} INFO - Setting next_dagrun for example_subdag_operator.section-1 to None, run_after=None
[2026-04-28T12:12:21.434+0000] {logging_mixin.py:188} INFO - [2026-04-28T12:12:21.434+0000] {dag.py:3834} INFO - Setting next_dagrun for example_subdag_operator.section-2 to None, run_after=None
[2026-04-28T12:12:21.443+0000] {processor.py:183} INFO - Processing /home/airflow/.local/lib/python3.8/site-packages/airflow/example_dags/example_subdag_operator.py took 0.100 seconds
[2026-04-28T12:12:51.559+0000] {processor.py:161} INFO - Started process (PID=184) to work on /home/airflow/.local/lib/python3.8/site-packages/airflow/example_dags/example_subdag_operator.py
[2026-04-28T12:12:51.560+0000] {processor.py:830} INFO - Processing file /home/airflow/.local/lib/python3.8/site-packages/airflow/example_dags/example_subdag_operator.py for tasks to queue
[2026-04-28T12:12:51.562+0000] {logging_mixin.py:188} INFO - [2026-04-28T12:12:51.562+0000] {dagbag.py:540} INFO - Filling up the DagBag from /home/airflow/.local/lib/python3.8/site-packages/airflow/example_dags/example_subdag_operator.py
[2026-04-28T12:12:51.589+0000] {processor.py:840} INFO - DAG(s) 'example_subdag_operator.section-1', 'example_subdag_operator.section-2', 'example_subdag_operator' retrieved from /home/airflow/.local/lib/python3.8/site-packages/airflow/example_dags/example_subdag_operator.py
[2026-04-28T12:12:51.606+0000] {logging_mixin.py:188} INFO - [2026-04-28T12:12:51.606+0000] {dag.py:3047} INFO - Sync 3 DAGs
[2026-04-28T12:12:51.629+0000] {logging_mixin.py:188} INFO - [2026-04-28T12:12:51.629+0000] {dag.py:3834} INFO - Setting next_dagrun for example_subdag_operator to 2022-01-01 00:00:00+00:00, run_after=2022-01-01 00:00:00+00:00
[2026-04-28T12:12:51.634+0000] {logging_mixin.py:188} INFO - [2026-04-28T12:12:51.634+0000] {dag.py:3834} INFO - Setting next_dagrun for example_subdag_operator.section-1 to None, run_after=None
[2026-04-28T12:12:51.636+0000] {logging_mixin.py:188} INFO - [2026-04-28T12:12:51.636+0000] {dag.py:3834} INFO - Setting next_dagrun for example_subdag_operator.section-2 to None, run_after=None
[2026-04-28T12:12:51.647+0000] {logging_mixin.py:188} INFO - [2026-04-28T12:12:51.647+0000] {dag.py:3047} INFO - Sync 2 DAGs
[2026-04-28T12:12:51.652+0000] {logging_mixin.py:188} INFO - [2026-04-28T12:12:51.651+0000] {dag.py:3834} INFO - Setting next_dagrun for example_subdag_operator.section-1 to None, run_after=None
[2026-04-28T12:12:51.652+0000] {logging_mixin.py:188} INFO - [2026-04-28T12:12:51.652+0000] {dag.py:3834} INFO - Setting next_dagrun for example_subdag_operator.section-2 to None, run_after=None
[2026-04-28T12:12:51.661+0000] {processor.py:183} INFO - Processing /home/airflow/.local/lib/python3.8/site-packages/airflow/example_dags/example_subdag_operator.py took 0.106 seconds
[2026-04-28T12:13:22.011+0000] {processor.py:161} INFO - Started process (PID=239) to work on /home/airflow/.local/lib/python3.8/site-packages/airflow/example_dags/example_subdag_operator.py
[2026-04-28T12:13:22.012+0000] {processor.py:830} INFO - Processing file /home/airflow/.local/lib/python3.8/site-packages/airflow/example_dags/example_subdag_operator.py for tasks to queue
[2026-04-28T12:13:22.015+0000] {logging_mixin.py:188} INFO - [2026-04-28T12:13:22.014+0000] {dagbag.py:540} INFO - Filling up the DagBag from /home/airflow/.local/lib/python3.8/site-packages/airflow/example_dags/example_subdag_operator.py
[2026-04-28T12:13:22.044+0000] {processor.py:840} INFO - DAG(s) 'example_subdag_operator.section-1', 'example_subdag_operator.section-2', 'example_subdag_operator' retrieved from /home/airflow/.local/lib/python3.8/site-packages/airflow/example_dags/example_subdag_operator.py
[2026-04-28T12:13:22.061+0000] {logging_mixin.py:188} INFO - [2026-04-28T12:13:22.061+0000] {dag.py:3047} INFO - Sync 3 DAGs
[2026-04-28T12:13:22.096+0000] {logging_mixin.py:188} INFO - [2026-04-28T12:13:22.096+0000] {dag.py:3834} INFO - Setting next_dagrun for example_subdag_operator to 2022-01-01 00:00:00+00:00, run_after=2022-01-01 00:00:00+00:00
[2026-04-28T12:13:22.100+0000] {logging_mixin.py:188} INFO - [2026-04-28T12:13:22.100+0000] {dag.py:3834} INFO - Setting next_dagrun for example_subdag_operator.section-1 to None, run_after=None
[2026-04-28T12:13:22.101+0000] {logging_mixin.py:188} INFO - [2026-04-28T12:13:22.101+0000] {dag.py:3834} INFO - Setting next_dagrun for example_subdag_operator.section-2 to None, run_after=None
[2026-04-28T12:13:22.108+0000] {logging_mixin.py:188} INFO - [2026-04-28T12:13:22.108+0000] {dag.py:3047} INFO - Sync 2 DAGs
[2026-04-28T12:13:22.113+0000] {logging_mixin.py:188} INFO - [2026-04-28T12:13:22.113+0000] {dag.py:3834} INFO - Setting next_dagrun for example_subdag_operator.section-1 to None, run_after=None
[2026-04-28T12:13:22.113+0000] {logging_mixin.py:188} INFO - [2026-04-28T12:13:22.113+0000] {dag.py:3834} INFO - Setting next_dagrun for example_subdag_operator.section-2 to None, run_after=None
[2026-04-28T12:13:22.123+0000] {processor.py:183} INFO - Processing /home/airflow/.local/lib/python3.8/site-packages/airflow/example_dags/example_subdag_operator.py took 0.115 seconds
[2026-04-28T12:13:52.522+0000] {processor.py:161} INFO - Started process (PID=294) to work on /home/airflow/.local/lib/python3.8/site-packages/airflow/example_dags/example_subdag_operator.py
[2026-04-28T12:13:52.526+0000] {processor.py:830} INFO - Processing file /home/airflow/.local/lib/python3.8/site-packages/airflow/example_dags/example_subdag_operator.py for tasks to queue
[2026-04-28T12:13:52.528+0000] {logging_mixin.py:188} INFO - [2026-04-28T12:13:52.528+0000] {dagbag.py:540} INFO - Filling up the DagBag from /home/airflow/.local/lib/python3.8/site-packages/airflow/example_dags/example_subdag_operator.py
[2026-04-28T12:13:52.556+0000] {processor.py:840} INFO - DAG(s) 'example_subdag_operator.section-1', 'example_subdag_operator.section-2', 'example_subdag_operator' retrieved from /home/airflow/.local/lib/python3.8/site-packages/airflow/example_dags/example_subdag_operator.py
[2026-04-28T12:13:52.573+0000] {logging_mixin.py:188} INFO - [2026-04-28T12:13:52.573+0000] {dag.py:3047} INFO - Sync 3 DAGs
[2026-04-28T12:13:52.596+0000] {logging_mixin.py:188} INFO - [2026-04-28T12:13:52.595+0000] {dag.py:3834} INFO - Setting next_dagrun for example_subdag_operator to 2022-01-01 00:00:00+00:00, run_after=2022-01-01 00:00:00+00:00
[2026-04-28T12:13:52.601+0000] {logging_mixin.py:188} INFO - [2026-04-28T12:13:52.600+0000] {dag.py:3834} INFO - Setting next_dagrun for example_subdag_operator.section-1 to None, run_after=None
[2026-04-28T12:13:52.604+0000] {logging_mixin.py:188} INFO - [2026-04-28T12:13:52.604+0000] {dag.py:3834} INFO - Setting next_dagrun for example_subdag_operator.section-2 to None, run_after=None
[2026-04-28T12:13:52.616+0000] {logging_mixin.py:188} INFO - [2026-04-28T12:13:52.616+0000] {dag.py:3047} INFO - Sync 2 DAGs
[2026-04-28T12:13:52.624+0000] {logging_mixin.py:188} INFO - [2026-04-28T12:13:52.624+0000] {dag.py:3834} INFO - Setting next_dagrun for example_subdag_operator.section-1 to None, run_after=None
[2026-04-28T12:13:52.625+0000] {logging_mixin.py:188} INFO - [2026-04-28T12:13:52.624+0000] {dag.py:3834} INFO - Setting next_dagrun for example_subdag_operator.section-2 to None, run_after=None
[2026-04-28T12:13:52.646+0000] {processor.py:183} INFO - Processing /home/airflow/.local/lib/python3.8/site-packages/airflow/example_dags/example_subdag_operator.py took 0.128 seconds
[2026-04-28T12:14:23.052+0000] {processor.py:161} INFO - Started process (PID=349) to work on /home/airflow/.local/lib/python3.8/site-packages/airflow/example_dags/example_subdag_operator.py
[2026-04-28T12:14:23.053+0000] {processor.py:830} INFO - Processing file /home/airflow/.local/lib/python3.8/site-packages/airflow/example_dags/example_subdag_operator.py for tasks to queue
[2026-04-28T12:14:23.055+0000] {logging_mixin.py:188} INFO - [2026-04-28T12:14:23.055+0000] {dagbag.py:540} INFO - Filling up the DagBag from /home/airflow/.local/lib/python3.8/site-packages/airflow/example_dags/example_subdag_operator.py
[2026-04-28T12:14:23.082+0000] {processor.py:840} INFO - DAG(s) 'example_subdag_operator.section-1', 'example_subdag_operator.section-2', 'example_subdag_operator' retrieved from /home/airflow/.local/lib/python3.8/site-packages/airflow/example_dags/example_subdag_operator.py
[2026-04-28T12:14:23.100+0000] {logging_mixin.py:188} INFO - [2026-04-28T12:14:23.099+0000] {dag.py:3047} INFO - Sync 3 DAGs
[2026-04-28T12:14:23.128+0000] {logging_mixin.py:188} INFO - [2026-04-28T12:14:23.128+0000] {dag.py:3834} INFO - Setting next_dagrun for example_subdag_operator to 2022-01-01 00:00:00+00:00, run_after=2022-01-01 00:00:00+00:00
[2026-04-28T12:14:23.132+0000] {logging_mixin.py:188} INFO - [2026-04-28T12:14:23.131+0000] {dag.py:3834} INFO - Setting next_dagrun for example_subdag_operator.section-1 to None, run_after=None
[2026-04-28T12:14:23.133+0000] {logging_mixin.py:188} INFO - [2026-04-28T12:14:23.133+0000] {dag.py:3834} INFO - Setting next_dagrun for example_subdag_operator.section-2 to None, run_after=None
[2026-04-28T12:14:23.144+0000] {logging_mixin.py:188} INFO - [2026-04-28T12:14:23.143+0000] {dag.py:3047} INFO - Sync 2 DAGs
[2026-04-28T12:14:23.152+0000] {logging_mixin.py:188} INFO - [2026-04-28T12:14:23.152+0000] {dag.py:3834} INFO - Setting next_dagrun for example_subdag_operator.section-1 to None, run_after=None
[2026-04-28T12:14:23.152+0000] {logging_mixin.py:188} INFO - [2026-04-28T12:14:23.152+0000] {dag.py:3834} INFO - Setting next_dagrun for example_subdag_operator.section-2 to None, run_after=None
[2026-04-28T12:14:23.175+0000] {processor.py:183} INFO - Processing /home/airflow/.local/lib/python3.8/site-packages/airflow/example_dags/example_subdag_operator.py took 0.126 seconds
[2026-04-28T12:14:53.839+0000] {processor.py:161} INFO - Started process (PID=404) to work on /home/airflow/.local/lib/python3.8/site-packages/airflow/example_dags/example_subdag_operator.py
[2026-04-28T12:14:53.840+0000] {processor.py:830} INFO - Processing file /home/airflow/.local/lib/python3.8/site-packages/airflow/example_dags/example_subdag_operator.py for tasks to queue
[2026-04-28T12:14:53.842+0000] {logging_mixin.py:188} INFO - [2026-04-28T12:14:53.842+0000] {dagbag.py:540} INFO - Filling up the DagBag from /home/airflow/.local/lib/python3.8/site-packages/airflow/example_dags/example_subdag_operator.py
[2026-04-28T12:14:53.869+0000] {processor.py:840} INFO - DAG(s) 'example_subdag_operator.section-1', 'example_subdag_operator.section-2', 'example_subdag_operator' retrieved from /home/airflow/.local/lib/python3.8/site-packages/airflow/example_dags/example_subdag_operator.py
[2026-04-28T12:14:53.886+0000] {logging_mixin.py:188} INFO - [2026-04-28T12:14:53.886+0000] {dag.py:3047} INFO - Sync 3 DAGs
[2026-04-28T12:14:53.910+0000] {logging_mixin.py:188} INFO - [2026-04-28T12:14:53.910+0000] {dag.py:3834} INFO - Setting next_dagrun for example_subdag_operator to 2022-01-01 00:00:00+00:00, run_after=2022-01-01 00:00:00+00:00
[2026-04-28T12:14:53.913+0000] {logging_mixin.py:188} INFO - [2026-04-28T12:14:53.913+0000] {dag.py:3834} INFO - Setting next_dagrun for example_subdag_operator.section-1 to None, run_after=None
[2026-04-28T12:14:53.915+0000] {logging_mixin.py:188} INFO - [2026-04-28T12:14:53.914+0000] {dag.py:3834} INFO - Setting next_dagrun for example_subdag_operator.section-2 to None, run_after=None
[2026-04-28T12:14:53.921+0000] {logging_mixin.py:188} INFO - [2026-04-28T12:14:53.921+0000] {dag.py:3047} INFO - Sync 2 DAGs
[2026-04-28T12:14:53.927+0000] {logging_mixin.py:188} INFO - [2026-04-28T12:14:53.927+0000] {dag.py:3834} INFO - Setting next_dagrun for example_subdag_operator.section-1 to None, run_after=None
[2026-04-28T12:14:53.928+0000] {logging_mixin.py:188} INFO - [2026-04-28T12:14:53.928+0000] {dag.py:3834} INFO - Setting next_dagrun for example_subdag_operator.section-2 to None, run_after=None
[2026-04-28T12:14:53.937+0000] {processor.py:183} INFO - Processing /home/airflow/.local/lib/python3.8/site-packages/airflow/example_dags/example_subdag_operator.py took 0.102 seconds
[2026-04-28T12:15:24.386+0000] {processor.py:161} INFO - Started process (PID=459) to work on /home/airflow/.local/lib/python3.8/site-packages/airflow/example_dags/example_subdag_operator.py
[2026-04-28T12:15:24.387+0000] {processor.py:830} INFO - Processing file /home/airflow/.local/lib/python3.8/site-packages/airflow/example_dags/example_subdag_operator.py for tasks to queue
[2026-04-28T12:15:24.389+0000] {logging_mixin.py:188} INFO - [2026-04-28T12:15:24.389+0000] {dagbag.py:540} INFO - Filling up the DagBag from /home/airflow/.local/lib/python3.8/site-packages/airflow/example_dags/example_subdag_operator.py
[2026-04-28T12:15:24.426+0000] {processor.py:840} INFO - DAG(s) 'example_subdag_operator.section-1', 'example_subdag_operator.section-2', 'example_subdag_operator' retrieved from /home/airflow/.local/lib/python3.8/site-packages/airflow/example_dags/example_subdag_operator.py
[2026-04-28T12:15:24.448+0000] {logging_mixin.py:188} INFO - [2026-04-28T12:15:24.448+0000] {dag.py:3047} INFO - Sync 3 DAGs
[2026-04-28T12:15:24.474+0000] {logging_mixin.py:188} INFO - [2026-04-28T12:15:24.474+0000] {dag.py:3834} INFO - Setting next_dagrun for example_subdag_operator to 2022-01-01 00:00:00+00:00, run_after=2022-01-01 00:00:00+00:00
[2026-04-28T12:15:24.478+0000] {logging_mixin.py:188} INFO - [2026-04-28T12:15:24.478+0000] {dag.py:3834} INFO - Setting next_dagrun for example_subdag_operator.section-1 to None, run_after=None
[2026-04-28T12:15:24.480+0000] {logging_mixin.py:188} INFO - [2026-04-28T12:15:24.479+0000] {dag.py:3834} INFO - Setting next_dagrun for example_subdag_operator.section-2 to None, run_after=None
[2026-04-28T12:15:24.487+0000] {logging_mixin.py:188} INFO - [2026-04-28T12:15:24.487+0000] {dag.py:3047} INFO - Sync 2 DAGs
[2026-04-28T12:15:24.494+0000] {logging_mixin.py:188} INFO - [2026-04-28T12:15:24.494+0000] {dag.py:3834} INFO - Setting next_dagrun for example_subdag_operator.section-1 to None, run_after=None
[2026-04-28T12:15:24.495+0000] {logging_mixin.py:188} INFO - [2026-04-28T12:15:24.495+0000] {dag.py:3834} INFO - Setting next_dagrun for example_subdag_operator.section-2 to None, run_after=None
[2026-04-28T12:15:24.505+0000] {processor.py:183} INFO - Processing /home/airflow/.local/lib/python3.8/site-packages/airflow/example_dags/example_subdag_operator.py took 0.122 seconds
[2026-04-28T12:15:54.991+0000] {processor.py:161} INFO - Started process (PID=513) to work on /home/airflow/.local/lib/python3.8/site-packages/airflow/example_dags/example_subdag_operator.py
[2026-04-28T12:15:54.993+0000] {processor.py:830} INFO - Processing file /home/airflow/.local/lib/python3.8/site-packages/airflow/example_dags/example_subdag_operator.py for tasks to queue
[2026-04-28T12:15:54.997+0000] {logging_mixin.py:188} INFO - [2026-04-28T12:15:54.995+0000] {dagbag.py:540} INFO - Filling up the DagBag from /home/airflow/.local/lib/python3.8/site-packages/airflow/example_dags/example_subdag_operator.py
[2026-04-28T12:15:55.049+0000] {processor.py:840} INFO - DAG(s) 'example_subdag_operator.section-1', 'example_subdag_operator.section-2', 'example_subdag_operator' retrieved from /home/airflow/.local/lib/python3.8/site-packages/airflow/example_dags/example_subdag_operator.py
[2026-04-28T12:15:55.080+0000] {logging_mixin.py:188} INFO - [2026-04-28T12:15:55.080+0000] {dag.py:3047} INFO - Sync 3 DAGs
[2026-04-28T12:15:55.104+0000] {logging_mixin.py:188} INFO - [2026-04-28T12:15:55.103+0000] {dag.py:3834} INFO - Setting next_dagrun for example_subdag_operator to 2022-01-01 00:00:00+00:00, run_after=2022-01-01 00:00:00+00:00
[2026-04-28T12:15:55.107+0000] {logging_mixin.py:188} INFO - [2026-04-28T12:15:55.107+0000] {dag.py:3834} INFO - Setting next_dagrun for example_subdag_operator.section-1 to None, run_after=None
[2026-04-28T12:15:55.108+0000] {logging_mixin.py:188} INFO - [2026-04-28T12:15:55.108+0000] {dag.py:3834} INFO - Setting next_dagrun for example_subdag_operator.section-2 to None, run_after=None
[2026-04-28T12:15:55.115+0000] {logging_mixin.py:188} INFO - [2026-04-28T12:15:55.115+0000] {dag.py:3047} INFO - Sync 2 DAGs
[2026-04-28T12:15:55.120+0000] {logging_mixin.py:188} INFO - [2026-04-28T12:15:55.120+0000] {dag.py:3834} INFO - Setting next_dagrun for example_subdag_operator.section-1 to None, run_after=None
[2026-04-28T12:15:55.120+0000] {logging_mixin.py:188} INFO - [2026-04-28T12:15:55.120+0000] {dag.py:3834} INFO - Setting next_dagrun for example_subdag_operator.section-2 to None, run_after=None
[2026-04-28T12:15:55.130+0000] {processor.py:183} INFO - Processing /home/airflow/.local/lib/python3.8/site-packages/airflow/example_dags/example_subdag_operator.py took 0.142 seconds
[2026-04-28T12:16:25.590+0000] {processor.py:161} INFO - Started process (PID=568) to work on /home/airflow/.local/lib/python3.8/site-packages/airflow/example_dags/example_subdag_operator.py
[2026-04-28T12:16:25.600+0000] {processor.py:830} INFO - Processing file /home/airflow/.local/lib/python3.8/site-packages/airflow/example_dags/example_subdag_operator.py for tasks to queue
[2026-04-28T12:16:25.607+0000] {logging_mixin.py:188} INFO - [2026-04-28T12:16:25.606+0000] {dagbag.py:540} INFO - Filling up the DagBag from /home/airflow/.local/lib/python3.8/site-packages/airflow/example_dags/example_subdag_operator.py
[2026-04-28T12:16:25.705+0000] {processor.py:840} INFO - DAG(s) 'example_subdag_operator.section-1', 'example_subdag_operator.section-2', 'example_subdag_operator' retrieved from /home/airflow/.local/lib/python3.8/site-packages/airflow/example_dags/example_subdag_operator.py
[2026-04-28T12:16:25.851+0000] {logging_mixin.py:188} INFO - [2026-04-28T12:16:25.851+0000] {dag.py:3047} INFO - Sync 3 DAGs
[2026-04-28T12:16:25.915+0000] {logging_mixin.py:188} INFO - [2026-04-28T12:16:25.914+0000] {dag.py:3834} INFO - Setting next_dagrun for example_subdag_operator to 2022-01-01 00:00:00+00:00, run_after=2022-01-01 00:00:00+00:00
[2026-04-28T12:16:25.931+0000] {logging_mixin.py:188} INFO - [2026-04-28T12:16:25.931+0000] {dag.py:3834} INFO - Setting next_dagrun for example_subdag_operator.section-1 to None, run_after=None
[2026-04-28T12:16:25.935+0000] {logging_mixin.py:188} INFO - [2026-04-28T12:16:25.935+0000] {dag.py:3834} INFO - Setting next_dagrun for example_subdag_operator.section-2 to None, run_after=None
[2026-04-28T12:16:25.955+0000] {logging_mixin.py:188} INFO - [2026-04-28T12:16:25.954+0000] {dag.py:3047} INFO - Sync 2 DAGs
[2026-04-28T12:16:25.967+0000] {logging_mixin.py:188} INFO - [2026-04-28T12:16:25.967+0000] {dag.py:3834} INFO - Setting next_dagrun for example_subdag_operator.section-1 to None, run_after=None
[2026-04-28T12:16:25.968+0000] {logging_mixin.py:188} INFO - [2026-04-28T12:16:25.968+0000] {dag.py:3834} INFO - Setting next_dagrun for example_subdag_operator.section-2 to None, run_after=None
[2026-04-28T12:16:25.998+0000] {processor.py:183} INFO - Processing /home/airflow/.local/lib/python3.8/site-packages/airflow/example_dags/example_subdag_operator.py took 0.424 seconds
[2026-04-28T12:16:56.134+0000] {processor.py:161} INFO - Started process (PID=623) to work on /home/airflow/.local/lib/python3.8/site-packages/airflow/example_dags/example_subdag_operator.py
[2026-04-28T12:16:56.135+0000] {processor.py:830} INFO - Processing file /home/airflow/.local/lib/python3.8/site-packages/airflow/example_dags/example_subdag_operator.py for tasks to queue
[2026-04-28T12:16:56.137+0000] {logging_mixin.py:188} INFO - [2026-04-28T12:16:56.137+0000] {dagbag.py:540} INFO - Filling up the DagBag from /home/airflow/.local/lib/python3.8/site-packages/airflow/example_dags/example_subdag_operator.py
[2026-04-28T12:16:56.166+0000] {processor.py:840} INFO - DAG(s) 'example_subdag_operator.section-1', 'example_subdag_operator.section-2', 'example_subdag_operator' retrieved from /home/airflow/.local/lib/python3.8/site-packages/airflow/example_dags/example_subdag_operator.py
[2026-04-28T12:16:56.184+0000] {logging_mixin.py:188} INFO - [2026-04-28T12:16:56.184+0000] {dag.py:3047} INFO - Sync 3 DAGs
[2026-04-28T12:16:56.213+0000] {logging_mixin.py:188} INFO - [2026-04-28T12:16:56.213+0000] {dag.py:3834} INFO - Setting next_dagrun for example_subdag_operator to 2022-01-01 00:00:00+00:00, run_after=2022-01-01 00:00:00+00:00
[2026-04-28T12:16:56.217+0000] {logging_mixin.py:188} INFO - [2026-04-28T12:16:56.217+0000] {dag.py:3834} INFO - Setting next_dagrun for example_subdag_operator.section-1 to None, run_after=None
[2026-04-28T12:16:56.218+0000] {logging_mixin.py:188} INFO - [2026-04-28T12:16:56.218+0000] {dag.py:3834} INFO - Setting next_dagrun for example_subdag_operator.section-2 to None, run_after=None
[2026-04-28T12:16:56.225+0000] {logging_mixin.py:188} INFO - [2026-04-28T12:16:56.225+0000] {dag.py:3047} INFO - Sync 2 DAGs
[2026-04-28T12:16:56.231+0000] {logging_mixin.py:188} INFO - [2026-04-28T12:16:56.231+0000] {dag.py:3834} INFO - Setting next_dagrun for example_subdag_operator.section-1 to None, run_after=None
[2026-04-28T12:16:56.232+0000] {logging_mixin.py:188} INFO - [2026-04-28T12:16:56.231+0000] {dag.py:3834} INFO - Setting next_dagrun for example_subdag_operator.section-2 to None, run_after=None
[2026-04-28T12:16:56.241+0000] {processor.py:183} INFO - Processing /home/airflow/.local/lib/python3.8/site-packages/airflow/example_dags/example_subdag_operator.py took 0.111 seconds
[2026-04-28T12:17:26.397+0000] {processor.py:161} INFO - Started process (PID=678) to work on /home/airflow/.local/lib/python3.8/site-packages/airflow/example_dags/example_subdag_operator.py
[2026-04-28T12:17:26.398+0000] {processor.py:830} INFO - Processing file /home/airflow/.local/lib/python3.8/site-packages/airflow/example_dags/example_subdag_operator.py for tasks to queue
[2026-04-28T12:17:26.400+0000] {logging_mixin.py:188} INFO - [2026-04-28T12:17:26.400+0000] {dagbag.py:540} INFO - Filling up the DagBag from /home/airflow/.local/lib/python3.8/site-packages/airflow/example_dags/example_subdag_operator.py
[2026-04-28T12:17:26.427+0000] {processor.py:840} INFO - DAG(s) 'example_subdag_operator.section-1', 'example_subdag_operator.section-2', 'example_subdag_operator' retrieved from /home/airflow/.local/lib/python3.8/site-packages/airflow/example_dags/example_subdag_operator.py
[2026-04-28T12:17:26.444+0000] {logging_mixin.py:188} INFO - [2026-04-28T12:17:26.444+0000] {dag.py:3047} INFO - Sync 3 DAGs
[2026-04-28T12:17:26.472+0000] {logging_mixin.py:188} INFO - [2026-04-28T12:17:26.472+0000] {dag.py:3834} INFO - Setting next_dagrun for example_subdag_operator to 2022-01-01 00:00:00+00:00, run_after=2022-01-01 00:00:00+00:00
[2026-04-28T12:17:26.476+0000] {logging_mixin.py:188} INFO - [2026-04-28T12:17:26.475+0000] {dag.py:3834} INFO - Setting next_dagrun for example_subdag_operator.section-1 to None, run_after=None
[2026-04-28T12:17:26.477+0000] {logging_mixin.py:188} INFO - [2026-04-28T12:17:26.477+0000] {dag.py:3834} INFO - Setting next_dagrun for example_subdag_operator.section-2 to None, run_after=None
[2026-04-28T12:17:26.484+0000] {logging_mixin.py:188} INFO - [2026-04-28T12:17:26.484+0000] {dag.py:3047} INFO - Sync 2 DAGs
[2026-04-28T12:17:26.489+0000] {logging_mixin.py:188} INFO - [2026-04-28T12:17:26.489+0000] {dag.py:3834} INFO - Setting next_dagrun for example_subdag_operator.section-1 to None, run_after=None
[2026-04-28T12:17:26.489+0000] {logging_mixin.py:188} INFO - [2026-04-28T12:17:26.489+0000] {dag.py:3834} INFO - Setting next_dagrun for example_subdag_operator.section-2 to None, run_after=None
[2026-04-28T12:17:26.498+0000] {processor.py:183} INFO - Processing /home/airflow/.local/lib/python3.8/site-packages/airflow/example_dags/example_subdag_operator.py took 0.105 seconds
[2026-04-28T12:17:56.557+0000] {processor.py:161} INFO - Started process (PID=733) to work on /home/airflow/.local/lib/python3.8/site-packages/airflow/example_dags/example_subdag_operator.py
[2026-04-28T12:17:56.559+0000] {processor.py:830} INFO - Processing file /home/airflow/.local/lib/python3.8/site-packages/airflow/example_dags/example_subdag_operator.py for tasks to queue
[2026-04-28T12:17:56.561+0000] {logging_mixin.py:188} INFO - [2026-04-28T12:17:56.560+0000] {dagbag.py:540} INFO - Filling up the DagBag from /home/airflow/.local/lib/python3.8/site-packages/airflow/example_dags/example_subdag_operator.py
[2026-04-28T12:17:56.588+0000] {processor.py:840} INFO - DAG(s) 'example_subdag_operator.section-1', 'example_subdag_operator.section-2', 'example_subdag_operator' retrieved from /home/airflow/.local/lib/python3.8/site-packages/airflow/example_dags/example_subdag_operator.py
[2026-04-28T12:17:56.605+0000] {logging_mixin.py:188} INFO - [2026-04-28T12:17:56.604+0000] {dag.py:3047} INFO - Sync 3 DAGs
[2026-04-28T12:17:56.628+0000] {logging_mixin.py:188} INFO - [2026-04-28T12:17:56.628+0000] {dag.py:3834} INFO - Setting next_dagrun for example_subdag_operator to 2022-01-01 00:00:00+00:00, run_after=2022-01-01 00:00:00+00:00
[2026-04-28T12:17:56.632+0000] {logging_mixin.py:188} INFO - [2026-04-28T12:17:56.632+0000] {dag.py:3834} INFO - Setting next_dagrun for example_subdag_operator.section-1 to None, run_after=None
[2026-04-28T12:17:56.633+0000] {logging_mixin.py:188} INFO - [2026-04-28T12:17:56.633+0000] {dag.py:3834} INFO - Setting next_dagrun for example_subdag_operator.section-2 to None, run_after=None
[2026-04-28T12:17:56.640+0000] {logging_mixin.py:188} INFO - [2026-04-28T12:17:56.640+0000] {dag.py:3047} INFO - Sync 2 DAGs
[2026-04-28T12:17:56.645+0000] {logging_mixin.py:188} INFO - [2026-04-28T12:17:56.644+0000] {dag.py:3834} INFO - Setting next_dagrun for example_subdag_operator.section-1 to None, run_after=None
[2026-04-28T12:17:56.645+0000] {logging_mixin.py:188} INFO - [2026-04-28T12:17:56.645+0000] {dag.py:3834} INFO - Setting next_dagrun for example_subdag_operator.section-2 to None, run_after=None
[2026-04-28T12:17:56.654+0000] {processor.py:183} INFO - Processing /home/airflow/.local/lib/python3.8/site-packages/airflow/example_dags/example_subdag_operator.py took 0.101 seconds
[2026-04-28T12:18:26.735+0000] {processor.py:161} INFO - Started process (PID=788) to work on /home/airflow/.local/lib/python3.8/site-packages/airflow/example_dags/example_subdag_operator.py
[2026-04-28T12:18:26.736+0000] {processor.py:830} INFO - Processing file /home/airflow/.local/lib/python3.8/site-packages/airflow/example_dags/example_subdag_operator.py for tasks to queue
[2026-04-28T12:18:26.738+0000] {logging_mixin.py:188} INFO - [2026-04-28T12:18:26.738+0000] {dagbag.py:540} INFO - Filling up the DagBag from /home/airflow/.local/lib/python3.8/site-packages/airflow/example_dags/example_subdag_operator.py
[2026-04-28T12:18:26.765+0000] {processor.py:840} INFO - DAG(s) 'example_subdag_operator.section-1', 'example_subdag_operator.section-2', 'example_subdag_operator' retrieved from /home/airflow/.local/lib/python3.8/site-packages/airflow/example_dags/example_subdag_operator.py
[2026-04-28T12:18:26.782+0000] {logging_mixin.py:188} INFO - [2026-04-28T12:18:26.782+0000] {dag.py:3047} INFO - Sync 3 DAGs
[2026-04-28T12:18:26.806+0000] {logging_mixin.py:188} INFO - [2026-04-28T12:18:26.805+0000] {dag.py:3834} INFO - Setting next_dagrun for example_subdag_operator to 2022-01-01 00:00:00+00:00, run_after=2022-01-01 00:00:00+00:00
[2026-04-28T12:18:26.809+0000] {logging_mixin.py:188} INFO - [2026-04-28T12:18:26.809+0000] {dag.py:3834} INFO - Setting next_dagrun for example_subdag_operator.section-1 to None, run_after=None
[2026-04-28T12:18:26.810+0000] {logging_mixin.py:188} INFO - [2026-04-28T12:18:26.810+0000] {dag.py:3834} INFO - Setting next_dagrun for example_subdag_operator.section-2 to None, run_after=None
[2026-04-28T12:18:26.820+0000] {logging_mixin.py:188} INFO - [2026-04-28T12:18:26.820+0000] {dag.py:3047} INFO - Sync 2 DAGs
[2026-04-28T12:18:26.825+0000] {logging_mixin.py:188} INFO - [2026-04-28T12:18:26.824+0000] {dag.py:3834} INFO - Setting next_dagrun for example_subdag_operator.section-1 to None, run_after=None
[2026-04-28T12:18:26.825+0000] {logging_mixin.py:188} INFO - [2026-04-28T12:18:26.825+0000] {dag.py:3834} INFO - Setting next_dagrun for example_subdag_operator.section-2 to None, run_after=None
[2026-04-28T12:18:26.834+0000] {processor.py:183} INFO - Processing /home/airflow/.local/lib/python3.8/site-packages/airflow/example_dags/example_subdag_operator.py took 0.103 seconds
[2026-04-28T12:18:57.266+0000] {processor.py:161} INFO - Started process (PID=843) to work on /home/airflow/.local/lib/python3.8/site-packages/airflow/example_dags/example_subdag_operator.py
[2026-04-28T12:18:57.267+0000] {processor.py:830} INFO - Processing file /home/airflow/.local/lib/python3.8/site-packages/airflow/example_dags/example_subdag_operator.py for tasks to queue
[2026-04-28T12:18:57.269+0000] {logging_mixin.py:188} INFO - [2026-04-28T12:18:57.269+0000] {dagbag.py:540} INFO - Filling up the DagBag from /home/airflow/.local/lib/python3.8/site-packages/airflow/example_dags/example_subdag_operator.py
[2026-04-28T12:18:57.296+0000] {processor.py:840} INFO - DAG(s) 'example_subdag_operator.section-1', 'example_subdag_operator.section-2', 'example_subdag_operator' retrieved from /home/airflow/.local/lib/python3.8/site-packages/airflow/example_dags/example_subdag_operator.py
[2026-04-28T12:18:57.313+0000] {logging_mixin.py:188} INFO - [2026-04-28T12:18:57.313+0000] {dag.py:3047} INFO - Sync 3 DAGs
[2026-04-28T12:18:57.340+0000] {logging_mixin.py:188} INFO - [2026-04-28T12:18:57.340+0000] {dag.py:3834} INFO - Setting next_dagrun for example_subdag_operator to 2022-01-01 00:00:00+00:00, run_after=2022-01-01 00:00:00+00:00
[2026-04-28T12:18:57.344+0000] {logging_mixin.py:188} INFO - [2026-04-28T12:18:57.344+0000] {dag.py:3834} INFO - Setting next_dagrun for example_subdag_operator.section-1 to None, run_after=None
[2026-04-28T12:18:57.345+0000] {logging_mixin.py:188} INFO - [2026-04-28T12:18:57.345+0000] {dag.py:3834} INFO - Setting next_dagrun for example_subdag_operator.section-2 to None, run_after=None
[2026-04-28T12:18:57.353+0000] {logging_mixin.py:188} INFO - [2026-04-28T12:18:57.353+0000] {dag.py:3047} INFO - Sync 2 DAGs
[2026-04-28T12:18:57.358+0000] {logging_mixin.py:188} INFO - [2026-04-28T12:18:57.358+0000] {dag.py:3834} INFO - Setting next_dagrun for example_subdag_operator.section-1 to None, run_after=None
[2026-04-28T12:18:57.358+0000] {logging_mixin.py:188} INFO - [2026-04-28T12:18:57.358+0000] {dag.py:3834} INFO - Setting next_dagrun for example_subdag_operator.section-2 to None, run_after=None
[2026-04-28T12:18:57.368+0000] {processor.py:183} INFO - Processing /home/airflow/.local/lib/python3.8/site-packages/airflow/example_dags/example_subdag_operator.py took 0.105 seconds
[2026-04-28T12:19:27.481+0000] {processor.py:161} INFO - Started process (PID=898) to work on /home/airflow/.local/lib/python3.8/site-packages/airflow/example_dags/example_subdag_operator.py
[2026-04-28T12:19:27.482+0000] {processor.py:830} INFO - Processing file /home/airflow/.local/lib/python3.8/site-packages/airflow/example_dags/example_subdag_operator.py for tasks to queue
[2026-04-28T12:19:27.484+0000] {logging_mixin.py:188} INFO - [2026-04-28T12:19:27.484+0000] {dagbag.py:540} INFO - Filling up the DagBag from /home/airflow/.local/lib/python3.8/site-packages/airflow/example_dags/example_subdag_operator.py
[2026-04-28T12:19:27.510+0000] {processor.py:840} INFO - DAG(s) 'example_subdag_operator.section-1', 'example_subdag_operator.section-2', 'example_subdag_operator' retrieved from /home/airflow/.local/lib/python3.8/site-packages/airflow/example_dags/example_subdag_operator.py
[2026-04-28T12:19:27.529+0000] {logging_mixin.py:188} INFO - [2026-04-28T12:19:27.529+0000] {dag.py:3047} INFO - Sync 3 DAGs
[2026-04-28T12:19:27.554+0000] {logging_mixin.py:188} INFO - [2026-04-28T12:19:27.554+0000] {dag.py:3834} INFO - Setting next_dagrun for example_subdag_operator to 2022-01-01 00:00:00+00:00, run_after=2022-01-01 00:00:00+00:00
[2026-04-28T12:19:27.557+0000] {logging_mixin.py:188} INFO - [2026-04-28T12:19:27.557+0000] {dag.py:3834} INFO - Setting next_dagrun for example_subdag_operator.section-1 to None, run_after=None
[2026-04-28T12:19:27.559+0000] {logging_mixin.py:188} INFO - [2026-04-28T12:19:27.558+0000] {dag.py:3834} INFO - Setting next_dagrun for example_subdag_operator.section-2 to None, run_after=None
[2026-04-28T12:19:27.566+0000] {logging_mixin.py:188} INFO - [2026-04-28T12:19:27.566+0000] {dag.py:3047} INFO - Sync 2 DAGs
[2026-04-28T12:19:27.571+0000] {logging_mixin.py:188} INFO - [2026-04-28T12:19:27.571+0000] {dag.py:3834} INFO - Setting next_dagrun for example_subdag_operator.section-1 to None, run_after=None
[2026-04-28T12:19:27.572+0000] {logging_mixin.py:188} INFO - [2026-04-28T12:19:27.572+0000] {dag.py:3834} INFO - Setting next_dagrun for example_subdag_operator.section-2 to None, run_after=None
[2026-04-28T12:19:27.581+0000] {processor.py:183} INFO - Processing /home/airflow/.local/lib/python3.8/site-packages/airflow/example_dags/example_subdag_operator.py took 0.103 seconds
[2026-04-28T12:19:58.031+0000] {processor.py:161} INFO - Started process (PID=953) to work on /home/airflow/.local/lib/python3.8/site-packages/airflow/example_dags/example_subdag_operator.py
[2026-04-28T12:19:58.032+0000] {processor.py:830} INFO - Processing file /home/airflow/.local/lib/python3.8/site-packages/airflow/example_dags/example_subdag_operator.py for tasks to queue
[2026-04-28T12:19:58.034+0000] {logging_mixin.py:188} INFO - [2026-04-28T12:19:58.033+0000] {dagbag.py:540} INFO - Filling up the DagBag from /home/airflow/.local/lib/python3.8/site-packages/airflow/example_dags/example_subdag_operator.py
[2026-04-28T12:19:58.053+0000] {processor.py:840} INFO - DAG(s) 'example_subdag_operator.section-1', 'example_subdag_operator.section-2', 'example_subdag_operator' retrieved from /home/airflow/.local/lib/python3.8/site-packages/airflow/example_dags/example_subdag_operator.py
[2026-04-28T12:19:58.064+0000] {logging_mixin.py:188} INFO - [2026-04-28T12:19:58.064+0000] {dag.py:3047} INFO - Sync 3 DAGs
[2026-04-28T12:19:58.080+0000] {logging_mixin.py:188} INFO - [2026-04-28T12:19:58.080+0000] {dag.py:3834} INFO - Setting next_dagrun for example_subdag_operator to 2022-01-01 00:00:00+00:00, run_after=2022-01-01 00:00:00+00:00
[2026-04-28T12:19:58.083+0000] {logging_mixin.py:188} INFO - [2026-04-28T12:19:58.083+0000] {dag.py:3834} INFO - Setting next_dagrun for example_subdag_operator.section-1 to None, run_after=None
[2026-04-28T12:19:58.084+0000] {logging_mixin.py:188} INFO - [2026-04-28T12:19:58.084+0000] {dag.py:3834} INFO - Setting next_dagrun for example_subdag_operator.section-2 to None, run_after=None
[2026-04-28T12:19:58.090+0000] {logging_mixin.py:188} INFO - [2026-04-28T12:19:58.090+0000] {dag.py:3047} INFO - Sync 2 DAGs
[2026-04-28T12:19:58.093+0000] {logging_mixin.py:188} INFO - [2026-04-28T12:19:58.093+0000] {dag.py:3834} INFO - Setting next_dagrun for example_subdag_operator.section-1 to None, run_after=None
[2026-04-28T12:19:58.094+0000] {logging_mixin.py:188} INFO - [2026-04-28T12:19:58.094+0000] {dag.py:3834} INFO - Setting next_dagrun for example_subdag_operator.section-2 to None, run_after=None
[2026-04-28T12:19:58.102+0000] {processor.py:183} INFO - Processing /home/airflow/.local/lib/python3.8/site-packages/airflow/example_dags/example_subdag_operator.py took 0.074 seconds
[2026-04-28T12:20:28.353+0000] {processor.py:161} INFO - Started process (PID=1007) to work on /home/airflow/.local/lib/python3.8/site-packages/airflow/example_dags/example_subdag_operator.py
[2026-04-28T12:20:28.354+0000] {processor.py:830} INFO - Processing file /home/airflow/.local/lib/python3.8/site-packages/airflow/example_dags/example_subdag_operator.py for tasks to queue
[2026-04-28T12:20:28.356+0000] {logging_mixin.py:188} INFO - [2026-04-28T12:20:28.356+0000] {dagbag.py:540} INFO - Filling up the DagBag from /home/airflow/.local/lib/python3.8/site-packages/airflow/example_dags/example_subdag_operator.py
[2026-04-28T12:20:28.381+0000] {processor.py:840} INFO - DAG(s) 'example_subdag_operator.section-1', 'example_subdag_operator.section-2', 'example_subdag_operator' retrieved from /home/airflow/.local/lib/python3.8/site-packages/airflow/example_dags/example_subdag_operator.py
[2026-04-28T12:20:28.398+0000] {logging_mixin.py:188} INFO - [2026-04-28T12:20:28.398+0000] {dag.py:3047} INFO - Sync 3 DAGs
[2026-04-28T12:20:28.421+0000] {logging_mixin.py:188} INFO - [2026-04-28T12:20:28.421+0000] {dag.py:3834} INFO - Setting next_dagrun for example_subdag_operator to 2022-01-01 00:00:00+00:00, run_after=2022-01-01 00:00:00+00:00
[2026-04-28T12:20:28.425+0000] {logging_mixin.py:188} INFO - [2026-04-28T12:20:28.424+0000] {dag.py:3834} INFO - Setting next_dagrun for example_subdag_operator.section-1 to None, run_after=None
[2026-04-28T12:20:28.426+0000] {logging_mixin.py:188} INFO - [2026-04-28T12:20:28.426+0000] {dag.py:3834} INFO - Setting next_dagrun for example_subdag_operator.section-2 to None, run_after=None
[2026-04-28T12:20:28.433+0000] {logging_mixin.py:188} INFO - [2026-04-28T12:20:28.433+0000] {dag.py:3047} INFO - Sync 2 DAGs
[2026-04-28T12:20:28.438+0000] {logging_mixin.py:188} INFO - [2026-04-28T12:20:28.438+0000] {dag.py:3834} INFO - Setting next_dagrun for example_subdag_operator.section-1 to None, run_after=None
[2026-04-28T12:20:28.439+0000] {logging_mixin.py:188} INFO - [2026-04-28T12:20:28.439+0000] {dag.py:3834} INFO - Setting next_dagrun for example_subdag_operator.section-2 to None, run_after=None
[2026-04-28T12:20:28.449+0000] {processor.py:183} INFO - Processing /home/airflow/.local/lib/python3.8/site-packages/airflow/example_dags/example_subdag_operator.py took 0.099 seconds
[2026-04-28T12:20:58.930+0000] {processor.py:161} INFO - Started process (PID=1062) to work on /home/airflow/.local/lib/python3.8/site-packages/airflow/example_dags/example_subdag_operator.py
[2026-04-28T12:20:58.936+0000] {processor.py:830} INFO - Processing file /home/airflow/.local/lib/python3.8/site-packages/airflow/example_dags/example_subdag_operator.py for tasks to queue
[2026-04-28T12:20:58.938+0000] {logging_mixin.py:188} INFO - [2026-04-28T12:20:58.937+0000] {dagbag.py:540} INFO - Filling up the DagBag from /home/airflow/.local/lib/python3.8/site-packages/airflow/example_dags/example_subdag_operator.py
[2026-04-28T12:20:58.967+0000] {processor.py:840} INFO - DAG(s) 'example_subdag_operator.section-1', 'example_subdag_operator.section-2', 'example_subdag_operator' retrieved from /home/airflow/.local/lib/python3.8/site-packages/airflow/example_dags/example_subdag_operator.py
[2026-04-28T12:20:58.985+0000] {logging_mixin.py:188} INFO - [2026-04-28T12:20:58.984+0000] {dag.py:3047} INFO - Sync 3 DAGs
[2026-04-28T12:20:59.009+0000] {logging_mixin.py:188} INFO - [2026-04-28T12:20:59.008+0000] {dag.py:3834} INFO - Setting next_dagrun for example_subdag_operator to 2022-01-01 00:00:00+00:00, run_after=2022-01-01 00:00:00+00:00
[2026-04-28T12:20:59.012+0000] {logging_mixin.py:188} INFO - [2026-04-28T12:20:59.012+0000] {dag.py:3834} INFO - Setting next_dagrun for example_subdag_operator.section-1 to None, run_after=None
[2026-04-28T12:20:59.014+0000] {logging_mixin.py:188} INFO - [2026-04-28T12:20:59.013+0000] {dag.py:3834} INFO - Setting next_dagrun for example_subdag_operator.section-2 to None, run_after=None
[2026-04-28T12:20:59.020+0000] {logging_mixin.py:188} INFO - [2026-04-28T12:20:59.020+0000] {dag.py:3047} INFO - Sync 2 DAGs
[2026-04-28T12:20:59.025+0000] {logging_mixin.py:188} INFO - [2026-04-28T12:20:59.025+0000] {dag.py:3834} INFO - Setting next_dagrun for example_subdag_operator.section-1 to None, run_after=None
[2026-04-28T12:20:59.026+0000] {logging_mixin.py:188} INFO - [2026-04-28T12:20:59.026+0000] {dag.py:3834} INFO - Setting next_dagrun for example_subdag_operator.section-2 to None, run_after=None
[2026-04-28T12:20:59.037+0000] {processor.py:183} INFO - Processing /home/airflow/.local/lib/python3.8/site-packages/airflow/example_dags/example_subdag_operator.py took 0.115 seconds
[2026-04-28T12:21:29.190+0000] {processor.py:161} INFO - Started process (PID=1117) to work on /home/airflow/.local/lib/python3.8/site-packages/airflow/example_dags/example_subdag_operator.py
[2026-04-28T12:21:29.191+0000] {processor.py:830} INFO - Processing file /home/airflow/.local/lib/python3.8/site-packages/airflow/example_dags/example_subdag_operator.py for tasks to queue
[2026-04-28T12:21:29.193+0000] {logging_mixin.py:188} INFO - [2026-04-28T12:21:29.192+0000] {dagbag.py:540} INFO - Filling up the DagBag from /home/airflow/.local/lib/python3.8/site-packages/airflow/example_dags/example_subdag_operator.py
[2026-04-28T12:21:29.219+0000] {processor.py:840} INFO - DAG(s) 'example_subdag_operator.section-1', 'example_subdag_operator.section-2', 'example_subdag_operator' retrieved from /home/airflow/.local/lib/python3.8/site-packages/airflow/example_dags/example_subdag_operator.py
[2026-04-28T12:21:29.237+0000] {logging_mixin.py:188} INFO - [2026-04-28T12:21:29.236+0000] {dag.py:3047} INFO - Sync 3 DAGs
[2026-04-28T12:21:29.261+0000] {logging_mixin.py:188} INFO - [2026-04-28T12:21:29.260+0000] {dag.py:3834} INFO - Setting next_dagrun for example_subdag_operator to 2022-01-01 00:00:00+00:00, run_after=2022-01-01 00:00:00+00:00
[2026-04-28T12:21:29.264+0000] {logging_mixin.py:188} INFO - [2026-04-28T12:21:29.264+0000] {dag.py:3834} INFO - Setting next_dagrun for example_subdag_operator.section-1 to None, run_after=None
[2026-04-28T12:21:29.266+0000] {logging_mixin.py:188} INFO - [2026-04-28T12:21:29.265+0000] {dag.py:3834} INFO - Setting next_dagrun for example_subdag_operator.section-2 to None, run_after=None
[2026-04-28T12:21:29.273+0000] {logging_mixin.py:188} INFO - [2026-04-28T12:21:29.272+0000] {dag.py:3047} INFO - Sync 2 DAGs
[2026-04-28T12:21:29.277+0000] {logging_mixin.py:188} INFO - [2026-04-28T12:21:29.277+0000] {dag.py:3834} INFO - Setting next_dagrun for example_subdag_operator.section-1 to None, run_after=None
[2026-04-28T12:21:29.278+0000] {logging_mixin.py:188} INFO - [2026-04-28T12:21:29.278+0000] {dag.py:3834} INFO - Setting next_dagrun for example_subdag_operator.section-2 to None, run_after=None
[2026-04-28T12:21:29.289+0000] {processor.py:183} INFO - Processing /home/airflow/.local/lib/python3.8/site-packages/airflow/example_dags/example_subdag_operator.py took 0.102 seconds
[2026-04-28T12:21:59.792+0000] {processor.py:161} INFO - Started process (PID=1172) to work on /home/airflow/.local/lib/python3.8/site-packages/airflow/example_dags/example_subdag_operator.py
[2026-04-28T12:21:59.793+0000] {processor.py:830} INFO - Processing file /home/airflow/.local/lib/python3.8/site-packages/airflow/example_dags/example_subdag_operator.py for tasks to queue
[2026-04-28T12:21:59.796+0000] {logging_mixin.py:188} INFO - [2026-04-28T12:21:59.795+0000] {dagbag.py:540} INFO - Filling up the DagBag from /home/airflow/.local/lib/python3.8/site-packages/airflow/example_dags/example_subdag_operator.py
[2026-04-28T12:21:59.821+0000] {processor.py:840} INFO - DAG(s) 'example_subdag_operator.section-1', 'example_subdag_operator.section-2', 'example_subdag_operator' retrieved from /home/airflow/.local/lib/python3.8/site-packages/airflow/example_dags/example_subdag_operator.py
[2026-04-28T12:21:59.843+0000] {logging_mixin.py:188} INFO - [2026-04-28T12:21:59.843+0000] {dag.py:3047} INFO - Sync 3 DAGs
[2026-04-28T12:21:59.874+0000] {logging_mixin.py:188} INFO - [2026-04-28T12:21:59.873+0000] {dag.py:3834} INFO - Setting next_dagrun for example_subdag_operator to 2022-01-01 00:00:00+00:00, run_after=2022-01-01 00:00:00+00:00
[2026-04-28T12:21:59.877+0000] {logging_mixin.py:188} INFO - [2026-04-28T12:21:59.877+0000] {dag.py:3834} INFO - Setting next_dagrun for example_subdag_operator.section-1 to None, run_after=None
[2026-04-28T12:21:59.878+0000] {logging_mixin.py:188} INFO - [2026-04-28T12:21:59.878+0000] {dag.py:3834} INFO - Setting next_dagrun for example_subdag_operator.section-2 to None, run_after=None
[2026-04-28T12:21:59.885+0000] {logging_mixin.py:188} INFO - [2026-04-28T12:21:59.885+0000] {dag.py:3047} INFO - Sync 2 DAGs
[2026-04-28T12:21:59.891+0000] {logging_mixin.py:188} INFO - [2026-04-28T12:21:59.891+0000] {dag.py:3834} INFO - Setting next_dagrun for example_subdag_operator.section-1 to None, run_after=None
[2026-04-28T12:21:59.892+0000] {logging_mixin.py:188} INFO - [2026-04-28T12:21:59.891+0000] {dag.py:3834} INFO - Setting next_dagrun for example_subdag_operator.section-2 to None, run_after=None
[2026-04-28T12:21:59.906+0000] {processor.py:183} INFO - Processing /home/airflow/.local/lib/python3.8/site-packages/airflow/example_dags/example_subdag_operator.py took 0.117 seconds
[2026-04-28T12:22:30.022+0000] {processor.py:161} INFO - Started process (PID=1227) to work on /home/airflow/.local/lib/python3.8/site-packages/airflow/example_dags/example_subdag_operator.py
[2026-04-28T12:22:30.023+0000] {processor.py:830} INFO - Processing file /home/airflow/.local/lib/python3.8/site-packages/airflow/example_dags/example_subdag_operator.py for tasks to queue
[2026-04-28T12:22:30.025+0000] {logging_mixin.py:188} INFO - [2026-04-28T12:22:30.025+0000] {dagbag.py:540} INFO - Filling up the DagBag from /home/airflow/.local/lib/python3.8/site-packages/airflow/example_dags/example_subdag_operator.py
[2026-04-28T12:22:30.050+0000] {processor.py:840} INFO - DAG(s) 'example_subdag_operator.section-1', 'example_subdag_operator.section-2', 'example_subdag_operator' retrieved from /home/airflow/.local/lib/python3.8/site-packages/airflow/example_dags/example_subdag_operator.py
[2026-04-28T12:22:30.068+0000] {logging_mixin.py:188} INFO - [2026-04-28T12:22:30.068+0000] {dag.py:3047} INFO - Sync 3 DAGs
[2026-04-28T12:22:30.091+0000] {logging_mixin.py:188} INFO - [2026-04-28T12:22:30.091+0000] {dag.py:3834} INFO - Setting next_dagrun for example_subdag_operator to 2022-01-01 00:00:00+00:00, run_after=2022-01-01 00:00:00+00:00
[2026-04-28T12:22:30.095+0000] {logging_mixin.py:188} INFO - [2026-04-28T12:22:30.094+0000] {dag.py:3834} INFO - Setting next_dagrun for example_subdag_operator.section-1 to None, run_after=None
[2026-04-28T12:22:30.096+0000] {logging_mixin.py:188} INFO - [2026-04-28T12:22:30.096+0000] {dag.py:3834} INFO - Setting next_dagrun for example_subdag_operator.section-2 to None, run_after=None
[2026-04-28T12:22:30.103+0000] {logging_mixin.py:188} INFO - [2026-04-28T12:22:30.103+0000] {dag.py:3047} INFO - Sync 2 DAGs
[2026-04-28T12:22:30.108+0000] {logging_mixin.py:188} INFO - [2026-04-28T12:22:30.108+0000] {dag.py:3834} INFO - Setting next_dagrun for example_subdag_operator.section-1 to None, run_after=None
[2026-04-28T12:22:30.108+0000] {logging_mixin.py:188} INFO - [2026-04-28T12:22:30.108+0000] {dag.py:3834} INFO - Setting next_dagrun for example_subdag_operator.section-2 to None, run_after=None
[2026-04-28T12:22:30.120+0000] {processor.py:183} INFO - Processing /home/airflow/.local/lib/python3.8/site-packages/airflow/example_dags/example_subdag_operator.py took 0.101 seconds
[2026-04-28T12:23:00.670+0000] {processor.py:161} INFO - Started process (PID=1282) to work on /home/airflow/.local/lib/python3.8/site-packages/airflow/example_dags/example_subdag_operator.py
[2026-04-28T12:23:00.671+0000] {processor.py:830} INFO - Processing file /home/airflow/.local/lib/python3.8/site-packages/airflow/example_dags/example_subdag_operator.py for tasks to queue
[2026-04-28T12:23:00.677+0000] {logging_mixin.py:188} INFO - [2026-04-28T12:23:00.675+0000] {dagbag.py:540} INFO - Filling up the DagBag from /home/airflow/.local/lib/python3.8/site-packages/airflow/example_dags/example_subdag_operator.py
[2026-04-28T12:23:00.712+0000] {processor.py:840} INFO - DAG(s) 'example_subdag_operator.section-1', 'example_subdag_operator.section-2', 'example_subdag_operator' retrieved from /home/airflow/.local/lib/python3.8/site-packages/airflow/example_dags/example_subdag_operator.py
[2026-04-28T12:23:00.736+0000] {logging_mixin.py:188} INFO - [2026-04-28T12:23:00.736+0000] {dag.py:3047} INFO - Sync 3 DAGs
[2026-04-28T12:23:00.768+0000] {logging_mixin.py:188} INFO - [2026-04-28T12:23:00.767+0000] {dag.py:3834} INFO - Setting next_dagrun for example_subdag_operator to 2022-01-01 00:00:00+00:00, run_after=2022-01-01 00:00:00+00:00
[2026-04-28T12:23:00.773+0000] {logging_mixin.py:188} INFO - [2026-04-28T12:23:00.772+0000] {dag.py:3834} INFO - Setting next_dagrun for example_subdag_operator.section-1 to None, run_after=None
[2026-04-28T12:23:00.774+0000] {logging_mixin.py:188} INFO - [2026-04-28T12:23:00.774+0000] {dag.py:3834} INFO - Setting next_dagrun for example_subdag_operator.section-2 to None, run_after=None
[2026-04-28T12:23:00.784+0000] {logging_mixin.py:188} INFO - [2026-04-28T12:23:00.784+0000] {dag.py:3047} INFO - Sync 2 DAGs
[2026-04-28T12:23:00.796+0000] {logging_mixin.py:188} INFO - [2026-04-28T12:23:00.796+0000] {dag.py:3834} INFO - Setting next_dagrun for example_subdag_operator.section-1 to None, run_after=None
[2026-04-28T12:23:00.797+0000] {logging_mixin.py:188} INFO - [2026-04-28T12:23:00.796+0000] {dag.py:3834} INFO - Setting next_dagrun for example_subdag_operator.section-2 to None, run_after=None
[2026-04-28T12:23:00.817+0000] {processor.py:183} INFO - Processing /home/airflow/.local/lib/python3.8/site-packages/airflow/example_dags/example_subdag_operator.py took 0.152 seconds
[2026-04-28T12:23:30.924+0000] {processor.py:161} INFO - Started process (PID=1337) to work on /home/airflow/.local/lib/python3.8/site-packages/airflow/example_dags/example_subdag_operator.py
[2026-04-28T12:23:30.925+0000] {processor.py:830} INFO - Processing file /home/airflow/.local/lib/python3.8/site-packages/airflow/example_dags/example_subdag_operator.py for tasks to queue
[2026-04-28T12:23:30.927+0000] {logging_mixin.py:188} INFO - [2026-04-28T12:23:30.927+0000] {dagbag.py:540} INFO - Filling up the DagBag from /home/airflow/.local/lib/python3.8/site-packages/airflow/example_dags/example_subdag_operator.py
[2026-04-28T12:23:30.954+0000] {processor.py:840} INFO - DAG(s) 'example_subdag_operator.section-1', 'example_subdag_operator.section-2', 'example_subdag_operator' retrieved from /home/airflow/.local/lib/python3.8/site-packages/airflow/example_dags/example_subdag_operator.py
[2026-04-28T12:23:30.984+0000] {logging_mixin.py:188} INFO - [2026-04-28T12:23:30.983+0000] {dag.py:3047} INFO - Sync 3 DAGs
[2026-04-28T12:23:31.024+0000] {logging_mixin.py:188} INFO - [2026-04-28T12:23:31.024+0000] {dag.py:3834} INFO - Setting next_dagrun for example_subdag_operator to 2022-01-01 00:00:00+00:00, run_after=2022-01-01 00:00:00+00:00
[2026-04-28T12:23:31.028+0000] {logging_mixin.py:188} INFO - [2026-04-28T12:23:31.028+0000] {dag.py:3834} INFO - Setting next_dagrun for example_subdag_operator.section-1 to None, run_after=None
[2026-04-28T12:23:31.029+0000] {logging_mixin.py:188} INFO - [2026-04-28T12:23:31.029+0000] {dag.py:3834} INFO - Setting next_dagrun for example_subdag_operator.section-2 to None, run_after=None
[2026-04-28T12:23:31.036+0000] {logging_mixin.py:188} INFO - [2026-04-28T12:23:31.036+0000] {dag.py:3047} INFO - Sync 2 DAGs
[2026-04-28T12:23:31.041+0000] {logging_mixin.py:188} INFO - [2026-04-28T12:23:31.041+0000] {dag.py:3834} INFO - Setting next_dagrun for example_subdag_operator.section-1 to None, run_after=None
[2026-04-28T12:23:31.042+0000] {logging_mixin.py:188} INFO - [2026-04-28T12:23:31.042+0000] {dag.py:3834} INFO - Setting next_dagrun for example_subdag_operator.section-2 to None, run_after=None
[2026-04-28T12:23:31.053+0000] {processor.py:183} INFO - Processing /home/airflow/.local/lib/python3.8/site-packages/airflow/example_dags/example_subdag_operator.py took 0.133 seconds
[2026-04-28T12:24:01.705+0000] {processor.py:161} INFO - Started process (PID=1392) to work on /home/airflow/.local/lib/python3.8/site-packages/airflow/example_dags/example_subdag_operator.py
[2026-04-28T12:24:01.709+0000] {processor.py:830} INFO - Processing file /home/airflow/.local/lib/python3.8/site-packages/airflow/example_dags/example_subdag_operator.py for tasks to queue
[2026-04-28T12:24:01.711+0000] {logging_mixin.py:188} INFO - [2026-04-28T12:24:01.711+0000] {dagbag.py:540} INFO - Filling up the DagBag from /home/airflow/.local/lib/python3.8/site-packages/airflow/example_dags/example_subdag_operator.py
[2026-04-28T12:24:01.740+0000] {processor.py:840} INFO - DAG(s) 'example_subdag_operator.section-1', 'example_subdag_operator.section-2', 'example_subdag_operator' retrieved from /home/airflow/.local/lib/python3.8/site-packages/airflow/example_dags/example_subdag_operator.py
[2026-04-28T12:24:01.775+0000] {logging_mixin.py:188} INFO - [2026-04-28T12:24:01.775+0000] {dag.py:3047} INFO - Sync 3 DAGs
[2026-04-28T12:24:01.820+0000] {logging_mixin.py:188} INFO - [2026-04-28T12:24:01.820+0000] {dag.py:3834} INFO - Setting next_dagrun for example_subdag_operator to 2022-01-01 00:00:00+00:00, run_after=2022-01-01 00:00:00+00:00
[2026-04-28T12:24:01.825+0000] {logging_mixin.py:188} INFO - [2026-04-28T12:24:01.825+0000] {dag.py:3834} INFO - Setting next_dagrun for example_subdag_operator.section-1 to None, run_after=None
[2026-04-28T12:24:01.828+0000] {logging_mixin.py:188} INFO - [2026-04-28T12:24:01.828+0000] {dag.py:3834} INFO - Setting next_dagrun for example_subdag_operator.section-2 to None, run_after=None
[2026-04-28T12:24:01.848+0000] {logging_mixin.py:188} INFO - [2026-04-28T12:24:01.845+0000] {dag.py:3047} INFO - Sync 2 DAGs
[2026-04-28T12:24:01.856+0000] {logging_mixin.py:188} INFO - [2026-04-28T12:24:01.856+0000] {dag.py:3834} INFO - Setting next_dagrun for example_subdag_operator.section-1 to None, run_after=None
[2026-04-28T12:24:01.857+0000] {logging_mixin.py:188} INFO - [2026-04-28T12:24:01.857+0000] {dag.py:3834} INFO - Setting next_dagrun for example_subdag_operator.section-2 to None, run_after=None
[2026-04-28T12:24:01.872+0000] {processor.py:183} INFO - Processing /home/airflow/.local/lib/python3.8/site-packages/airflow/example_dags/example_subdag_operator.py took 0.173 seconds
[2026-04-28T12:24:32.514+0000] {processor.py:161} INFO - Started process (PID=1453) to work on /home/airflow/.local/lib/python3.8/site-packages/airflow/example_dags/example_subdag_operator.py
[2026-04-28T12:24:32.517+0000] {processor.py:830} INFO - Processing file /home/airflow/.local/lib/python3.8/site-packages/airflow/example_dags/example_subdag_operator.py for tasks to queue
[2026-04-28T12:24:32.519+0000] {logging_mixin.py:188} INFO - [2026-04-28T12:24:32.519+0000] {dagbag.py:540} INFO - Filling up the DagBag from /home/airflow/.local/lib/python3.8/site-packages/airflow/example_dags/example_subdag_operator.py
[2026-04-28T12:24:32.566+0000] {processor.py:840} INFO - DAG(s) 'example_subdag_operator.section-1', 'example_subdag_operator.section-2', 'example_subdag_operator' retrieved from /home/airflow/.local/lib/python3.8/site-packages/airflow/example_dags/example_subdag_operator.py
[2026-04-28T12:24:32.611+0000] {logging_mixin.py:188} INFO - [2026-04-28T12:24:32.611+0000] {dag.py:3047} INFO - Sync 3 DAGs
[2026-04-28T12:24:32.666+0000] {logging_mixin.py:188} INFO - [2026-04-28T12:24:32.665+0000] {dag.py:3834} INFO - Setting next_dagrun for example_subdag_operator to 2022-01-01 00:00:00+00:00, run_after=2022-01-01 00:00:00+00:00
[2026-04-28T12:24:32.669+0000] {logging_mixin.py:188} INFO - [2026-04-28T12:24:32.669+0000] {dag.py:3834} INFO - Setting next_dagrun for example_subdag_operator.section-1 to None, run_after=None
[2026-04-28T12:24:32.671+0000] {logging_mixin.py:188} INFO - [2026-04-28T12:24:32.671+0000] {dag.py:3834} INFO - Setting next_dagrun for example_subdag_operator.section-2 to None, run_after=None
[2026-04-28T12:24:32.678+0000] {logging_mixin.py:188} INFO - [2026-04-28T12:24:32.678+0000] {dag.py:3047} INFO - Sync 2 DAGs
[2026-04-28T12:24:32.683+0000] {logging_mixin.py:188} INFO - [2026-04-28T12:24:32.683+0000] {dag.py:3834} INFO - Setting next_dagrun for example_subdag_operator.section-1 to None, run_after=None
[2026-04-28T12:24:32.684+0000] {logging_mixin.py:188} INFO - [2026-04-28T12:24:32.684+0000] {dag.py:3834} INFO - Setting next_dagrun for example_subdag_operator.section-2 to None, run_after=None
[2026-04-28T12:24:32.702+0000] {processor.py:183} INFO - Processing /home/airflow/.local/lib/python3.8/site-packages/airflow/example_dags/example_subdag_operator.py took 0.196 seconds
[2026-04-28T12:25:03.659+0000] {processor.py:161} INFO - Started process (PID=1508) to work on /home/airflow/.local/lib/python3.8/site-packages/airflow/example_dags/example_subdag_operator.py
[2026-04-28T12:25:03.660+0000] {processor.py:830} INFO - Processing file /home/airflow/.local/lib/python3.8/site-packages/airflow/example_dags/example_subdag_operator.py for tasks to queue
[2026-04-28T12:25:03.662+0000] {logging_mixin.py:188} INFO - [2026-04-28T12:25:03.662+0000] {dagbag.py:540} INFO - Filling up the DagBag from /home/airflow/.local/lib/python3.8/site-packages/airflow/example_dags/example_subdag_operator.py
[2026-04-28T12:25:03.688+0000] {processor.py:840} INFO - DAG(s) 'example_subdag_operator.section-1', 'example_subdag_operator.section-2', 'example_subdag_operator' retrieved from /home/airflow/.local/lib/python3.8/site-packages/airflow/example_dags/example_subdag_operator.py
[2026-04-28T12:25:03.722+0000] {logging_mixin.py:188} INFO - [2026-04-28T12:25:03.721+0000] {dag.py:3047} INFO - Sync 3 DAGs
[2026-04-28T12:25:03.752+0000] {logging_mixin.py:188} INFO - [2026-04-28T12:25:03.751+0000] {dag.py:3834} INFO - Setting next_dagrun for example_subdag_operator to 2022-01-01 00:00:00+00:00, run_after=2022-01-01 00:00:00+00:00
[2026-04-28T12:25:03.755+0000] {logging_mixin.py:188} INFO - [2026-04-28T12:25:03.755+0000] {dag.py:3834} INFO - Setting next_dagrun for example_subdag_operator.section-1 to None, run_after=None
[2026-04-28T12:25:03.761+0000] {logging_mixin.py:188} INFO - [2026-04-28T12:25:03.760+0000] {dag.py:3834} INFO - Setting next_dagrun for example_subdag_operator.section-2 to None, run_after=None
[2026-04-28T12:25:03.782+0000] {logging_mixin.py:188} INFO - [2026-04-28T12:25:03.782+0000] {dag.py:3047} INFO - Sync 2 DAGs
[2026-04-28T12:25:03.788+0000] {logging_mixin.py:188} INFO - [2026-04-28T12:25:03.788+0000] {dag.py:3834} INFO - Setting next_dagrun for example_subdag_operator.section-1 to None, run_after=None
[2026-04-28T12:25:03.788+0000] {logging_mixin.py:188} INFO - [2026-04-28T12:25:03.788+0000] {dag.py:3834} INFO - Setting next_dagrun for example_subdag_operator.section-2 to None, run_after=None
[2026-04-28T12:25:03.799+0000] {processor.py:183} INFO - Processing /home/airflow/.local/lib/python3.8/site-packages/airflow/example_dags/example_subdag_operator.py took 0.143 seconds
[2026-04-28T12:25:33.943+0000] {processor.py:161} INFO - Started process (PID=1563) to work on /home/airflow/.local/lib/python3.8/site-packages/airflow/example_dags/example_subdag_operator.py
[2026-04-28T12:25:33.945+0000] {processor.py:830} INFO - Processing file /home/airflow/.local/lib/python3.8/site-packages/airflow/example_dags/example_subdag_operator.py for tasks to queue
[2026-04-28T12:25:33.947+0000] {logging_mixin.py:188} INFO - [2026-04-28T12:25:33.946+0000] {dagbag.py:540} INFO - Filling up the DagBag from /home/airflow/.local/lib/python3.8/site-packages/airflow/example_dags/example_subdag_operator.py
[2026-04-28T12:25:33.973+0000] {processor.py:840} INFO - DAG(s) 'example_subdag_operator.section-1', 'example_subdag_operator.section-2', 'example_subdag_operator' retrieved from /home/airflow/.local/lib/python3.8/site-packages/airflow/example_dags/example_subdag_operator.py
[2026-04-28T12:25:33.991+0000] {logging_mixin.py:188} INFO - [2026-04-28T12:25:33.990+0000] {dag.py:3047} INFO - Sync 3 DAGs
[2026-04-28T12:25:34.015+0000] {logging_mixin.py:188} INFO - [2026-04-28T12:25:34.014+0000] {dag.py:3834} INFO - Setting next_dagrun for example_subdag_operator to 2022-01-01 00:00:00+00:00, run_after=2022-01-01 00:00:00+00:00
[2026-04-28T12:25:34.019+0000] {logging_mixin.py:188} INFO - [2026-04-28T12:25:34.018+0000] {dag.py:3834} INFO - Setting next_dagrun for example_subdag_operator.section-1 to None, run_after=None
[2026-04-28T12:25:34.020+0000] {logging_mixin.py:188} INFO - [2026-04-28T12:25:34.020+0000] {dag.py:3834} INFO - Setting next_dagrun for example_subdag_operator.section-2 to None, run_after=None
[2026-04-28T12:25:34.027+0000] {logging_mixin.py:188} INFO - [2026-04-28T12:25:34.027+0000] {dag.py:3047} INFO - Sync 2 DAGs
[2026-04-28T12:25:34.032+0000] {logging_mixin.py:188} INFO - [2026-04-28T12:25:34.032+0000] {dag.py:3834} INFO - Setting next_dagrun for example_subdag_operator.section-1 to None, run_after=None
[2026-04-28T12:25:34.033+0000] {logging_mixin.py:188} INFO - [2026-04-28T12:25:34.032+0000] {dag.py:3834} INFO - Setting next_dagrun for example_subdag_operator.section-2 to None, run_after=None
[2026-04-28T12:25:34.049+0000] {processor.py:183} INFO - Processing /home/airflow/.local/lib/python3.8/site-packages/airflow/example_dags/example_subdag_operator.py took 0.109 seconds
[2026-04-28T12:26:04.082+0000] {processor.py:161} INFO - Started process (PID=1618) to work on /home/airflow/.local/lib/python3.8/site-packages/airflow/example_dags/example_subdag_operator.py
[2026-04-28T12:26:04.088+0000] {processor.py:830} INFO - Processing file /home/airflow/.local/lib/python3.8/site-packages/airflow/example_dags/example_subdag_operator.py for tasks to queue
[2026-04-28T12:26:04.093+0000] {logging_mixin.py:188} INFO - [2026-04-28T12:26:04.092+0000] {dagbag.py:540} INFO - Filling up the DagBag from /home/airflow/.local/lib/python3.8/site-packages/airflow/example_dags/example_subdag_operator.py
[2026-04-28T12:26:04.135+0000] {processor.py:840} INFO - DAG(s) 'example_subdag_operator.section-1', 'example_subdag_operator.section-2', 'example_subdag_operator' retrieved from /home/airflow/.local/lib/python3.8/site-packages/airflow/example_dags/example_subdag_operator.py
[2026-04-28T12:26:04.173+0000] {logging_mixin.py:188} INFO - [2026-04-28T12:26:04.172+0000] {dag.py:3047} INFO - Sync 3 DAGs
[2026-04-28T12:26:04.214+0000] {logging_mixin.py:188} INFO - [2026-04-28T12:26:04.214+0000] {dag.py:3834} INFO - Setting next_dagrun for example_subdag_operator to 2022-01-01 00:00:00+00:00, run_after=2022-01-01 00:00:00+00:00
[2026-04-28T12:26:04.221+0000] {logging_mixin.py:188} INFO - [2026-04-28T12:26:04.220+0000] {dag.py:3834} INFO - Setting next_dagrun for example_subdag_operator.section-1 to None, run_after=None
[2026-04-28T12:26:04.224+0000] {logging_mixin.py:188} INFO - [2026-04-28T12:26:04.224+0000] {dag.py:3834} INFO - Setting next_dagrun for example_subdag_operator.section-2 to None, run_after=None
[2026-04-28T12:26:04.235+0000] {logging_mixin.py:188} INFO - [2026-04-28T12:26:04.235+0000] {dag.py:3047} INFO - Sync 2 DAGs
[2026-04-28T12:26:04.245+0000] {logging_mixin.py:188} INFO - [2026-04-28T12:26:04.243+0000] {dag.py:3834} INFO - Setting next_dagrun for example_subdag_operator.section-1 to None, run_after=None
[2026-04-28T12:26:04.245+0000] {logging_mixin.py:188} INFO - [2026-04-28T12:26:04.245+0000] {dag.py:3834} INFO - Setting next_dagrun for example_subdag_operator.section-2 to None, run_after=None
[2026-04-28T12:26:04.263+0000] {processor.py:183} INFO - Processing /home/airflow/.local/lib/python3.8/site-packages/airflow/example_dags/example_subdag_operator.py took 0.190 seconds
[2026-04-28T12:26:34.879+0000] {processor.py:161} INFO - Started process (PID=1673) to work on /home/airflow/.local/lib/python3.8/site-packages/airflow/example_dags/example_subdag_operator.py
[2026-04-28T12:26:34.880+0000] {processor.py:830} INFO - Processing file /home/airflow/.local/lib/python3.8/site-packages/airflow/example_dags/example_subdag_operator.py for tasks to queue
[2026-04-28T12:26:34.882+0000] {logging_mixin.py:188} INFO - [2026-04-28T12:26:34.881+0000] {dagbag.py:540} INFO - Filling up the DagBag from /home/airflow/.local/lib/python3.8/site-packages/airflow/example_dags/example_subdag_operator.py
[2026-04-28T12:26:34.908+0000] {processor.py:840} INFO - DAG(s) 'example_subdag_operator.section-1', 'example_subdag_operator.section-2', 'example_subdag_operator' retrieved from /home/airflow/.local/lib/python3.8/site-packages/airflow/example_dags/example_subdag_operator.py
[2026-04-28T12:26:34.926+0000] {logging_mixin.py:188} INFO - [2026-04-28T12:26:34.926+0000] {dag.py:3047} INFO - Sync 3 DAGs
[2026-04-28T12:26:34.950+0000] {logging_mixin.py:188} INFO - [2026-04-28T12:26:34.950+0000] {dag.py:3834} INFO - Setting next_dagrun for example_subdag_operator to 2022-01-01 00:00:00+00:00, run_after=2022-01-01 00:00:00+00:00
[2026-04-28T12:26:34.954+0000] {logging_mixin.py:188} INFO - [2026-04-28T12:26:34.954+0000] {dag.py:3834} INFO - Setting next_dagrun for example_subdag_operator.section-1 to None, run_after=None
[2026-04-28T12:26:34.955+0000] {logging_mixin.py:188} INFO - [2026-04-28T12:26:34.955+0000] {dag.py:3834} INFO - Setting next_dagrun for example_subdag_operator.section-2 to None, run_after=None
[2026-04-28T12:26:34.971+0000] {logging_mixin.py:188} INFO - [2026-04-28T12:26:34.970+0000] {dag.py:3047} INFO - Sync 2 DAGs
[2026-04-28T12:26:34.982+0000] {logging_mixin.py:188} INFO - [2026-04-28T12:26:34.981+0000] {dag.py:3834} INFO - Setting next_dagrun for example_subdag_operator.section-1 to None, run_after=None
[2026-04-28T12:26:34.982+0000] {logging_mixin.py:188} INFO - [2026-04-28T12:26:34.982+0000] {dag.py:3834} INFO - Setting next_dagrun for example_subdag_operator.section-2 to None, run_after=None
[2026-04-28T12:26:35.006+0000] {processor.py:183} INFO - Processing /home/airflow/.local/lib/python3.8/site-packages/airflow/example_dags/example_subdag_operator.py took 0.131 seconds
[2026-04-28T12:27:05.781+0000] {processor.py:161} INFO - Started process (PID=1729) to work on /home/airflow/.local/lib/python3.8/site-packages/airflow/example_dags/example_subdag_operator.py
[2026-04-28T12:27:05.782+0000] {processor.py:830} INFO - Processing file /home/airflow/.local/lib/python3.8/site-packages/airflow/example_dags/example_subdag_operator.py for tasks to queue
[2026-04-28T12:27:05.784+0000] {logging_mixin.py:188} INFO - [2026-04-28T12:27:05.784+0000] {dagbag.py:540} INFO - Filling up the DagBag from /home/airflow/.local/lib/python3.8/site-packages/airflow/example_dags/example_subdag_operator.py
[2026-04-28T12:27:05.811+0000] {processor.py:840} INFO - DAG(s) 'example_subdag_operator.section-1', 'example_subdag_operator.section-2', 'example_subdag_operator' retrieved from /home/airflow/.local/lib/python3.8/site-packages/airflow/example_dags/example_subdag_operator.py
[2026-04-28T12:27:05.828+0000] {logging_mixin.py:188} INFO - [2026-04-28T12:27:05.828+0000] {dag.py:3047} INFO - Sync 3 DAGs
[2026-04-28T12:27:05.851+0000] {logging_mixin.py:188} INFO - [2026-04-28T12:27:05.851+0000] {dag.py:3834} INFO - Setting next_dagrun for example_subdag_operator to 2022-01-01 00:00:00+00:00, run_after=2022-01-01 00:00:00+00:00
[2026-04-28T12:27:05.855+0000] {logging_mixin.py:188} INFO - [2026-04-28T12:27:05.855+0000] {dag.py:3834} INFO - Setting next_dagrun for example_subdag_operator.section-1 to None, run_after=None
[2026-04-28T12:27:05.856+0000] {logging_mixin.py:188} INFO - [2026-04-28T12:27:05.856+0000] {dag.py:3834} INFO - Setting next_dagrun for example_subdag_operator.section-2 to None, run_after=None
[2026-04-28T12:27:05.863+0000] {logging_mixin.py:188} INFO - [2026-04-28T12:27:05.863+0000] {dag.py:3047} INFO - Sync 2 DAGs
[2026-04-28T12:27:05.868+0000] {logging_mixin.py:188} INFO - [2026-04-28T12:27:05.868+0000] {dag.py:3834} INFO - Setting next_dagrun for example_subdag_operator.section-1 to None, run_after=None
[2026-04-28T12:27:05.868+0000] {logging_mixin.py:188} INFO - [2026-04-28T12:27:05.868+0000] {dag.py:3834} INFO - Setting next_dagrun for example_subdag_operator.section-2 to None, run_after=None
[2026-04-28T12:27:05.877+0000] {processor.py:183} INFO - Processing /home/airflow/.local/lib/python3.8/site-packages/airflow/example_dags/example_subdag_operator.py took 0.099 seconds
[2026-04-28T12:27:36.184+0000] {processor.py:161} INFO - Started process (PID=1784) to work on /home/airflow/.local/lib/python3.8/site-packages/airflow/example_dags/example_subdag_operator.py
[2026-04-28T12:27:36.186+0000] {processor.py:830} INFO - Processing file /home/airflow/.local/lib/python3.8/site-packages/airflow/example_dags/example_subdag_operator.py for tasks to queue
[2026-04-28T12:27:36.188+0000] {logging_mixin.py:188} INFO - [2026-04-28T12:27:36.187+0000] {dagbag.py:540} INFO - Filling up the DagBag from /home/airflow/.local/lib/python3.8/site-packages/airflow/example_dags/example_subdag_operator.py
[2026-04-28T12:27:36.215+0000] {processor.py:840} INFO - DAG(s) 'example_subdag_operator.section-1', 'example_subdag_operator.section-2', 'example_subdag_operator' retrieved from /home/airflow/.local/lib/python3.8/site-packages/airflow/example_dags/example_subdag_operator.py
[2026-04-28T12:27:36.236+0000] {logging_mixin.py:188} INFO - [2026-04-28T12:27:36.236+0000] {dag.py:3047} INFO - Sync 3 DAGs
[2026-04-28T12:27:36.259+0000] {logging_mixin.py:188} INFO - [2026-04-28T12:27:36.259+0000] {dag.py:3834} INFO - Setting next_dagrun for example_subdag_operator to 2022-01-01 00:00:00+00:00, run_after=2022-01-01 00:00:00+00:00
[2026-04-28T12:27:36.263+0000] {logging_mixin.py:188} INFO - [2026-04-28T12:27:36.263+0000] {dag.py:3834} INFO - Setting next_dagrun for example_subdag_operator.section-1 to None, run_after=None
[2026-04-28T12:27:36.264+0000] {logging_mixin.py:188} INFO - [2026-04-28T12:27:36.264+0000] {dag.py:3834} INFO - Setting next_dagrun for example_subdag_operator.section-2 to None, run_after=None
[2026-04-28T12:27:36.272+0000] {logging_mixin.py:188} INFO - [2026-04-28T12:27:36.271+0000] {dag.py:3047} INFO - Sync 2 DAGs
[2026-04-28T12:27:36.276+0000] {logging_mixin.py:188} INFO - [2026-04-28T12:27:36.276+0000] {dag.py:3834} INFO - Setting next_dagrun for example_subdag_operator.section-1 to None, run_after=None
[2026-04-28T12:27:36.276+0000] {logging_mixin.py:188} INFO - [2026-04-28T12:27:36.276+0000] {dag.py:3834} INFO - Setting next_dagrun for example_subdag_operator.section-2 to None, run_after=None
[2026-04-28T12:27:36.286+0000] {processor.py:183} INFO - Processing /home/airflow/.local/lib/python3.8/site-packages/airflow/example_dags/example_subdag_operator.py took 0.114 seconds
[2026-04-28T12:28:06.364+0000] {processor.py:161} INFO - Started process (PID=1841) to work on /home/airflow/.local/lib/python3.8/site-packages/airflow/example_dags/example_subdag_operator.py
[2026-04-28T12:28:06.365+0000] {processor.py:830} INFO - Processing file /home/airflow/.local/lib/python3.8/site-packages/airflow/example_dags/example_subdag_operator.py for tasks to queue
[2026-04-28T12:28:06.366+0000] {logging_mixin.py:188} INFO - [2026-04-28T12:28:06.366+0000] {dagbag.py:540} INFO - Filling up the DagBag from /home/airflow/.local/lib/python3.8/site-packages/airflow/example_dags/example_subdag_operator.py
[2026-04-28T12:28:06.385+0000] {processor.py:840} INFO - DAG(s) 'example_subdag_operator.section-1', 'example_subdag_operator.section-2', 'example_subdag_operator' retrieved from /home/airflow/.local/lib/python3.8/site-packages/airflow/example_dags/example_subdag_operator.py
[2026-04-28T12:28:06.397+0000] {logging_mixin.py:188} INFO - [2026-04-28T12:28:06.397+0000] {dag.py:3047} INFO - Sync 3 DAGs
[2026-04-28T12:28:06.418+0000] {logging_mixin.py:188} INFO - [2026-04-28T12:28:06.418+0000] {dag.py:3834} INFO - Setting next_dagrun for example_subdag_operator to 2022-01-01 00:00:00+00:00, run_after=2022-01-01 00:00:00+00:00
[2026-04-28T12:28:06.421+0000] {logging_mixin.py:188} INFO - [2026-04-28T12:28:06.421+0000] {dag.py:3834} INFO - Setting next_dagrun for example_subdag_operator.section-1 to None, run_after=None
[2026-04-28T12:28:06.422+0000] {logging_mixin.py:188} INFO - [2026-04-28T12:28:06.422+0000] {dag.py:3834} INFO - Setting next_dagrun for example_subdag_operator.section-2 to None, run_after=None
[2026-04-28T12:28:06.427+0000] {logging_mixin.py:188} INFO - [2026-04-28T12:28:06.427+0000] {dag.py:3047} INFO - Sync 2 DAGs
[2026-04-28T12:28:06.430+0000] {logging_mixin.py:188} INFO - [2026-04-28T12:28:06.430+0000] {dag.py:3834} INFO - Setting next_dagrun for example_subdag_operator.section-1 to None, run_after=None
[2026-04-28T12:28:06.431+0000] {logging_mixin.py:188} INFO - [2026-04-28T12:28:06.431+0000] {dag.py:3834} INFO - Setting next_dagrun for example_subdag_operator.section-2 to None, run_after=None
[2026-04-28T12:28:06.438+0000] {processor.py:183} INFO - Processing /home/airflow/.local/lib/python3.8/site-packages/airflow/example_dags/example_subdag_operator.py took 0.077 seconds
[2026-04-28T12:28:37.190+0000] {processor.py:161} INFO - Started process (PID=1896) to work on /home/airflow/.local/lib/python3.8/site-packages/airflow/example_dags/example_subdag_operator.py
[2026-04-28T12:28:37.191+0000] {processor.py:830} INFO - Processing file /home/airflow/.local/lib/python3.8/site-packages/airflow/example_dags/example_subdag_operator.py for tasks to queue
[2026-04-28T12:28:37.193+0000] {logging_mixin.py:188} INFO - [2026-04-28T12:28:37.192+0000] {dagbag.py:540} INFO - Filling up the DagBag from /home/airflow/.local/lib/python3.8/site-packages/airflow/example_dags/example_subdag_operator.py
[2026-04-28T12:28:37.220+0000] {processor.py:840} INFO - DAG(s) 'example_subdag_operator.section-1', 'example_subdag_operator.section-2', 'example_subdag_operator' retrieved from /home/airflow/.local/lib/python3.8/site-packages/airflow/example_dags/example_subdag_operator.py
[2026-04-28T12:28:37.237+0000] {logging_mixin.py:188} INFO - [2026-04-28T12:28:37.237+0000] {dag.py:3047} INFO - Sync 3 DAGs
[2026-04-28T12:28:37.261+0000] {logging_mixin.py:188} INFO - [2026-04-28T12:28:37.260+0000] {dag.py:3834} INFO - Setting next_dagrun for example_subdag_operator to 2022-01-01 00:00:00+00:00, run_after=2022-01-01 00:00:00+00:00
[2026-04-28T12:28:37.264+0000] {logging_mixin.py:188} INFO - [2026-04-28T12:28:37.264+0000] {dag.py:3834} INFO - Setting next_dagrun for example_subdag_operator.section-1 to None, run_after=None
[2026-04-28T12:28:37.265+0000] {logging_mixin.py:188} INFO - [2026-04-28T12:28:37.265+0000] {dag.py:3834} INFO - Setting next_dagrun for example_subdag_operator.section-2 to None, run_after=None
[2026-04-28T12:28:37.273+0000] {logging_mixin.py:188} INFO - [2026-04-28T12:28:37.273+0000] {dag.py:3047} INFO - Sync 2 DAGs
[2026-04-28T12:28:37.277+0000] {logging_mixin.py:188} INFO - [2026-04-28T12:28:37.277+0000] {dag.py:3834} INFO - Setting next_dagrun for example_subdag_operator.section-1 to None, run_after=None
[2026-04-28T12:28:37.278+0000] {logging_mixin.py:188} INFO - [2026-04-28T12:28:37.277+0000] {dag.py:3834} INFO - Setting next_dagrun for example_subdag_operator.section-2 to None, run_after=None
[2026-04-28T12:28:37.286+0000] {processor.py:183} INFO - Processing /home/airflow/.local/lib/python3.8/site-packages/airflow/example_dags/example_subdag_operator.py took 0.100 seconds
[2026-04-28T12:29:07.854+0000] {processor.py:161} INFO - Started process (PID=1952) to work on /home/airflow/.local/lib/python3.8/site-packages/airflow/example_dags/example_subdag_operator.py
[2026-04-28T12:29:07.855+0000] {processor.py:830} INFO - Processing file /home/airflow/.local/lib/python3.8/site-packages/airflow/example_dags/example_subdag_operator.py for tasks to queue
[2026-04-28T12:29:07.858+0000] {logging_mixin.py:188} INFO - [2026-04-28T12:29:07.858+0000] {dagbag.py:540} INFO - Filling up the DagBag from /home/airflow/.local/lib/python3.8/site-packages/airflow/example_dags/example_subdag_operator.py
[2026-04-28T12:29:07.885+0000] {processor.py:840} INFO - DAG(s) 'example_subdag_operator.section-1', 'example_subdag_operator.section-2', 'example_subdag_operator' retrieved from /home/airflow/.local/lib/python3.8/site-packages/airflow/example_dags/example_subdag_operator.py
[2026-04-28T12:29:07.902+0000] {logging_mixin.py:188} INFO - [2026-04-28T12:29:07.902+0000] {dag.py:3047} INFO - Sync 3 DAGs
[2026-04-28T12:29:07.930+0000] {logging_mixin.py:188} INFO - [2026-04-28T12:29:07.929+0000] {dag.py:3834} INFO - Setting next_dagrun for example_subdag_operator to 2022-01-01 00:00:00+00:00, run_after=2022-01-01 00:00:00+00:00
[2026-04-28T12:29:07.933+0000] {logging_mixin.py:188} INFO - [2026-04-28T12:29:07.933+0000] {dag.py:3834} INFO - Setting next_dagrun for example_subdag_operator.section-1 to None, run_after=None
[2026-04-28T12:29:07.935+0000] {logging_mixin.py:188} INFO - [2026-04-28T12:29:07.935+0000] {dag.py:3834} INFO - Setting next_dagrun for example_subdag_operator.section-2 to None, run_after=None
[2026-04-28T12:29:07.941+0000] {logging_mixin.py:188} INFO - [2026-04-28T12:29:07.941+0000] {dag.py:3047} INFO - Sync 2 DAGs
[2026-04-28T12:29:07.947+0000] {logging_mixin.py:188} INFO - [2026-04-28T12:29:07.946+0000] {dag.py:3834} INFO - Setting next_dagrun for example_subdag_operator.section-1 to None, run_after=None
[2026-04-28T12:29:07.947+0000] {logging_mixin.py:188} INFO - [2026-04-28T12:29:07.947+0000] {dag.py:3834} INFO - Setting next_dagrun for example_subdag_operator.section-2 to None, run_after=None
[2026-04-28T12:29:07.958+0000] {processor.py:183} INFO - Processing /home/airflow/.local/lib/python3.8/site-packages/airflow/example_dags/example_subdag_operator.py took 0.108 seconds
[2026-04-28T12:29:38.032+0000] {processor.py:161} INFO - Started process (PID=2008) to work on /home/airflow/.local/lib/python3.8/site-packages/airflow/example_dags/example_subdag_operator.py
[2026-04-28T12:29:38.034+0000] {processor.py:830} INFO - Processing file /home/airflow/.local/lib/python3.8/site-packages/airflow/example_dags/example_subdag_operator.py for tasks to queue
[2026-04-28T12:29:38.036+0000] {logging_mixin.py:188} INFO - [2026-04-28T12:29:38.036+0000] {dagbag.py:540} INFO - Filling up the DagBag from /home/airflow/.local/lib/python3.8/site-packages/airflow/example_dags/example_subdag_operator.py
[2026-04-28T12:29:38.062+0000] {processor.py:840} INFO - DAG(s) 'example_subdag_operator.section-1', 'example_subdag_operator.section-2', 'example_subdag_operator' retrieved from /home/airflow/.local/lib/python3.8/site-packages/airflow/example_dags/example_subdag_operator.py
[2026-04-28T12:29:38.080+0000] {logging_mixin.py:188} INFO - [2026-04-28T12:29:38.080+0000] {dag.py:3047} INFO - Sync 3 DAGs
[2026-04-28T12:29:38.268+0000] {logging_mixin.py:188} INFO - [2026-04-28T12:29:38.267+0000] {dag.py:3834} INFO - Setting next_dagrun for example_subdag_operator to 2022-01-01 00:00:00+00:00, run_after=2022-01-01 00:00:00+00:00
[2026-04-28T12:29:38.271+0000] {logging_mixin.py:188} INFO - [2026-04-28T12:29:38.271+0000] {dag.py:3834} INFO - Setting next_dagrun for example_subdag_operator.section-1 to None, run_after=None
[2026-04-28T12:29:38.273+0000] {logging_mixin.py:188} INFO - [2026-04-28T12:29:38.272+0000] {dag.py:3834} INFO - Setting next_dagrun for example_subdag_operator.section-2 to None, run_after=None
[2026-04-28T12:29:38.279+0000] {logging_mixin.py:188} INFO - [2026-04-28T12:29:38.279+0000] {dag.py:3047} INFO - Sync 2 DAGs
[2026-04-28T12:29:38.284+0000] {logging_mixin.py:188} INFO - [2026-04-28T12:29:38.283+0000] {dag.py:3834} INFO - Setting next_dagrun for example_subdag_operator.section-1 to None, run_after=None
[2026-04-28T12:29:38.284+0000] {logging_mixin.py:188} INFO - [2026-04-28T12:29:38.284+0000] {dag.py:3834} INFO - Setting next_dagrun for example_subdag_operator.section-2 to None, run_after=None
[2026-04-28T12:29:38.293+0000] {processor.py:183} INFO - Processing /home/airflow/.local/lib/python3.8/site-packages/airflow/example_dags/example_subdag_operator.py took 0.264 seconds
[2026-04-28T12:30:08.930+0000] {processor.py:161} INFO - Started process (PID=2064) to work on /home/airflow/.local/lib/python3.8/site-packages/airflow/example_dags/example_subdag_operator.py
[2026-04-28T12:30:08.931+0000] {processor.py:830} INFO - Processing file /home/airflow/.local/lib/python3.8/site-packages/airflow/example_dags/example_subdag_operator.py for tasks to queue
[2026-04-28T12:30:08.933+0000] {logging_mixin.py:188} INFO - [2026-04-28T12:30:08.933+0000] {dagbag.py:540} INFO - Filling up the DagBag from /home/airflow/.local/lib/python3.8/site-packages/airflow/example_dags/example_subdag_operator.py
[2026-04-28T12:30:08.958+0000] {processor.py:840} INFO - DAG(s) 'example_subdag_operator.section-1', 'example_subdag_operator.section-2', 'example_subdag_operator' retrieved from /home/airflow/.local/lib/python3.8/site-packages/airflow/example_dags/example_subdag_operator.py
[2026-04-28T12:30:08.978+0000] {logging_mixin.py:188} INFO - [2026-04-28T12:30:08.978+0000] {dag.py:3047} INFO - Sync 3 DAGs
[2026-04-28T12:30:09.205+0000] {logging_mixin.py:188} INFO - [2026-04-28T12:30:09.205+0000] {dag.py:3834} INFO - Setting next_dagrun for example_subdag_operator to 2022-01-01 00:00:00+00:00, run_after=2022-01-01 00:00:00+00:00
[2026-04-28T12:30:09.209+0000] {logging_mixin.py:188} INFO - [2026-04-28T12:30:09.209+0000] {dag.py:3834} INFO - Setting next_dagrun for example_subdag_operator.section-1 to None, run_after=None
[2026-04-28T12:30:09.210+0000] {logging_mixin.py:188} INFO - [2026-04-28T12:30:09.210+0000] {dag.py:3834} INFO - Setting next_dagrun for example_subdag_operator.section-2 to None, run_after=None
[2026-04-28T12:30:09.217+0000] {logging_mixin.py:188} INFO - [2026-04-28T12:30:09.216+0000] {dag.py:3047} INFO - Sync 2 DAGs
[2026-04-28T12:30:09.222+0000] {logging_mixin.py:188} INFO - [2026-04-28T12:30:09.222+0000] {dag.py:3834} INFO - Setting next_dagrun for example_subdag_operator.section-1 to None, run_after=None
[2026-04-28T12:30:09.222+0000] {logging_mixin.py:188} INFO - [2026-04-28T12:30:09.222+0000] {dag.py:3834} INFO - Setting next_dagrun for example_subdag_operator.section-2 to None, run_after=None
[2026-04-28T12:30:09.232+0000] {processor.py:183} INFO - Processing /home/airflow/.local/lib/python3.8/site-packages/airflow/example_dags/example_subdag_operator.py took 0.306 seconds
[2026-04-28T12:30:39.379+0000] {processor.py:161} INFO - Started process (PID=2120) to work on /home/airflow/.local/lib/python3.8/site-packages/airflow/example_dags/example_subdag_operator.py
[2026-04-28T12:30:39.380+0000] {processor.py:830} INFO - Processing file /home/airflow/.local/lib/python3.8/site-packages/airflow/example_dags/example_subdag_operator.py for tasks to queue
[2026-04-28T12:30:39.381+0000] {logging_mixin.py:188} INFO - [2026-04-28T12:30:39.381+0000] {dagbag.py:540} INFO - Filling up the DagBag from /home/airflow/.local/lib/python3.8/site-packages/airflow/example_dags/example_subdag_operator.py
[2026-04-28T12:30:39.400+0000] {processor.py:840} INFO - DAG(s) 'example_subdag_operator.section-1', 'example_subdag_operator.section-2', 'example_subdag_operator' retrieved from /home/airflow/.local/lib/python3.8/site-packages/airflow/example_dags/example_subdag_operator.py
[2026-04-28T12:30:39.412+0000] {logging_mixin.py:188} INFO - [2026-04-28T12:30:39.411+0000] {dag.py:3047} INFO - Sync 3 DAGs
[2026-04-28T12:30:39.543+0000] {logging_mixin.py:188} INFO - [2026-04-28T12:30:39.542+0000] {dag.py:3834} INFO - Setting next_dagrun for example_subdag_operator to 2022-01-01 00:00:00+00:00, run_after=2022-01-01 00:00:00+00:00
[2026-04-28T12:30:39.545+0000] {logging_mixin.py:188} INFO - [2026-04-28T12:30:39.545+0000] {dag.py:3834} INFO - Setting next_dagrun for example_subdag_operator.section-1 to None, run_after=None
[2026-04-28T12:30:39.546+0000] {logging_mixin.py:188} INFO - [2026-04-28T12:30:39.546+0000] {dag.py:3834} INFO - Setting next_dagrun for example_subdag_operator.section-2 to None, run_after=None
[2026-04-28T12:30:39.551+0000] {logging_mixin.py:188} INFO - [2026-04-28T12:30:39.551+0000] {dag.py:3047} INFO - Sync 2 DAGs
[2026-04-28T12:30:39.554+0000] {logging_mixin.py:188} INFO - [2026-04-28T12:30:39.554+0000] {dag.py:3834} INFO - Setting next_dagrun for example_subdag_operator.section-1 to None, run_after=None
[2026-04-28T12:30:39.555+0000] {logging_mixin.py:188} INFO - [2026-04-28T12:30:39.555+0000] {dag.py:3834} INFO - Setting next_dagrun for example_subdag_operator.section-2 to None, run_after=None
[2026-04-28T12:30:39.562+0000] {processor.py:183} INFO - Processing /home/airflow/.local/lib/python3.8/site-packages/airflow/example_dags/example_subdag_operator.py took 0.187 seconds
[2026-04-28T12:31:09.921+0000] {processor.py:161} INFO - Started process (PID=2176) to work on /home/airflow/.local/lib/python3.8/site-packages/airflow/example_dags/example_subdag_operator.py
[2026-04-28T12:31:09.922+0000] {processor.py:830} INFO - Processing file /home/airflow/.local/lib/python3.8/site-packages/airflow/example_dags/example_subdag_operator.py for tasks to queue
[2026-04-28T12:31:09.924+0000] {logging_mixin.py:188} INFO - [2026-04-28T12:31:09.923+0000] {dagbag.py:540} INFO - Filling up the DagBag from /home/airflow/.local/lib/python3.8/site-packages/airflow/example_dags/example_subdag_operator.py
[2026-04-28T12:31:09.942+0000] {processor.py:840} INFO - DAG(s) 'example_subdag_operator.section-1', 'example_subdag_operator.section-2', 'example_subdag_operator' retrieved from /home/airflow/.local/lib/python3.8/site-packages/airflow/example_dags/example_subdag_operator.py
[2026-04-28T12:31:09.954+0000] {logging_mixin.py:188} INFO - [2026-04-28T12:31:09.954+0000] {dag.py:3047} INFO - Sync 3 DAGs
[2026-04-28T12:31:10.096+0000] {logging_mixin.py:188} INFO - [2026-04-28T12:31:10.096+0000] {dag.py:3834} INFO - Setting next_dagrun for example_subdag_operator to 2022-01-01 00:00:00+00:00, run_after=2022-01-01 00:00:00+00:00
[2026-04-28T12:31:10.099+0000] {logging_mixin.py:188} INFO - [2026-04-28T12:31:10.099+0000] {dag.py:3834} INFO - Setting next_dagrun for example_subdag_operator.section-1 to None, run_after=None
[2026-04-28T12:31:10.101+0000] {logging_mixin.py:188} INFO - [2026-04-28T12:31:10.101+0000] {dag.py:3834} INFO - Setting next_dagrun for example_subdag_operator.section-2 to None, run_after=None
[2026-04-28T12:31:10.110+0000] {logging_mixin.py:188} INFO - [2026-04-28T12:31:10.109+0000] {dag.py:3047} INFO - Sync 2 DAGs
[2026-04-28T12:31:10.114+0000] {logging_mixin.py:188} INFO - [2026-04-28T12:31:10.114+0000] {dag.py:3834} INFO - Setting next_dagrun for example_subdag_operator.section-1 to None, run_after=None
[2026-04-28T12:31:10.115+0000] {logging_mixin.py:188} INFO - [2026-04-28T12:31:10.115+0000] {dag.py:3834} INFO - Setting next_dagrun for example_subdag_operator.section-2 to None, run_after=None
[2026-04-28T12:31:10.122+0000] {processor.py:183} INFO - Processing /home/airflow/.local/lib/python3.8/site-packages/airflow/example_dags/example_subdag_operator.py took 0.204 seconds
[2026-04-28T12:31:40.161+0000] {processor.py:161} INFO - Started process (PID=2231) to work on /home/airflow/.local/lib/python3.8/site-packages/airflow/example_dags/example_subdag_operator.py
[2026-04-28T12:31:40.162+0000] {processor.py:830} INFO - Processing file /home/airflow/.local/lib/python3.8/site-packages/airflow/example_dags/example_subdag_operator.py for tasks to queue
[2026-04-28T12:31:40.163+0000] {logging_mixin.py:188} INFO - [2026-04-28T12:31:40.163+0000] {dagbag.py:540} INFO - Filling up the DagBag from /home/airflow/.local/lib/python3.8/site-packages/airflow/example_dags/example_subdag_operator.py
[2026-04-28T12:31:40.182+0000] {processor.py:840} INFO - DAG(s) 'example_subdag_operator.section-1', 'example_subdag_operator.section-2', 'example_subdag_operator' retrieved from /home/airflow/.local/lib/python3.8/site-packages/airflow/example_dags/example_subdag_operator.py
[2026-04-28T12:31:40.194+0000] {logging_mixin.py:188} INFO - [2026-04-28T12:31:40.194+0000] {dag.py:3047} INFO - Sync 3 DAGs
[2026-04-28T12:31:40.211+0000] {logging_mixin.py:188} INFO - [2026-04-28T12:31:40.210+0000] {dag.py:3834} INFO - Setting next_dagrun for example_subdag_operator to 2022-01-01 00:00:00+00:00, run_after=2022-01-01 00:00:00+00:00
[2026-04-28T12:31:40.213+0000] {logging_mixin.py:188} INFO - [2026-04-28T12:31:40.213+0000] {dag.py:3834} INFO - Setting next_dagrun for example_subdag_operator.section-1 to None, run_after=None
[2026-04-28T12:31:40.214+0000] {logging_mixin.py:188} INFO - [2026-04-28T12:31:40.214+0000] {dag.py:3834} INFO - Setting next_dagrun for example_subdag_operator.section-2 to None, run_after=None
[2026-04-28T12:31:40.219+0000] {logging_mixin.py:188} INFO - [2026-04-28T12:31:40.219+0000] {dag.py:3047} INFO - Sync 2 DAGs
[2026-04-28T12:31:40.223+0000] {logging_mixin.py:188} INFO - [2026-04-28T12:31:40.223+0000] {dag.py:3834} INFO - Setting next_dagrun for example_subdag_operator.section-1 to None, run_after=None
[2026-04-28T12:31:40.223+0000] {logging_mixin.py:188} INFO - [2026-04-28T12:31:40.223+0000] {dag.py:3834} INFO - Setting next_dagrun for example_subdag_operator.section-2 to None, run_after=None
[2026-04-28T12:31:40.231+0000] {processor.py:183} INFO - Processing /home/airflow/.local/lib/python3.8/site-packages/airflow/example_dags/example_subdag_operator.py took 0.073 seconds
[2026-04-28T12:32:10.823+0000] {processor.py:161} INFO - Started process (PID=2287) to work on /home/airflow/.local/lib/python3.8/site-packages/airflow/example_dags/example_subdag_operator.py
[2026-04-28T12:32:10.824+0000] {processor.py:830} INFO - Processing file /home/airflow/.local/lib/python3.8/site-packages/airflow/example_dags/example_subdag_operator.py for tasks to queue
[2026-04-28T12:32:10.826+0000] {logging_mixin.py:188} INFO - [2026-04-28T12:32:10.826+0000] {dagbag.py:540} INFO - Filling up the DagBag from /home/airflow/.local/lib/python3.8/site-packages/airflow/example_dags/example_subdag_operator.py
[2026-04-28T12:32:10.847+0000] {processor.py:840} INFO - DAG(s) 'example_subdag_operator.section-1', 'example_subdag_operator.section-2', 'example_subdag_operator' retrieved from /home/airflow/.local/lib/python3.8/site-packages/airflow/example_dags/example_subdag_operator.py
[2026-04-28T12:32:10.858+0000] {logging_mixin.py:188} INFO - [2026-04-28T12:32:10.858+0000] {dag.py:3047} INFO - Sync 3 DAGs
[2026-04-28T12:32:10.874+0000] {logging_mixin.py:188} INFO - [2026-04-28T12:32:10.874+0000] {dag.py:3834} INFO - Setting next_dagrun for example_subdag_operator to 2022-01-01 00:00:00+00:00, run_after=2022-01-01 00:00:00+00:00
[2026-04-28T12:32:10.877+0000] {logging_mixin.py:188} INFO - [2026-04-28T12:32:10.877+0000] {dag.py:3834} INFO - Setting next_dagrun for example_subdag_operator.section-1 to None, run_after=None
[2026-04-28T12:32:10.878+0000] {logging_mixin.py:188} INFO - [2026-04-28T12:32:10.878+0000] {dag.py:3834} INFO - Setting next_dagrun for example_subdag_operator.section-2 to None, run_after=None
[2026-04-28T12:32:10.883+0000] {logging_mixin.py:188} INFO - [2026-04-28T12:32:10.883+0000] {dag.py:3047} INFO - Sync 2 DAGs
[2026-04-28T12:32:10.887+0000] {logging_mixin.py:188} INFO - [2026-04-28T12:32:10.887+0000] {dag.py:3834} INFO - Setting next_dagrun for example_subdag_operator.section-1 to None, run_after=None
[2026-04-28T12:32:10.887+0000] {logging_mixin.py:188} INFO - [2026-04-28T12:32:10.887+0000] {dag.py:3834} INFO - Setting next_dagrun for example_subdag_operator.section-2 to None, run_after=None
[2026-04-28T12:32:10.895+0000] {processor.py:183} INFO - Processing /home/airflow/.local/lib/python3.8/site-packages/airflow/example_dags/example_subdag_operator.py took 0.075 seconds
[2026-04-28T12:32:41.552+0000] {processor.py:161} INFO - Started process (PID=2344) to work on /home/airflow/.local/lib/python3.8/site-packages/airflow/example_dags/example_subdag_operator.py
[2026-04-28T12:32:41.553+0000] {processor.py:830} INFO - Processing file /home/airflow/.local/lib/python3.8/site-packages/airflow/example_dags/example_subdag_operator.py for tasks to queue
[2026-04-28T12:32:41.555+0000] {logging_mixin.py:188} INFO - [2026-04-28T12:32:41.555+0000] {dagbag.py:540} INFO - Filling up the DagBag from /home/airflow/.local/lib/python3.8/site-packages/airflow/example_dags/example_subdag_operator.py
[2026-04-28T12:32:41.580+0000] {processor.py:840} INFO - DAG(s) 'example_subdag_operator.section-1', 'example_subdag_operator.section-2', 'example_subdag_operator' retrieved from /home/airflow/.local/lib/python3.8/site-packages/airflow/example_dags/example_subdag_operator.py
[2026-04-28T12:32:41.599+0000] {logging_mixin.py:188} INFO - [2026-04-28T12:32:41.598+0000] {dag.py:3047} INFO - Sync 3 DAGs
[2026-04-28T12:32:41.623+0000] {logging_mixin.py:188} INFO - [2026-04-28T12:32:41.622+0000] {dag.py:3834} INFO - Setting next_dagrun for example_subdag_operator to 2022-01-01 00:00:00+00:00, run_after=2022-01-01 00:00:00+00:00
[2026-04-28T12:32:41.626+0000] {logging_mixin.py:188} INFO - [2026-04-28T12:32:41.626+0000] {dag.py:3834} INFO - Setting next_dagrun for example_subdag_operator.section-1 to None, run_after=None
[2026-04-28T12:32:41.627+0000] {logging_mixin.py:188} INFO - [2026-04-28T12:32:41.627+0000] {dag.py:3834} INFO - Setting next_dagrun for example_subdag_operator.section-2 to None, run_after=None
[2026-04-28T12:32:41.634+0000] {logging_mixin.py:188} INFO - [2026-04-28T12:32:41.633+0000] {dag.py:3047} INFO - Sync 2 DAGs
[2026-04-28T12:32:41.637+0000] {logging_mixin.py:188} INFO - [2026-04-28T12:32:41.637+0000] {dag.py:3834} INFO - Setting next_dagrun for example_subdag_operator.section-1 to None, run_after=None
[2026-04-28T12:32:41.638+0000] {logging_mixin.py:188} INFO - [2026-04-28T12:32:41.637+0000] {dag.py:3834} INFO - Setting next_dagrun for example_subdag_operator.section-2 to None, run_after=None
[2026-04-28T12:32:41.645+0000] {processor.py:183} INFO - Processing /home/airflow/.local/lib/python3.8/site-packages/airflow/example_dags/example_subdag_operator.py took 0.097 seconds
[2026-04-28T12:33:11.838+0000] {processor.py:161} INFO - Started process (PID=2401) to work on /home/airflow/.local/lib/python3.8/site-packages/airflow/example_dags/example_subdag_operator.py
[2026-04-28T12:33:11.840+0000] {processor.py:830} INFO - Processing file /home/airflow/.local/lib/python3.8/site-packages/airflow/example_dags/example_subdag_operator.py for tasks to queue
[2026-04-28T12:33:11.843+0000] {logging_mixin.py:188} INFO - [2026-04-28T12:33:11.842+0000] {dagbag.py:540} INFO - Filling up the DagBag from /home/airflow/.local/lib/python3.8/site-packages/airflow/example_dags/example_subdag_operator.py
[2026-04-28T12:33:11.870+0000] {processor.py:840} INFO - DAG(s) 'example_subdag_operator.section-1', 'example_subdag_operator.section-2', 'example_subdag_operator' retrieved from /home/airflow/.local/lib/python3.8/site-packages/airflow/example_dags/example_subdag_operator.py
[2026-04-28T12:33:11.887+0000] {logging_mixin.py:188} INFO - [2026-04-28T12:33:11.887+0000] {dag.py:3047} INFO - Sync 3 DAGs
[2026-04-28T12:33:11.913+0000] {logging_mixin.py:188} INFO - [2026-04-28T12:33:11.913+0000] {dag.py:3834} INFO - Setting next_dagrun for example_subdag_operator to 2022-01-01 00:00:00+00:00, run_after=2022-01-01 00:00:00+00:00
[2026-04-28T12:33:11.917+0000] {logging_mixin.py:188} INFO - [2026-04-28T12:33:11.917+0000] {dag.py:3834} INFO - Setting next_dagrun for example_subdag_operator.section-1 to None, run_after=None
[2026-04-28T12:33:11.918+0000] {logging_mixin.py:188} INFO - [2026-04-28T12:33:11.918+0000] {dag.py:3834} INFO - Setting next_dagrun for example_subdag_operator.section-2 to None, run_after=None
[2026-04-28T12:33:11.926+0000] {logging_mixin.py:188} INFO - [2026-04-28T12:33:11.925+0000] {dag.py:3047} INFO - Sync 2 DAGs
[2026-04-28T12:33:11.931+0000] {logging_mixin.py:188} INFO - [2026-04-28T12:33:11.931+0000] {dag.py:3834} INFO - Setting next_dagrun for example_subdag_operator.section-1 to None, run_after=None
[2026-04-28T12:33:11.932+0000] {logging_mixin.py:188} INFO - [2026-04-28T12:33:11.932+0000] {dag.py:3834} INFO - Setting next_dagrun for example_subdag_operator.section-2 to None, run_after=None
[2026-04-28T12:33:11.942+0000] {processor.py:183} INFO - Processing /home/airflow/.local/lib/python3.8/site-packages/airflow/example_dags/example_subdag_operator.py took 0.108 seconds
[2026-04-28T12:33:42.813+0000] {processor.py:161} INFO - Started process (PID=2457) to work on /home/airflow/.local/lib/python3.8/site-packages/airflow/example_dags/example_subdag_operator.py
[2026-04-28T12:33:42.816+0000] {processor.py:830} INFO - Processing file /home/airflow/.local/lib/python3.8/site-packages/airflow/example_dags/example_subdag_operator.py for tasks to queue
[2026-04-28T12:33:42.820+0000] {logging_mixin.py:188} INFO - [2026-04-28T12:33:42.819+0000] {dagbag.py:540} INFO - Filling up the DagBag from /home/airflow/.local/lib/python3.8/site-packages/airflow/example_dags/example_subdag_operator.py
[2026-04-28T12:33:42.854+0000] {processor.py:840} INFO - DAG(s) 'example_subdag_operator.section-1', 'example_subdag_operator.section-2', 'example_subdag_operator' retrieved from /home/airflow/.local/lib/python3.8/site-packages/airflow/example_dags/example_subdag_operator.py
[2026-04-28T12:33:42.873+0000] {logging_mixin.py:188} INFO - [2026-04-28T12:33:42.872+0000] {dag.py:3047} INFO - Sync 3 DAGs
[2026-04-28T12:33:42.901+0000] {logging_mixin.py:188} INFO - [2026-04-28T12:33:42.900+0000] {dag.py:3834} INFO - Setting next_dagrun for example_subdag_operator to 2022-01-01 00:00:00+00:00, run_after=2022-01-01 00:00:00+00:00
[2026-04-28T12:33:42.905+0000] {logging_mixin.py:188} INFO - [2026-04-28T12:33:42.905+0000] {dag.py:3834} INFO - Setting next_dagrun for example_subdag_operator.section-1 to None, run_after=None
[2026-04-28T12:33:42.906+0000] {logging_mixin.py:188} INFO - [2026-04-28T12:33:42.906+0000] {dag.py:3834} INFO - Setting next_dagrun for example_subdag_operator.section-2 to None, run_after=None
[2026-04-28T12:33:42.915+0000] {logging_mixin.py:188} INFO - [2026-04-28T12:33:42.914+0000] {dag.py:3047} INFO - Sync 2 DAGs
[2026-04-28T12:33:42.920+0000] {logging_mixin.py:188} INFO - [2026-04-28T12:33:42.920+0000] {dag.py:3834} INFO - Setting next_dagrun for example_subdag_operator.section-1 to None, run_after=None
[2026-04-28T12:33:42.920+0000] {logging_mixin.py:188} INFO - [2026-04-28T12:33:42.920+0000] {dag.py:3834} INFO - Setting next_dagrun for example_subdag_operator.section-2 to None, run_after=None
[2026-04-28T12:33:42.931+0000] {processor.py:183} INFO - Processing /home/airflow/.local/lib/python3.8/site-packages/airflow/example_dags/example_subdag_operator.py took 0.126 seconds
[2026-04-28T12:34:13.593+0000] {processor.py:161} INFO - Started process (PID=2513) to work on /home/airflow/.local/lib/python3.8/site-packages/airflow/example_dags/example_subdag_operator.py
[2026-04-28T12:34:13.595+0000] {processor.py:830} INFO - Processing file /home/airflow/.local/lib/python3.8/site-packages/airflow/example_dags/example_subdag_operator.py for tasks to queue
[2026-04-28T12:34:13.599+0000] {logging_mixin.py:188} INFO - [2026-04-28T12:34:13.598+0000] {dagbag.py:540} INFO - Filling up the DagBag from /home/airflow/.local/lib/python3.8/site-packages/airflow/example_dags/example_subdag_operator.py
[2026-04-28T12:34:13.654+0000] {processor.py:840} INFO - DAG(s) 'example_subdag_operator.section-1', 'example_subdag_operator.section-2', 'example_subdag_operator' retrieved from /home/airflow/.local/lib/python3.8/site-packages/airflow/example_dags/example_subdag_operator.py
[2026-04-28T12:34:13.682+0000] {logging_mixin.py:188} INFO - [2026-04-28T12:34:13.682+0000] {dag.py:3047} INFO - Sync 3 DAGs
[2026-04-28T12:34:13.713+0000] {logging_mixin.py:188} INFO - [2026-04-28T12:34:13.713+0000] {dag.py:3834} INFO - Setting next_dagrun for example_subdag_operator to 2022-01-01 00:00:00+00:00, run_after=2022-01-01 00:00:00+00:00
[2026-04-28T12:34:13.719+0000] {logging_mixin.py:188} INFO - [2026-04-28T12:34:13.718+0000] {dag.py:3834} INFO - Setting next_dagrun for example_subdag_operator.section-1 to None, run_after=None
[2026-04-28T12:34:13.720+0000] {logging_mixin.py:188} INFO - [2026-04-28T12:34:13.720+0000] {dag.py:3834} INFO - Setting next_dagrun for example_subdag_operator.section-2 to None, run_after=None
[2026-04-28T12:34:13.729+0000] {logging_mixin.py:188} INFO - [2026-04-28T12:34:13.729+0000] {dag.py:3047} INFO - Sync 2 DAGs
[2026-04-28T12:34:13.736+0000] {logging_mixin.py:188} INFO - [2026-04-28T12:34:13.736+0000] {dag.py:3834} INFO - Setting next_dagrun for example_subdag_operator.section-1 to None, run_after=None
[2026-04-28T12:34:13.737+0000] {logging_mixin.py:188} INFO - [2026-04-28T12:34:13.737+0000] {dag.py:3834} INFO - Setting next_dagrun for example_subdag_operator.section-2 to None, run_after=None
[2026-04-28T12:34:13.756+0000] {processor.py:183} INFO - Processing /home/airflow/.local/lib/python3.8/site-packages/airflow/example_dags/example_subdag_operator.py took 0.170 seconds
[2026-04-28T12:34:43.899+0000] {processor.py:161} INFO - Started process (PID=2569) to work on /home/airflow/.local/lib/python3.8/site-packages/airflow/example_dags/example_subdag_operator.py
[2026-04-28T12:34:43.900+0000] {processor.py:830} INFO - Processing file /home/airflow/.local/lib/python3.8/site-packages/airflow/example_dags/example_subdag_operator.py for tasks to queue
[2026-04-28T12:34:43.904+0000] {logging_mixin.py:188} INFO - [2026-04-28T12:34:43.904+0000] {dagbag.py:540} INFO - Filling up the DagBag from /home/airflow/.local/lib/python3.8/site-packages/airflow/example_dags/example_subdag_operator.py
[2026-04-28T12:34:43.952+0000] {processor.py:840} INFO - DAG(s) 'example_subdag_operator.section-1', 'example_subdag_operator.section-2', 'example_subdag_operator' retrieved from /home/airflow/.local/lib/python3.8/site-packages/airflow/example_dags/example_subdag_operator.py
[2026-04-28T12:34:43.996+0000] {logging_mixin.py:188} INFO - [2026-04-28T12:34:43.995+0000] {dag.py:3047} INFO - Sync 3 DAGs
[2026-04-28T12:34:44.063+0000] {logging_mixin.py:188} INFO - [2026-04-28T12:34:44.063+0000] {dag.py:3834} INFO - Setting next_dagrun for example_subdag_operator to 2022-01-01 00:00:00+00:00, run_after=2022-01-01 00:00:00+00:00
[2026-04-28T12:34:44.069+0000] {logging_mixin.py:188} INFO - [2026-04-28T12:34:44.069+0000] {dag.py:3834} INFO - Setting next_dagrun for example_subdag_operator.section-1 to None, run_after=None
[2026-04-28T12:34:44.072+0000] {logging_mixin.py:188} INFO - [2026-04-28T12:34:44.071+0000] {dag.py:3834} INFO - Setting next_dagrun for example_subdag_operator.section-2 to None, run_after=None
[2026-04-28T12:34:44.091+0000] {logging_mixin.py:188} INFO - [2026-04-28T12:34:44.090+0000] {dag.py:3047} INFO - Sync 2 DAGs
[2026-04-28T12:34:44.103+0000] {logging_mixin.py:188} INFO - [2026-04-28T12:34:44.102+0000] {dag.py:3834} INFO - Setting next_dagrun for example_subdag_operator.section-1 to None, run_after=None
[2026-04-28T12:34:44.103+0000] {logging_mixin.py:188} INFO - [2026-04-28T12:34:44.103+0000] {dag.py:3834} INFO - Setting next_dagrun for example_subdag_operator.section-2 to None, run_after=None
[2026-04-28T12:34:44.130+0000] {processor.py:183} INFO - Processing /home/airflow/.local/lib/python3.8/site-packages/airflow/example_dags/example_subdag_operator.py took 0.239 seconds
[2026-04-28T12:35:14.692+0000] {processor.py:161} INFO - Started process (PID=2625) to work on /home/airflow/.local/lib/python3.8/site-packages/airflow/example_dags/example_subdag_operator.py
[2026-04-28T12:35:14.693+0000] {processor.py:830} INFO - Processing file /home/airflow/.local/lib/python3.8/site-packages/airflow/example_dags/example_subdag_operator.py for tasks to queue
[2026-04-28T12:35:14.694+0000] {logging_mixin.py:188} INFO - [2026-04-28T12:35:14.694+0000] {dagbag.py:540} INFO - Filling up the DagBag from /home/airflow/.local/lib/python3.8/site-packages/airflow/example_dags/example_subdag_operator.py
[2026-04-28T12:35:14.713+0000] {processor.py:840} INFO - DAG(s) 'example_subdag_operator.section-1', 'example_subdag_operator.section-2', 'example_subdag_operator' retrieved from /home/airflow/.local/lib/python3.8/site-packages/airflow/example_dags/example_subdag_operator.py
[2026-04-28T12:35:14.725+0000] {logging_mixin.py:188} INFO - [2026-04-28T12:35:14.725+0000] {dag.py:3047} INFO - Sync 3 DAGs
[2026-04-28T12:35:14.745+0000] {logging_mixin.py:188} INFO - [2026-04-28T12:35:14.745+0000] {dag.py:3834} INFO - Setting next_dagrun for example_subdag_operator to 2022-01-01 00:00:00+00:00, run_after=2022-01-01 00:00:00+00:00
[2026-04-28T12:35:14.748+0000] {logging_mixin.py:188} INFO - [2026-04-28T12:35:14.748+0000] {dag.py:3834} INFO - Setting next_dagrun for example_subdag_operator.section-1 to None, run_after=None
[2026-04-28T12:35:14.749+0000] {logging_mixin.py:188} INFO - [2026-04-28T12:35:14.749+0000] {dag.py:3834} INFO - Setting next_dagrun for example_subdag_operator.section-2 to None, run_after=None
[2026-04-28T12:35:14.754+0000] {logging_mixin.py:188} INFO - [2026-04-28T12:35:14.753+0000] {dag.py:3047} INFO - Sync 2 DAGs
[2026-04-28T12:35:14.757+0000] {logging_mixin.py:188} INFO - [2026-04-28T12:35:14.757+0000] {dag.py:3834} INFO - Setting next_dagrun for example_subdag_operator.section-1 to None, run_after=None
[2026-04-28T12:35:14.757+0000] {logging_mixin.py:188} INFO - [2026-04-28T12:35:14.757+0000] {dag.py:3834} INFO - Setting next_dagrun for example_subdag_operator.section-2 to None, run_after=None
[2026-04-28T12:35:14.765+0000] {processor.py:183} INFO - Processing /home/airflow/.local/lib/python3.8/site-packages/airflow/example_dags/example_subdag_operator.py took 0.076 seconds
[2026-04-28T12:35:45.313+0000] {processor.py:161} INFO - Started process (PID=2680) to work on /home/airflow/.local/lib/python3.8/site-packages/airflow/example_dags/example_subdag_operator.py
[2026-04-28T12:35:45.314+0000] {processor.py:830} INFO - Processing file /home/airflow/.local/lib/python3.8/site-packages/airflow/example_dags/example_subdag_operator.py for tasks to queue
[2026-04-28T12:35:45.316+0000] {logging_mixin.py:188} INFO - [2026-04-28T12:35:45.316+0000] {dagbag.py:540} INFO - Filling up the DagBag from /home/airflow/.local/lib/python3.8/site-packages/airflow/example_dags/example_subdag_operator.py
[2026-04-28T12:35:45.334+0000] {processor.py:840} INFO - DAG(s) 'example_subdag_operator.section-1', 'example_subdag_operator.section-2', 'example_subdag_operator' retrieved from /home/airflow/.local/lib/python3.8/site-packages/airflow/example_dags/example_subdag_operator.py
[2026-04-28T12:35:45.345+0000] {logging_mixin.py:188} INFO - [2026-04-28T12:35:45.345+0000] {dag.py:3047} INFO - Sync 3 DAGs
[2026-04-28T12:35:45.365+0000] {logging_mixin.py:188} INFO - [2026-04-28T12:35:45.365+0000] {dag.py:3834} INFO - Setting next_dagrun for example_subdag_operator to 2022-01-01 00:00:00+00:00, run_after=2022-01-01 00:00:00+00:00
[2026-04-28T12:35:45.369+0000] {logging_mixin.py:188} INFO - [2026-04-28T12:35:45.368+0000] {dag.py:3834} INFO - Setting next_dagrun for example_subdag_operator.section-1 to None, run_after=None
[2026-04-28T12:35:45.370+0000] {logging_mixin.py:188} INFO - [2026-04-28T12:35:45.370+0000] {dag.py:3834} INFO - Setting next_dagrun for example_subdag_operator.section-2 to None, run_after=None
[2026-04-28T12:35:45.376+0000] {logging_mixin.py:188} INFO - [2026-04-28T12:35:45.375+0000] {dag.py:3047} INFO - Sync 2 DAGs
[2026-04-28T12:35:45.379+0000] {logging_mixin.py:188} INFO - [2026-04-28T12:35:45.379+0000] {dag.py:3834} INFO - Setting next_dagrun for example_subdag_operator.section-1 to None, run_after=None
[2026-04-28T12:35:45.379+0000] {logging_mixin.py:188} INFO - [2026-04-28T12:35:45.379+0000] {dag.py:3834} INFO - Setting next_dagrun for example_subdag_operator.section-2 to None, run_after=None
[2026-04-28T12:35:45.388+0000] {processor.py:183} INFO - Processing /home/airflow/.local/lib/python3.8/site-packages/airflow/example_dags/example_subdag_operator.py took 0.078 seconds
[2026-04-28T12:36:15.680+0000] {processor.py:161} INFO - Started process (PID=2736) to work on /home/airflow/.local/lib/python3.8/site-packages/airflow/example_dags/example_subdag_operator.py
[2026-04-28T12:36:15.681+0000] {processor.py:830} INFO - Processing file /home/airflow/.local/lib/python3.8/site-packages/airflow/example_dags/example_subdag_operator.py for tasks to queue
[2026-04-28T12:36:15.683+0000] {logging_mixin.py:188} INFO - [2026-04-28T12:36:15.683+0000] {dagbag.py:540} INFO - Filling up the DagBag from /home/airflow/.local/lib/python3.8/site-packages/airflow/example_dags/example_subdag_operator.py
[2026-04-28T12:36:15.703+0000] {processor.py:840} INFO - DAG(s) 'example_subdag_operator.section-1', 'example_subdag_operator.section-2', 'example_subdag_operator' retrieved from /home/airflow/.local/lib/python3.8/site-packages/airflow/example_dags/example_subdag_operator.py
[2026-04-28T12:36:15.715+0000] {logging_mixin.py:188} INFO - [2026-04-28T12:36:15.714+0000] {dag.py:3047} INFO - Sync 3 DAGs
[2026-04-28T12:36:15.731+0000] {logging_mixin.py:188} INFO - [2026-04-28T12:36:15.731+0000] {dag.py:3834} INFO - Setting next_dagrun for example_subdag_operator to 2022-01-01 00:00:00+00:00, run_after=2022-01-01 00:00:00+00:00
[2026-04-28T12:36:15.734+0000] {logging_mixin.py:188} INFO - [2026-04-28T12:36:15.733+0000] {dag.py:3834} INFO - Setting next_dagrun for example_subdag_operator.section-1 to None, run_after=None
[2026-04-28T12:36:15.735+0000] {logging_mixin.py:188} INFO - [2026-04-28T12:36:15.734+0000] {dag.py:3834} INFO - Setting next_dagrun for example_subdag_operator.section-2 to None, run_after=None
[2026-04-28T12:36:15.740+0000] {logging_mixin.py:188} INFO - [2026-04-28T12:36:15.739+0000] {dag.py:3047} INFO - Sync 2 DAGs
[2026-04-28T12:36:15.743+0000] {logging_mixin.py:188} INFO - [2026-04-28T12:36:15.743+0000] {dag.py:3834} INFO - Setting next_dagrun for example_subdag_operator.section-1 to None, run_after=None
[2026-04-28T12:36:15.743+0000] {logging_mixin.py:188} INFO - [2026-04-28T12:36:15.743+0000] {dag.py:3834} INFO - Setting next_dagrun for example_subdag_operator.section-2 to None, run_after=None
[2026-04-28T12:36:15.752+0000] {processor.py:183} INFO - Processing /home/airflow/.local/lib/python3.8/site-packages/airflow/example_dags/example_subdag_operator.py took 0.074 seconds
[2026-04-28T12:36:46.293+0000] {processor.py:161} INFO - Started process (PID=2792) to work on /home/airflow/.local/lib/python3.8/site-packages/airflow/example_dags/example_subdag_operator.py
[2026-04-28T12:36:46.294+0000] {processor.py:830} INFO - Processing file /home/airflow/.local/lib/python3.8/site-packages/airflow/example_dags/example_subdag_operator.py for tasks to queue
[2026-04-28T12:36:46.297+0000] {logging_mixin.py:188} INFO - [2026-04-28T12:36:46.296+0000] {dagbag.py:540} INFO - Filling up the DagBag from /home/airflow/.local/lib/python3.8/site-packages/airflow/example_dags/example_subdag_operator.py
[2026-04-28T12:36:46.323+0000] {processor.py:840} INFO - DAG(s) 'example_subdag_operator.section-1', 'example_subdag_operator.section-2', 'example_subdag_operator' retrieved from /home/airflow/.local/lib/python3.8/site-packages/airflow/example_dags/example_subdag_operator.py
[2026-04-28T12:36:46.341+0000] {logging_mixin.py:188} INFO - [2026-04-28T12:36:46.341+0000] {dag.py:3047} INFO - Sync 3 DAGs
[2026-04-28T12:36:46.364+0000] {logging_mixin.py:188} INFO - [2026-04-28T12:36:46.364+0000] {dag.py:3834} INFO - Setting next_dagrun for example_subdag_operator to 2022-01-01 00:00:00+00:00, run_after=2022-01-01 00:00:00+00:00
[2026-04-28T12:36:46.369+0000] {logging_mixin.py:188} INFO - [2026-04-28T12:36:46.369+0000] {dag.py:3834} INFO - Setting next_dagrun for example_subdag_operator.section-1 to None, run_after=None
[2026-04-28T12:36:46.370+0000] {logging_mixin.py:188} INFO - [2026-04-28T12:36:46.370+0000] {dag.py:3834} INFO - Setting next_dagrun for example_subdag_operator.section-2 to None, run_after=None
[2026-04-28T12:36:46.375+0000] {logging_mixin.py:188} INFO - [2026-04-28T12:36:46.375+0000] {dag.py:3047} INFO - Sync 2 DAGs
[2026-04-28T12:36:46.379+0000] {logging_mixin.py:188} INFO - [2026-04-28T12:36:46.379+0000] {dag.py:3834} INFO - Setting next_dagrun for example_subdag_operator.section-1 to None, run_after=None
[2026-04-28T12:36:46.379+0000] {logging_mixin.py:188} INFO - [2026-04-28T12:36:46.379+0000] {dag.py:3834} INFO - Setting next_dagrun for example_subdag_operator.section-2 to None, run_after=None
[2026-04-28T12:36:46.387+0000] {processor.py:183} INFO - Processing /home/airflow/.local/lib/python3.8/site-packages/airflow/example_dags/example_subdag_operator.py took 0.097 seconds
[2026-04-28T12:37:16.792+0000] {processor.py:161} INFO - Started process (PID=2848) to work on /home/airflow/.local/lib/python3.8/site-packages/airflow/example_dags/example_subdag_operator.py
[2026-04-28T12:37:16.793+0000] {processor.py:830} INFO - Processing file /home/airflow/.local/lib/python3.8/site-packages/airflow/example_dags/example_subdag_operator.py for tasks to queue
[2026-04-28T12:37:16.795+0000] {logging_mixin.py:188} INFO - [2026-04-28T12:37:16.795+0000] {dagbag.py:540} INFO - Filling up the DagBag from /home/airflow/.local/lib/python3.8/site-packages/airflow/example_dags/example_subdag_operator.py
[2026-04-28T12:37:16.821+0000] {processor.py:840} INFO - DAG(s) 'example_subdag_operator.section-1', 'example_subdag_operator.section-2', 'example_subdag_operator' retrieved from /home/airflow/.local/lib/python3.8/site-packages/airflow/example_dags/example_subdag_operator.py
[2026-04-28T12:37:16.839+0000] {logging_mixin.py:188} INFO - [2026-04-28T12:37:16.839+0000] {dag.py:3047} INFO - Sync 3 DAGs
[2026-04-28T12:37:16.861+0000] {logging_mixin.py:188} INFO - [2026-04-28T12:37:16.861+0000] {dag.py:3834} INFO - Setting next_dagrun for example_subdag_operator to 2022-01-01 00:00:00+00:00, run_after=2022-01-01 00:00:00+00:00
[2026-04-28T12:37:16.865+0000] {logging_mixin.py:188} INFO - [2026-04-28T12:37:16.865+0000] {dag.py:3834} INFO - Setting next_dagrun for example_subdag_operator.section-1 to None, run_after=None
[2026-04-28T12:37:16.866+0000] {logging_mixin.py:188} INFO - [2026-04-28T12:37:16.866+0000] {dag.py:3834} INFO - Setting next_dagrun for example_subdag_operator.section-2 to None, run_after=None
[2026-04-28T12:37:16.872+0000] {logging_mixin.py:188} INFO - [2026-04-28T12:37:16.872+0000] {dag.py:3047} INFO - Sync 2 DAGs
[2026-04-28T12:37:16.876+0000] {logging_mixin.py:188} INFO - [2026-04-28T12:37:16.876+0000] {dag.py:3834} INFO - Setting next_dagrun for example_subdag_operator.section-1 to None, run_after=None
[2026-04-28T12:37:16.876+0000] {logging_mixin.py:188} INFO - [2026-04-28T12:37:16.876+0000] {dag.py:3834} INFO - Setting next_dagrun for example_subdag_operator.section-2 to None, run_after=None
[2026-04-28T12:37:16.885+0000] {processor.py:183} INFO - Processing /home/airflow/.local/lib/python3.8/site-packages/airflow/example_dags/example_subdag_operator.py took 0.097 seconds
[2026-04-28T12:37:47.736+0000] {processor.py:161} INFO - Started process (PID=2904) to work on /home/airflow/.local/lib/python3.8/site-packages/airflow/example_dags/example_subdag_operator.py
[2026-04-28T12:37:47.737+0000] {processor.py:830} INFO - Processing file /home/airflow/.local/lib/python3.8/site-packages/airflow/example_dags/example_subdag_operator.py for tasks to queue
[2026-04-28T12:37:47.742+0000] {logging_mixin.py:188} INFO - [2026-04-28T12:37:47.742+0000] {dagbag.py:540} INFO - Filling up the DagBag from /home/airflow/.local/lib/python3.8/site-packages/airflow/example_dags/example_subdag_operator.py
[2026-04-28T12:37:47.784+0000] {processor.py:840} INFO - DAG(s) 'example_subdag_operator.section-1', 'example_subdag_operator.section-2', 'example_subdag_operator' retrieved from /home/airflow/.local/lib/python3.8/site-packages/airflow/example_dags/example_subdag_operator.py
[2026-04-28T12:37:47.803+0000] {logging_mixin.py:188} INFO - [2026-04-28T12:37:47.803+0000] {dag.py:3047} INFO - Sync 3 DAGs
[2026-04-28T12:37:47.819+0000] {logging_mixin.py:188} INFO - [2026-04-28T12:37:47.819+0000] {dag.py:3834} INFO - Setting next_dagrun for example_subdag_operator to 2022-01-01 00:00:00+00:00, run_after=2022-01-01 00:00:00+00:00
[2026-04-28T12:37:47.822+0000] {logging_mixin.py:188} INFO - [2026-04-28T12:37:47.822+0000] {dag.py:3834} INFO - Setting next_dagrun for example_subdag_operator.section-1 to None, run_after=None
[2026-04-28T12:37:47.823+0000] {logging_mixin.py:188} INFO - [2026-04-28T12:37:47.823+0000] {dag.py:3834} INFO - Setting next_dagrun for example_subdag_operator.section-2 to None, run_after=None
[2026-04-28T12:37:47.828+0000] {logging_mixin.py:188} INFO - [2026-04-28T12:37:47.828+0000] {dag.py:3047} INFO - Sync 2 DAGs
[2026-04-28T12:37:47.832+0000] {logging_mixin.py:188} INFO - [2026-04-28T12:37:47.831+0000] {dag.py:3834} INFO - Setting next_dagrun for example_subdag_operator.section-1 to None, run_after=None
[2026-04-28T12:37:47.832+0000] {logging_mixin.py:188} INFO - [2026-04-28T12:37:47.832+0000] {dag.py:3834} INFO - Setting next_dagrun for example_subdag_operator.section-2 to None, run_after=None
[2026-04-28T12:37:47.839+0000] {processor.py:183} INFO - Processing /home/airflow/.local/lib/python3.8/site-packages/airflow/example_dags/example_subdag_operator.py took 0.107 seconds
[2026-04-28T12:38:18.366+0000] {processor.py:161} INFO - Started process (PID=2960) to work on /home/airflow/.local/lib/python3.8/site-packages/airflow/example_dags/example_subdag_operator.py
[2026-04-28T12:38:18.367+0000] {processor.py:830} INFO - Processing file /home/airflow/.local/lib/python3.8/site-packages/airflow/example_dags/example_subdag_operator.py for tasks to queue
[2026-04-28T12:38:18.369+0000] {logging_mixin.py:188} INFO - [2026-04-28T12:38:18.369+0000] {dagbag.py:540} INFO - Filling up the DagBag from /home/airflow/.local/lib/python3.8/site-packages/airflow/example_dags/example_subdag_operator.py
[2026-04-28T12:38:18.396+0000] {processor.py:840} INFO - DAG(s) 'example_subdag_operator.section-1', 'example_subdag_operator.section-2', 'example_subdag_operator' retrieved from /home/airflow/.local/lib/python3.8/site-packages/airflow/example_dags/example_subdag_operator.py
[2026-04-28T12:38:18.414+0000] {logging_mixin.py:188} INFO - [2026-04-28T12:38:18.413+0000] {dag.py:3047} INFO - Sync 3 DAGs
[2026-04-28T12:38:18.437+0000] {logging_mixin.py:188} INFO - [2026-04-28T12:38:18.437+0000] {dag.py:3834} INFO - Setting next_dagrun for example_subdag_operator to 2022-01-01 00:00:00+00:00, run_after=2022-01-01 00:00:00+00:00
[2026-04-28T12:38:18.440+0000] {logging_mixin.py:188} INFO - [2026-04-28T12:38:18.440+0000] {dag.py:3834} INFO - Setting next_dagrun for example_subdag_operator.section-1 to None, run_after=None
[2026-04-28T12:38:18.442+0000] {logging_mixin.py:188} INFO - [2026-04-28T12:38:18.441+0000] {dag.py:3834} INFO - Setting next_dagrun for example_subdag_operator.section-2 to None, run_after=None
[2026-04-28T12:38:18.448+0000] {logging_mixin.py:188} INFO - [2026-04-28T12:38:18.448+0000] {dag.py:3047} INFO - Sync 2 DAGs
[2026-04-28T12:38:18.451+0000] {logging_mixin.py:188} INFO - [2026-04-28T12:38:18.451+0000] {dag.py:3834} INFO - Setting next_dagrun for example_subdag_operator.section-1 to None, run_after=None
[2026-04-28T12:38:18.452+0000] {logging_mixin.py:188} INFO - [2026-04-28T12:38:18.452+0000] {dag.py:3834} INFO - Setting next_dagrun for example_subdag_operator.section-2 to None, run_after=None
[2026-04-28T12:38:18.459+0000] {processor.py:183} INFO - Processing /home/airflow/.local/lib/python3.8/site-packages/airflow/example_dags/example_subdag_operator.py took 0.097 seconds
[2026-04-28T12:38:49.049+0000] {processor.py:161} INFO - Started process (PID=3016) to work on /home/airflow/.local/lib/python3.8/site-packages/airflow/example_dags/example_subdag_operator.py
[2026-04-28T12:38:49.050+0000] {processor.py:830} INFO - Processing file /home/airflow/.local/lib/python3.8/site-packages/airflow/example_dags/example_subdag_operator.py for tasks to queue
[2026-04-28T12:38:49.052+0000] {logging_mixin.py:188} INFO - [2026-04-28T12:38:49.051+0000] {dagbag.py:540} INFO - Filling up the DagBag from /home/airflow/.local/lib/python3.8/site-packages/airflow/example_dags/example_subdag_operator.py
[2026-04-28T12:38:49.074+0000] {processor.py:840} INFO - DAG(s) 'example_subdag_operator.section-1', 'example_subdag_operator.section-2', 'example_subdag_operator' retrieved from /home/airflow/.local/lib/python3.8/site-packages/airflow/example_dags/example_subdag_operator.py
[2026-04-28T12:38:49.086+0000] {logging_mixin.py:188} INFO - [2026-04-28T12:38:49.086+0000] {dag.py:3047} INFO - Sync 3 DAGs
[2026-04-28T12:38:49.102+0000] {logging_mixin.py:188} INFO - [2026-04-28T12:38:49.102+0000] {dag.py:3834} INFO - Setting next_dagrun for example_subdag_operator to 2022-01-01 00:00:00+00:00, run_after=2022-01-01 00:00:00+00:00
[2026-04-28T12:38:49.105+0000] {logging_mixin.py:188} INFO - [2026-04-28T12:38:49.105+0000] {dag.py:3834} INFO - Setting next_dagrun for example_subdag_operator.section-1 to None, run_after=None
[2026-04-28T12:38:49.106+0000] {logging_mixin.py:188} INFO - [2026-04-28T12:38:49.106+0000] {dag.py:3834} INFO - Setting next_dagrun for example_subdag_operator.section-2 to None, run_after=None
[2026-04-28T12:38:49.111+0000] {logging_mixin.py:188} INFO - [2026-04-28T12:38:49.111+0000] {dag.py:3047} INFO - Sync 2 DAGs
[2026-04-28T12:38:49.114+0000] {logging_mixin.py:188} INFO - [2026-04-28T12:38:49.114+0000] {dag.py:3834} INFO - Setting next_dagrun for example_subdag_operator.section-1 to None, run_after=None
[2026-04-28T12:38:49.115+0000] {logging_mixin.py:188} INFO - [2026-04-28T12:38:49.114+0000] {dag.py:3834} INFO - Setting next_dagrun for example_subdag_operator.section-2 to None, run_after=None
[2026-04-28T12:38:49.122+0000] {processor.py:183} INFO - Processing /home/airflow/.local/lib/python3.8/site-packages/airflow/example_dags/example_subdag_operator.py took 0.078 seconds
[2026-04-28T12:39:19.446+0000] {processor.py:161} INFO - Started process (PID=3072) to work on /home/airflow/.local/lib/python3.8/site-packages/airflow/example_dags/example_subdag_operator.py
[2026-04-28T12:39:19.447+0000] {processor.py:830} INFO - Processing file /home/airflow/.local/lib/python3.8/site-packages/airflow/example_dags/example_subdag_operator.py for tasks to queue
[2026-04-28T12:39:19.448+0000] {logging_mixin.py:188} INFO - [2026-04-28T12:39:19.448+0000] {dagbag.py:540} INFO - Filling up the DagBag from /home/airflow/.local/lib/python3.8/site-packages/airflow/example_dags/example_subdag_operator.py
[2026-04-28T12:39:19.468+0000] {processor.py:840} INFO - DAG(s) 'example_subdag_operator.section-1', 'example_subdag_operator.section-2', 'example_subdag_operator' retrieved from /home/airflow/.local/lib/python3.8/site-packages/airflow/example_dags/example_subdag_operator.py
[2026-04-28T12:39:19.480+0000] {logging_mixin.py:188} INFO - [2026-04-28T12:39:19.480+0000] {dag.py:3047} INFO - Sync 3 DAGs
[2026-04-28T12:39:19.496+0000] {logging_mixin.py:188} INFO - [2026-04-28T12:39:19.496+0000] {dag.py:3834} INFO - Setting next_dagrun for example_subdag_operator to 2022-01-01 00:00:00+00:00, run_after=2022-01-01 00:00:00+00:00
[2026-04-28T12:39:19.499+0000] {logging_mixin.py:188} INFO - [2026-04-28T12:39:19.498+0000] {dag.py:3834} INFO - Setting next_dagrun for example_subdag_operator.section-1 to None, run_after=None
[2026-04-28T12:39:19.499+0000] {logging_mixin.py:188} INFO - [2026-04-28T12:39:19.499+0000] {dag.py:3834} INFO - Setting next_dagrun for example_subdag_operator.section-2 to None, run_after=None
[2026-04-28T12:39:19.504+0000] {logging_mixin.py:188} INFO - [2026-04-28T12:39:19.504+0000] {dag.py:3047} INFO - Sync 2 DAGs
[2026-04-28T12:39:19.508+0000] {logging_mixin.py:188} INFO - [2026-04-28T12:39:19.508+0000] {dag.py:3834} INFO - Setting next_dagrun for example_subdag_operator.section-1 to None, run_after=None
[2026-04-28T12:39:19.508+0000] {logging_mixin.py:188} INFO - [2026-04-28T12:39:19.508+0000] {dag.py:3834} INFO - Setting next_dagrun for example_subdag_operator.section-2 to None, run_after=None
[2026-04-28T12:39:19.516+0000] {processor.py:183} INFO - Processing /home/airflow/.local/lib/python3.8/site-packages/airflow/example_dags/example_subdag_operator.py took 0.073 seconds
[2026-04-28T12:39:49.959+0000] {processor.py:161} INFO - Started process (PID=3128) to work on /home/airflow/.local/lib/python3.8/site-packages/airflow/example_dags/example_subdag_operator.py
[2026-04-28T12:39:49.960+0000] {processor.py:830} INFO - Processing file /home/airflow/.local/lib/python3.8/site-packages/airflow/example_dags/example_subdag_operator.py for tasks to queue
[2026-04-28T12:39:49.962+0000] {logging_mixin.py:188} INFO - [2026-04-28T12:39:49.961+0000] {dagbag.py:540} INFO - Filling up the DagBag from /home/airflow/.local/lib/python3.8/site-packages/airflow/example_dags/example_subdag_operator.py
[2026-04-28T12:39:49.987+0000] {processor.py:840} INFO - DAG(s) 'example_subdag_operator.section-1', 'example_subdag_operator.section-2', 'example_subdag_operator' retrieved from /home/airflow/.local/lib/python3.8/site-packages/airflow/example_dags/example_subdag_operator.py
[2026-04-28T12:39:50.005+0000] {logging_mixin.py:188} INFO - [2026-04-28T12:39:50.005+0000] {dag.py:3047} INFO - Sync 3 DAGs
[2026-04-28T12:39:50.029+0000] {logging_mixin.py:188} INFO - [2026-04-28T12:39:50.029+0000] {dag.py:3834} INFO - Setting next_dagrun for example_subdag_operator to 2022-01-01 00:00:00+00:00, run_after=2022-01-01 00:00:00+00:00
[2026-04-28T12:39:50.033+0000] {logging_mixin.py:188} INFO - [2026-04-28T12:39:50.033+0000] {dag.py:3834} INFO - Setting next_dagrun for example_subdag_operator.section-1 to None, run_after=None
[2026-04-28T12:39:50.034+0000] {logging_mixin.py:188} INFO - [2026-04-28T12:39:50.034+0000] {dag.py:3834} INFO - Setting next_dagrun for example_subdag_operator.section-2 to None, run_after=None
[2026-04-28T12:39:50.041+0000] {logging_mixin.py:188} INFO - [2026-04-28T12:39:50.041+0000] {dag.py:3047} INFO - Sync 2 DAGs
[2026-04-28T12:39:50.046+0000] {logging_mixin.py:188} INFO - [2026-04-28T12:39:50.046+0000] {dag.py:3834} INFO - Setting next_dagrun for example_subdag_operator.section-1 to None, run_after=None
[2026-04-28T12:39:50.046+0000] {logging_mixin.py:188} INFO - [2026-04-28T12:39:50.046+0000] {dag.py:3834} INFO - Setting next_dagrun for example_subdag_operator.section-2 to None, run_after=None
[2026-04-28T12:39:50.055+0000] {processor.py:183} INFO - Processing /home/airflow/.local/lib/python3.8/site-packages/airflow/example_dags/example_subdag_operator.py took 0.100 seconds
[2026-04-28T12:40:20.378+0000] {processor.py:161} INFO - Started process (PID=3184) to work on /home/airflow/.local/lib/python3.8/site-packages/airflow/example_dags/example_subdag_operator.py
[2026-04-28T12:40:20.379+0000] {processor.py:830} INFO - Processing file /home/airflow/.local/lib/python3.8/site-packages/airflow/example_dags/example_subdag_operator.py for tasks to queue
[2026-04-28T12:40:20.381+0000] {logging_mixin.py:188} INFO - [2026-04-28T12:40:20.381+0000] {dagbag.py:540} INFO - Filling up the DagBag from /home/airflow/.local/lib/python3.8/site-packages/airflow/example_dags/example_subdag_operator.py
[2026-04-28T12:40:20.407+0000] {processor.py:840} INFO - DAG(s) 'example_subdag_operator.section-1', 'example_subdag_operator.section-2', 'example_subdag_operator' retrieved from /home/airflow/.local/lib/python3.8/site-packages/airflow/example_dags/example_subdag_operator.py
[2026-04-28T12:40:20.425+0000] {logging_mixin.py:188} INFO - [2026-04-28T12:40:20.424+0000] {dag.py:3047} INFO - Sync 3 DAGs
[2026-04-28T12:40:20.449+0000] {logging_mixin.py:188} INFO - [2026-04-28T12:40:20.448+0000] {dag.py:3834} INFO - Setting next_dagrun for example_subdag_operator to 2022-01-01 00:00:00+00:00, run_after=2022-01-01 00:00:00+00:00
[2026-04-28T12:40:20.452+0000] {logging_mixin.py:188} INFO - [2026-04-28T12:40:20.452+0000] {dag.py:3834} INFO - Setting next_dagrun for example_subdag_operator.section-1 to None, run_after=None
[2026-04-28T12:40:20.453+0000] {logging_mixin.py:188} INFO - [2026-04-28T12:40:20.453+0000] {dag.py:3834} INFO - Setting next_dagrun for example_subdag_operator.section-2 to None, run_after=None
[2026-04-28T12:40:20.459+0000] {logging_mixin.py:188} INFO - [2026-04-28T12:40:20.459+0000] {dag.py:3047} INFO - Sync 2 DAGs
[2026-04-28T12:40:20.463+0000] {logging_mixin.py:188} INFO - [2026-04-28T12:40:20.463+0000] {dag.py:3834} INFO - Setting next_dagrun for example_subdag_operator.section-1 to None, run_after=None
[2026-04-28T12:40:20.463+0000] {logging_mixin.py:188} INFO - [2026-04-28T12:40:20.463+0000] {dag.py:3834} INFO - Setting next_dagrun for example_subdag_operator.section-2 to None, run_after=None
[2026-04-28T12:40:20.471+0000] {processor.py:183} INFO - Processing /home/airflow/.local/lib/python3.8/site-packages/airflow/example_dags/example_subdag_operator.py took 0.097 seconds
[2026-04-28T12:40:51.293+0000] {processor.py:161} INFO - Started process (PID=3240) to work on /home/airflow/.local/lib/python3.8/site-packages/airflow/example_dags/example_subdag_operator.py
[2026-04-28T12:40:51.294+0000] {processor.py:830} INFO - Processing file /home/airflow/.local/lib/python3.8/site-packages/airflow/example_dags/example_subdag_operator.py for tasks to queue
[2026-04-28T12:40:51.296+0000] {logging_mixin.py:188} INFO - [2026-04-28T12:40:51.296+0000] {dagbag.py:540} INFO - Filling up the DagBag from /home/airflow/.local/lib/python3.8/site-packages/airflow/example_dags/example_subdag_operator.py
[2026-04-28T12:40:51.322+0000] {processor.py:840} INFO - DAG(s) 'example_subdag_operator.section-1', 'example_subdag_operator.section-2', 'example_subdag_operator' retrieved from /home/airflow/.local/lib/python3.8/site-packages/airflow/example_dags/example_subdag_operator.py
[2026-04-28T12:40:51.340+0000] {logging_mixin.py:188} INFO - [2026-04-28T12:40:51.340+0000] {dag.py:3047} INFO - Sync 3 DAGs
[2026-04-28T12:40:51.364+0000] {logging_mixin.py:188} INFO - [2026-04-28T12:40:51.364+0000] {dag.py:3834} INFO - Setting next_dagrun for example_subdag_operator to 2022-01-01 00:00:00+00:00, run_after=2022-01-01 00:00:00+00:00
[2026-04-28T12:40:51.367+0000] {logging_mixin.py:188} INFO - [2026-04-28T12:40:51.367+0000] {dag.py:3834} INFO - Setting next_dagrun for example_subdag_operator.section-1 to None, run_after=None
[2026-04-28T12:40:51.369+0000] {logging_mixin.py:188} INFO - [2026-04-28T12:40:51.368+0000] {dag.py:3834} INFO - Setting next_dagrun for example_subdag_operator.section-2 to None, run_after=None
[2026-04-28T12:40:51.375+0000] {logging_mixin.py:188} INFO - [2026-04-28T12:40:51.375+0000] {dag.py:3047} INFO - Sync 2 DAGs
[2026-04-28T12:40:51.380+0000] {logging_mixin.py:188} INFO - [2026-04-28T12:40:51.379+0000] {dag.py:3834} INFO - Setting next_dagrun for example_subdag_operator.section-1 to None, run_after=None
[2026-04-28T12:40:51.380+0000] {logging_mixin.py:188} INFO - [2026-04-28T12:40:51.380+0000] {dag.py:3834} INFO - Setting next_dagrun for example_subdag_operator.section-2 to None, run_after=None
[2026-04-28T12:40:51.388+0000] {processor.py:183} INFO - Processing /home/airflow/.local/lib/python3.8/site-packages/airflow/example_dags/example_subdag_operator.py took 0.098 seconds
[2026-04-28T12:41:21.717+0000] {processor.py:161} INFO - Started process (PID=3296) to work on /home/airflow/.local/lib/python3.8/site-packages/airflow/example_dags/example_subdag_operator.py
[2026-04-28T12:41:21.719+0000] {processor.py:830} INFO - Processing file /home/airflow/.local/lib/python3.8/site-packages/airflow/example_dags/example_subdag_operator.py for tasks to queue
[2026-04-28T12:41:21.721+0000] {logging_mixin.py:188} INFO - [2026-04-28T12:41:21.720+0000] {dagbag.py:540} INFO - Filling up the DagBag from /home/airflow/.local/lib/python3.8/site-packages/airflow/example_dags/example_subdag_operator.py
[2026-04-28T12:41:21.750+0000] {processor.py:840} INFO - DAG(s) 'example_subdag_operator.section-1', 'example_subdag_operator.section-2', 'example_subdag_operator' retrieved from /home/airflow/.local/lib/python3.8/site-packages/airflow/example_dags/example_subdag_operator.py
[2026-04-28T12:41:21.768+0000] {logging_mixin.py:188} INFO - [2026-04-28T12:41:21.767+0000] {dag.py:3047} INFO - Sync 3 DAGs
[2026-04-28T12:41:21.786+0000] {logging_mixin.py:188} INFO - [2026-04-28T12:41:21.786+0000] {dag.py:3834} INFO - Setting next_dagrun for example_subdag_operator to 2022-01-01 00:00:00+00:00, run_after=2022-01-01 00:00:00+00:00
[2026-04-28T12:41:21.788+0000] {logging_mixin.py:188} INFO - [2026-04-28T12:41:21.788+0000] {dag.py:3834} INFO - Setting next_dagrun for example_subdag_operator.section-1 to None, run_after=None
[2026-04-28T12:41:21.789+0000] {logging_mixin.py:188} INFO - [2026-04-28T12:41:21.789+0000] {dag.py:3834} INFO - Setting next_dagrun for example_subdag_operator.section-2 to None, run_after=None
[2026-04-28T12:41:21.794+0000] {logging_mixin.py:188} INFO - [2026-04-28T12:41:21.794+0000] {dag.py:3047} INFO - Sync 2 DAGs
[2026-04-28T12:41:21.798+0000] {logging_mixin.py:188} INFO - [2026-04-28T12:41:21.798+0000] {dag.py:3834} INFO - Setting next_dagrun for example_subdag_operator.section-1 to None, run_after=None
[2026-04-28T12:41:21.798+0000] {logging_mixin.py:188} INFO - [2026-04-28T12:41:21.798+0000] {dag.py:3834} INFO - Setting next_dagrun for example_subdag_operator.section-2 to None, run_after=None
[2026-04-28T12:41:21.806+0000] {processor.py:183} INFO - Processing /home/airflow/.local/lib/python3.8/site-packages/airflow/example_dags/example_subdag_operator.py took 0.094 seconds
[2026-04-28T12:41:52.118+0000] {processor.py:161} INFO - Started process (PID=3352) to work on /home/airflow/.local/lib/python3.8/site-packages/airflow/example_dags/example_subdag_operator.py
[2026-04-28T12:41:52.119+0000] {processor.py:830} INFO - Processing file /home/airflow/.local/lib/python3.8/site-packages/airflow/example_dags/example_subdag_operator.py for tasks to queue
[2026-04-28T12:41:52.123+0000] {logging_mixin.py:188} INFO - [2026-04-28T12:41:52.123+0000] {dagbag.py:540} INFO - Filling up the DagBag from /home/airflow/.local/lib/python3.8/site-packages/airflow/example_dags/example_subdag_operator.py
[2026-04-28T12:41:52.165+0000] {processor.py:840} INFO - DAG(s) 'example_subdag_operator.section-1', 'example_subdag_operator.section-2', 'example_subdag_operator' retrieved from /home/airflow/.local/lib/python3.8/site-packages/airflow/example_dags/example_subdag_operator.py
[2026-04-28T12:41:52.183+0000] {logging_mixin.py:188} INFO - [2026-04-28T12:41:52.183+0000] {dag.py:3047} INFO - Sync 3 DAGs
[2026-04-28T12:41:52.203+0000] {logging_mixin.py:188} INFO - [2026-04-28T12:41:52.203+0000] {dag.py:3834} INFO - Setting next_dagrun for example_subdag_operator to 2022-01-01 00:00:00+00:00, run_after=2022-01-01 00:00:00+00:00
[2026-04-28T12:41:52.205+0000] {logging_mixin.py:188} INFO - [2026-04-28T12:41:52.205+0000] {dag.py:3834} INFO - Setting next_dagrun for example_subdag_operator.section-1 to None, run_after=None
[2026-04-28T12:41:52.206+0000] {logging_mixin.py:188} INFO - [2026-04-28T12:41:52.206+0000] {dag.py:3834} INFO - Setting next_dagrun for example_subdag_operator.section-2 to None, run_after=None
[2026-04-28T12:41:52.211+0000] {logging_mixin.py:188} INFO - [2026-04-28T12:41:52.211+0000] {dag.py:3047} INFO - Sync 2 DAGs
[2026-04-28T12:41:52.215+0000] {logging_mixin.py:188} INFO - [2026-04-28T12:41:52.215+0000] {dag.py:3834} INFO - Setting next_dagrun for example_subdag_operator.section-1 to None, run_after=None
[2026-04-28T12:41:52.215+0000] {logging_mixin.py:188} INFO - [2026-04-28T12:41:52.215+0000] {dag.py:3834} INFO - Setting next_dagrun for example_subdag_operator.section-2 to None, run_after=None
[2026-04-28T12:41:52.223+0000] {processor.py:183} INFO - Processing /home/airflow/.local/lib/python3.8/site-packages/airflow/example_dags/example_subdag_operator.py took 0.108 seconds
[2026-04-28T12:42:23.325+0000] {processor.py:161} INFO - Started process (PID=3408) to work on /home/airflow/.local/lib/python3.8/site-packages/airflow/example_dags/example_subdag_operator.py
[2026-04-28T12:42:23.328+0000] {processor.py:830} INFO - Processing file /home/airflow/.local/lib/python3.8/site-packages/airflow/example_dags/example_subdag_operator.py for tasks to queue
[2026-04-28T12:42:23.333+0000] {logging_mixin.py:188} INFO - [2026-04-28T12:42:23.332+0000] {dagbag.py:540} INFO - Filling up the DagBag from /home/airflow/.local/lib/python3.8/site-packages/airflow/example_dags/example_subdag_operator.py
[2026-04-28T12:42:23.391+0000] {processor.py:840} INFO - DAG(s) 'example_subdag_operator.section-1', 'example_subdag_operator.section-2', 'example_subdag_operator' retrieved from /home/airflow/.local/lib/python3.8/site-packages/airflow/example_dags/example_subdag_operator.py
[2026-04-28T12:42:23.428+0000] {logging_mixin.py:188} INFO - [2026-04-28T12:42:23.428+0000] {dag.py:3047} INFO - Sync 3 DAGs
[2026-04-28T12:42:23.469+0000] {logging_mixin.py:188} INFO - [2026-04-28T12:42:23.468+0000] {dag.py:3834} INFO - Setting next_dagrun for example_subdag_operator to 2022-01-01 00:00:00+00:00, run_after=2022-01-01 00:00:00+00:00
[2026-04-28T12:42:23.479+0000] {logging_mixin.py:188} INFO - [2026-04-28T12:42:23.479+0000] {dag.py:3834} INFO - Setting next_dagrun for example_subdag_operator.section-1 to None, run_after=None
[2026-04-28T12:42:23.483+0000] {logging_mixin.py:188} INFO - [2026-04-28T12:42:23.482+0000] {dag.py:3834} INFO - Setting next_dagrun for example_subdag_operator.section-2 to None, run_after=None
[2026-04-28T12:42:23.499+0000] {logging_mixin.py:188} INFO - [2026-04-28T12:42:23.499+0000] {dag.py:3047} INFO - Sync 2 DAGs
[2026-04-28T12:42:23.515+0000] {logging_mixin.py:188} INFO - [2026-04-28T12:42:23.514+0000] {dag.py:3834} INFO - Setting next_dagrun for example_subdag_operator.section-1 to None, run_after=None
[2026-04-28T12:42:23.515+0000] {logging_mixin.py:188} INFO - [2026-04-28T12:42:23.515+0000] {dag.py:3834} INFO - Setting next_dagrun for example_subdag_operator.section-2 to None, run_after=None
[2026-04-28T12:42:23.543+0000] {processor.py:183} INFO - Processing /home/airflow/.local/lib/python3.8/site-packages/airflow/example_dags/example_subdag_operator.py took 0.227 seconds
[2026-04-28T12:42:54.304+0000] {processor.py:161} INFO - Started process (PID=3464) to work on /home/airflow/.local/lib/python3.8/site-packages/airflow/example_dags/example_subdag_operator.py
[2026-04-28T12:42:54.305+0000] {processor.py:830} INFO - Processing file /home/airflow/.local/lib/python3.8/site-packages/airflow/example_dags/example_subdag_operator.py for tasks to queue
[2026-04-28T12:42:54.307+0000] {logging_mixin.py:188} INFO - [2026-04-28T12:42:54.307+0000] {dagbag.py:540} INFO - Filling up the DagBag from /home/airflow/.local/lib/python3.8/site-packages/airflow/example_dags/example_subdag_operator.py
[2026-04-28T12:42:54.339+0000] {processor.py:840} INFO - DAG(s) 'example_subdag_operator.section-1', 'example_subdag_operator.section-2', 'example_subdag_operator' retrieved from /home/airflow/.local/lib/python3.8/site-packages/airflow/example_dags/example_subdag_operator.py
[2026-04-28T12:42:54.358+0000] {logging_mixin.py:188} INFO - [2026-04-28T12:42:54.358+0000] {dag.py:3047} INFO - Sync 3 DAGs
[2026-04-28T12:42:54.383+0000] {logging_mixin.py:188} INFO - [2026-04-28T12:42:54.383+0000] {dag.py:3834} INFO - Setting next_dagrun for example_subdag_operator to 2022-01-01 00:00:00+00:00, run_after=2022-01-01 00:00:00+00:00
[2026-04-28T12:42:54.387+0000] {logging_mixin.py:188} INFO - [2026-04-28T12:42:54.387+0000] {dag.py:3834} INFO - Setting next_dagrun for example_subdag_operator.section-1 to None, run_after=None
[2026-04-28T12:42:54.389+0000] {logging_mixin.py:188} INFO - [2026-04-28T12:42:54.388+0000] {dag.py:3834} INFO - Setting next_dagrun for example_subdag_operator.section-2 to None, run_after=None
[2026-04-28T12:42:54.398+0000] {logging_mixin.py:188} INFO - [2026-04-28T12:42:54.398+0000] {dag.py:3047} INFO - Sync 2 DAGs
[2026-04-28T12:42:54.412+0000] {logging_mixin.py:188} INFO - [2026-04-28T12:42:54.411+0000] {dag.py:3834} INFO - Setting next_dagrun for example_subdag_operator.section-1 to None, run_after=None
[2026-04-28T12:42:54.412+0000] {logging_mixin.py:188} INFO - [2026-04-28T12:42:54.412+0000] {dag.py:3834} INFO - Setting next_dagrun for example_subdag_operator.section-2 to None, run_after=None
[2026-04-28T12:42:54.423+0000] {processor.py:183} INFO - Processing /home/airflow/.local/lib/python3.8/site-packages/airflow/example_dags/example_subdag_operator.py took 0.122 seconds
[2026-04-28T12:43:24.591+0000] {processor.py:161} INFO - Started process (PID=3520) to work on /home/airflow/.local/lib/python3.8/site-packages/airflow/example_dags/example_subdag_operator.py
[2026-04-28T12:43:24.591+0000] {processor.py:830} INFO - Processing file /home/airflow/.local/lib/python3.8/site-packages/airflow/example_dags/example_subdag_operator.py for tasks to queue
[2026-04-28T12:43:24.593+0000] {logging_mixin.py:188} INFO - [2026-04-28T12:43:24.593+0000] {dagbag.py:540} INFO - Filling up the DagBag from /home/airflow/.local/lib/python3.8/site-packages/airflow/example_dags/example_subdag_operator.py
[2026-04-28T12:43:24.612+0000] {processor.py:840} INFO - DAG(s) 'example_subdag_operator.section-1', 'example_subdag_operator.section-2', 'example_subdag_operator' retrieved from /home/airflow/.local/lib/python3.8/site-packages/airflow/example_dags/example_subdag_operator.py
[2026-04-28T12:43:24.624+0000] {logging_mixin.py:188} INFO - [2026-04-28T12:43:24.624+0000] {dag.py:3047} INFO - Sync 3 DAGs
[2026-04-28T12:43:24.641+0000] {logging_mixin.py:188} INFO - [2026-04-28T12:43:24.641+0000] {dag.py:3834} INFO - Setting next_dagrun for example_subdag_operator to 2022-01-01 00:00:00+00:00, run_after=2022-01-01 00:00:00+00:00
[2026-04-28T12:43:24.644+0000] {logging_mixin.py:188} INFO - [2026-04-28T12:43:24.644+0000] {dag.py:3834} INFO - Setting next_dagrun for example_subdag_operator.section-1 to None, run_after=None
[2026-04-28T12:43:24.645+0000] {logging_mixin.py:188} INFO - [2026-04-28T12:43:24.645+0000] {dag.py:3834} INFO - Setting next_dagrun for example_subdag_operator.section-2 to None, run_after=None
[2026-04-28T12:43:24.650+0000] {logging_mixin.py:188} INFO - [2026-04-28T12:43:24.650+0000] {dag.py:3047} INFO - Sync 2 DAGs
[2026-04-28T12:43:24.654+0000] {logging_mixin.py:188} INFO - [2026-04-28T12:43:24.654+0000] {dag.py:3834} INFO - Setting next_dagrun for example_subdag_operator.section-1 to None, run_after=None
[2026-04-28T12:43:24.655+0000] {logging_mixin.py:188} INFO - [2026-04-28T12:43:24.655+0000] {dag.py:3834} INFO - Setting next_dagrun for example_subdag_operator.section-2 to None, run_after=None
[2026-04-28T12:43:24.662+0000] {processor.py:183} INFO - Processing /home/airflow/.local/lib/python3.8/site-packages/airflow/example_dags/example_subdag_operator.py took 0.075 seconds
[2026-04-28T12:43:55.118+0000] {processor.py:161} INFO - Started process (PID=3575) to work on /home/airflow/.local/lib/python3.8/site-packages/airflow/example_dags/example_subdag_operator.py
[2026-04-28T12:43:55.119+0000] {processor.py:830} INFO - Processing file /home/airflow/.local/lib/python3.8/site-packages/airflow/example_dags/example_subdag_operator.py for tasks to queue
[2026-04-28T12:43:55.121+0000] {logging_mixin.py:188} INFO - [2026-04-28T12:43:55.121+0000] {dagbag.py:540} INFO - Filling up the DagBag from /home/airflow/.local/lib/python3.8/site-packages/airflow/example_dags/example_subdag_operator.py
[2026-04-28T12:43:55.145+0000] {processor.py:840} INFO - DAG(s) 'example_subdag_operator.section-1', 'example_subdag_operator.section-2', 'example_subdag_operator' retrieved from /home/airflow/.local/lib/python3.8/site-packages/airflow/example_dags/example_subdag_operator.py
[2026-04-28T12:43:55.163+0000] {logging_mixin.py:188} INFO - [2026-04-28T12:43:55.163+0000] {dag.py:3047} INFO - Sync 3 DAGs
[2026-04-28T12:43:55.187+0000] {logging_mixin.py:188} INFO - [2026-04-28T12:43:55.187+0000] {dag.py:3834} INFO - Setting next_dagrun for example_subdag_operator to 2022-01-01 00:00:00+00:00, run_after=2022-01-01 00:00:00+00:00
[2026-04-28T12:43:55.191+0000] {logging_mixin.py:188} INFO - [2026-04-28T12:43:55.190+0000] {dag.py:3834} INFO - Setting next_dagrun for example_subdag_operator.section-1 to None, run_after=None
[2026-04-28T12:43:55.192+0000] {logging_mixin.py:188} INFO - [2026-04-28T12:43:55.192+0000] {dag.py:3834} INFO - Setting next_dagrun for example_subdag_operator.section-2 to None, run_after=None
[2026-04-28T12:43:55.199+0000] {logging_mixin.py:188} INFO - [2026-04-28T12:43:55.198+0000] {dag.py:3047} INFO - Sync 2 DAGs
[2026-04-28T12:43:55.204+0000] {logging_mixin.py:188} INFO - [2026-04-28T12:43:55.203+0000] {dag.py:3834} INFO - Setting next_dagrun for example_subdag_operator.section-1 to None, run_after=None
[2026-04-28T12:43:55.204+0000] {logging_mixin.py:188} INFO - [2026-04-28T12:43:55.204+0000] {dag.py:3834} INFO - Setting next_dagrun for example_subdag_operator.section-2 to None, run_after=None
[2026-04-28T12:43:55.213+0000] {processor.py:183} INFO - Processing /home/airflow/.local/lib/python3.8/site-packages/airflow/example_dags/example_subdag_operator.py took 0.099 seconds
[2026-04-28T12:44:25.894+0000] {processor.py:161} INFO - Started process (PID=3631) to work on /home/airflow/.local/lib/python3.8/site-packages/airflow/example_dags/example_subdag_operator.py
[2026-04-28T12:44:25.896+0000] {processor.py:830} INFO - Processing file /home/airflow/.local/lib/python3.8/site-packages/airflow/example_dags/example_subdag_operator.py for tasks to queue
[2026-04-28T12:44:25.898+0000] {logging_mixin.py:188} INFO - [2026-04-28T12:44:25.898+0000] {dagbag.py:540} INFO - Filling up the DagBag from /home/airflow/.local/lib/python3.8/site-packages/airflow/example_dags/example_subdag_operator.py
[2026-04-28T12:44:25.931+0000] {processor.py:840} INFO - DAG(s) 'example_subdag_operator.section-1', 'example_subdag_operator.section-2', 'example_subdag_operator' retrieved from /home/airflow/.local/lib/python3.8/site-packages/airflow/example_dags/example_subdag_operator.py
[2026-04-28T12:44:25.949+0000] {logging_mixin.py:188} INFO - [2026-04-28T12:44:25.948+0000] {dag.py:3047} INFO - Sync 3 DAGs
[2026-04-28T12:44:25.973+0000] {logging_mixin.py:188} INFO - [2026-04-28T12:44:25.972+0000] {dag.py:3834} INFO - Setting next_dagrun for example_subdag_operator to 2022-01-01 00:00:00+00:00, run_after=2022-01-01 00:00:00+00:00
[2026-04-28T12:44:25.976+0000] {logging_mixin.py:188} INFO - [2026-04-28T12:44:25.976+0000] {dag.py:3834} INFO - Setting next_dagrun for example_subdag_operator.section-1 to None, run_after=None
[2026-04-28T12:44:25.978+0000] {logging_mixin.py:188} INFO - [2026-04-28T12:44:25.977+0000] {dag.py:3834} INFO - Setting next_dagrun for example_subdag_operator.section-2 to None, run_after=None
[2026-04-28T12:44:25.985+0000] {logging_mixin.py:188} INFO - [2026-04-28T12:44:25.984+0000] {dag.py:3047} INFO - Sync 2 DAGs
[2026-04-28T12:44:25.990+0000] {logging_mixin.py:188} INFO - [2026-04-28T12:44:25.989+0000] {dag.py:3834} INFO - Setting next_dagrun for example_subdag_operator.section-1 to None, run_after=None
[2026-04-28T12:44:25.990+0000] {logging_mixin.py:188} INFO - [2026-04-28T12:44:25.990+0000] {dag.py:3834} INFO - Setting next_dagrun for example_subdag_operator.section-2 to None, run_after=None
[2026-04-28T12:44:26.000+0000] {processor.py:183} INFO - Processing /home/airflow/.local/lib/python3.8/site-packages/airflow/example_dags/example_subdag_operator.py took 0.115 seconds
[2026-04-28T12:44:56.831+0000] {processor.py:161} INFO - Started process (PID=3687) to work on /home/airflow/.local/lib/python3.8/site-packages/airflow/example_dags/example_subdag_operator.py
[2026-04-28T12:44:56.833+0000] {processor.py:830} INFO - Processing file /home/airflow/.local/lib/python3.8/site-packages/airflow/example_dags/example_subdag_operator.py for tasks to queue
[2026-04-28T12:44:56.838+0000] {logging_mixin.py:188} INFO - [2026-04-28T12:44:56.837+0000] {dagbag.py:540} INFO - Filling up the DagBag from /home/airflow/.local/lib/python3.8/site-packages/airflow/example_dags/example_subdag_operator.py
[2026-04-28T12:44:56.914+0000] {processor.py:840} INFO - DAG(s) 'example_subdag_operator.section-1', 'example_subdag_operator.section-2', 'example_subdag_operator' retrieved from /home/airflow/.local/lib/python3.8/site-packages/airflow/example_dags/example_subdag_operator.py
[2026-04-28T12:44:56.964+0000] {logging_mixin.py:188} INFO - [2026-04-28T12:44:56.963+0000] {dag.py:3047} INFO - Sync 3 DAGs
[2026-04-28T12:44:57.093+0000] {logging_mixin.py:188} INFO - [2026-04-28T12:44:57.092+0000] {dag.py:3834} INFO - Setting next_dagrun for example_subdag_operator to 2022-01-01 00:00:00+00:00, run_after=2022-01-01 00:00:00+00:00
[2026-04-28T12:44:57.102+0000] {logging_mixin.py:188} INFO - [2026-04-28T12:44:57.101+0000] {dag.py:3834} INFO - Setting next_dagrun for example_subdag_operator.section-1 to None, run_after=None
[2026-04-28T12:44:57.104+0000] {logging_mixin.py:188} INFO - [2026-04-28T12:44:57.104+0000] {dag.py:3834} INFO - Setting next_dagrun for example_subdag_operator.section-2 to None, run_after=None
[2026-04-28T12:44:57.116+0000] {logging_mixin.py:188} INFO - [2026-04-28T12:44:57.116+0000] {dag.py:3047} INFO - Sync 2 DAGs
[2026-04-28T12:44:57.123+0000] {logging_mixin.py:188} INFO - [2026-04-28T12:44:57.123+0000] {dag.py:3834} INFO - Setting next_dagrun for example_subdag_operator.section-1 to None, run_after=None
[2026-04-28T12:44:57.124+0000] {logging_mixin.py:188} INFO - [2026-04-28T12:44:57.124+0000] {dag.py:3834} INFO - Setting next_dagrun for example_subdag_operator.section-2 to None, run_after=None
[2026-04-28T12:44:57.145+0000] {processor.py:183} INFO - Processing /home/airflow/.local/lib/python3.8/site-packages/airflow/example_dags/example_subdag_operator.py took 0.321 seconds
[2026-04-28T12:45:27.439+0000] {processor.py:161} INFO - Started process (PID=3742) to work on /home/airflow/.local/lib/python3.8/site-packages/airflow/example_dags/example_subdag_operator.py
[2026-04-28T12:45:27.440+0000] {processor.py:830} INFO - Processing file /home/airflow/.local/lib/python3.8/site-packages/airflow/example_dags/example_subdag_operator.py for tasks to queue
[2026-04-28T12:45:27.441+0000] {logging_mixin.py:188} INFO - [2026-04-28T12:45:27.441+0000] {dagbag.py:540} INFO - Filling up the DagBag from /home/airflow/.local/lib/python3.8/site-packages/airflow/example_dags/example_subdag_operator.py
[2026-04-28T12:45:27.460+0000] {processor.py:840} INFO - DAG(s) 'example_subdag_operator.section-1', 'example_subdag_operator.section-2', 'example_subdag_operator' retrieved from /home/airflow/.local/lib/python3.8/site-packages/airflow/example_dags/example_subdag_operator.py
[2026-04-28T12:45:27.473+0000] {logging_mixin.py:188} INFO - [2026-04-28T12:45:27.473+0000] {dag.py:3047} INFO - Sync 3 DAGs
[2026-04-28T12:45:27.489+0000] {logging_mixin.py:188} INFO - [2026-04-28T12:45:27.489+0000] {dag.py:3834} INFO - Setting next_dagrun for example_subdag_operator to 2022-01-01 00:00:00+00:00, run_after=2022-01-01 00:00:00+00:00
[2026-04-28T12:45:27.492+0000] {logging_mixin.py:188} INFO - [2026-04-28T12:45:27.492+0000] {dag.py:3834} INFO - Setting next_dagrun for example_subdag_operator.section-1 to None, run_after=None
[2026-04-28T12:45:27.493+0000] {logging_mixin.py:188} INFO - [2026-04-28T12:45:27.492+0000] {dag.py:3834} INFO - Setting next_dagrun for example_subdag_operator.section-2 to None, run_after=None
[2026-04-28T12:45:27.498+0000] {logging_mixin.py:188} INFO - [2026-04-28T12:45:27.498+0000] {dag.py:3047} INFO - Sync 2 DAGs
[2026-04-28T12:45:27.501+0000] {logging_mixin.py:188} INFO - [2026-04-28T12:45:27.501+0000] {dag.py:3834} INFO - Setting next_dagrun for example_subdag_operator.section-1 to None, run_after=None
[2026-04-28T12:45:27.502+0000] {logging_mixin.py:188} INFO - [2026-04-28T12:45:27.501+0000] {dag.py:3834} INFO - Setting next_dagrun for example_subdag_operator.section-2 to None, run_after=None
[2026-04-28T12:45:27.509+0000] {processor.py:183} INFO - Processing /home/airflow/.local/lib/python3.8/site-packages/airflow/example_dags/example_subdag_operator.py took 0.073 seconds
[2026-04-28T12:45:57.712+0000] {processor.py:161} INFO - Started process (PID=3798) to work on /home/airflow/.local/lib/python3.8/site-packages/airflow/example_dags/example_subdag_operator.py
[2026-04-28T12:45:57.713+0000] {processor.py:830} INFO - Processing file /home/airflow/.local/lib/python3.8/site-packages/airflow/example_dags/example_subdag_operator.py for tasks to queue
[2026-04-28T12:45:57.715+0000] {logging_mixin.py:188} INFO - [2026-04-28T12:45:57.715+0000] {dagbag.py:540} INFO - Filling up the DagBag from /home/airflow/.local/lib/python3.8/site-packages/airflow/example_dags/example_subdag_operator.py
[2026-04-28T12:45:57.741+0000] {processor.py:840} INFO - DAG(s) 'example_subdag_operator.section-1', 'example_subdag_operator.section-2', 'example_subdag_operator' retrieved from /home/airflow/.local/lib/python3.8/site-packages/airflow/example_dags/example_subdag_operator.py
[2026-04-28T12:45:57.778+0000] {logging_mixin.py:188} INFO - [2026-04-28T12:45:57.777+0000] {dag.py:3047} INFO - Sync 3 DAGs
[2026-04-28T12:45:57.838+0000] {logging_mixin.py:188} INFO - [2026-04-28T12:45:57.837+0000] {dag.py:3834} INFO - Setting next_dagrun for example_subdag_operator to 2022-01-01 00:00:00+00:00, run_after=2022-01-01 00:00:00+00:00
[2026-04-28T12:45:57.841+0000] {logging_mixin.py:188} INFO - [2026-04-28T12:45:57.841+0000] {dag.py:3834} INFO - Setting next_dagrun for example_subdag_operator.section-1 to None, run_after=None
[2026-04-28T12:45:57.842+0000] {logging_mixin.py:188} INFO - [2026-04-28T12:45:57.842+0000] {dag.py:3834} INFO - Setting next_dagrun for example_subdag_operator.section-2 to None, run_after=None
[2026-04-28T12:45:57.849+0000] {logging_mixin.py:188} INFO - [2026-04-28T12:45:57.849+0000] {dag.py:3047} INFO - Sync 2 DAGs
[2026-04-28T12:45:57.854+0000] {logging_mixin.py:188} INFO - [2026-04-28T12:45:57.854+0000] {dag.py:3834} INFO - Setting next_dagrun for example_subdag_operator.section-1 to None, run_after=None
[2026-04-28T12:45:57.854+0000] {logging_mixin.py:188} INFO - [2026-04-28T12:45:57.854+0000] {dag.py:3834} INFO - Setting next_dagrun for example_subdag_operator.section-2 to None, run_after=None
[2026-04-28T12:45:57.865+0000] {processor.py:183} INFO - Processing /home/airflow/.local/lib/python3.8/site-packages/airflow/example_dags/example_subdag_operator.py took 0.157 seconds
[2026-04-28T12:46:28.633+0000] {processor.py:161} INFO - Started process (PID=3852) to work on /home/airflow/.local/lib/python3.8/site-packages/airflow/example_dags/example_subdag_operator.py
[2026-04-28T12:46:28.634+0000] {processor.py:830} INFO - Processing file /home/airflow/.local/lib/python3.8/site-packages/airflow/example_dags/example_subdag_operator.py for tasks to queue
[2026-04-28T12:46:28.636+0000] {logging_mixin.py:188} INFO - [2026-04-28T12:46:28.636+0000] {dagbag.py:540} INFO - Filling up the DagBag from /home/airflow/.local/lib/python3.8/site-packages/airflow/example_dags/example_subdag_operator.py
[2026-04-28T12:46:28.661+0000] {processor.py:840} INFO - DAG(s) 'example_subdag_operator.section-1', 'example_subdag_operator.section-2', 'example_subdag_operator' retrieved from /home/airflow/.local/lib/python3.8/site-packages/airflow/example_dags/example_subdag_operator.py
[2026-04-28T12:46:28.678+0000] {logging_mixin.py:188} INFO - [2026-04-28T12:46:28.678+0000] {dag.py:3047} INFO - Sync 3 DAGs
[2026-04-28T12:46:28.702+0000] {logging_mixin.py:188} INFO - [2026-04-28T12:46:28.702+0000] {dag.py:3834} INFO - Setting next_dagrun for example_subdag_operator to 2022-01-01 00:00:00+00:00, run_after=2022-01-01 00:00:00+00:00
[2026-04-28T12:46:28.706+0000] {logging_mixin.py:188} INFO - [2026-04-28T12:46:28.705+0000] {dag.py:3834} INFO - Setting next_dagrun for example_subdag_operator.section-1 to None, run_after=None
[2026-04-28T12:46:28.707+0000] {logging_mixin.py:188} INFO - [2026-04-28T12:46:28.707+0000] {dag.py:3834} INFO - Setting next_dagrun for example_subdag_operator.section-2 to None, run_after=None
[2026-04-28T12:46:28.714+0000] {logging_mixin.py:188} INFO - [2026-04-28T12:46:28.714+0000] {dag.py:3047} INFO - Sync 2 DAGs
[2026-04-28T12:46:28.720+0000] {logging_mixin.py:188} INFO - [2026-04-28T12:46:28.720+0000] {dag.py:3834} INFO - Setting next_dagrun for example_subdag_operator.section-1 to None, run_after=None
[2026-04-28T12:46:28.720+0000] {logging_mixin.py:188} INFO - [2026-04-28T12:46:28.720+0000] {dag.py:3834} INFO - Setting next_dagrun for example_subdag_operator.section-2 to None, run_after=None
[2026-04-28T12:46:28.730+0000] {processor.py:183} INFO - Processing /home/airflow/.local/lib/python3.8/site-packages/airflow/example_dags/example_subdag_operator.py took 0.101 seconds
[2026-04-28T12:46:59.008+0000] {processor.py:161} INFO - Started process (PID=3908) to work on /home/airflow/.local/lib/python3.8/site-packages/airflow/example_dags/example_subdag_operator.py
[2026-04-28T12:46:59.008+0000] {processor.py:830} INFO - Processing file /home/airflow/.local/lib/python3.8/site-packages/airflow/example_dags/example_subdag_operator.py for tasks to queue
[2026-04-28T12:46:59.010+0000] {logging_mixin.py:188} INFO - [2026-04-28T12:46:59.010+0000] {dagbag.py:540} INFO - Filling up the DagBag from /home/airflow/.local/lib/python3.8/site-packages/airflow/example_dags/example_subdag_operator.py
[2026-04-28T12:46:59.035+0000] {processor.py:840} INFO - DAG(s) 'example_subdag_operator.section-1', 'example_subdag_operator.section-2', 'example_subdag_operator' retrieved from /home/airflow/.local/lib/python3.8/site-packages/airflow/example_dags/example_subdag_operator.py
[2026-04-28T12:46:59.053+0000] {logging_mixin.py:188} INFO - [2026-04-28T12:46:59.053+0000] {dag.py:3047} INFO - Sync 3 DAGs
[2026-04-28T12:46:59.078+0000] {logging_mixin.py:188} INFO - [2026-04-28T12:46:59.077+0000] {dag.py:3834} INFO - Setting next_dagrun for example_subdag_operator to 2022-01-01 00:00:00+00:00, run_after=2022-01-01 00:00:00+00:00
[2026-04-28T12:46:59.081+0000] {logging_mixin.py:188} INFO - [2026-04-28T12:46:59.081+0000] {dag.py:3834} INFO - Setting next_dagrun for example_subdag_operator.section-1 to None, run_after=None
[2026-04-28T12:46:59.083+0000] {logging_mixin.py:188} INFO - [2026-04-28T12:46:59.083+0000] {dag.py:3834} INFO - Setting next_dagrun for example_subdag_operator.section-2 to None, run_after=None
[2026-04-28T12:46:59.090+0000] {logging_mixin.py:188} INFO - [2026-04-28T12:46:59.089+0000] {dag.py:3047} INFO - Sync 2 DAGs
[2026-04-28T12:46:59.096+0000] {logging_mixin.py:188} INFO - [2026-04-28T12:46:59.096+0000] {dag.py:3834} INFO - Setting next_dagrun for example_subdag_operator.section-1 to None, run_after=None
[2026-04-28T12:46:59.096+0000] {logging_mixin.py:188} INFO - [2026-04-28T12:46:59.096+0000] {dag.py:3834} INFO - Setting next_dagrun for example_subdag_operator.section-2 to None, run_after=None
[2026-04-28T12:46:59.106+0000] {processor.py:183} INFO - Processing /home/airflow/.local/lib/python3.8/site-packages/airflow/example_dags/example_subdag_operator.py took 0.102 seconds
[2026-04-28T12:47:29.880+0000] {processor.py:161} INFO - Started process (PID=3964) to work on /home/airflow/.local/lib/python3.8/site-packages/airflow/example_dags/example_subdag_operator.py
[2026-04-28T12:47:29.881+0000] {processor.py:830} INFO - Processing file /home/airflow/.local/lib/python3.8/site-packages/airflow/example_dags/example_subdag_operator.py for tasks to queue
[2026-04-28T12:47:29.885+0000] {logging_mixin.py:188} INFO - [2026-04-28T12:47:29.884+0000] {dagbag.py:540} INFO - Filling up the DagBag from /home/airflow/.local/lib/python3.8/site-packages/airflow/example_dags/example_subdag_operator.py
[2026-04-28T12:47:29.921+0000] {processor.py:840} INFO - DAG(s) 'example_subdag_operator.section-1', 'example_subdag_operator.section-2', 'example_subdag_operator' retrieved from /home/airflow/.local/lib/python3.8/site-packages/airflow/example_dags/example_subdag_operator.py
[2026-04-28T12:47:29.939+0000] {logging_mixin.py:188} INFO - [2026-04-28T12:47:29.939+0000] {dag.py:3047} INFO - Sync 3 DAGs
[2026-04-28T12:47:29.963+0000] {logging_mixin.py:188} INFO - [2026-04-28T12:47:29.963+0000] {dag.py:3834} INFO - Setting next_dagrun for example_subdag_operator to 2022-01-01 00:00:00+00:00, run_after=2022-01-01 00:00:00+00:00
[2026-04-28T12:47:29.967+0000] {logging_mixin.py:188} INFO - [2026-04-28T12:47:29.967+0000] {dag.py:3834} INFO - Setting next_dagrun for example_subdag_operator.section-1 to None, run_after=None
[2026-04-28T12:47:29.968+0000] {logging_mixin.py:188} INFO - [2026-04-28T12:47:29.968+0000] {dag.py:3834} INFO - Setting next_dagrun for example_subdag_operator.section-2 to None, run_after=None
[2026-04-28T12:47:29.975+0000] {logging_mixin.py:188} INFO - [2026-04-28T12:47:29.975+0000] {dag.py:3047} INFO - Sync 2 DAGs
[2026-04-28T12:47:29.980+0000] {logging_mixin.py:188} INFO - [2026-04-28T12:47:29.980+0000] {dag.py:3834} INFO - Setting next_dagrun for example_subdag_operator.section-1 to None, run_after=None
[2026-04-28T12:47:29.980+0000] {logging_mixin.py:188} INFO - [2026-04-28T12:47:29.980+0000] {dag.py:3834} INFO - Setting next_dagrun for example_subdag_operator.section-2 to None, run_after=None
[2026-04-28T12:47:29.990+0000] {processor.py:183} INFO - Processing /home/airflow/.local/lib/python3.8/site-packages/airflow/example_dags/example_subdag_operator.py took 0.116 seconds
[2026-04-28T12:48:00.231+0000] {processor.py:161} INFO - Started process (PID=4020) to work on /home/airflow/.local/lib/python3.8/site-packages/airflow/example_dags/example_subdag_operator.py
[2026-04-28T12:48:00.232+0000] {processor.py:830} INFO - Processing file /home/airflow/.local/lib/python3.8/site-packages/airflow/example_dags/example_subdag_operator.py for tasks to queue
[2026-04-28T12:48:00.234+0000] {logging_mixin.py:188} INFO - [2026-04-28T12:48:00.233+0000] {dagbag.py:540} INFO - Filling up the DagBag from /home/airflow/.local/lib/python3.8/site-packages/airflow/example_dags/example_subdag_operator.py
[2026-04-28T12:48:00.253+0000] {processor.py:840} INFO - DAG(s) 'example_subdag_operator.section-1', 'example_subdag_operator.section-2', 'example_subdag_operator' retrieved from /home/airflow/.local/lib/python3.8/site-packages/airflow/example_dags/example_subdag_operator.py
[2026-04-28T12:48:00.265+0000] {logging_mixin.py:188} INFO - [2026-04-28T12:48:00.264+0000] {dag.py:3047} INFO - Sync 3 DAGs
[2026-04-28T12:48:00.281+0000] {logging_mixin.py:188} INFO - [2026-04-28T12:48:00.280+0000] {dag.py:3834} INFO - Setting next_dagrun for example_subdag_operator to 2022-01-01 00:00:00+00:00, run_after=2022-01-01 00:00:00+00:00
[2026-04-28T12:48:00.283+0000] {logging_mixin.py:188} INFO - [2026-04-28T12:48:00.283+0000] {dag.py:3834} INFO - Setting next_dagrun for example_subdag_operator.section-1 to None, run_after=None
[2026-04-28T12:48:00.284+0000] {logging_mixin.py:188} INFO - [2026-04-28T12:48:00.284+0000] {dag.py:3834} INFO - Setting next_dagrun for example_subdag_operator.section-2 to None, run_after=None
[2026-04-28T12:48:00.289+0000] {logging_mixin.py:188} INFO - [2026-04-28T12:48:00.289+0000] {dag.py:3047} INFO - Sync 2 DAGs
[2026-04-28T12:48:00.293+0000] {logging_mixin.py:188} INFO - [2026-04-28T12:48:00.293+0000] {dag.py:3834} INFO - Setting next_dagrun for example_subdag_operator.section-1 to None, run_after=None
[2026-04-28T12:48:00.293+0000] {logging_mixin.py:188} INFO - [2026-04-28T12:48:00.293+0000] {dag.py:3834} INFO - Setting next_dagrun for example_subdag_operator.section-2 to None, run_after=None
[2026-04-28T12:48:00.301+0000] {processor.py:183} INFO - Processing /home/airflow/.local/lib/python3.8/site-packages/airflow/example_dags/example_subdag_operator.py took 0.073 seconds
[2026-04-28T12:48:31.154+0000] {processor.py:161} INFO - Started process (PID=4076) to work on /home/airflow/.local/lib/python3.8/site-packages/airflow/example_dags/example_subdag_operator.py
[2026-04-28T12:48:31.155+0000] {processor.py:830} INFO - Processing file /home/airflow/.local/lib/python3.8/site-packages/airflow/example_dags/example_subdag_operator.py for tasks to queue
[2026-04-28T12:48:31.157+0000] {logging_mixin.py:188} INFO - [2026-04-28T12:48:31.156+0000] {dagbag.py:540} INFO - Filling up the DagBag from /home/airflow/.local/lib/python3.8/site-packages/airflow/example_dags/example_subdag_operator.py
[2026-04-28T12:48:31.181+0000] {processor.py:840} INFO - DAG(s) 'example_subdag_operator.section-1', 'example_subdag_operator.section-2', 'example_subdag_operator' retrieved from /home/airflow/.local/lib/python3.8/site-packages/airflow/example_dags/example_subdag_operator.py
[2026-04-28T12:48:31.199+0000] {logging_mixin.py:188} INFO - [2026-04-28T12:48:31.199+0000] {dag.py:3047} INFO - Sync 3 DAGs
[2026-04-28T12:48:31.223+0000] {logging_mixin.py:188} INFO - [2026-04-28T12:48:31.222+0000] {dag.py:3834} INFO - Setting next_dagrun for example_subdag_operator to 2022-01-01 00:00:00+00:00, run_after=2022-01-01 00:00:00+00:00
[2026-04-28T12:48:31.226+0000] {logging_mixin.py:188} INFO - [2026-04-28T12:48:31.226+0000] {dag.py:3834} INFO - Setting next_dagrun for example_subdag_operator.section-1 to None, run_after=None
[2026-04-28T12:48:31.228+0000] {logging_mixin.py:188} INFO - [2026-04-28T12:48:31.227+0000] {dag.py:3834} INFO - Setting next_dagrun for example_subdag_operator.section-2 to None, run_after=None
[2026-04-28T12:48:31.234+0000] {logging_mixin.py:188} INFO - [2026-04-28T12:48:31.234+0000] {dag.py:3047} INFO - Sync 2 DAGs
[2026-04-28T12:48:31.239+0000] {logging_mixin.py:188} INFO - [2026-04-28T12:48:31.239+0000] {dag.py:3834} INFO - Setting next_dagrun for example_subdag_operator.section-1 to None, run_after=None
[2026-04-28T12:48:31.240+0000] {logging_mixin.py:188} INFO - [2026-04-28T12:48:31.240+0000] {dag.py:3834} INFO - Setting next_dagrun for example_subdag_operator.section-2 to None, run_after=None
[2026-04-28T12:48:31.249+0000] {processor.py:183} INFO - Processing /home/airflow/.local/lib/python3.8/site-packages/airflow/example_dags/example_subdag_operator.py took 0.100 seconds
[2026-04-28T12:49:01.447+0000] {processor.py:161} INFO - Started process (PID=4132) to work on /home/airflow/.local/lib/python3.8/site-packages/airflow/example_dags/example_subdag_operator.py
[2026-04-28T12:49:01.448+0000] {processor.py:830} INFO - Processing file /home/airflow/.local/lib/python3.8/site-packages/airflow/example_dags/example_subdag_operator.py for tasks to queue
[2026-04-28T12:49:01.450+0000] {logging_mixin.py:188} INFO - [2026-04-28T12:49:01.450+0000] {dagbag.py:540} INFO - Filling up the DagBag from /home/airflow/.local/lib/python3.8/site-packages/airflow/example_dags/example_subdag_operator.py
[2026-04-28T12:49:01.475+0000] {processor.py:840} INFO - DAG(s) 'example_subdag_operator.section-1', 'example_subdag_operator.section-2', 'example_subdag_operator' retrieved from /home/airflow/.local/lib/python3.8/site-packages/airflow/example_dags/example_subdag_operator.py
[2026-04-28T12:49:01.493+0000] {logging_mixin.py:188} INFO - [2026-04-28T12:49:01.493+0000] {dag.py:3047} INFO - Sync 3 DAGs
[2026-04-28T12:49:01.518+0000] {logging_mixin.py:188} INFO - [2026-04-28T12:49:01.518+0000] {dag.py:3834} INFO - Setting next_dagrun for example_subdag_operator to 2022-01-01 00:00:00+00:00, run_after=2022-01-01 00:00:00+00:00
[2026-04-28T12:49:01.522+0000] {logging_mixin.py:188} INFO - [2026-04-28T12:49:01.521+0000] {dag.py:3834} INFO - Setting next_dagrun for example_subdag_operator.section-1 to None, run_after=None
[2026-04-28T12:49:01.523+0000] {logging_mixin.py:188} INFO - [2026-04-28T12:49:01.523+0000] {dag.py:3834} INFO - Setting next_dagrun for example_subdag_operator.section-2 to None, run_after=None
[2026-04-28T12:49:01.530+0000] {logging_mixin.py:188} INFO - [2026-04-28T12:49:01.529+0000] {dag.py:3047} INFO - Sync 2 DAGs
[2026-04-28T12:49:01.535+0000] {logging_mixin.py:188} INFO - [2026-04-28T12:49:01.535+0000] {dag.py:3834} INFO - Setting next_dagrun for example_subdag_operator.section-1 to None, run_after=None
[2026-04-28T12:49:01.535+0000] {logging_mixin.py:188} INFO - [2026-04-28T12:49:01.535+0000] {dag.py:3834} INFO - Setting next_dagrun for example_subdag_operator.section-2 to None, run_after=None
[2026-04-28T12:49:01.544+0000] {processor.py:183} INFO - Processing /home/airflow/.local/lib/python3.8/site-packages/airflow/example_dags/example_subdag_operator.py took 0.101 seconds
[2026-04-28T12:49:32.009+0000] {processor.py:161} INFO - Started process (PID=4188) to work on /home/airflow/.local/lib/python3.8/site-packages/airflow/example_dags/example_subdag_operator.py
[2026-04-28T12:49:32.010+0000] {processor.py:830} INFO - Processing file /home/airflow/.local/lib/python3.8/site-packages/airflow/example_dags/example_subdag_operator.py for tasks to queue
[2026-04-28T12:49:32.012+0000] {logging_mixin.py:188} INFO - [2026-04-28T12:49:32.012+0000] {dagbag.py:540} INFO - Filling up the DagBag from /home/airflow/.local/lib/python3.8/site-packages/airflow/example_dags/example_subdag_operator.py
[2026-04-28T12:49:32.063+0000] {processor.py:840} INFO - DAG(s) 'example_subdag_operator.section-1', 'example_subdag_operator.section-2', 'example_subdag_operator' retrieved from /home/airflow/.local/lib/python3.8/site-packages/airflow/example_dags/example_subdag_operator.py
[2026-04-28T12:49:32.081+0000] {logging_mixin.py:188} INFO - [2026-04-28T12:49:32.081+0000] {dag.py:3047} INFO - Sync 3 DAGs
[2026-04-28T12:49:32.104+0000] {logging_mixin.py:188} INFO - [2026-04-28T12:49:32.104+0000] {dag.py:3834} INFO - Setting next_dagrun for example_subdag_operator to 2022-01-01 00:00:00+00:00, run_after=2022-01-01 00:00:00+00:00
[2026-04-28T12:49:32.108+0000] {logging_mixin.py:188} INFO - [2026-04-28T12:49:32.108+0000] {dag.py:3834} INFO - Setting next_dagrun for example_subdag_operator.section-1 to None, run_after=None
[2026-04-28T12:49:32.109+0000] {logging_mixin.py:188} INFO - [2026-04-28T12:49:32.109+0000] {dag.py:3834} INFO - Setting next_dagrun for example_subdag_operator.section-2 to None, run_after=None
[2026-04-28T12:49:32.116+0000] {logging_mixin.py:188} INFO - [2026-04-28T12:49:32.116+0000] {dag.py:3047} INFO - Sync 2 DAGs
[2026-04-28T12:49:32.121+0000] {logging_mixin.py:188} INFO - [2026-04-28T12:49:32.121+0000] {dag.py:3834} INFO - Setting next_dagrun for example_subdag_operator.section-1 to None, run_after=None
[2026-04-28T12:49:32.122+0000] {logging_mixin.py:188} INFO - [2026-04-28T12:49:32.122+0000] {dag.py:3834} INFO - Setting next_dagrun for example_subdag_operator.section-2 to None, run_after=None
[2026-04-28T12:49:32.138+0000] {processor.py:183} INFO - Processing /home/airflow/.local/lib/python3.8/site-packages/airflow/example_dags/example_subdag_operator.py took 0.138 seconds
[2026-04-28T12:50:02.486+0000] {processor.py:161} INFO - Started process (PID=4244) to work on /home/airflow/.local/lib/python3.8/site-packages/airflow/example_dags/example_subdag_operator.py
[2026-04-28T12:50:02.487+0000] {processor.py:830} INFO - Processing file /home/airflow/.local/lib/python3.8/site-packages/airflow/example_dags/example_subdag_operator.py for tasks to queue
[2026-04-28T12:50:02.488+0000] {logging_mixin.py:188} INFO - [2026-04-28T12:50:02.488+0000] {dagbag.py:540} INFO - Filling up the DagBag from /home/airflow/.local/lib/python3.8/site-packages/airflow/example_dags/example_subdag_operator.py
[2026-04-28T12:50:02.508+0000] {processor.py:840} INFO - DAG(s) 'example_subdag_operator.section-1', 'example_subdag_operator.section-2', 'example_subdag_operator' retrieved from /home/airflow/.local/lib/python3.8/site-packages/airflow/example_dags/example_subdag_operator.py
[2026-04-28T12:50:02.520+0000] {logging_mixin.py:188} INFO - [2026-04-28T12:50:02.520+0000] {dag.py:3047} INFO - Sync 3 DAGs
[2026-04-28T12:50:02.536+0000] {logging_mixin.py:188} INFO - [2026-04-28T12:50:02.536+0000] {dag.py:3834} INFO - Setting next_dagrun for example_subdag_operator to 2022-01-01 00:00:00+00:00, run_after=2022-01-01 00:00:00+00:00
[2026-04-28T12:50:02.539+0000] {logging_mixin.py:188} INFO - [2026-04-28T12:50:02.539+0000] {dag.py:3834} INFO - Setting next_dagrun for example_subdag_operator.section-1 to None, run_after=None
[2026-04-28T12:50:02.540+0000] {logging_mixin.py:188} INFO - [2026-04-28T12:50:02.540+0000] {dag.py:3834} INFO - Setting next_dagrun for example_subdag_operator.section-2 to None, run_after=None
[2026-04-28T12:50:02.545+0000] {logging_mixin.py:188} INFO - [2026-04-28T12:50:02.544+0000] {dag.py:3047} INFO - Sync 2 DAGs
[2026-04-28T12:50:02.548+0000] {logging_mixin.py:188} INFO - [2026-04-28T12:50:02.548+0000] {dag.py:3834} INFO - Setting next_dagrun for example_subdag_operator.section-1 to None, run_after=None
[2026-04-28T12:50:02.549+0000] {logging_mixin.py:188} INFO - [2026-04-28T12:50:02.548+0000] {dag.py:3834} INFO - Setting next_dagrun for example_subdag_operator.section-2 to None, run_after=None
[2026-04-28T12:50:02.556+0000] {processor.py:183} INFO - Processing /home/airflow/.local/lib/python3.8/site-packages/airflow/example_dags/example_subdag_operator.py took 0.073 seconds
[2026-04-28T12:50:33.409+0000] {processor.py:161} INFO - Started process (PID=4300) to work on /home/airflow/.local/lib/python3.8/site-packages/airflow/example_dags/example_subdag_operator.py
[2026-04-28T12:50:33.410+0000] {processor.py:830} INFO - Processing file /home/airflow/.local/lib/python3.8/site-packages/airflow/example_dags/example_subdag_operator.py for tasks to queue
[2026-04-28T12:50:33.412+0000] {logging_mixin.py:188} INFO - [2026-04-28T12:50:33.411+0000] {dagbag.py:540} INFO - Filling up the DagBag from /home/airflow/.local/lib/python3.8/site-packages/airflow/example_dags/example_subdag_operator.py
[2026-04-28T12:50:33.430+0000] {processor.py:840} INFO - DAG(s) 'example_subdag_operator.section-1', 'example_subdag_operator.section-2', 'example_subdag_operator' retrieved from /home/airflow/.local/lib/python3.8/site-packages/airflow/example_dags/example_subdag_operator.py
[2026-04-28T12:50:33.442+0000] {logging_mixin.py:188} INFO - [2026-04-28T12:50:33.442+0000] {dag.py:3047} INFO - Sync 3 DAGs
[2026-04-28T12:50:33.458+0000] {logging_mixin.py:188} INFO - [2026-04-28T12:50:33.457+0000] {dag.py:3834} INFO - Setting next_dagrun for example_subdag_operator to 2022-01-01 00:00:00+00:00, run_after=2022-01-01 00:00:00+00:00
[2026-04-28T12:50:33.460+0000] {logging_mixin.py:188} INFO - [2026-04-28T12:50:33.460+0000] {dag.py:3834} INFO - Setting next_dagrun for example_subdag_operator.section-1 to None, run_after=None
[2026-04-28T12:50:33.461+0000] {logging_mixin.py:188} INFO - [2026-04-28T12:50:33.461+0000] {dag.py:3834} INFO - Setting next_dagrun for example_subdag_operator.section-2 to None, run_after=None
[2026-04-28T12:50:33.466+0000] {logging_mixin.py:188} INFO - [2026-04-28T12:50:33.466+0000] {dag.py:3047} INFO - Sync 2 DAGs
[2026-04-28T12:50:33.470+0000] {logging_mixin.py:188} INFO - [2026-04-28T12:50:33.470+0000] {dag.py:3834} INFO - Setting next_dagrun for example_subdag_operator.section-1 to None, run_after=None
[2026-04-28T12:50:33.470+0000] {logging_mixin.py:188} INFO - [2026-04-28T12:50:33.470+0000] {dag.py:3834} INFO - Setting next_dagrun for example_subdag_operator.section-2 to None, run_after=None
[2026-04-28T12:50:33.478+0000] {processor.py:183} INFO - Processing /home/airflow/.local/lib/python3.8/site-packages/airflow/example_dags/example_subdag_operator.py took 0.072 seconds
[2026-04-28T12:51:03.569+0000] {processor.py:161} INFO - Started process (PID=4356) to work on /home/airflow/.local/lib/python3.8/site-packages/airflow/example_dags/example_subdag_operator.py
[2026-04-28T12:51:03.570+0000] {processor.py:830} INFO - Processing file /home/airflow/.local/lib/python3.8/site-packages/airflow/example_dags/example_subdag_operator.py for tasks to queue
[2026-04-28T12:51:03.572+0000] {logging_mixin.py:188} INFO - [2026-04-28T12:51:03.571+0000] {dagbag.py:540} INFO - Filling up the DagBag from /home/airflow/.local/lib/python3.8/site-packages/airflow/example_dags/example_subdag_operator.py
[2026-04-28T12:51:03.591+0000] {processor.py:840} INFO - DAG(s) 'example_subdag_operator.section-1', 'example_subdag_operator.section-2', 'example_subdag_operator' retrieved from /home/airflow/.local/lib/python3.8/site-packages/airflow/example_dags/example_subdag_operator.py
[2026-04-28T12:51:03.602+0000] {logging_mixin.py:188} INFO - [2026-04-28T12:51:03.602+0000] {dag.py:3047} INFO - Sync 3 DAGs
[2026-04-28T12:51:03.624+0000] {logging_mixin.py:188} INFO - [2026-04-28T12:51:03.624+0000] {dag.py:3834} INFO - Setting next_dagrun for example_subdag_operator to 2022-01-01 00:00:00+00:00, run_after=2022-01-01 00:00:00+00:00
[2026-04-28T12:51:03.627+0000] {logging_mixin.py:188} INFO - [2026-04-28T12:51:03.626+0000] {dag.py:3834} INFO - Setting next_dagrun for example_subdag_operator.section-1 to None, run_after=None
[2026-04-28T12:51:03.628+0000] {logging_mixin.py:188} INFO - [2026-04-28T12:51:03.627+0000] {dag.py:3834} INFO - Setting next_dagrun for example_subdag_operator.section-2 to None, run_after=None
[2026-04-28T12:51:03.632+0000] {logging_mixin.py:188} INFO - [2026-04-28T12:51:03.632+0000] {dag.py:3047} INFO - Sync 2 DAGs
[2026-04-28T12:51:03.636+0000] {logging_mixin.py:188} INFO - [2026-04-28T12:51:03.636+0000] {dag.py:3834} INFO - Setting next_dagrun for example_subdag_operator.section-1 to None, run_after=None
[2026-04-28T12:51:03.636+0000] {logging_mixin.py:188} INFO - [2026-04-28T12:51:03.636+0000] {dag.py:3834} INFO - Setting next_dagrun for example_subdag_operator.section-2 to None, run_after=None
[2026-04-28T12:51:03.644+0000] {processor.py:183} INFO - Processing /home/airflow/.local/lib/python3.8/site-packages/airflow/example_dags/example_subdag_operator.py took 0.079 seconds
[2026-04-28T12:51:34.577+0000] {processor.py:161} INFO - Started process (PID=4412) to work on /home/airflow/.local/lib/python3.8/site-packages/airflow/example_dags/example_subdag_operator.py
[2026-04-28T12:51:34.578+0000] {processor.py:830} INFO - Processing file /home/airflow/.local/lib/python3.8/site-packages/airflow/example_dags/example_subdag_operator.py for tasks to queue
[2026-04-28T12:51:34.580+0000] {logging_mixin.py:188} INFO - [2026-04-28T12:51:34.580+0000] {dagbag.py:540} INFO - Filling up the DagBag from /home/airflow/.local/lib/python3.8/site-packages/airflow/example_dags/example_subdag_operator.py
[2026-04-28T12:51:34.600+0000] {processor.py:840} INFO - DAG(s) 'example_subdag_operator.section-1', 'example_subdag_operator.section-2', 'example_subdag_operator' retrieved from /home/airflow/.local/lib/python3.8/site-packages/airflow/example_dags/example_subdag_operator.py
[2026-04-28T12:51:34.611+0000] {logging_mixin.py:188} INFO - [2026-04-28T12:51:34.611+0000] {dag.py:3047} INFO - Sync 3 DAGs
[2026-04-28T12:51:34.628+0000] {logging_mixin.py:188} INFO - [2026-04-28T12:51:34.628+0000] {dag.py:3834} INFO - Setting next_dagrun for example_subdag_operator to 2022-01-01 00:00:00+00:00, run_after=2022-01-01 00:00:00+00:00
[2026-04-28T12:51:34.631+0000] {logging_mixin.py:188} INFO - [2026-04-28T12:51:34.631+0000] {dag.py:3834} INFO - Setting next_dagrun for example_subdag_operator.section-1 to None, run_after=None
[2026-04-28T12:51:34.632+0000] {logging_mixin.py:188} INFO - [2026-04-28T12:51:34.631+0000] {dag.py:3834} INFO - Setting next_dagrun for example_subdag_operator.section-2 to None, run_after=None
[2026-04-28T12:51:34.637+0000] {logging_mixin.py:188} INFO - [2026-04-28T12:51:34.636+0000] {dag.py:3047} INFO - Sync 2 DAGs
[2026-04-28T12:51:34.640+0000] {logging_mixin.py:188} INFO - [2026-04-28T12:51:34.640+0000] {dag.py:3834} INFO - Setting next_dagrun for example_subdag_operator.section-1 to None, run_after=None
[2026-04-28T12:51:34.640+0000] {logging_mixin.py:188} INFO - [2026-04-28T12:51:34.640+0000] {dag.py:3834} INFO - Setting next_dagrun for example_subdag_operator.section-2 to None, run_after=None
[2026-04-28T12:51:34.648+0000] {processor.py:183} INFO - Processing /home/airflow/.local/lib/python3.8/site-packages/airflow/example_dags/example_subdag_operator.py took 0.074 seconds
[2026-04-28T12:52:05.387+0000] {processor.py:161} INFO - Started process (PID=4468) to work on /home/airflow/.local/lib/python3.8/site-packages/airflow/example_dags/example_subdag_operator.py
[2026-04-28T12:52:05.388+0000] {processor.py:830} INFO - Processing file /home/airflow/.local/lib/python3.8/site-packages/airflow/example_dags/example_subdag_operator.py for tasks to queue
[2026-04-28T12:52:05.391+0000] {logging_mixin.py:188} INFO - [2026-04-28T12:52:05.390+0000] {dagbag.py:540} INFO - Filling up the DagBag from /home/airflow/.local/lib/python3.8/site-packages/airflow/example_dags/example_subdag_operator.py
[2026-04-28T12:52:05.416+0000] {processor.py:840} INFO - DAG(s) 'example_subdag_operator.section-1', 'example_subdag_operator.section-2', 'example_subdag_operator' retrieved from /home/airflow/.local/lib/python3.8/site-packages/airflow/example_dags/example_subdag_operator.py
[2026-04-28T12:52:05.433+0000] {logging_mixin.py:188} INFO - [2026-04-28T12:52:05.433+0000] {dag.py:3047} INFO - Sync 3 DAGs
[2026-04-28T12:52:05.457+0000] {logging_mixin.py:188} INFO - [2026-04-28T12:52:05.457+0000] {dag.py:3834} INFO - Setting next_dagrun for example_subdag_operator to 2022-01-01 00:00:00+00:00, run_after=2022-01-01 00:00:00+00:00
[2026-04-28T12:52:05.461+0000] {logging_mixin.py:188} INFO - [2026-04-28T12:52:05.461+0000] {dag.py:3834} INFO - Setting next_dagrun for example_subdag_operator.section-1 to None, run_after=None
[2026-04-28T12:52:05.462+0000] {logging_mixin.py:188} INFO - [2026-04-28T12:52:05.462+0000] {dag.py:3834} INFO - Setting next_dagrun for example_subdag_operator.section-2 to None, run_after=None
[2026-04-28T12:52:05.470+0000] {logging_mixin.py:188} INFO - [2026-04-28T12:52:05.469+0000] {dag.py:3047} INFO - Sync 2 DAGs
[2026-04-28T12:52:05.474+0000] {logging_mixin.py:188} INFO - [2026-04-28T12:52:05.474+0000] {dag.py:3834} INFO - Setting next_dagrun for example_subdag_operator.section-1 to None, run_after=None
[2026-04-28T12:52:05.475+0000] {logging_mixin.py:188} INFO - [2026-04-28T12:52:05.475+0000] {dag.py:3834} INFO - Setting next_dagrun for example_subdag_operator.section-2 to None, run_after=None
[2026-04-28T12:52:05.485+0000] {processor.py:183} INFO - Processing /home/airflow/.local/lib/python3.8/site-packages/airflow/example_dags/example_subdag_operator.py took 0.102 seconds
[2026-04-28T12:52:36.349+0000] {processor.py:161} INFO - Started process (PID=4530) to work on /home/airflow/.local/lib/python3.8/site-packages/airflow/example_dags/example_subdag_operator.py
[2026-04-28T12:52:36.350+0000] {processor.py:830} INFO - Processing file /home/airflow/.local/lib/python3.8/site-packages/airflow/example_dags/example_subdag_operator.py for tasks to queue
[2026-04-28T12:52:36.351+0000] {logging_mixin.py:188} INFO - [2026-04-28T12:52:36.351+0000] {dagbag.py:540} INFO - Filling up the DagBag from /home/airflow/.local/lib/python3.8/site-packages/airflow/example_dags/example_subdag_operator.py
[2026-04-28T12:52:36.376+0000] {processor.py:840} INFO - DAG(s) 'example_subdag_operator.section-1', 'example_subdag_operator.section-2', 'example_subdag_operator' retrieved from /home/airflow/.local/lib/python3.8/site-packages/airflow/example_dags/example_subdag_operator.py
[2026-04-28T12:52:36.395+0000] {logging_mixin.py:188} INFO - [2026-04-28T12:52:36.394+0000] {dag.py:3047} INFO - Sync 3 DAGs
[2026-04-28T12:52:36.418+0000] {logging_mixin.py:188} INFO - [2026-04-28T12:52:36.418+0000] {dag.py:3834} INFO - Setting next_dagrun for example_subdag_operator to 2022-01-01 00:00:00+00:00, run_after=2022-01-01 00:00:00+00:00
[2026-04-28T12:52:36.422+0000] {logging_mixin.py:188} INFO - [2026-04-28T12:52:36.422+0000] {dag.py:3834} INFO - Setting next_dagrun for example_subdag_operator.section-1 to None, run_after=None
[2026-04-28T12:52:36.423+0000] {logging_mixin.py:188} INFO - [2026-04-28T12:52:36.423+0000] {dag.py:3834} INFO - Setting next_dagrun for example_subdag_operator.section-2 to None, run_after=None
[2026-04-28T12:52:36.430+0000] {logging_mixin.py:188} INFO - [2026-04-28T12:52:36.430+0000] {dag.py:3047} INFO - Sync 2 DAGs
[2026-04-28T12:52:36.435+0000] {logging_mixin.py:188} INFO - [2026-04-28T12:52:36.435+0000] {dag.py:3834} INFO - Setting next_dagrun for example_subdag_operator.section-1 to None, run_after=None
[2026-04-28T12:52:36.436+0000] {logging_mixin.py:188} INFO - [2026-04-28T12:52:36.436+0000] {dag.py:3834} INFO - Setting next_dagrun for example_subdag_operator.section-2 to None, run_after=None
[2026-04-28T12:52:36.445+0000] {processor.py:183} INFO - Processing /home/airflow/.local/lib/python3.8/site-packages/airflow/example_dags/example_subdag_operator.py took 0.100 seconds
[2026-04-28T12:53:07.396+0000] {processor.py:161} INFO - Started process (PID=4586) to work on /home/airflow/.local/lib/python3.8/site-packages/airflow/example_dags/example_subdag_operator.py
[2026-04-28T12:53:07.396+0000] {processor.py:830} INFO - Processing file /home/airflow/.local/lib/python3.8/site-packages/airflow/example_dags/example_subdag_operator.py for tasks to queue
[2026-04-28T12:53:07.398+0000] {logging_mixin.py:188} INFO - [2026-04-28T12:53:07.398+0000] {dagbag.py:540} INFO - Filling up the DagBag from /home/airflow/.local/lib/python3.8/site-packages/airflow/example_dags/example_subdag_operator.py
[2026-04-28T12:53:07.417+0000] {processor.py:840} INFO - DAG(s) 'example_subdag_operator.section-1', 'example_subdag_operator.section-2', 'example_subdag_operator' retrieved from /home/airflow/.local/lib/python3.8/site-packages/airflow/example_dags/example_subdag_operator.py
[2026-04-28T12:53:07.428+0000] {logging_mixin.py:188} INFO - [2026-04-28T12:53:07.428+0000] {dag.py:3047} INFO - Sync 3 DAGs
[2026-04-28T12:53:07.445+0000] {logging_mixin.py:188} INFO - [2026-04-28T12:53:07.445+0000] {dag.py:3834} INFO - Setting next_dagrun for example_subdag_operator to 2022-01-01 00:00:00+00:00, run_after=2022-01-01 00:00:00+00:00
[2026-04-28T12:53:07.447+0000] {logging_mixin.py:188} INFO - [2026-04-28T12:53:07.447+0000] {dag.py:3834} INFO - Setting next_dagrun for example_subdag_operator.section-1 to None, run_after=None
[2026-04-28T12:53:07.448+0000] {logging_mixin.py:188} INFO - [2026-04-28T12:53:07.448+0000] {dag.py:3834} INFO - Setting next_dagrun for example_subdag_operator.section-2 to None, run_after=None
[2026-04-28T12:53:07.453+0000] {logging_mixin.py:188} INFO - [2026-04-28T12:53:07.453+0000] {dag.py:3047} INFO - Sync 2 DAGs
[2026-04-28T12:53:07.457+0000] {logging_mixin.py:188} INFO - [2026-04-28T12:53:07.457+0000] {dag.py:3834} INFO - Setting next_dagrun for example_subdag_operator.section-1 to None, run_after=None
[2026-04-28T12:53:07.457+0000] {logging_mixin.py:188} INFO - [2026-04-28T12:53:07.457+0000] {dag.py:3834} INFO - Setting next_dagrun for example_subdag_operator.section-2 to None, run_after=None
[2026-04-28T12:53:07.465+0000] {processor.py:183} INFO - Processing /home/airflow/.local/lib/python3.8/site-packages/airflow/example_dags/example_subdag_operator.py took 0.072 seconds
[2026-04-28T12:53:38.423+0000] {processor.py:161} INFO - Started process (PID=4642) to work on /home/airflow/.local/lib/python3.8/site-packages/airflow/example_dags/example_subdag_operator.py
[2026-04-28T12:53:38.424+0000] {processor.py:830} INFO - Processing file /home/airflow/.local/lib/python3.8/site-packages/airflow/example_dags/example_subdag_operator.py for tasks to queue
[2026-04-28T12:53:38.426+0000] {logging_mixin.py:188} INFO - [2026-04-28T12:53:38.426+0000] {dagbag.py:540} INFO - Filling up the DagBag from /home/airflow/.local/lib/python3.8/site-packages/airflow/example_dags/example_subdag_operator.py
[2026-04-28T12:53:38.522+0000] {processor.py:840} INFO - DAG(s) 'example_subdag_operator.section-1', 'example_subdag_operator.section-2', 'example_subdag_operator' retrieved from /home/airflow/.local/lib/python3.8/site-packages/airflow/example_dags/example_subdag_operator.py
[2026-04-28T12:53:38.596+0000] {logging_mixin.py:188} INFO - [2026-04-28T12:53:38.595+0000] {dag.py:3047} INFO - Sync 3 DAGs
[2026-04-28T12:53:38.701+0000] {logging_mixin.py:188} INFO - [2026-04-28T12:53:38.700+0000] {dag.py:3834} INFO - Setting next_dagrun for example_subdag_operator to 2022-01-01 00:00:00+00:00, run_after=2022-01-01 00:00:00+00:00
[2026-04-28T12:53:38.706+0000] {logging_mixin.py:188} INFO - [2026-04-28T12:53:38.706+0000] {dag.py:3834} INFO - Setting next_dagrun for example_subdag_operator.section-1 to None, run_after=None
[2026-04-28T12:53:38.710+0000] {logging_mixin.py:188} INFO - [2026-04-28T12:53:38.709+0000] {dag.py:3834} INFO - Setting next_dagrun for example_subdag_operator.section-2 to None, run_after=None
[2026-04-28T12:53:38.733+0000] {logging_mixin.py:188} INFO - [2026-04-28T12:53:38.733+0000] {dag.py:3047} INFO - Sync 2 DAGs
[2026-04-28T12:53:38.740+0000] {logging_mixin.py:188} INFO - [2026-04-28T12:53:38.740+0000] {dag.py:3834} INFO - Setting next_dagrun for example_subdag_operator.section-1 to None, run_after=None
[2026-04-28T12:53:38.741+0000] {logging_mixin.py:188} INFO - [2026-04-28T12:53:38.741+0000] {dag.py:3834} INFO - Setting next_dagrun for example_subdag_operator.section-2 to None, run_after=None
[2026-04-28T12:53:38.756+0000] {processor.py:183} INFO - Processing /home/airflow/.local/lib/python3.8/site-packages/airflow/example_dags/example_subdag_operator.py took 0.337 seconds
[2026-04-28T12:54:09.617+0000] {processor.py:161} INFO - Started process (PID=4698) to work on /home/airflow/.local/lib/python3.8/site-packages/airflow/example_dags/example_subdag_operator.py
[2026-04-28T12:54:09.618+0000] {processor.py:830} INFO - Processing file /home/airflow/.local/lib/python3.8/site-packages/airflow/example_dags/example_subdag_operator.py for tasks to queue
[2026-04-28T12:54:09.620+0000] {logging_mixin.py:188} INFO - [2026-04-28T12:54:09.620+0000] {dagbag.py:540} INFO - Filling up the DagBag from /home/airflow/.local/lib/python3.8/site-packages/airflow/example_dags/example_subdag_operator.py
[2026-04-28T12:54:09.647+0000] {processor.py:840} INFO - DAG(s) 'example_subdag_operator.section-1', 'example_subdag_operator.section-2', 'example_subdag_operator' retrieved from /home/airflow/.local/lib/python3.8/site-packages/airflow/example_dags/example_subdag_operator.py
[2026-04-28T12:54:09.664+0000] {logging_mixin.py:188} INFO - [2026-04-28T12:54:09.664+0000] {dag.py:3047} INFO - Sync 3 DAGs
[2026-04-28T12:54:09.689+0000] {logging_mixin.py:188} INFO - [2026-04-28T12:54:09.689+0000] {dag.py:3834} INFO - Setting next_dagrun for example_subdag_operator to 2022-01-01 00:00:00+00:00, run_after=2022-01-01 00:00:00+00:00
[2026-04-28T12:54:09.693+0000] {logging_mixin.py:188} INFO - [2026-04-28T12:54:09.693+0000] {dag.py:3834} INFO - Setting next_dagrun for example_subdag_operator.section-1 to None, run_after=None
[2026-04-28T12:54:09.694+0000] {logging_mixin.py:188} INFO - [2026-04-28T12:54:09.694+0000] {dag.py:3834} INFO - Setting next_dagrun for example_subdag_operator.section-2 to None, run_after=None
[2026-04-28T12:54:09.701+0000] {logging_mixin.py:188} INFO - [2026-04-28T12:54:09.701+0000] {dag.py:3047} INFO - Sync 2 DAGs
[2026-04-28T12:54:09.706+0000] {logging_mixin.py:188} INFO - [2026-04-28T12:54:09.706+0000] {dag.py:3834} INFO - Setting next_dagrun for example_subdag_operator.section-1 to None, run_after=None
[2026-04-28T12:54:09.707+0000] {logging_mixin.py:188} INFO - [2026-04-28T12:54:09.707+0000] {dag.py:3834} INFO - Setting next_dagrun for example_subdag_operator.section-2 to None, run_after=None
[2026-04-28T12:54:09.716+0000] {processor.py:183} INFO - Processing /home/airflow/.local/lib/python3.8/site-packages/airflow/example_dags/example_subdag_operator.py took 0.103 seconds
[2026-04-28T12:54:39.774+0000] {processor.py:161} INFO - Started process (PID=4754) to work on /home/airflow/.local/lib/python3.8/site-packages/airflow/example_dags/example_subdag_operator.py
[2026-04-28T12:54:39.775+0000] {processor.py:830} INFO - Processing file /home/airflow/.local/lib/python3.8/site-packages/airflow/example_dags/example_subdag_operator.py for tasks to queue
[2026-04-28T12:54:39.777+0000] {logging_mixin.py:188} INFO - [2026-04-28T12:54:39.776+0000] {dagbag.py:540} INFO - Filling up the DagBag from /home/airflow/.local/lib/python3.8/site-packages/airflow/example_dags/example_subdag_operator.py
[2026-04-28T12:54:39.804+0000] {processor.py:840} INFO - DAG(s) 'example_subdag_operator.section-1', 'example_subdag_operator.section-2', 'example_subdag_operator' retrieved from /home/airflow/.local/lib/python3.8/site-packages/airflow/example_dags/example_subdag_operator.py
[2026-04-28T12:54:39.822+0000] {logging_mixin.py:188} INFO - [2026-04-28T12:54:39.821+0000] {dag.py:3047} INFO - Sync 3 DAGs
[2026-04-28T12:54:39.845+0000] {logging_mixin.py:188} INFO - [2026-04-28T12:54:39.845+0000] {dag.py:3834} INFO - Setting next_dagrun for example_subdag_operator to 2022-01-01 00:00:00+00:00, run_after=2022-01-01 00:00:00+00:00
[2026-04-28T12:54:39.849+0000] {logging_mixin.py:188} INFO - [2026-04-28T12:54:39.849+0000] {dag.py:3834} INFO - Setting next_dagrun for example_subdag_operator.section-1 to None, run_after=None
[2026-04-28T12:54:39.850+0000] {logging_mixin.py:188} INFO - [2026-04-28T12:54:39.850+0000] {dag.py:3834} INFO - Setting next_dagrun for example_subdag_operator.section-2 to None, run_after=None
[2026-04-28T12:54:39.858+0000] {logging_mixin.py:188} INFO - [2026-04-28T12:54:39.857+0000] {dag.py:3047} INFO - Sync 2 DAGs
[2026-04-28T12:54:39.873+0000] {logging_mixin.py:188} INFO - [2026-04-28T12:54:39.873+0000] {dag.py:3834} INFO - Setting next_dagrun for example_subdag_operator.section-1 to None, run_after=None
[2026-04-28T12:54:39.874+0000] {logging_mixin.py:188} INFO - [2026-04-28T12:54:39.873+0000] {dag.py:3834} INFO - Setting next_dagrun for example_subdag_operator.section-2 to None, run_after=None
[2026-04-28T12:54:39.904+0000] {processor.py:183} INFO - Processing /home/airflow/.local/lib/python3.8/site-packages/airflow/example_dags/example_subdag_operator.py took 0.134 seconds
[2026-04-28T12:55:10.171+0000] {processor.py:161} INFO - Started process (PID=4810) to work on /home/airflow/.local/lib/python3.8/site-packages/airflow/example_dags/example_subdag_operator.py
[2026-04-28T12:55:10.171+0000] {processor.py:830} INFO - Processing file /home/airflow/.local/lib/python3.8/site-packages/airflow/example_dags/example_subdag_operator.py for tasks to queue
[2026-04-28T12:55:10.174+0000] {logging_mixin.py:188} INFO - [2026-04-28T12:55:10.173+0000] {dagbag.py:540} INFO - Filling up the DagBag from /home/airflow/.local/lib/python3.8/site-packages/airflow/example_dags/example_subdag_operator.py
[2026-04-28T12:55:10.200+0000] {processor.py:840} INFO - DAG(s) 'example_subdag_operator.section-1', 'example_subdag_operator.section-2', 'example_subdag_operator' retrieved from /home/airflow/.local/lib/python3.8/site-packages/airflow/example_dags/example_subdag_operator.py
[2026-04-28T12:55:10.218+0000] {logging_mixin.py:188} INFO - [2026-04-28T12:55:10.218+0000] {dag.py:3047} INFO - Sync 3 DAGs
[2026-04-28T12:55:10.241+0000] {logging_mixin.py:188} INFO - [2026-04-28T12:55:10.240+0000] {dag.py:3834} INFO - Setting next_dagrun for example_subdag_operator to 2022-01-01 00:00:00+00:00, run_after=2022-01-01 00:00:00+00:00
[2026-04-28T12:55:10.246+0000] {logging_mixin.py:188} INFO - [2026-04-28T12:55:10.245+0000] {dag.py:3834} INFO - Setting next_dagrun for example_subdag_operator.section-1 to None, run_after=None
[2026-04-28T12:55:10.247+0000] {logging_mixin.py:188} INFO - [2026-04-28T12:55:10.247+0000] {dag.py:3834} INFO - Setting next_dagrun for example_subdag_operator.section-2 to None, run_after=None
[2026-04-28T12:55:10.254+0000] {logging_mixin.py:188} INFO - [2026-04-28T12:55:10.254+0000] {dag.py:3047} INFO - Sync 2 DAGs
[2026-04-28T12:55:10.259+0000] {logging_mixin.py:188} INFO - [2026-04-28T12:55:10.259+0000] {dag.py:3834} INFO - Setting next_dagrun for example_subdag_operator.section-1 to None, run_after=None
[2026-04-28T12:55:10.260+0000] {logging_mixin.py:188} INFO - [2026-04-28T12:55:10.259+0000] {dag.py:3834} INFO - Setting next_dagrun for example_subdag_operator.section-2 to None, run_after=None
[2026-04-28T12:55:10.270+0000] {processor.py:183} INFO - Processing /home/airflow/.local/lib/python3.8/site-packages/airflow/example_dags/example_subdag_operator.py took 0.103 seconds
[2026-04-28T12:55:41.134+0000] {processor.py:161} INFO - Started process (PID=4867) to work on /home/airflow/.local/lib/python3.8/site-packages/airflow/example_dags/example_subdag_operator.py
[2026-04-28T12:55:41.135+0000] {processor.py:830} INFO - Processing file /home/airflow/.local/lib/python3.8/site-packages/airflow/example_dags/example_subdag_operator.py for tasks to queue
[2026-04-28T12:55:41.137+0000] {logging_mixin.py:188} INFO - [2026-04-28T12:55:41.136+0000] {dagbag.py:540} INFO - Filling up the DagBag from /home/airflow/.local/lib/python3.8/site-packages/airflow/example_dags/example_subdag_operator.py
[2026-04-28T12:55:41.167+0000] {processor.py:840} INFO - DAG(s) 'example_subdag_operator.section-1', 'example_subdag_operator.section-2', 'example_subdag_operator' retrieved from /home/airflow/.local/lib/python3.8/site-packages/airflow/example_dags/example_subdag_operator.py
[2026-04-28T12:55:41.232+0000] {logging_mixin.py:188} INFO - [2026-04-28T12:55:41.231+0000] {dag.py:3047} INFO - Sync 3 DAGs
[2026-04-28T12:55:41.257+0000] {logging_mixin.py:188} INFO - [2026-04-28T12:55:41.257+0000] {dag.py:3834} INFO - Setting next_dagrun for example_subdag_operator to 2022-01-01 00:00:00+00:00, run_after=2022-01-01 00:00:00+00:00
[2026-04-28T12:55:41.262+0000] {logging_mixin.py:188} INFO - [2026-04-28T12:55:41.261+0000] {dag.py:3834} INFO - Setting next_dagrun for example_subdag_operator.section-1 to None, run_after=None
[2026-04-28T12:55:41.263+0000] {logging_mixin.py:188} INFO - [2026-04-28T12:55:41.263+0000] {dag.py:3834} INFO - Setting next_dagrun for example_subdag_operator.section-2 to None, run_after=None
[2026-04-28T12:55:41.270+0000] {logging_mixin.py:188} INFO - [2026-04-28T12:55:41.270+0000] {dag.py:3047} INFO - Sync 2 DAGs
[2026-04-28T12:55:41.275+0000] {logging_mixin.py:188} INFO - [2026-04-28T12:55:41.275+0000] {dag.py:3834} INFO - Setting next_dagrun for example_subdag_operator.section-1 to None, run_after=None
[2026-04-28T12:55:41.276+0000] {logging_mixin.py:188} INFO - [2026-04-28T12:55:41.276+0000] {dag.py:3834} INFO - Setting next_dagrun for example_subdag_operator.section-2 to None, run_after=None
[2026-04-28T12:55:41.286+0000] {processor.py:183} INFO - Processing /home/airflow/.local/lib/python3.8/site-packages/airflow/example_dags/example_subdag_operator.py took 0.157 seconds
[2026-04-28T12:56:11.348+0000] {processor.py:161} INFO - Started process (PID=4922) to work on /home/airflow/.local/lib/python3.8/site-packages/airflow/example_dags/example_subdag_operator.py
[2026-04-28T12:56:11.349+0000] {processor.py:830} INFO - Processing file /home/airflow/.local/lib/python3.8/site-packages/airflow/example_dags/example_subdag_operator.py for tasks to queue
[2026-04-28T12:56:11.350+0000] {logging_mixin.py:188} INFO - [2026-04-28T12:56:11.350+0000] {dagbag.py:540} INFO - Filling up the DagBag from /home/airflow/.local/lib/python3.8/site-packages/airflow/example_dags/example_subdag_operator.py
[2026-04-28T12:56:11.370+0000] {processor.py:840} INFO - DAG(s) 'example_subdag_operator.section-1', 'example_subdag_operator.section-2', 'example_subdag_operator' retrieved from /home/airflow/.local/lib/python3.8/site-packages/airflow/example_dags/example_subdag_operator.py
[2026-04-28T12:56:11.381+0000] {logging_mixin.py:188} INFO - [2026-04-28T12:56:11.381+0000] {dag.py:3047} INFO - Sync 3 DAGs
[2026-04-28T12:56:11.397+0000] {logging_mixin.py:188} INFO - [2026-04-28T12:56:11.397+0000] {dag.py:3834} INFO - Setting next_dagrun for example_subdag_operator to 2022-01-01 00:00:00+00:00, run_after=2022-01-01 00:00:00+00:00
[2026-04-28T12:56:11.400+0000] {logging_mixin.py:188} INFO - [2026-04-28T12:56:11.400+0000] {dag.py:3834} INFO - Setting next_dagrun for example_subdag_operator.section-1 to None, run_after=None
[2026-04-28T12:56:11.401+0000] {logging_mixin.py:188} INFO - [2026-04-28T12:56:11.401+0000] {dag.py:3834} INFO - Setting next_dagrun for example_subdag_operator.section-2 to None, run_after=None
[2026-04-28T12:56:11.406+0000] {logging_mixin.py:188} INFO - [2026-04-28T12:56:11.406+0000] {dag.py:3047} INFO - Sync 2 DAGs
[2026-04-28T12:56:11.411+0000] {logging_mixin.py:188} INFO - [2026-04-28T12:56:11.411+0000] {dag.py:3834} INFO - Setting next_dagrun for example_subdag_operator.section-1 to None, run_after=None
[2026-04-28T12:56:11.411+0000] {logging_mixin.py:188} INFO - [2026-04-28T12:56:11.411+0000] {dag.py:3834} INFO - Setting next_dagrun for example_subdag_operator.section-2 to None, run_after=None
[2026-04-28T12:56:11.419+0000] {processor.py:183} INFO - Processing /home/airflow/.local/lib/python3.8/site-packages/airflow/example_dags/example_subdag_operator.py took 0.074 seconds
[2026-04-28T12:56:41.573+0000] {processor.py:161} INFO - Started process (PID=4978) to work on /home/airflow/.local/lib/python3.8/site-packages/airflow/example_dags/example_subdag_operator.py
[2026-04-28T12:56:41.574+0000] {processor.py:830} INFO - Processing file /home/airflow/.local/lib/python3.8/site-packages/airflow/example_dags/example_subdag_operator.py for tasks to queue
[2026-04-28T12:56:41.579+0000] {logging_mixin.py:188} INFO - [2026-04-28T12:56:41.578+0000] {dagbag.py:540} INFO - Filling up the DagBag from /home/airflow/.local/lib/python3.8/site-packages/airflow/example_dags/example_subdag_operator.py
[2026-04-28T12:56:41.610+0000] {processor.py:840} INFO - DAG(s) 'example_subdag_operator.section-1', 'example_subdag_operator.section-2', 'example_subdag_operator' retrieved from /home/airflow/.local/lib/python3.8/site-packages/airflow/example_dags/example_subdag_operator.py
[2026-04-28T12:56:41.626+0000] {logging_mixin.py:188} INFO - [2026-04-28T12:56:41.626+0000] {dag.py:3047} INFO - Sync 3 DAGs
[2026-04-28T12:56:41.654+0000] {logging_mixin.py:188} INFO - [2026-04-28T12:56:41.654+0000] {dag.py:3834} INFO - Setting next_dagrun for example_subdag_operator to 2022-01-01 00:00:00+00:00, run_after=2022-01-01 00:00:00+00:00
[2026-04-28T12:56:41.658+0000] {logging_mixin.py:188} INFO - [2026-04-28T12:56:41.658+0000] {dag.py:3834} INFO - Setting next_dagrun for example_subdag_operator.section-1 to None, run_after=None
[2026-04-28T12:56:41.660+0000] {logging_mixin.py:188} INFO - [2026-04-28T12:56:41.660+0000] {dag.py:3834} INFO - Setting next_dagrun for example_subdag_operator.section-2 to None, run_after=None
[2026-04-28T12:56:41.671+0000] {logging_mixin.py:188} INFO - [2026-04-28T12:56:41.671+0000] {dag.py:3047} INFO - Sync 2 DAGs
[2026-04-28T12:56:41.684+0000] {logging_mixin.py:188} INFO - [2026-04-28T12:56:41.683+0000] {dag.py:3834} INFO - Setting next_dagrun for example_subdag_operator.section-1 to None, run_after=None
[2026-04-28T12:56:41.687+0000] {logging_mixin.py:188} INFO - [2026-04-28T12:56:41.686+0000] {dag.py:3834} INFO - Setting next_dagrun for example_subdag_operator.section-2 to None, run_after=None
[2026-04-28T12:56:41.728+0000] {processor.py:183} INFO - Processing /home/airflow/.local/lib/python3.8/site-packages/airflow/example_dags/example_subdag_operator.py took 0.160 seconds
[2026-04-28T12:57:12.489+0000] {processor.py:161} INFO - Started process (PID=5034) to work on /home/airflow/.local/lib/python3.8/site-packages/airflow/example_dags/example_subdag_operator.py
[2026-04-28T12:57:12.496+0000] {processor.py:830} INFO - Processing file /home/airflow/.local/lib/python3.8/site-packages/airflow/example_dags/example_subdag_operator.py for tasks to queue
[2026-04-28T12:57:12.509+0000] {logging_mixin.py:188} INFO - [2026-04-28T12:57:12.505+0000] {dagbag.py:540} INFO - Filling up the DagBag from /home/airflow/.local/lib/python3.8/site-packages/airflow/example_dags/example_subdag_operator.py
[2026-04-28T12:57:12.627+0000] {processor.py:840} INFO - DAG(s) 'example_subdag_operator.section-1', 'example_subdag_operator.section-2', 'example_subdag_operator' retrieved from /home/airflow/.local/lib/python3.8/site-packages/airflow/example_dags/example_subdag_operator.py
[2026-04-28T12:57:12.691+0000] {logging_mixin.py:188} INFO - [2026-04-28T12:57:12.690+0000] {dag.py:3047} INFO - Sync 3 DAGs
[2026-04-28T12:57:12.766+0000] {logging_mixin.py:188} INFO - [2026-04-28T12:57:12.766+0000] {dag.py:3834} INFO - Setting next_dagrun for example_subdag_operator to 2022-01-01 00:00:00+00:00, run_after=2022-01-01 00:00:00+00:00
[2026-04-28T12:57:12.801+0000] {logging_mixin.py:188} INFO - [2026-04-28T12:57:12.801+0000] {dag.py:3834} INFO - Setting next_dagrun for example_subdag_operator.section-1 to None, run_after=None
[2026-04-28T12:57:12.804+0000] {logging_mixin.py:188} INFO - [2026-04-28T12:57:12.803+0000] {dag.py:3834} INFO - Setting next_dagrun for example_subdag_operator.section-2 to None, run_after=None
[2026-04-28T12:57:12.821+0000] {logging_mixin.py:188} INFO - [2026-04-28T12:57:12.819+0000] {dag.py:3047} INFO - Sync 2 DAGs
[2026-04-28T12:57:12.832+0000] {logging_mixin.py:188} INFO - [2026-04-28T12:57:12.832+0000] {dag.py:3834} INFO - Setting next_dagrun for example_subdag_operator.section-1 to None, run_after=None
[2026-04-28T12:57:12.833+0000] {logging_mixin.py:188} INFO - [2026-04-28T12:57:12.833+0000] {dag.py:3834} INFO - Setting next_dagrun for example_subdag_operator.section-2 to None, run_after=None
[2026-04-28T12:57:12.856+0000] {processor.py:183} INFO - Processing /home/airflow/.local/lib/python3.8/site-packages/airflow/example_dags/example_subdag_operator.py took 0.383 seconds
[2026-04-28T12:57:43.393+0000] {processor.py:161} INFO - Started process (PID=5090) to work on /home/airflow/.local/lib/python3.8/site-packages/airflow/example_dags/example_subdag_operator.py
[2026-04-28T12:57:43.394+0000] {processor.py:830} INFO - Processing file /home/airflow/.local/lib/python3.8/site-packages/airflow/example_dags/example_subdag_operator.py for tasks to queue
[2026-04-28T12:57:43.396+0000] {logging_mixin.py:188} INFO - [2026-04-28T12:57:43.395+0000] {dagbag.py:540} INFO - Filling up the DagBag from /home/airflow/.local/lib/python3.8/site-packages/airflow/example_dags/example_subdag_operator.py
[2026-04-28T12:57:43.424+0000] {processor.py:840} INFO - DAG(s) 'example_subdag_operator.section-1', 'example_subdag_operator.section-2', 'example_subdag_operator' retrieved from /home/airflow/.local/lib/python3.8/site-packages/airflow/example_dags/example_subdag_operator.py
[2026-04-28T12:57:43.471+0000] {logging_mixin.py:188} INFO - [2026-04-28T12:57:43.470+0000] {dag.py:3047} INFO - Sync 3 DAGs
[2026-04-28T12:57:43.498+0000] {logging_mixin.py:188} INFO - [2026-04-28T12:57:43.498+0000] {dag.py:3834} INFO - Setting next_dagrun for example_subdag_operator to 2022-01-01 00:00:00+00:00, run_after=2022-01-01 00:00:00+00:00
[2026-04-28T12:57:43.502+0000] {logging_mixin.py:188} INFO - [2026-04-28T12:57:43.502+0000] {dag.py:3834} INFO - Setting next_dagrun for example_subdag_operator.section-1 to None, run_after=None
[2026-04-28T12:57:43.503+0000] {logging_mixin.py:188} INFO - [2026-04-28T12:57:43.503+0000] {dag.py:3834} INFO - Setting next_dagrun for example_subdag_operator.section-2 to None, run_after=None
[2026-04-28T12:57:43.513+0000] {logging_mixin.py:188} INFO - [2026-04-28T12:57:43.513+0000] {dag.py:3047} INFO - Sync 2 DAGs
[2026-04-28T12:57:43.527+0000] {logging_mixin.py:188} INFO - [2026-04-28T12:57:43.527+0000] {dag.py:3834} INFO - Setting next_dagrun for example_subdag_operator.section-1 to None, run_after=None
[2026-04-28T12:57:43.528+0000] {logging_mixin.py:188} INFO - [2026-04-28T12:57:43.528+0000] {dag.py:3834} INFO - Setting next_dagrun for example_subdag_operator.section-2 to None, run_after=None
[2026-04-28T12:57:43.549+0000] {processor.py:183} INFO - Processing /home/airflow/.local/lib/python3.8/site-packages/airflow/example_dags/example_subdag_operator.py took 0.160 seconds
[2026-04-28T12:58:13.720+0000] {processor.py:161} INFO - Started process (PID=5145) to work on /home/airflow/.local/lib/python3.8/site-packages/airflow/example_dags/example_subdag_operator.py
[2026-04-28T12:58:13.723+0000] {processor.py:830} INFO - Processing file /home/airflow/.local/lib/python3.8/site-packages/airflow/example_dags/example_subdag_operator.py for tasks to queue
[2026-04-28T12:58:13.725+0000] {logging_mixin.py:188} INFO - [2026-04-28T12:58:13.724+0000] {dagbag.py:540} INFO - Filling up the DagBag from /home/airflow/.local/lib/python3.8/site-packages/airflow/example_dags/example_subdag_operator.py
[2026-04-28T12:58:13.751+0000] {processor.py:840} INFO - DAG(s) 'example_subdag_operator.section-1', 'example_subdag_operator.section-2', 'example_subdag_operator' retrieved from /home/airflow/.local/lib/python3.8/site-packages/airflow/example_dags/example_subdag_operator.py
[2026-04-28T12:58:13.767+0000] {logging_mixin.py:188} INFO - [2026-04-28T12:58:13.767+0000] {dag.py:3047} INFO - Sync 3 DAGs
[2026-04-28T12:58:13.794+0000] {logging_mixin.py:188} INFO - [2026-04-28T12:58:13.794+0000] {dag.py:3834} INFO - Setting next_dagrun for example_subdag_operator to 2022-01-01 00:00:00+00:00, run_after=2022-01-01 00:00:00+00:00
[2026-04-28T12:58:13.798+0000] {logging_mixin.py:188} INFO - [2026-04-28T12:58:13.798+0000] {dag.py:3834} INFO - Setting next_dagrun for example_subdag_operator.section-1 to None, run_after=None
[2026-04-28T12:58:13.799+0000] {logging_mixin.py:188} INFO - [2026-04-28T12:58:13.799+0000] {dag.py:3834} INFO - Setting next_dagrun for example_subdag_operator.section-2 to None, run_after=None
[2026-04-28T12:58:13.806+0000] {logging_mixin.py:188} INFO - [2026-04-28T12:58:13.806+0000] {dag.py:3047} INFO - Sync 2 DAGs
[2026-04-28T12:58:13.811+0000] {logging_mixin.py:188} INFO - [2026-04-28T12:58:13.811+0000] {dag.py:3834} INFO - Setting next_dagrun for example_subdag_operator.section-1 to None, run_after=None
[2026-04-28T12:58:13.811+0000] {logging_mixin.py:188} INFO - [2026-04-28T12:58:13.811+0000] {dag.py:3834} INFO - Setting next_dagrun for example_subdag_operator.section-2 to None, run_after=None
[2026-04-28T12:58:13.821+0000] {processor.py:183} INFO - Processing /home/airflow/.local/lib/python3.8/site-packages/airflow/example_dags/example_subdag_operator.py took 0.109 seconds
[2026-04-28T12:58:44.102+0000] {processor.py:161} INFO - Started process (PID=5201) to work on /home/airflow/.local/lib/python3.8/site-packages/airflow/example_dags/example_subdag_operator.py
[2026-04-28T12:58:44.105+0000] {processor.py:830} INFO - Processing file /home/airflow/.local/lib/python3.8/site-packages/airflow/example_dags/example_subdag_operator.py for tasks to queue
[2026-04-28T12:58:44.107+0000] {logging_mixin.py:188} INFO - [2026-04-28T12:58:44.107+0000] {dagbag.py:540} INFO - Filling up the DagBag from /home/airflow/.local/lib/python3.8/site-packages/airflow/example_dags/example_subdag_operator.py
[2026-04-28T12:58:44.145+0000] {processor.py:840} INFO - DAG(s) 'example_subdag_operator.section-1', 'example_subdag_operator.section-2', 'example_subdag_operator' retrieved from /home/airflow/.local/lib/python3.8/site-packages/airflow/example_dags/example_subdag_operator.py
[2026-04-28T12:58:44.164+0000] {logging_mixin.py:188} INFO - [2026-04-28T12:58:44.164+0000] {dag.py:3047} INFO - Sync 3 DAGs
[2026-04-28T12:58:44.187+0000] {logging_mixin.py:188} INFO - [2026-04-28T12:58:44.187+0000] {dag.py:3834} INFO - Setting next_dagrun for example_subdag_operator to 2022-01-01 00:00:00+00:00, run_after=2022-01-01 00:00:00+00:00
[2026-04-28T12:58:44.192+0000] {logging_mixin.py:188} INFO - [2026-04-28T12:58:44.191+0000] {dag.py:3834} INFO - Setting next_dagrun for example_subdag_operator.section-1 to None, run_after=None
[2026-04-28T12:58:44.193+0000] {logging_mixin.py:188} INFO - [2026-04-28T12:58:44.193+0000] {dag.py:3834} INFO - Setting next_dagrun for example_subdag_operator.section-2 to None, run_after=None
[2026-04-28T12:58:44.200+0000] {logging_mixin.py:188} INFO - [2026-04-28T12:58:44.200+0000] {dag.py:3047} INFO - Sync 2 DAGs
[2026-04-28T12:58:44.205+0000] {logging_mixin.py:188} INFO - [2026-04-28T12:58:44.205+0000] {dag.py:3834} INFO - Setting next_dagrun for example_subdag_operator.section-1 to None, run_after=None
[2026-04-28T12:58:44.206+0000] {logging_mixin.py:188} INFO - [2026-04-28T12:58:44.205+0000] {dag.py:3834} INFO - Setting next_dagrun for example_subdag_operator.section-2 to None, run_after=None
[2026-04-28T12:58:44.216+0000] {processor.py:183} INFO - Processing /home/airflow/.local/lib/python3.8/site-packages/airflow/example_dags/example_subdag_operator.py took 0.122 seconds
[2026-04-28T12:59:15.122+0000] {processor.py:161} INFO - Started process (PID=5257) to work on /home/airflow/.local/lib/python3.8/site-packages/airflow/example_dags/example_subdag_operator.py
[2026-04-28T12:59:15.123+0000] {processor.py:830} INFO - Processing file /home/airflow/.local/lib/python3.8/site-packages/airflow/example_dags/example_subdag_operator.py for tasks to queue
[2026-04-28T12:59:15.125+0000] {logging_mixin.py:188} INFO - [2026-04-28T12:59:15.125+0000] {dagbag.py:540} INFO - Filling up the DagBag from /home/airflow/.local/lib/python3.8/site-packages/airflow/example_dags/example_subdag_operator.py
[2026-04-28T12:59:15.156+0000] {processor.py:840} INFO - DAG(s) 'example_subdag_operator.section-1', 'example_subdag_operator.section-2', 'example_subdag_operator' retrieved from /home/airflow/.local/lib/python3.8/site-packages/airflow/example_dags/example_subdag_operator.py
[2026-04-28T12:59:15.173+0000] {logging_mixin.py:188} INFO - [2026-04-28T12:59:15.173+0000] {dag.py:3047} INFO - Sync 3 DAGs
[2026-04-28T12:59:15.197+0000] {logging_mixin.py:188} INFO - [2026-04-28T12:59:15.196+0000] {dag.py:3834} INFO - Setting next_dagrun for example_subdag_operator to 2022-01-01 00:00:00+00:00, run_after=2022-01-01 00:00:00+00:00
[2026-04-28T12:59:15.201+0000] {logging_mixin.py:188} INFO - [2026-04-28T12:59:15.200+0000] {dag.py:3834} INFO - Setting next_dagrun for example_subdag_operator.section-1 to None, run_after=None
[2026-04-28T12:59:15.202+0000] {logging_mixin.py:188} INFO - [2026-04-28T12:59:15.202+0000] {dag.py:3834} INFO - Setting next_dagrun for example_subdag_operator.section-2 to None, run_after=None
[2026-04-28T12:59:15.209+0000] {logging_mixin.py:188} INFO - [2026-04-28T12:59:15.208+0000] {dag.py:3047} INFO - Sync 2 DAGs
[2026-04-28T12:59:15.213+0000] {logging_mixin.py:188} INFO - [2026-04-28T12:59:15.213+0000] {dag.py:3834} INFO - Setting next_dagrun for example_subdag_operator.section-1 to None, run_after=None
[2026-04-28T12:59:15.213+0000] {logging_mixin.py:188} INFO - [2026-04-28T12:59:15.213+0000] {dag.py:3834} INFO - Setting next_dagrun for example_subdag_operator.section-2 to None, run_after=None
[2026-04-28T12:59:15.223+0000] {processor.py:183} INFO - Processing /home/airflow/.local/lib/python3.8/site-packages/airflow/example_dags/example_subdag_operator.py took 0.104 seconds
[2026-04-28T12:59:45.567+0000] {processor.py:161} INFO - Started process (PID=5313) to work on /home/airflow/.local/lib/python3.8/site-packages/airflow/example_dags/example_subdag_operator.py
[2026-04-28T12:59:45.568+0000] {processor.py:830} INFO - Processing file /home/airflow/.local/lib/python3.8/site-packages/airflow/example_dags/example_subdag_operator.py for tasks to queue
[2026-04-28T12:59:45.570+0000] {logging_mixin.py:188} INFO - [2026-04-28T12:59:45.570+0000] {dagbag.py:540} INFO - Filling up the DagBag from /home/airflow/.local/lib/python3.8/site-packages/airflow/example_dags/example_subdag_operator.py
[2026-04-28T12:59:45.597+0000] {processor.py:840} INFO - DAG(s) 'example_subdag_operator.section-1', 'example_subdag_operator.section-2', 'example_subdag_operator' retrieved from /home/airflow/.local/lib/python3.8/site-packages/airflow/example_dags/example_subdag_operator.py
[2026-04-28T12:59:45.615+0000] {logging_mixin.py:188} INFO - [2026-04-28T12:59:45.614+0000] {dag.py:3047} INFO - Sync 3 DAGs
[2026-04-28T12:59:45.636+0000] {logging_mixin.py:188} INFO - [2026-04-28T12:59:45.636+0000] {dag.py:3834} INFO - Setting next_dagrun for example_subdag_operator to 2022-01-01 00:00:00+00:00, run_after=2022-01-01 00:00:00+00:00
[2026-04-28T12:59:45.641+0000] {logging_mixin.py:188} INFO - [2026-04-28T12:59:45.640+0000] {dag.py:3834} INFO - Setting next_dagrun for example_subdag_operator.section-1 to None, run_after=None
[2026-04-28T12:59:45.642+0000] {logging_mixin.py:188} INFO - [2026-04-28T12:59:45.642+0000] {dag.py:3834} INFO - Setting next_dagrun for example_subdag_operator.section-2 to None, run_after=None
[2026-04-28T12:59:45.654+0000] {logging_mixin.py:188} INFO - [2026-04-28T12:59:45.654+0000] {dag.py:3047} INFO - Sync 2 DAGs
[2026-04-28T12:59:45.661+0000] {logging_mixin.py:188} INFO - [2026-04-28T12:59:45.661+0000] {dag.py:3834} INFO - Setting next_dagrun for example_subdag_operator.section-1 to None, run_after=None
[2026-04-28T12:59:45.662+0000] {logging_mixin.py:188} INFO - [2026-04-28T12:59:45.662+0000] {dag.py:3834} INFO - Setting next_dagrun for example_subdag_operator.section-2 to None, run_after=None
[2026-04-28T12:59:45.671+0000] {processor.py:183} INFO - Processing /home/airflow/.local/lib/python3.8/site-packages/airflow/example_dags/example_subdag_operator.py took 0.108 seconds
[2026-04-28T13:00:16.113+0000] {processor.py:161} INFO - Started process (PID=5369) to work on /home/airflow/.local/lib/python3.8/site-packages/airflow/example_dags/example_subdag_operator.py
[2026-04-28T13:00:16.114+0000] {processor.py:830} INFO - Processing file /home/airflow/.local/lib/python3.8/site-packages/airflow/example_dags/example_subdag_operator.py for tasks to queue
[2026-04-28T13:00:16.117+0000] {logging_mixin.py:188} INFO - [2026-04-28T13:00:16.116+0000] {dagbag.py:540} INFO - Filling up the DagBag from /home/airflow/.local/lib/python3.8/site-packages/airflow/example_dags/example_subdag_operator.py
[2026-04-28T13:00:16.143+0000] {processor.py:840} INFO - DAG(s) 'example_subdag_operator.section-1', 'example_subdag_operator.section-2', 'example_subdag_operator' retrieved from /home/airflow/.local/lib/python3.8/site-packages/airflow/example_dags/example_subdag_operator.py
[2026-04-28T13:00:16.160+0000] {logging_mixin.py:188} INFO - [2026-04-28T13:00:16.159+0000] {dag.py:3047} INFO - Sync 3 DAGs
[2026-04-28T13:00:16.182+0000] {logging_mixin.py:188} INFO - [2026-04-28T13:00:16.182+0000] {dag.py:3834} INFO - Setting next_dagrun for example_subdag_operator to 2022-01-01 00:00:00+00:00, run_after=2022-01-01 00:00:00+00:00
[2026-04-28T13:00:16.186+0000] {logging_mixin.py:188} INFO - [2026-04-28T13:00:16.186+0000] {dag.py:3834} INFO - Setting next_dagrun for example_subdag_operator.section-1 to None, run_after=None
[2026-04-28T13:00:16.187+0000] {logging_mixin.py:188} INFO - [2026-04-28T13:00:16.187+0000] {dag.py:3834} INFO - Setting next_dagrun for example_subdag_operator.section-2 to None, run_after=None
[2026-04-28T13:00:16.194+0000] {logging_mixin.py:188} INFO - [2026-04-28T13:00:16.194+0000] {dag.py:3047} INFO - Sync 2 DAGs
[2026-04-28T13:00:16.199+0000] {logging_mixin.py:188} INFO - [2026-04-28T13:00:16.199+0000] {dag.py:3834} INFO - Setting next_dagrun for example_subdag_operator.section-1 to None, run_after=None
[2026-04-28T13:00:16.199+0000] {logging_mixin.py:188} INFO - [2026-04-28T13:00:16.199+0000] {dag.py:3834} INFO - Setting next_dagrun for example_subdag_operator.section-2 to None, run_after=None
[2026-04-28T13:00:16.209+0000] {processor.py:183} INFO - Processing /home/airflow/.local/lib/python3.8/site-packages/airflow/example_dags/example_subdag_operator.py took 0.100 seconds
[2026-04-28T13:00:46.871+0000] {processor.py:161} INFO - Started process (PID=5424) to work on /home/airflow/.local/lib/python3.8/site-packages/airflow/example_dags/example_subdag_operator.py
[2026-04-28T13:00:46.872+0000] {processor.py:830} INFO - Processing file /home/airflow/.local/lib/python3.8/site-packages/airflow/example_dags/example_subdag_operator.py for tasks to queue
[2026-04-28T13:00:46.874+0000] {logging_mixin.py:188} INFO - [2026-04-28T13:00:46.873+0000] {dagbag.py:540} INFO - Filling up the DagBag from /home/airflow/.local/lib/python3.8/site-packages/airflow/example_dags/example_subdag_operator.py
[2026-04-28T13:00:46.910+0000] {processor.py:840} INFO - DAG(s) 'example_subdag_operator.section-1', 'example_subdag_operator.section-2', 'example_subdag_operator' retrieved from /home/airflow/.local/lib/python3.8/site-packages/airflow/example_dags/example_subdag_operator.py
[2026-04-28T13:00:46.926+0000] {logging_mixin.py:188} INFO - [2026-04-28T13:00:46.926+0000] {dag.py:3047} INFO - Sync 3 DAGs
[2026-04-28T13:00:46.957+0000] {logging_mixin.py:188} INFO - [2026-04-28T13:00:46.957+0000] {dag.py:3834} INFO - Setting next_dagrun for example_subdag_operator to 2022-01-01 00:00:00+00:00, run_after=2022-01-01 00:00:00+00:00
[2026-04-28T13:00:46.961+0000] {logging_mixin.py:188} INFO - [2026-04-28T13:00:46.961+0000] {dag.py:3834} INFO - Setting next_dagrun for example_subdag_operator.section-1 to None, run_after=None
[2026-04-28T13:00:46.965+0000] {logging_mixin.py:188} INFO - [2026-04-28T13:00:46.965+0000] {dag.py:3834} INFO - Setting next_dagrun for example_subdag_operator.section-2 to None, run_after=None
[2026-04-28T13:00:46.973+0000] {logging_mixin.py:188} INFO - [2026-04-28T13:00:46.972+0000] {dag.py:3047} INFO - Sync 2 DAGs
[2026-04-28T13:00:46.978+0000] {logging_mixin.py:188} INFO - [2026-04-28T13:00:46.978+0000] {dag.py:3834} INFO - Setting next_dagrun for example_subdag_operator.section-1 to None, run_after=None
[2026-04-28T13:00:46.978+0000] {logging_mixin.py:188} INFO - [2026-04-28T13:00:46.978+0000] {dag.py:3834} INFO - Setting next_dagrun for example_subdag_operator.section-2 to None, run_after=None
[2026-04-28T13:00:46.988+0000] {processor.py:183} INFO - Processing /home/airflow/.local/lib/python3.8/site-packages/airflow/example_dags/example_subdag_operator.py took 0.122 seconds
[2026-04-28T13:01:17.098+0000] {processor.py:161} INFO - Started process (PID=5480) to work on /home/airflow/.local/lib/python3.8/site-packages/airflow/example_dags/example_subdag_operator.py
[2026-04-28T13:01:17.099+0000] {processor.py:830} INFO - Processing file /home/airflow/.local/lib/python3.8/site-packages/airflow/example_dags/example_subdag_operator.py for tasks to queue
[2026-04-28T13:01:17.101+0000] {logging_mixin.py:188} INFO - [2026-04-28T13:01:17.101+0000] {dagbag.py:540} INFO - Filling up the DagBag from /home/airflow/.local/lib/python3.8/site-packages/airflow/example_dags/example_subdag_operator.py
[2026-04-28T13:01:17.128+0000] {processor.py:840} INFO - DAG(s) 'example_subdag_operator.section-1', 'example_subdag_operator.section-2', 'example_subdag_operator' retrieved from /home/airflow/.local/lib/python3.8/site-packages/airflow/example_dags/example_subdag_operator.py
[2026-04-28T13:01:17.144+0000] {logging_mixin.py:188} INFO - [2026-04-28T13:01:17.144+0000] {dag.py:3047} INFO - Sync 3 DAGs
[2026-04-28T13:01:17.169+0000] {logging_mixin.py:188} INFO - [2026-04-28T13:01:17.168+0000] {dag.py:3834} INFO - Setting next_dagrun for example_subdag_operator to 2022-01-01 00:00:00+00:00, run_after=2022-01-01 00:00:00+00:00
[2026-04-28T13:01:17.173+0000] {logging_mixin.py:188} INFO - [2026-04-28T13:01:17.172+0000] {dag.py:3834} INFO - Setting next_dagrun for example_subdag_operator.section-1 to None, run_after=None
[2026-04-28T13:01:17.174+0000] {logging_mixin.py:188} INFO - [2026-04-28T13:01:17.174+0000] {dag.py:3834} INFO - Setting next_dagrun for example_subdag_operator.section-2 to None, run_after=None
[2026-04-28T13:01:17.181+0000] {logging_mixin.py:188} INFO - [2026-04-28T13:01:17.180+0000] {dag.py:3047} INFO - Sync 2 DAGs
[2026-04-28T13:01:17.186+0000] {logging_mixin.py:188} INFO - [2026-04-28T13:01:17.186+0000] {dag.py:3834} INFO - Setting next_dagrun for example_subdag_operator.section-1 to None, run_after=None
[2026-04-28T13:01:17.186+0000] {logging_mixin.py:188} INFO - [2026-04-28T13:01:17.186+0000] {dag.py:3834} INFO - Setting next_dagrun for example_subdag_operator.section-2 to None, run_after=None
[2026-04-28T13:01:17.196+0000] {processor.py:183} INFO - Processing /home/airflow/.local/lib/python3.8/site-packages/airflow/example_dags/example_subdag_operator.py took 0.102 seconds
[2026-04-28T13:01:47.329+0000] {processor.py:161} INFO - Started process (PID=5536) to work on /home/airflow/.local/lib/python3.8/site-packages/airflow/example_dags/example_subdag_operator.py
[2026-04-28T13:01:47.330+0000] {processor.py:830} INFO - Processing file /home/airflow/.local/lib/python3.8/site-packages/airflow/example_dags/example_subdag_operator.py for tasks to queue
[2026-04-28T13:01:47.332+0000] {logging_mixin.py:188} INFO - [2026-04-28T13:01:47.332+0000] {dagbag.py:540} INFO - Filling up the DagBag from /home/airflow/.local/lib/python3.8/site-packages/airflow/example_dags/example_subdag_operator.py
[2026-04-28T13:01:47.359+0000] {processor.py:840} INFO - DAG(s) 'example_subdag_operator.section-1', 'example_subdag_operator.section-2', 'example_subdag_operator' retrieved from /home/airflow/.local/lib/python3.8/site-packages/airflow/example_dags/example_subdag_operator.py
[2026-04-28T13:01:47.377+0000] {logging_mixin.py:188} INFO - [2026-04-28T13:01:47.376+0000] {dag.py:3047} INFO - Sync 3 DAGs
[2026-04-28T13:01:47.401+0000] {logging_mixin.py:188} INFO - [2026-04-28T13:01:47.401+0000] {dag.py:3834} INFO - Setting next_dagrun for example_subdag_operator to 2022-01-01 00:00:00+00:00, run_after=2022-01-01 00:00:00+00:00
[2026-04-28T13:01:47.405+0000] {logging_mixin.py:188} INFO - [2026-04-28T13:01:47.405+0000] {dag.py:3834} INFO - Setting next_dagrun for example_subdag_operator.section-1 to None, run_after=None
[2026-04-28T13:01:47.406+0000] {logging_mixin.py:188} INFO - [2026-04-28T13:01:47.406+0000] {dag.py:3834} INFO - Setting next_dagrun for example_subdag_operator.section-2 to None, run_after=None
[2026-04-28T13:01:47.413+0000] {logging_mixin.py:188} INFO - [2026-04-28T13:01:47.413+0000] {dag.py:3047} INFO - Sync 2 DAGs
[2026-04-28T13:01:47.418+0000] {logging_mixin.py:188} INFO - [2026-04-28T13:01:47.418+0000] {dag.py:3834} INFO - Setting next_dagrun for example_subdag_operator.section-1 to None, run_after=None
[2026-04-28T13:01:47.419+0000] {logging_mixin.py:188} INFO - [2026-04-28T13:01:47.418+0000] {dag.py:3834} INFO - Setting next_dagrun for example_subdag_operator.section-2 to None, run_after=None
[2026-04-28T13:01:47.428+0000] {processor.py:183} INFO - Processing /home/airflow/.local/lib/python3.8/site-packages/airflow/example_dags/example_subdag_operator.py took 0.105 seconds
[2026-04-28T13:02:17.639+0000] {processor.py:161} INFO - Started process (PID=5592) to work on /home/airflow/.local/lib/python3.8/site-packages/airflow/example_dags/example_subdag_operator.py
[2026-04-28T13:02:17.643+0000] {processor.py:830} INFO - Processing file /home/airflow/.local/lib/python3.8/site-packages/airflow/example_dags/example_subdag_operator.py for tasks to queue
[2026-04-28T13:02:17.649+0000] {logging_mixin.py:188} INFO - [2026-04-28T13:02:17.649+0000] {dagbag.py:540} INFO - Filling up the DagBag from /home/airflow/.local/lib/python3.8/site-packages/airflow/example_dags/example_subdag_operator.py
[2026-04-28T13:02:17.704+0000] {processor.py:840} INFO - DAG(s) 'example_subdag_operator.section-1', 'example_subdag_operator.section-2', 'example_subdag_operator' retrieved from /home/airflow/.local/lib/python3.8/site-packages/airflow/example_dags/example_subdag_operator.py
[2026-04-28T13:02:17.740+0000] {logging_mixin.py:188} INFO - [2026-04-28T13:02:17.739+0000] {dag.py:3047} INFO - Sync 3 DAGs
[2026-04-28T13:02:17.768+0000] {logging_mixin.py:188} INFO - [2026-04-28T13:02:17.767+0000] {dag.py:3834} INFO - Setting next_dagrun for example_subdag_operator to 2022-01-01 00:00:00+00:00, run_after=2022-01-01 00:00:00+00:00
[2026-04-28T13:02:17.772+0000] {logging_mixin.py:188} INFO - [2026-04-28T13:02:17.771+0000] {dag.py:3834} INFO - Setting next_dagrun for example_subdag_operator.section-1 to None, run_after=None
[2026-04-28T13:02:17.773+0000] {logging_mixin.py:188} INFO - [2026-04-28T13:02:17.773+0000] {dag.py:3834} INFO - Setting next_dagrun for example_subdag_operator.section-2 to None, run_after=None
[2026-04-28T13:02:17.780+0000] {logging_mixin.py:188} INFO - [2026-04-28T13:02:17.780+0000] {dag.py:3047} INFO - Sync 2 DAGs
[2026-04-28T13:02:17.786+0000] {logging_mixin.py:188} INFO - [2026-04-28T13:02:17.786+0000] {dag.py:3834} INFO - Setting next_dagrun for example_subdag_operator.section-1 to None, run_after=None
[2026-04-28T13:02:17.786+0000] {logging_mixin.py:188} INFO - [2026-04-28T13:02:17.786+0000] {dag.py:3834} INFO - Setting next_dagrun for example_subdag_operator.section-2 to None, run_after=None
[2026-04-28T13:02:17.796+0000] {processor.py:183} INFO - Processing /home/airflow/.local/lib/python3.8/site-packages/airflow/example_dags/example_subdag_operator.py took 0.170 seconds
