[2026-04-28T12:11:50.575+0000] {processor.py:161} INFO - Started process (PID=77) to work on /home/airflow/.local/lib/python3.8/site-packages/airflow/example_dags/example_branch_day_of_week_operator.py
[2026-04-28T12:11:50.576+0000] {processor.py:830} INFO - Processing file /home/airflow/.local/lib/python3.8/site-packages/airflow/example_dags/example_branch_day_of_week_operator.py for tasks to queue
[2026-04-28T12:11:50.579+0000] {logging_mixin.py:188} INFO - [2026-04-28T12:11:50.578+0000] {dagbag.py:540} INFO - Filling up the DagBag from /home/airflow/.local/lib/python3.8/site-packages/airflow/example_dags/example_branch_day_of_week_operator.py
[2026-04-28T12:11:50.588+0000] {processor.py:840} INFO - DAG(s) 'example_weekday_branch_operator' retrieved from /home/airflow/.local/lib/python3.8/site-packages/airflow/example_dags/example_branch_day_of_week_operator.py
[2026-04-28T12:11:50.827+0000] {logging_mixin.py:188} INFO - [2026-04-28T12:11:50.826+0000] {dag.py:3047} INFO - Sync 1 DAGs
[2026-04-28T12:11:50.851+0000] {logging_mixin.py:188} INFO - [2026-04-28T12:11:50.850+0000] {dag.py:3834} INFO - Setting next_dagrun for example_weekday_branch_operator to 2026-04-27 00:00:00+00:00, run_after=2026-04-28 00:00:00+00:00
[2026-04-28T12:11:50.887+0000] {processor.py:183} INFO - Processing /home/airflow/.local/lib/python3.8/site-packages/airflow/example_dags/example_branch_day_of_week_operator.py took 0.316 seconds
[2026-04-28T12:12:21.520+0000] {processor.py:161} INFO - Started process (PID=132) to work on /home/airflow/.local/lib/python3.8/site-packages/airflow/example_dags/example_branch_day_of_week_operator.py
[2026-04-28T12:12:21.520+0000] {processor.py:830} INFO - Processing file /home/airflow/.local/lib/python3.8/site-packages/airflow/example_dags/example_branch_day_of_week_operator.py for tasks to queue
[2026-04-28T12:12:21.522+0000] {logging_mixin.py:188} INFO - [2026-04-28T12:12:21.522+0000] {dagbag.py:540} INFO - Filling up the DagBag from /home/airflow/.local/lib/python3.8/site-packages/airflow/example_dags/example_branch_day_of_week_operator.py
[2026-04-28T12:12:21.529+0000] {processor.py:840} INFO - DAG(s) 'example_weekday_branch_operator' retrieved from /home/airflow/.local/lib/python3.8/site-packages/airflow/example_dags/example_branch_day_of_week_operator.py
[2026-04-28T12:12:21.545+0000] {logging_mixin.py:188} INFO - [2026-04-28T12:12:21.545+0000] {dag.py:3047} INFO - Sync 1 DAGs
[2026-04-28T12:12:21.562+0000] {logging_mixin.py:188} INFO - [2026-04-28T12:12:21.562+0000] {dag.py:3834} INFO - Setting next_dagrun for example_weekday_branch_operator to 2026-04-27 00:00:00+00:00, run_after=2026-04-28 00:00:00+00:00
[2026-04-28T12:12:21.576+0000] {processor.py:183} INFO - Processing /home/airflow/.local/lib/python3.8/site-packages/airflow/example_dags/example_branch_day_of_week_operator.py took 0.059 seconds
[2026-04-28T12:12:51.690+0000] {processor.py:161} INFO - Started process (PID=187) to work on /home/airflow/.local/lib/python3.8/site-packages/airflow/example_dags/example_branch_day_of_week_operator.py
[2026-04-28T12:12:51.691+0000] {processor.py:830} INFO - Processing file /home/airflow/.local/lib/python3.8/site-packages/airflow/example_dags/example_branch_day_of_week_operator.py for tasks to queue
[2026-04-28T12:12:51.693+0000] {logging_mixin.py:188} INFO - [2026-04-28T12:12:51.692+0000] {dagbag.py:540} INFO - Filling up the DagBag from /home/airflow/.local/lib/python3.8/site-packages/airflow/example_dags/example_branch_day_of_week_operator.py
[2026-04-28T12:12:51.702+0000] {processor.py:840} INFO - DAG(s) 'example_weekday_branch_operator' retrieved from /home/airflow/.local/lib/python3.8/site-packages/airflow/example_dags/example_branch_day_of_week_operator.py
[2026-04-28T12:12:51.725+0000] {logging_mixin.py:188} INFO - [2026-04-28T12:12:51.725+0000] {dag.py:3047} INFO - Sync 1 DAGs
[2026-04-28T12:12:51.749+0000] {logging_mixin.py:188} INFO - [2026-04-28T12:12:51.748+0000] {dag.py:3834} INFO - Setting next_dagrun for example_weekday_branch_operator to 2026-04-27 00:00:00+00:00, run_after=2026-04-28 00:00:00+00:00
[2026-04-28T12:12:51.777+0000] {processor.py:183} INFO - Processing /home/airflow/.local/lib/python3.8/site-packages/airflow/example_dags/example_branch_day_of_week_operator.py took 0.091 seconds
[2026-04-28T12:13:22.151+0000] {processor.py:161} INFO - Started process (PID=242) to work on /home/airflow/.local/lib/python3.8/site-packages/airflow/example_dags/example_branch_day_of_week_operator.py
[2026-04-28T12:13:22.152+0000] {processor.py:830} INFO - Processing file /home/airflow/.local/lib/python3.8/site-packages/airflow/example_dags/example_branch_day_of_week_operator.py for tasks to queue
[2026-04-28T12:13:22.154+0000] {logging_mixin.py:188} INFO - [2026-04-28T12:13:22.153+0000] {dagbag.py:540} INFO - Filling up the DagBag from /home/airflow/.local/lib/python3.8/site-packages/airflow/example_dags/example_branch_day_of_week_operator.py
[2026-04-28T12:13:22.163+0000] {processor.py:840} INFO - DAG(s) 'example_weekday_branch_operator' retrieved from /home/airflow/.local/lib/python3.8/site-packages/airflow/example_dags/example_branch_day_of_week_operator.py
[2026-04-28T12:13:22.186+0000] {logging_mixin.py:188} INFO - [2026-04-28T12:13:22.186+0000] {dag.py:3047} INFO - Sync 1 DAGs
[2026-04-28T12:13:22.210+0000] {logging_mixin.py:188} INFO - [2026-04-28T12:13:22.209+0000] {dag.py:3834} INFO - Setting next_dagrun for example_weekday_branch_operator to 2026-04-27 00:00:00+00:00, run_after=2026-04-28 00:00:00+00:00
[2026-04-28T12:13:22.238+0000] {processor.py:183} INFO - Processing /home/airflow/.local/lib/python3.8/site-packages/airflow/example_dags/example_branch_day_of_week_operator.py took 0.091 seconds
[2026-04-28T12:13:52.672+0000] {processor.py:161} INFO - Started process (PID=297) to work on /home/airflow/.local/lib/python3.8/site-packages/airflow/example_dags/example_branch_day_of_week_operator.py
[2026-04-28T12:13:52.673+0000] {processor.py:830} INFO - Processing file /home/airflow/.local/lib/python3.8/site-packages/airflow/example_dags/example_branch_day_of_week_operator.py for tasks to queue
[2026-04-28T12:13:52.675+0000] {logging_mixin.py:188} INFO - [2026-04-28T12:13:52.674+0000] {dagbag.py:540} INFO - Filling up the DagBag from /home/airflow/.local/lib/python3.8/site-packages/airflow/example_dags/example_branch_day_of_week_operator.py
[2026-04-28T12:13:52.684+0000] {processor.py:840} INFO - DAG(s) 'example_weekday_branch_operator' retrieved from /home/airflow/.local/lib/python3.8/site-packages/airflow/example_dags/example_branch_day_of_week_operator.py
[2026-04-28T12:13:52.706+0000] {logging_mixin.py:188} INFO - [2026-04-28T12:13:52.705+0000] {dag.py:3047} INFO - Sync 1 DAGs
[2026-04-28T12:13:52.730+0000] {logging_mixin.py:188} INFO - [2026-04-28T12:13:52.730+0000] {dag.py:3834} INFO - Setting next_dagrun for example_weekday_branch_operator to 2026-04-27 00:00:00+00:00, run_after=2026-04-28 00:00:00+00:00
[2026-04-28T12:13:52.750+0000] {processor.py:183} INFO - Processing /home/airflow/.local/lib/python3.8/site-packages/airflow/example_dags/example_branch_day_of_week_operator.py took 0.082 seconds
[2026-04-28T12:14:23.251+0000] {processor.py:161} INFO - Started process (PID=352) to work on /home/airflow/.local/lib/python3.8/site-packages/airflow/example_dags/example_branch_day_of_week_operator.py
[2026-04-28T12:14:23.252+0000] {processor.py:830} INFO - Processing file /home/airflow/.local/lib/python3.8/site-packages/airflow/example_dags/example_branch_day_of_week_operator.py for tasks to queue
[2026-04-28T12:14:23.254+0000] {logging_mixin.py:188} INFO - [2026-04-28T12:14:23.253+0000] {dagbag.py:540} INFO - Filling up the DagBag from /home/airflow/.local/lib/python3.8/site-packages/airflow/example_dags/example_branch_day_of_week_operator.py
[2026-04-28T12:14:23.263+0000] {processor.py:840} INFO - DAG(s) 'example_weekday_branch_operator' retrieved from /home/airflow/.local/lib/python3.8/site-packages/airflow/example_dags/example_branch_day_of_week_operator.py
[2026-04-28T12:14:23.286+0000] {logging_mixin.py:188} INFO - [2026-04-28T12:14:23.285+0000] {dag.py:3047} INFO - Sync 1 DAGs
[2026-04-28T12:14:23.313+0000] {logging_mixin.py:188} INFO - [2026-04-28T12:14:23.313+0000] {dag.py:3834} INFO - Setting next_dagrun for example_weekday_branch_operator to 2026-04-27 00:00:00+00:00, run_after=2026-04-28 00:00:00+00:00
[2026-04-28T12:14:23.331+0000] {processor.py:183} INFO - Processing /home/airflow/.local/lib/python3.8/site-packages/airflow/example_dags/example_branch_day_of_week_operator.py took 0.084 seconds
[2026-04-28T12:14:53.964+0000] {processor.py:161} INFO - Started process (PID=407) to work on /home/airflow/.local/lib/python3.8/site-packages/airflow/example_dags/example_branch_day_of_week_operator.py
[2026-04-28T12:14:53.965+0000] {processor.py:830} INFO - Processing file /home/airflow/.local/lib/python3.8/site-packages/airflow/example_dags/example_branch_day_of_week_operator.py for tasks to queue
[2026-04-28T12:14:53.967+0000] {logging_mixin.py:188} INFO - [2026-04-28T12:14:53.967+0000] {dagbag.py:540} INFO - Filling up the DagBag from /home/airflow/.local/lib/python3.8/site-packages/airflow/example_dags/example_branch_day_of_week_operator.py
[2026-04-28T12:14:53.977+0000] {processor.py:840} INFO - DAG(s) 'example_weekday_branch_operator' retrieved from /home/airflow/.local/lib/python3.8/site-packages/airflow/example_dags/example_branch_day_of_week_operator.py
[2026-04-28T12:14:54.001+0000] {logging_mixin.py:188} INFO - [2026-04-28T12:14:54.001+0000] {dag.py:3047} INFO - Sync 1 DAGs
[2026-04-28T12:14:54.026+0000] {logging_mixin.py:188} INFO - [2026-04-28T12:14:54.025+0000] {dag.py:3834} INFO - Setting next_dagrun for example_weekday_branch_operator to 2026-04-27 00:00:00+00:00, run_after=2026-04-28 00:00:00+00:00
[2026-04-28T12:14:54.041+0000] {processor.py:183} INFO - Processing /home/airflow/.local/lib/python3.8/site-packages/airflow/example_dags/example_branch_day_of_week_operator.py took 0.081 seconds
[2026-04-28T12:15:24.594+0000] {processor.py:161} INFO - Started process (PID=462) to work on /home/airflow/.local/lib/python3.8/site-packages/airflow/example_dags/example_branch_day_of_week_operator.py
[2026-04-28T12:15:24.595+0000] {processor.py:830} INFO - Processing file /home/airflow/.local/lib/python3.8/site-packages/airflow/example_dags/example_branch_day_of_week_operator.py for tasks to queue
[2026-04-28T12:15:24.598+0000] {logging_mixin.py:188} INFO - [2026-04-28T12:15:24.598+0000] {dagbag.py:540} INFO - Filling up the DagBag from /home/airflow/.local/lib/python3.8/site-packages/airflow/example_dags/example_branch_day_of_week_operator.py
[2026-04-28T12:15:24.607+0000] {processor.py:840} INFO - DAG(s) 'example_weekday_branch_operator' retrieved from /home/airflow/.local/lib/python3.8/site-packages/airflow/example_dags/example_branch_day_of_week_operator.py
[2026-04-28T12:15:24.630+0000] {logging_mixin.py:188} INFO - [2026-04-28T12:15:24.630+0000] {dag.py:3047} INFO - Sync 1 DAGs
[2026-04-28T12:15:24.655+0000] {logging_mixin.py:188} INFO - [2026-04-28T12:15:24.655+0000] {dag.py:3834} INFO - Setting next_dagrun for example_weekday_branch_operator to 2026-04-27 00:00:00+00:00, run_after=2026-04-28 00:00:00+00:00
[2026-04-28T12:15:24.671+0000] {processor.py:183} INFO - Processing /home/airflow/.local/lib/python3.8/site-packages/airflow/example_dags/example_branch_day_of_week_operator.py took 0.081 seconds
[2026-04-28T12:15:55.157+0000] {processor.py:161} INFO - Started process (PID=516) to work on /home/airflow/.local/lib/python3.8/site-packages/airflow/example_dags/example_branch_day_of_week_operator.py
[2026-04-28T12:15:55.158+0000] {processor.py:830} INFO - Processing file /home/airflow/.local/lib/python3.8/site-packages/airflow/example_dags/example_branch_day_of_week_operator.py for tasks to queue
[2026-04-28T12:15:55.160+0000] {logging_mixin.py:188} INFO - [2026-04-28T12:15:55.160+0000] {dagbag.py:540} INFO - Filling up the DagBag from /home/airflow/.local/lib/python3.8/site-packages/airflow/example_dags/example_branch_day_of_week_operator.py
[2026-04-28T12:15:55.170+0000] {processor.py:840} INFO - DAG(s) 'example_weekday_branch_operator' retrieved from /home/airflow/.local/lib/python3.8/site-packages/airflow/example_dags/example_branch_day_of_week_operator.py
[2026-04-28T12:15:55.193+0000] {logging_mixin.py:188} INFO - [2026-04-28T12:15:55.193+0000] {dag.py:3047} INFO - Sync 1 DAGs
[2026-04-28T12:15:55.217+0000] {logging_mixin.py:188} INFO - [2026-04-28T12:15:55.217+0000] {dag.py:3834} INFO - Setting next_dagrun for example_weekday_branch_operator to 2026-04-27 00:00:00+00:00, run_after=2026-04-28 00:00:00+00:00
[2026-04-28T12:15:55.234+0000] {processor.py:183} INFO - Processing /home/airflow/.local/lib/python3.8/site-packages/airflow/example_dags/example_branch_day_of_week_operator.py took 0.081 seconds
[2026-04-28T12:16:26.314+0000] {processor.py:161} INFO - Started process (PID=571) to work on /home/airflow/.local/lib/python3.8/site-packages/airflow/example_dags/example_branch_day_of_week_operator.py
[2026-04-28T12:16:26.317+0000] {processor.py:830} INFO - Processing file /home/airflow/.local/lib/python3.8/site-packages/airflow/example_dags/example_branch_day_of_week_operator.py for tasks to queue
[2026-04-28T12:16:26.335+0000] {logging_mixin.py:188} INFO - [2026-04-28T12:16:26.332+0000] {dagbag.py:540} INFO - Filling up the DagBag from /home/airflow/.local/lib/python3.8/site-packages/airflow/example_dags/example_branch_day_of_week_operator.py
[2026-04-28T12:16:26.395+0000] {processor.py:840} INFO - DAG(s) 'example_weekday_branch_operator' retrieved from /home/airflow/.local/lib/python3.8/site-packages/airflow/example_dags/example_branch_day_of_week_operator.py
[2026-04-28T12:16:26.606+0000] {logging_mixin.py:188} INFO - [2026-04-28T12:16:26.605+0000] {dag.py:3047} INFO - Sync 1 DAGs
[2026-04-28T12:16:27.025+0000] {logging_mixin.py:188} INFO - [2026-04-28T12:16:27.024+0000] {dag.py:3834} INFO - Setting next_dagrun for example_weekday_branch_operator to 2026-04-27 00:00:00+00:00, run_after=2026-04-28 00:00:00+00:00
[2026-04-28T12:16:27.252+0000] {processor.py:183} INFO - Processing /home/airflow/.local/lib/python3.8/site-packages/airflow/example_dags/example_branch_day_of_week_operator.py took 0.966 seconds
[2026-04-28T12:16:57.323+0000] {processor.py:161} INFO - Started process (PID=626) to work on /home/airflow/.local/lib/python3.8/site-packages/airflow/example_dags/example_branch_day_of_week_operator.py
[2026-04-28T12:16:57.323+0000] {processor.py:830} INFO - Processing file /home/airflow/.local/lib/python3.8/site-packages/airflow/example_dags/example_branch_day_of_week_operator.py for tasks to queue
[2026-04-28T12:16:57.326+0000] {logging_mixin.py:188} INFO - [2026-04-28T12:16:57.325+0000] {dagbag.py:540} INFO - Filling up the DagBag from /home/airflow/.local/lib/python3.8/site-packages/airflow/example_dags/example_branch_day_of_week_operator.py
[2026-04-28T12:16:57.333+0000] {processor.py:840} INFO - DAG(s) 'example_weekday_branch_operator' retrieved from /home/airflow/.local/lib/python3.8/site-packages/airflow/example_dags/example_branch_day_of_week_operator.py
[2026-04-28T12:16:57.360+0000] {logging_mixin.py:188} INFO - [2026-04-28T12:16:57.360+0000] {dag.py:3047} INFO - Sync 1 DAGs
[2026-04-28T12:16:57.389+0000] {logging_mixin.py:188} INFO - [2026-04-28T12:16:57.389+0000] {dag.py:3834} INFO - Setting next_dagrun for example_weekday_branch_operator to 2026-04-27 00:00:00+00:00, run_after=2026-04-28 00:00:00+00:00
[2026-04-28T12:16:57.407+0000] {processor.py:183} INFO - Processing /home/airflow/.local/lib/python3.8/site-packages/airflow/example_dags/example_branch_day_of_week_operator.py took 0.087 seconds
[2026-04-28T12:17:27.525+0000] {processor.py:161} INFO - Started process (PID=681) to work on /home/airflow/.local/lib/python3.8/site-packages/airflow/example_dags/example_branch_day_of_week_operator.py
[2026-04-28T12:17:27.526+0000] {processor.py:830} INFO - Processing file /home/airflow/.local/lib/python3.8/site-packages/airflow/example_dags/example_branch_day_of_week_operator.py for tasks to queue
[2026-04-28T12:17:27.529+0000] {logging_mixin.py:188} INFO - [2026-04-28T12:17:27.528+0000] {dagbag.py:540} INFO - Filling up the DagBag from /home/airflow/.local/lib/python3.8/site-packages/airflow/example_dags/example_branch_day_of_week_operator.py
[2026-04-28T12:17:27.538+0000] {processor.py:840} INFO - DAG(s) 'example_weekday_branch_operator' retrieved from /home/airflow/.local/lib/python3.8/site-packages/airflow/example_dags/example_branch_day_of_week_operator.py
[2026-04-28T12:17:27.554+0000] {logging_mixin.py:188} INFO - [2026-04-28T12:17:27.554+0000] {dag.py:3047} INFO - Sync 1 DAGs
[2026-04-28T12:17:27.575+0000] {logging_mixin.py:188} INFO - [2026-04-28T12:17:27.575+0000] {dag.py:3834} INFO - Setting next_dagrun for example_weekday_branch_operator to 2026-04-27 00:00:00+00:00, run_after=2026-04-28 00:00:00+00:00
[2026-04-28T12:17:27.592+0000] {processor.py:183} INFO - Processing /home/airflow/.local/lib/python3.8/site-packages/airflow/example_dags/example_branch_day_of_week_operator.py took 0.070 seconds
[2026-04-28T12:17:57.684+0000] {processor.py:161} INFO - Started process (PID=736) to work on /home/airflow/.local/lib/python3.8/site-packages/airflow/example_dags/example_branch_day_of_week_operator.py
[2026-04-28T12:17:57.685+0000] {processor.py:830} INFO - Processing file /home/airflow/.local/lib/python3.8/site-packages/airflow/example_dags/example_branch_day_of_week_operator.py for tasks to queue
[2026-04-28T12:17:57.688+0000] {logging_mixin.py:188} INFO - [2026-04-28T12:17:57.687+0000] {dagbag.py:540} INFO - Filling up the DagBag from /home/airflow/.local/lib/python3.8/site-packages/airflow/example_dags/example_branch_day_of_week_operator.py
[2026-04-28T12:17:57.702+0000] {processor.py:840} INFO - DAG(s) 'example_weekday_branch_operator' retrieved from /home/airflow/.local/lib/python3.8/site-packages/airflow/example_dags/example_branch_day_of_week_operator.py
[2026-04-28T12:17:57.729+0000] {logging_mixin.py:188} INFO - [2026-04-28T12:17:57.729+0000] {dag.py:3047} INFO - Sync 1 DAGs
[2026-04-28T12:17:57.755+0000] {logging_mixin.py:188} INFO - [2026-04-28T12:17:57.755+0000] {dag.py:3834} INFO - Setting next_dagrun for example_weekday_branch_operator to 2026-04-27 00:00:00+00:00, run_after=2026-04-28 00:00:00+00:00
[2026-04-28T12:17:57.771+0000] {processor.py:183} INFO - Processing /home/airflow/.local/lib/python3.8/site-packages/airflow/example_dags/example_branch_day_of_week_operator.py took 0.092 seconds
[2026-04-28T12:18:27.864+0000] {processor.py:161} INFO - Started process (PID=791) to work on /home/airflow/.local/lib/python3.8/site-packages/airflow/example_dags/example_branch_day_of_week_operator.py
[2026-04-28T12:18:27.866+0000] {processor.py:830} INFO - Processing file /home/airflow/.local/lib/python3.8/site-packages/airflow/example_dags/example_branch_day_of_week_operator.py for tasks to queue
[2026-04-28T12:18:27.871+0000] {logging_mixin.py:188} INFO - [2026-04-28T12:18:27.870+0000] {dagbag.py:540} INFO - Filling up the DagBag from /home/airflow/.local/lib/python3.8/site-packages/airflow/example_dags/example_branch_day_of_week_operator.py
[2026-04-28T12:18:27.883+0000] {processor.py:840} INFO - DAG(s) 'example_weekday_branch_operator' retrieved from /home/airflow/.local/lib/python3.8/site-packages/airflow/example_dags/example_branch_day_of_week_operator.py
[2026-04-28T12:18:27.907+0000] {logging_mixin.py:188} INFO - [2026-04-28T12:18:27.906+0000] {dag.py:3047} INFO - Sync 1 DAGs
[2026-04-28T12:18:27.945+0000] {logging_mixin.py:188} INFO - [2026-04-28T12:18:27.944+0000] {dag.py:3834} INFO - Setting next_dagrun for example_weekday_branch_operator to 2026-04-27 00:00:00+00:00, run_after=2026-04-28 00:00:00+00:00
[2026-04-28T12:18:28.024+0000] {processor.py:183} INFO - Processing /home/airflow/.local/lib/python3.8/site-packages/airflow/example_dags/example_branch_day_of_week_operator.py took 0.165 seconds
[2026-04-28T12:18:58.409+0000] {processor.py:161} INFO - Started process (PID=846) to work on /home/airflow/.local/lib/python3.8/site-packages/airflow/example_dags/example_branch_day_of_week_operator.py
[2026-04-28T12:18:58.414+0000] {processor.py:830} INFO - Processing file /home/airflow/.local/lib/python3.8/site-packages/airflow/example_dags/example_branch_day_of_week_operator.py for tasks to queue
[2026-04-28T12:18:58.421+0000] {logging_mixin.py:188} INFO - [2026-04-28T12:18:58.421+0000] {dagbag.py:540} INFO - Filling up the DagBag from /home/airflow/.local/lib/python3.8/site-packages/airflow/example_dags/example_branch_day_of_week_operator.py
[2026-04-28T12:18:58.446+0000] {processor.py:840} INFO - DAG(s) 'example_weekday_branch_operator' retrieved from /home/airflow/.local/lib/python3.8/site-packages/airflow/example_dags/example_branch_day_of_week_operator.py
[2026-04-28T12:18:58.475+0000] {logging_mixin.py:188} INFO - [2026-04-28T12:18:58.475+0000] {dag.py:3047} INFO - Sync 1 DAGs
[2026-04-28T12:18:58.501+0000] {logging_mixin.py:188} INFO - [2026-04-28T12:18:58.501+0000] {dag.py:3834} INFO - Setting next_dagrun for example_weekday_branch_operator to 2026-04-27 00:00:00+00:00, run_after=2026-04-28 00:00:00+00:00
[2026-04-28T12:18:58.518+0000] {processor.py:183} INFO - Processing /home/airflow/.local/lib/python3.8/site-packages/airflow/example_dags/example_branch_day_of_week_operator.py took 0.118 seconds
[2026-04-28T12:19:28.610+0000] {processor.py:161} INFO - Started process (PID=901) to work on /home/airflow/.local/lib/python3.8/site-packages/airflow/example_dags/example_branch_day_of_week_operator.py
[2026-04-28T12:19:28.611+0000] {processor.py:830} INFO - Processing file /home/airflow/.local/lib/python3.8/site-packages/airflow/example_dags/example_branch_day_of_week_operator.py for tasks to queue
[2026-04-28T12:19:28.614+0000] {logging_mixin.py:188} INFO - [2026-04-28T12:19:28.614+0000] {dagbag.py:540} INFO - Filling up the DagBag from /home/airflow/.local/lib/python3.8/site-packages/airflow/example_dags/example_branch_day_of_week_operator.py
[2026-04-28T12:19:28.623+0000] {processor.py:840} INFO - DAG(s) 'example_weekday_branch_operator' retrieved from /home/airflow/.local/lib/python3.8/site-packages/airflow/example_dags/example_branch_day_of_week_operator.py
[2026-04-28T12:19:28.661+0000] {logging_mixin.py:188} INFO - [2026-04-28T12:19:28.661+0000] {dag.py:3047} INFO - Sync 1 DAGs
[2026-04-28T12:19:28.704+0000] {logging_mixin.py:188} INFO - [2026-04-28T12:19:28.703+0000] {dag.py:3834} INFO - Setting next_dagrun for example_weekday_branch_operator to 2026-04-27 00:00:00+00:00, run_after=2026-04-28 00:00:00+00:00
[2026-04-28T12:19:28.729+0000] {processor.py:183} INFO - Processing /home/airflow/.local/lib/python3.8/site-packages/airflow/example_dags/example_branch_day_of_week_operator.py took 0.123 seconds
[2026-04-28T12:19:59.218+0000] {processor.py:161} INFO - Started process (PID=956) to work on /home/airflow/.local/lib/python3.8/site-packages/airflow/example_dags/example_branch_day_of_week_operator.py
[2026-04-28T12:19:59.219+0000] {processor.py:830} INFO - Processing file /home/airflow/.local/lib/python3.8/site-packages/airflow/example_dags/example_branch_day_of_week_operator.py for tasks to queue
[2026-04-28T12:19:59.221+0000] {logging_mixin.py:188} INFO - [2026-04-28T12:19:59.221+0000] {dagbag.py:540} INFO - Filling up the DagBag from /home/airflow/.local/lib/python3.8/site-packages/airflow/example_dags/example_branch_day_of_week_operator.py
[2026-04-28T12:19:59.230+0000] {processor.py:840} INFO - DAG(s) 'example_weekday_branch_operator' retrieved from /home/airflow/.local/lib/python3.8/site-packages/airflow/example_dags/example_branch_day_of_week_operator.py
[2026-04-28T12:19:59.254+0000] {logging_mixin.py:188} INFO - [2026-04-28T12:19:59.254+0000] {dag.py:3047} INFO - Sync 1 DAGs
[2026-04-28T12:19:59.279+0000] {logging_mixin.py:188} INFO - [2026-04-28T12:19:59.279+0000] {dag.py:3834} INFO - Setting next_dagrun for example_weekday_branch_operator to 2026-04-27 00:00:00+00:00, run_after=2026-04-28 00:00:00+00:00
[2026-04-28T12:19:59.296+0000] {processor.py:183} INFO - Processing /home/airflow/.local/lib/python3.8/site-packages/airflow/example_dags/example_branch_day_of_week_operator.py took 0.082 seconds
[2026-04-28T12:20:29.475+0000] {processor.py:161} INFO - Started process (PID=1010) to work on /home/airflow/.local/lib/python3.8/site-packages/airflow/example_dags/example_branch_day_of_week_operator.py
[2026-04-28T12:20:29.476+0000] {processor.py:830} INFO - Processing file /home/airflow/.local/lib/python3.8/site-packages/airflow/example_dags/example_branch_day_of_week_operator.py for tasks to queue
[2026-04-28T12:20:29.478+0000] {logging_mixin.py:188} INFO - [2026-04-28T12:20:29.477+0000] {dagbag.py:540} INFO - Filling up the DagBag from /home/airflow/.local/lib/python3.8/site-packages/airflow/example_dags/example_branch_day_of_week_operator.py
[2026-04-28T12:20:29.487+0000] {processor.py:840} INFO - DAG(s) 'example_weekday_branch_operator' retrieved from /home/airflow/.local/lib/python3.8/site-packages/airflow/example_dags/example_branch_day_of_week_operator.py
[2026-04-28T12:20:29.515+0000] {logging_mixin.py:188} INFO - [2026-04-28T12:20:29.515+0000] {dag.py:3047} INFO - Sync 1 DAGs
[2026-04-28T12:20:29.598+0000] {logging_mixin.py:188} INFO - [2026-04-28T12:20:29.597+0000] {dag.py:3834} INFO - Setting next_dagrun for example_weekday_branch_operator to 2026-04-27 00:00:00+00:00, run_after=2026-04-28 00:00:00+00:00
[2026-04-28T12:20:29.612+0000] {processor.py:183} INFO - Processing /home/airflow/.local/lib/python3.8/site-packages/airflow/example_dags/example_branch_day_of_week_operator.py took 0.141 seconds
[2026-04-28T12:21:00.061+0000] {processor.py:161} INFO - Started process (PID=1065) to work on /home/airflow/.local/lib/python3.8/site-packages/airflow/example_dags/example_branch_day_of_week_operator.py
[2026-04-28T12:21:00.062+0000] {processor.py:830} INFO - Processing file /home/airflow/.local/lib/python3.8/site-packages/airflow/example_dags/example_branch_day_of_week_operator.py for tasks to queue
[2026-04-28T12:21:00.064+0000] {logging_mixin.py:188} INFO - [2026-04-28T12:21:00.064+0000] {dagbag.py:540} INFO - Filling up the DagBag from /home/airflow/.local/lib/python3.8/site-packages/airflow/example_dags/example_branch_day_of_week_operator.py
[2026-04-28T12:21:00.073+0000] {processor.py:840} INFO - DAG(s) 'example_weekday_branch_operator' retrieved from /home/airflow/.local/lib/python3.8/site-packages/airflow/example_dags/example_branch_day_of_week_operator.py
[2026-04-28T12:21:00.097+0000] {logging_mixin.py:188} INFO - [2026-04-28T12:21:00.096+0000] {dag.py:3047} INFO - Sync 1 DAGs
[2026-04-28T12:21:00.122+0000] {logging_mixin.py:188} INFO - [2026-04-28T12:21:00.121+0000] {dag.py:3834} INFO - Setting next_dagrun for example_weekday_branch_operator to 2026-04-27 00:00:00+00:00, run_after=2026-04-28 00:00:00+00:00
[2026-04-28T12:21:00.139+0000] {processor.py:183} INFO - Processing /home/airflow/.local/lib/python3.8/site-packages/airflow/example_dags/example_branch_day_of_week_operator.py took 0.081 seconds
[2026-04-28T12:21:30.330+0000] {processor.py:161} INFO - Started process (PID=1120) to work on /home/airflow/.local/lib/python3.8/site-packages/airflow/example_dags/example_branch_day_of_week_operator.py
[2026-04-28T12:21:30.331+0000] {processor.py:830} INFO - Processing file /home/airflow/.local/lib/python3.8/site-packages/airflow/example_dags/example_branch_day_of_week_operator.py for tasks to queue
[2026-04-28T12:21:30.333+0000] {logging_mixin.py:188} INFO - [2026-04-28T12:21:30.333+0000] {dagbag.py:540} INFO - Filling up the DagBag from /home/airflow/.local/lib/python3.8/site-packages/airflow/example_dags/example_branch_day_of_week_operator.py
[2026-04-28T12:21:30.342+0000] {processor.py:840} INFO - DAG(s) 'example_weekday_branch_operator' retrieved from /home/airflow/.local/lib/python3.8/site-packages/airflow/example_dags/example_branch_day_of_week_operator.py
[2026-04-28T12:21:30.368+0000] {logging_mixin.py:188} INFO - [2026-04-28T12:21:30.368+0000] {dag.py:3047} INFO - Sync 1 DAGs
[2026-04-28T12:21:30.397+0000] {logging_mixin.py:188} INFO - [2026-04-28T12:21:30.397+0000] {dag.py:3834} INFO - Setting next_dagrun for example_weekday_branch_operator to 2026-04-27 00:00:00+00:00, run_after=2026-04-28 00:00:00+00:00
[2026-04-28T12:21:30.413+0000] {processor.py:183} INFO - Processing /home/airflow/.local/lib/python3.8/site-packages/airflow/example_dags/example_branch_day_of_week_operator.py took 0.087 seconds
[2026-04-28T12:22:01.047+0000] {processor.py:161} INFO - Started process (PID=1175) to work on /home/airflow/.local/lib/python3.8/site-packages/airflow/example_dags/example_branch_day_of_week_operator.py
[2026-04-28T12:22:01.048+0000] {processor.py:830} INFO - Processing file /home/airflow/.local/lib/python3.8/site-packages/airflow/example_dags/example_branch_day_of_week_operator.py for tasks to queue
[2026-04-28T12:22:01.050+0000] {logging_mixin.py:188} INFO - [2026-04-28T12:22:01.050+0000] {dagbag.py:540} INFO - Filling up the DagBag from /home/airflow/.local/lib/python3.8/site-packages/airflow/example_dags/example_branch_day_of_week_operator.py
[2026-04-28T12:22:01.060+0000] {processor.py:840} INFO - DAG(s) 'example_weekday_branch_operator' retrieved from /home/airflow/.local/lib/python3.8/site-packages/airflow/example_dags/example_branch_day_of_week_operator.py
[2026-04-28T12:22:01.083+0000] {logging_mixin.py:188} INFO - [2026-04-28T12:22:01.083+0000] {dag.py:3047} INFO - Sync 1 DAGs
[2026-04-28T12:22:01.109+0000] {logging_mixin.py:188} INFO - [2026-04-28T12:22:01.109+0000] {dag.py:3834} INFO - Setting next_dagrun for example_weekday_branch_operator to 2026-04-27 00:00:00+00:00, run_after=2026-04-28 00:00:00+00:00
[2026-04-28T12:22:01.146+0000] {processor.py:183} INFO - Processing /home/airflow/.local/lib/python3.8/site-packages/airflow/example_dags/example_branch_day_of_week_operator.py took 0.102 seconds
[2026-04-28T12:22:31.256+0000] {processor.py:161} INFO - Started process (PID=1230) to work on /home/airflow/.local/lib/python3.8/site-packages/airflow/example_dags/example_branch_day_of_week_operator.py
[2026-04-28T12:22:31.256+0000] {processor.py:830} INFO - Processing file /home/airflow/.local/lib/python3.8/site-packages/airflow/example_dags/example_branch_day_of_week_operator.py for tasks to queue
[2026-04-28T12:22:31.258+0000] {logging_mixin.py:188} INFO - [2026-04-28T12:22:31.258+0000] {dagbag.py:540} INFO - Filling up the DagBag from /home/airflow/.local/lib/python3.8/site-packages/airflow/example_dags/example_branch_day_of_week_operator.py
[2026-04-28T12:22:31.267+0000] {processor.py:840} INFO - DAG(s) 'example_weekday_branch_operator' retrieved from /home/airflow/.local/lib/python3.8/site-packages/airflow/example_dags/example_branch_day_of_week_operator.py
[2026-04-28T12:22:31.290+0000] {logging_mixin.py:188} INFO - [2026-04-28T12:22:31.290+0000] {dag.py:3047} INFO - Sync 1 DAGs
[2026-04-28T12:22:31.316+0000] {logging_mixin.py:188} INFO - [2026-04-28T12:22:31.315+0000] {dag.py:3834} INFO - Setting next_dagrun for example_weekday_branch_operator to 2026-04-27 00:00:00+00:00, run_after=2026-04-28 00:00:00+00:00
[2026-04-28T12:22:31.334+0000] {processor.py:183} INFO - Processing /home/airflow/.local/lib/python3.8/site-packages/airflow/example_dags/example_branch_day_of_week_operator.py took 0.082 seconds
[2026-04-28T12:23:01.909+0000] {processor.py:161} INFO - Started process (PID=1291) to work on /home/airflow/.local/lib/python3.8/site-packages/airflow/example_dags/example_branch_day_of_week_operator.py
[2026-04-28T12:23:01.910+0000] {processor.py:830} INFO - Processing file /home/airflow/.local/lib/python3.8/site-packages/airflow/example_dags/example_branch_day_of_week_operator.py for tasks to queue
[2026-04-28T12:23:01.912+0000] {logging_mixin.py:188} INFO - [2026-04-28T12:23:01.912+0000] {dagbag.py:540} INFO - Filling up the DagBag from /home/airflow/.local/lib/python3.8/site-packages/airflow/example_dags/example_branch_day_of_week_operator.py
[2026-04-28T12:23:01.921+0000] {processor.py:840} INFO - DAG(s) 'example_weekday_branch_operator' retrieved from /home/airflow/.local/lib/python3.8/site-packages/airflow/example_dags/example_branch_day_of_week_operator.py
[2026-04-28T12:23:01.946+0000] {logging_mixin.py:188} INFO - [2026-04-28T12:23:01.945+0000] {dag.py:3047} INFO - Sync 1 DAGs
[2026-04-28T12:23:01.971+0000] {logging_mixin.py:188} INFO - [2026-04-28T12:23:01.971+0000] {dag.py:3834} INFO - Setting next_dagrun for example_weekday_branch_operator to 2026-04-27 00:00:00+00:00, run_after=2026-04-28 00:00:00+00:00
[2026-04-28T12:23:01.993+0000] {processor.py:183} INFO - Processing /home/airflow/.local/lib/python3.8/site-packages/airflow/example_dags/example_branch_day_of_week_operator.py took 0.087 seconds
[2026-04-28T12:23:32.099+0000] {processor.py:161} INFO - Started process (PID=1346) to work on /home/airflow/.local/lib/python3.8/site-packages/airflow/example_dags/example_branch_day_of_week_operator.py
[2026-04-28T12:23:32.100+0000] {processor.py:830} INFO - Processing file /home/airflow/.local/lib/python3.8/site-packages/airflow/example_dags/example_branch_day_of_week_operator.py for tasks to queue
[2026-04-28T12:23:32.102+0000] {logging_mixin.py:188} INFO - [2026-04-28T12:23:32.102+0000] {dagbag.py:540} INFO - Filling up the DagBag from /home/airflow/.local/lib/python3.8/site-packages/airflow/example_dags/example_branch_day_of_week_operator.py
[2026-04-28T12:23:32.125+0000] {processor.py:840} INFO - DAG(s) 'example_weekday_branch_operator' retrieved from /home/airflow/.local/lib/python3.8/site-packages/airflow/example_dags/example_branch_day_of_week_operator.py
[2026-04-28T12:23:32.200+0000] {logging_mixin.py:188} INFO - [2026-04-28T12:23:32.194+0000] {dag.py:3047} INFO - Sync 1 DAGs
[2026-04-28T12:23:32.227+0000] {logging_mixin.py:188} INFO - [2026-04-28T12:23:32.227+0000] {dag.py:3834} INFO - Setting next_dagrun for example_weekday_branch_operator to 2026-04-27 00:00:00+00:00, run_after=2026-04-28 00:00:00+00:00
[2026-04-28T12:23:32.245+0000] {processor.py:183} INFO - Processing /home/airflow/.local/lib/python3.8/site-packages/airflow/example_dags/example_branch_day_of_week_operator.py took 0.151 seconds
[2026-04-28T12:24:02.908+0000] {processor.py:161} INFO - Started process (PID=1401) to work on /home/airflow/.local/lib/python3.8/site-packages/airflow/example_dags/example_branch_day_of_week_operator.py
[2026-04-28T12:24:02.909+0000] {processor.py:830} INFO - Processing file /home/airflow/.local/lib/python3.8/site-packages/airflow/example_dags/example_branch_day_of_week_operator.py for tasks to queue
[2026-04-28T12:24:02.911+0000] {logging_mixin.py:188} INFO - [2026-04-28T12:24:02.911+0000] {dagbag.py:540} INFO - Filling up the DagBag from /home/airflow/.local/lib/python3.8/site-packages/airflow/example_dags/example_branch_day_of_week_operator.py
[2026-04-28T12:24:02.920+0000] {processor.py:840} INFO - DAG(s) 'example_weekday_branch_operator' retrieved from /home/airflow/.local/lib/python3.8/site-packages/airflow/example_dags/example_branch_day_of_week_operator.py
[2026-04-28T12:24:02.950+0000] {logging_mixin.py:188} INFO - [2026-04-28T12:24:02.950+0000] {dag.py:3047} INFO - Sync 1 DAGs
[2026-04-28T12:24:02.975+0000] {logging_mixin.py:188} INFO - [2026-04-28T12:24:02.975+0000] {dag.py:3834} INFO - Setting next_dagrun for example_weekday_branch_operator to 2026-04-27 00:00:00+00:00, run_after=2026-04-28 00:00:00+00:00
[2026-04-28T12:24:02.992+0000] {processor.py:183} INFO - Processing /home/airflow/.local/lib/python3.8/site-packages/airflow/example_dags/example_branch_day_of_week_operator.py took 0.088 seconds
[2026-04-28T12:24:33.873+0000] {processor.py:161} INFO - Started process (PID=1456) to work on /home/airflow/.local/lib/python3.8/site-packages/airflow/example_dags/example_branch_day_of_week_operator.py
[2026-04-28T12:24:33.878+0000] {processor.py:830} INFO - Processing file /home/airflow/.local/lib/python3.8/site-packages/airflow/example_dags/example_branch_day_of_week_operator.py for tasks to queue
[2026-04-28T12:24:33.889+0000] {logging_mixin.py:188} INFO - [2026-04-28T12:24:33.887+0000] {dagbag.py:540} INFO - Filling up the DagBag from /home/airflow/.local/lib/python3.8/site-packages/airflow/example_dags/example_branch_day_of_week_operator.py
[2026-04-28T12:24:33.916+0000] {processor.py:840} INFO - DAG(s) 'example_weekday_branch_operator' retrieved from /home/airflow/.local/lib/python3.8/site-packages/airflow/example_dags/example_branch_day_of_week_operator.py
[2026-04-28T12:24:33.958+0000] {logging_mixin.py:188} INFO - [2026-04-28T12:24:33.957+0000] {dag.py:3047} INFO - Sync 1 DAGs
[2026-04-28T12:24:34.025+0000] {logging_mixin.py:188} INFO - [2026-04-28T12:24:34.025+0000] {dag.py:3834} INFO - Setting next_dagrun for example_weekday_branch_operator to 2026-04-27 00:00:00+00:00, run_after=2026-04-28 00:00:00+00:00
[2026-04-28T12:24:34.059+0000] {processor.py:183} INFO - Processing /home/airflow/.local/lib/python3.8/site-packages/airflow/example_dags/example_branch_day_of_week_operator.py took 0.202 seconds
[2026-04-28T12:25:04.851+0000] {processor.py:161} INFO - Started process (PID=1511) to work on /home/airflow/.local/lib/python3.8/site-packages/airflow/example_dags/example_branch_day_of_week_operator.py
[2026-04-28T12:25:04.853+0000] {processor.py:830} INFO - Processing file /home/airflow/.local/lib/python3.8/site-packages/airflow/example_dags/example_branch_day_of_week_operator.py for tasks to queue
[2026-04-28T12:25:04.856+0000] {logging_mixin.py:188} INFO - [2026-04-28T12:25:04.855+0000] {dagbag.py:540} INFO - Filling up the DagBag from /home/airflow/.local/lib/python3.8/site-packages/airflow/example_dags/example_branch_day_of_week_operator.py
[2026-04-28T12:25:04.879+0000] {processor.py:840} INFO - DAG(s) 'example_weekday_branch_operator' retrieved from /home/airflow/.local/lib/python3.8/site-packages/airflow/example_dags/example_branch_day_of_week_operator.py
[2026-04-28T12:25:04.977+0000] {logging_mixin.py:188} INFO - [2026-04-28T12:25:04.971+0000] {dag.py:3047} INFO - Sync 1 DAGs
[2026-04-28T12:25:05.052+0000] {logging_mixin.py:188} INFO - [2026-04-28T12:25:05.051+0000] {dag.py:3834} INFO - Setting next_dagrun for example_weekday_branch_operator to 2026-04-27 00:00:00+00:00, run_after=2026-04-28 00:00:00+00:00
[2026-04-28T12:25:05.097+0000] {processor.py:183} INFO - Processing /home/airflow/.local/lib/python3.8/site-packages/airflow/example_dags/example_branch_day_of_week_operator.py took 0.260 seconds
[2026-04-28T12:25:35.175+0000] {processor.py:161} INFO - Started process (PID=1567) to work on /home/airflow/.local/lib/python3.8/site-packages/airflow/example_dags/example_branch_day_of_week_operator.py
[2026-04-28T12:25:35.176+0000] {processor.py:830} INFO - Processing file /home/airflow/.local/lib/python3.8/site-packages/airflow/example_dags/example_branch_day_of_week_operator.py for tasks to queue
[2026-04-28T12:25:35.178+0000] {logging_mixin.py:188} INFO - [2026-04-28T12:25:35.178+0000] {dagbag.py:540} INFO - Filling up the DagBag from /home/airflow/.local/lib/python3.8/site-packages/airflow/example_dags/example_branch_day_of_week_operator.py
[2026-04-28T12:25:35.186+0000] {processor.py:840} INFO - DAG(s) 'example_weekday_branch_operator' retrieved from /home/airflow/.local/lib/python3.8/site-packages/airflow/example_dags/example_branch_day_of_week_operator.py
[2026-04-28T12:25:35.208+0000] {logging_mixin.py:188} INFO - [2026-04-28T12:25:35.208+0000] {dag.py:3047} INFO - Sync 1 DAGs
[2026-04-28T12:25:35.254+0000] {logging_mixin.py:188} INFO - [2026-04-28T12:25:35.254+0000] {dag.py:3834} INFO - Setting next_dagrun for example_weekday_branch_operator to 2026-04-27 00:00:00+00:00, run_after=2026-04-28 00:00:00+00:00
[2026-04-28T12:25:35.283+0000] {processor.py:183} INFO - Processing /home/airflow/.local/lib/python3.8/site-packages/airflow/example_dags/example_branch_day_of_week_operator.py took 0.115 seconds
[2026-04-28T12:26:05.433+0000] {processor.py:161} INFO - Started process (PID=1622) to work on /home/airflow/.local/lib/python3.8/site-packages/airflow/example_dags/example_branch_day_of_week_operator.py
[2026-04-28T12:26:05.441+0000] {processor.py:830} INFO - Processing file /home/airflow/.local/lib/python3.8/site-packages/airflow/example_dags/example_branch_day_of_week_operator.py for tasks to queue
[2026-04-28T12:26:05.452+0000] {logging_mixin.py:188} INFO - [2026-04-28T12:26:05.447+0000] {dagbag.py:540} INFO - Filling up the DagBag from /home/airflow/.local/lib/python3.8/site-packages/airflow/example_dags/example_branch_day_of_week_operator.py
[2026-04-28T12:26:05.491+0000] {processor.py:840} INFO - DAG(s) 'example_weekday_branch_operator' retrieved from /home/airflow/.local/lib/python3.8/site-packages/airflow/example_dags/example_branch_day_of_week_operator.py
[2026-04-28T12:26:05.550+0000] {logging_mixin.py:188} INFO - [2026-04-28T12:26:05.550+0000] {dag.py:3047} INFO - Sync 1 DAGs
[2026-04-28T12:26:05.591+0000] {logging_mixin.py:188} INFO - [2026-04-28T12:26:05.591+0000] {dag.py:3834} INFO - Setting next_dagrun for example_weekday_branch_operator to 2026-04-27 00:00:00+00:00, run_after=2026-04-28 00:00:00+00:00
[2026-04-28T12:26:05.613+0000] {processor.py:183} INFO - Processing /home/airflow/.local/lib/python3.8/site-packages/airflow/example_dags/example_branch_day_of_week_operator.py took 0.198 seconds
[2026-04-28T12:26:36.063+0000] {processor.py:161} INFO - Started process (PID=1676) to work on /home/airflow/.local/lib/python3.8/site-packages/airflow/example_dags/example_branch_day_of_week_operator.py
[2026-04-28T12:26:36.065+0000] {processor.py:830} INFO - Processing file /home/airflow/.local/lib/python3.8/site-packages/airflow/example_dags/example_branch_day_of_week_operator.py for tasks to queue
[2026-04-28T12:26:36.072+0000] {logging_mixin.py:188} INFO - [2026-04-28T12:26:36.072+0000] {dagbag.py:540} INFO - Filling up the DagBag from /home/airflow/.local/lib/python3.8/site-packages/airflow/example_dags/example_branch_day_of_week_operator.py
[2026-04-28T12:26:36.094+0000] {processor.py:840} INFO - DAG(s) 'example_weekday_branch_operator' retrieved from /home/airflow/.local/lib/python3.8/site-packages/airflow/example_dags/example_branch_day_of_week_operator.py
[2026-04-28T12:26:36.141+0000] {logging_mixin.py:188} INFO - [2026-04-28T12:26:36.141+0000] {dag.py:3047} INFO - Sync 1 DAGs
[2026-04-28T12:26:36.274+0000] {logging_mixin.py:188} INFO - [2026-04-28T12:26:36.274+0000] {dag.py:3834} INFO - Setting next_dagrun for example_weekday_branch_operator to 2026-04-27 00:00:00+00:00, run_after=2026-04-28 00:00:00+00:00
[2026-04-28T12:26:36.389+0000] {processor.py:183} INFO - Processing /home/airflow/.local/lib/python3.8/site-packages/airflow/example_dags/example_branch_day_of_week_operator.py took 0.334 seconds
[2026-04-28T12:27:06.902+0000] {processor.py:161} INFO - Started process (PID=1732) to work on /home/airflow/.local/lib/python3.8/site-packages/airflow/example_dags/example_branch_day_of_week_operator.py
[2026-04-28T12:27:06.902+0000] {processor.py:830} INFO - Processing file /home/airflow/.local/lib/python3.8/site-packages/airflow/example_dags/example_branch_day_of_week_operator.py for tasks to queue
[2026-04-28T12:27:06.905+0000] {logging_mixin.py:188} INFO - [2026-04-28T12:27:06.904+0000] {dagbag.py:540} INFO - Filling up the DagBag from /home/airflow/.local/lib/python3.8/site-packages/airflow/example_dags/example_branch_day_of_week_operator.py
[2026-04-28T12:27:06.914+0000] {processor.py:840} INFO - DAG(s) 'example_weekday_branch_operator' retrieved from /home/airflow/.local/lib/python3.8/site-packages/airflow/example_dags/example_branch_day_of_week_operator.py
[2026-04-28T12:27:06.938+0000] {logging_mixin.py:188} INFO - [2026-04-28T12:27:06.938+0000] {dag.py:3047} INFO - Sync 1 DAGs
[2026-04-28T12:27:06.965+0000] {logging_mixin.py:188} INFO - [2026-04-28T12:27:06.965+0000] {dag.py:3834} INFO - Setting next_dagrun for example_weekday_branch_operator to 2026-04-27 00:00:00+00:00, run_after=2026-04-28 00:00:00+00:00
[2026-04-28T12:27:06.986+0000] {processor.py:183} INFO - Processing /home/airflow/.local/lib/python3.8/site-packages/airflow/example_dags/example_branch_day_of_week_operator.py took 0.088 seconds
[2026-04-28T12:27:37.315+0000] {processor.py:161} INFO - Started process (PID=1787) to work on /home/airflow/.local/lib/python3.8/site-packages/airflow/example_dags/example_branch_day_of_week_operator.py
[2026-04-28T12:27:37.316+0000] {processor.py:830} INFO - Processing file /home/airflow/.local/lib/python3.8/site-packages/airflow/example_dags/example_branch_day_of_week_operator.py for tasks to queue
[2026-04-28T12:27:37.318+0000] {logging_mixin.py:188} INFO - [2026-04-28T12:27:37.318+0000] {dagbag.py:540} INFO - Filling up the DagBag from /home/airflow/.local/lib/python3.8/site-packages/airflow/example_dags/example_branch_day_of_week_operator.py
[2026-04-28T12:27:37.327+0000] {processor.py:840} INFO - DAG(s) 'example_weekday_branch_operator' retrieved from /home/airflow/.local/lib/python3.8/site-packages/airflow/example_dags/example_branch_day_of_week_operator.py
[2026-04-28T12:27:37.352+0000] {logging_mixin.py:188} INFO - [2026-04-28T12:27:37.352+0000] {dag.py:3047} INFO - Sync 1 DAGs
[2026-04-28T12:27:37.379+0000] {logging_mixin.py:188} INFO - [2026-04-28T12:27:37.379+0000] {dag.py:3834} INFO - Setting next_dagrun for example_weekday_branch_operator to 2026-04-27 00:00:00+00:00, run_after=2026-04-28 00:00:00+00:00
[2026-04-28T12:27:37.396+0000] {processor.py:183} INFO - Processing /home/airflow/.local/lib/python3.8/site-packages/airflow/example_dags/example_branch_day_of_week_operator.py took 0.084 seconds
[2026-04-28T12:28:07.465+0000] {processor.py:161} INFO - Started process (PID=1843) to work on /home/airflow/.local/lib/python3.8/site-packages/airflow/example_dags/example_branch_day_of_week_operator.py
[2026-04-28T12:28:07.466+0000] {processor.py:830} INFO - Processing file /home/airflow/.local/lib/python3.8/site-packages/airflow/example_dags/example_branch_day_of_week_operator.py for tasks to queue
[2026-04-28T12:28:07.468+0000] {logging_mixin.py:188} INFO - [2026-04-28T12:28:07.468+0000] {dagbag.py:540} INFO - Filling up the DagBag from /home/airflow/.local/lib/python3.8/site-packages/airflow/example_dags/example_branch_day_of_week_operator.py
[2026-04-28T12:28:07.478+0000] {processor.py:840} INFO - DAG(s) 'example_weekday_branch_operator' retrieved from /home/airflow/.local/lib/python3.8/site-packages/airflow/example_dags/example_branch_day_of_week_operator.py
[2026-04-28T12:28:07.503+0000] {logging_mixin.py:188} INFO - [2026-04-28T12:28:07.503+0000] {dag.py:3047} INFO - Sync 1 DAGs
[2026-04-28T12:28:07.533+0000] {logging_mixin.py:188} INFO - [2026-04-28T12:28:07.533+0000] {dag.py:3834} INFO - Setting next_dagrun for example_weekday_branch_operator to 2026-04-27 00:00:00+00:00, run_after=2026-04-28 00:00:00+00:00
[2026-04-28T12:28:07.549+0000] {processor.py:183} INFO - Processing /home/airflow/.local/lib/python3.8/site-packages/airflow/example_dags/example_branch_day_of_week_operator.py took 0.088 seconds
[2026-04-28T12:28:38.311+0000] {processor.py:161} INFO - Started process (PID=1899) to work on /home/airflow/.local/lib/python3.8/site-packages/airflow/example_dags/example_branch_day_of_week_operator.py
[2026-04-28T12:28:38.312+0000] {processor.py:830} INFO - Processing file /home/airflow/.local/lib/python3.8/site-packages/airflow/example_dags/example_branch_day_of_week_operator.py for tasks to queue
[2026-04-28T12:28:38.314+0000] {logging_mixin.py:188} INFO - [2026-04-28T12:28:38.313+0000] {dagbag.py:540} INFO - Filling up the DagBag from /home/airflow/.local/lib/python3.8/site-packages/airflow/example_dags/example_branch_day_of_week_operator.py
[2026-04-28T12:28:38.323+0000] {processor.py:840} INFO - DAG(s) 'example_weekday_branch_operator' retrieved from /home/airflow/.local/lib/python3.8/site-packages/airflow/example_dags/example_branch_day_of_week_operator.py
[2026-04-28T12:28:38.346+0000] {logging_mixin.py:188} INFO - [2026-04-28T12:28:38.346+0000] {dag.py:3047} INFO - Sync 1 DAGs
[2026-04-28T12:28:38.414+0000] {logging_mixin.py:188} INFO - [2026-04-28T12:28:38.414+0000] {dag.py:3834} INFO - Setting next_dagrun for example_weekday_branch_operator to 2026-04-27 00:00:00+00:00, run_after=2026-04-28 00:00:00+00:00
[2026-04-28T12:28:38.434+0000] {processor.py:183} INFO - Processing /home/airflow/.local/lib/python3.8/site-packages/airflow/example_dags/example_branch_day_of_week_operator.py took 0.126 seconds
[2026-04-28T12:29:08.986+0000] {processor.py:161} INFO - Started process (PID=1955) to work on /home/airflow/.local/lib/python3.8/site-packages/airflow/example_dags/example_branch_day_of_week_operator.py
[2026-04-28T12:29:08.987+0000] {processor.py:830} INFO - Processing file /home/airflow/.local/lib/python3.8/site-packages/airflow/example_dags/example_branch_day_of_week_operator.py for tasks to queue
[2026-04-28T12:29:08.990+0000] {logging_mixin.py:188} INFO - [2026-04-28T12:29:08.989+0000] {dagbag.py:540} INFO - Filling up the DagBag from /home/airflow/.local/lib/python3.8/site-packages/airflow/example_dags/example_branch_day_of_week_operator.py
[2026-04-28T12:29:08.998+0000] {processor.py:840} INFO - DAG(s) 'example_weekday_branch_operator' retrieved from /home/airflow/.local/lib/python3.8/site-packages/airflow/example_dags/example_branch_day_of_week_operator.py
[2026-04-28T12:29:09.023+0000] {logging_mixin.py:188} INFO - [2026-04-28T12:29:09.022+0000] {dag.py:3047} INFO - Sync 1 DAGs
[2026-04-28T12:29:09.051+0000] {logging_mixin.py:188} INFO - [2026-04-28T12:29:09.051+0000] {dag.py:3834} INFO - Setting next_dagrun for example_weekday_branch_operator to 2026-04-27 00:00:00+00:00, run_after=2026-04-28 00:00:00+00:00
[2026-04-28T12:29:09.068+0000] {processor.py:183} INFO - Processing /home/airflow/.local/lib/python3.8/site-packages/airflow/example_dags/example_branch_day_of_week_operator.py took 0.085 seconds
[2026-04-28T12:29:39.326+0000] {processor.py:161} INFO - Started process (PID=2011) to work on /home/airflow/.local/lib/python3.8/site-packages/airflow/example_dags/example_branch_day_of_week_operator.py
[2026-04-28T12:29:39.327+0000] {processor.py:830} INFO - Processing file /home/airflow/.local/lib/python3.8/site-packages/airflow/example_dags/example_branch_day_of_week_operator.py for tasks to queue
[2026-04-28T12:29:39.329+0000] {logging_mixin.py:188} INFO - [2026-04-28T12:29:39.329+0000] {dagbag.py:540} INFO - Filling up the DagBag from /home/airflow/.local/lib/python3.8/site-packages/airflow/example_dags/example_branch_day_of_week_operator.py
[2026-04-28T12:29:39.338+0000] {processor.py:840} INFO - DAG(s) 'example_weekday_branch_operator' retrieved from /home/airflow/.local/lib/python3.8/site-packages/airflow/example_dags/example_branch_day_of_week_operator.py
[2026-04-28T12:29:39.362+0000] {logging_mixin.py:188} INFO - [2026-04-28T12:29:39.361+0000] {dag.py:3047} INFO - Sync 1 DAGs
[2026-04-28T12:29:39.387+0000] {logging_mixin.py:188} INFO - [2026-04-28T12:29:39.387+0000] {dag.py:3834} INFO - Setting next_dagrun for example_weekday_branch_operator to 2026-04-27 00:00:00+00:00, run_after=2026-04-28 00:00:00+00:00
[2026-04-28T12:29:39.404+0000] {processor.py:183} INFO - Processing /home/airflow/.local/lib/python3.8/site-packages/airflow/example_dags/example_branch_day_of_week_operator.py took 0.081 seconds
[2026-04-28T12:30:09.432+0000] {processor.py:161} INFO - Started process (PID=2067) to work on /home/airflow/.local/lib/python3.8/site-packages/airflow/example_dags/example_branch_day_of_week_operator.py
[2026-04-28T12:30:09.433+0000] {processor.py:830} INFO - Processing file /home/airflow/.local/lib/python3.8/site-packages/airflow/example_dags/example_branch_day_of_week_operator.py for tasks to queue
[2026-04-28T12:30:09.434+0000] {logging_mixin.py:188} INFO - [2026-04-28T12:30:09.434+0000] {dagbag.py:540} INFO - Filling up the DagBag from /home/airflow/.local/lib/python3.8/site-packages/airflow/example_dags/example_branch_day_of_week_operator.py
[2026-04-28T12:30:09.441+0000] {processor.py:840} INFO - DAG(s) 'example_weekday_branch_operator' retrieved from /home/airflow/.local/lib/python3.8/site-packages/airflow/example_dags/example_branch_day_of_week_operator.py
[2026-04-28T12:30:09.457+0000] {logging_mixin.py:188} INFO - [2026-04-28T12:30:09.457+0000] {dag.py:3047} INFO - Sync 1 DAGs
[2026-04-28T12:30:09.621+0000] {logging_mixin.py:188} INFO - [2026-04-28T12:30:09.621+0000] {dag.py:3834} INFO - Setting next_dagrun for example_weekday_branch_operator to 2026-04-27 00:00:00+00:00, run_after=2026-04-28 00:00:00+00:00
[2026-04-28T12:30:09.634+0000] {processor.py:183} INFO - Processing /home/airflow/.local/lib/python3.8/site-packages/airflow/example_dags/example_branch_day_of_week_operator.py took 0.204 seconds
[2026-04-28T12:30:39.784+0000] {processor.py:161} INFO - Started process (PID=2123) to work on /home/airflow/.local/lib/python3.8/site-packages/airflow/example_dags/example_branch_day_of_week_operator.py
[2026-04-28T12:30:39.785+0000] {processor.py:830} INFO - Processing file /home/airflow/.local/lib/python3.8/site-packages/airflow/example_dags/example_branch_day_of_week_operator.py for tasks to queue
[2026-04-28T12:30:39.787+0000] {logging_mixin.py:188} INFO - [2026-04-28T12:30:39.786+0000] {dagbag.py:540} INFO - Filling up the DagBag from /home/airflow/.local/lib/python3.8/site-packages/airflow/example_dags/example_branch_day_of_week_operator.py
[2026-04-28T12:30:39.796+0000] {processor.py:840} INFO - DAG(s) 'example_weekday_branch_operator' retrieved from /home/airflow/.local/lib/python3.8/site-packages/airflow/example_dags/example_branch_day_of_week_operator.py
[2026-04-28T12:30:39.819+0000] {logging_mixin.py:188} INFO - [2026-04-28T12:30:39.819+0000] {dag.py:3047} INFO - Sync 1 DAGs
[2026-04-28T12:30:40.003+0000] {logging_mixin.py:188} INFO - [2026-04-28T12:30:40.003+0000] {dag.py:3834} INFO - Setting next_dagrun for example_weekday_branch_operator to 2026-04-27 00:00:00+00:00, run_after=2026-04-28 00:00:00+00:00
[2026-04-28T12:30:40.018+0000] {processor.py:183} INFO - Processing /home/airflow/.local/lib/python3.8/site-packages/airflow/example_dags/example_branch_day_of_week_operator.py took 0.238 seconds
[2026-04-28T12:31:10.416+0000] {processor.py:161} INFO - Started process (PID=2179) to work on /home/airflow/.local/lib/python3.8/site-packages/airflow/example_dags/example_branch_day_of_week_operator.py
[2026-04-28T12:31:10.417+0000] {processor.py:830} INFO - Processing file /home/airflow/.local/lib/python3.8/site-packages/airflow/example_dags/example_branch_day_of_week_operator.py for tasks to queue
[2026-04-28T12:31:10.420+0000] {logging_mixin.py:188} INFO - [2026-04-28T12:31:10.419+0000] {dagbag.py:540} INFO - Filling up the DagBag from /home/airflow/.local/lib/python3.8/site-packages/airflow/example_dags/example_branch_day_of_week_operator.py
[2026-04-28T12:31:10.429+0000] {processor.py:840} INFO - DAG(s) 'example_weekday_branch_operator' retrieved from /home/airflow/.local/lib/python3.8/site-packages/airflow/example_dags/example_branch_day_of_week_operator.py
[2026-04-28T12:31:10.450+0000] {logging_mixin.py:188} INFO - [2026-04-28T12:31:10.449+0000] {dag.py:3047} INFO - Sync 1 DAGs
[2026-04-28T12:31:10.680+0000] {logging_mixin.py:188} INFO - [2026-04-28T12:31:10.680+0000] {dag.py:3834} INFO - Setting next_dagrun for example_weekday_branch_operator to 2026-04-27 00:00:00+00:00, run_after=2026-04-28 00:00:00+00:00
[2026-04-28T12:31:10.700+0000] {processor.py:183} INFO - Processing /home/airflow/.local/lib/python3.8/site-packages/airflow/example_dags/example_branch_day_of_week_operator.py took 0.288 seconds
[2026-04-28T12:31:41.266+0000] {processor.py:161} INFO - Started process (PID=2234) to work on /home/airflow/.local/lib/python3.8/site-packages/airflow/example_dags/example_branch_day_of_week_operator.py
[2026-04-28T12:31:41.266+0000] {processor.py:830} INFO - Processing file /home/airflow/.local/lib/python3.8/site-packages/airflow/example_dags/example_branch_day_of_week_operator.py for tasks to queue
[2026-04-28T12:31:41.268+0000] {logging_mixin.py:188} INFO - [2026-04-28T12:31:41.268+0000] {dagbag.py:540} INFO - Filling up the DagBag from /home/airflow/.local/lib/python3.8/site-packages/airflow/example_dags/example_branch_day_of_week_operator.py
[2026-04-28T12:31:41.275+0000] {processor.py:840} INFO - DAG(s) 'example_weekday_branch_operator' retrieved from /home/airflow/.local/lib/python3.8/site-packages/airflow/example_dags/example_branch_day_of_week_operator.py
[2026-04-28T12:31:41.291+0000] {logging_mixin.py:188} INFO - [2026-04-28T12:31:41.291+0000] {dag.py:3047} INFO - Sync 1 DAGs
[2026-04-28T12:31:41.309+0000] {logging_mixin.py:188} INFO - [2026-04-28T12:31:41.309+0000] {dag.py:3834} INFO - Setting next_dagrun for example_weekday_branch_operator to 2026-04-27 00:00:00+00:00, run_after=2026-04-28 00:00:00+00:00
[2026-04-28T12:31:41.322+0000] {processor.py:183} INFO - Processing /home/airflow/.local/lib/python3.8/site-packages/airflow/example_dags/example_branch_day_of_week_operator.py took 0.059 seconds
[2026-04-28T12:32:11.988+0000] {processor.py:161} INFO - Started process (PID=2290) to work on /home/airflow/.local/lib/python3.8/site-packages/airflow/example_dags/example_branch_day_of_week_operator.py
[2026-04-28T12:32:11.992+0000] {processor.py:830} INFO - Processing file /home/airflow/.local/lib/python3.8/site-packages/airflow/example_dags/example_branch_day_of_week_operator.py for tasks to queue
[2026-04-28T12:32:11.998+0000] {logging_mixin.py:188} INFO - [2026-04-28T12:32:11.998+0000] {dagbag.py:540} INFO - Filling up the DagBag from /home/airflow/.local/lib/python3.8/site-packages/airflow/example_dags/example_branch_day_of_week_operator.py
[2026-04-28T12:32:12.021+0000] {processor.py:840} INFO - DAG(s) 'example_weekday_branch_operator' retrieved from /home/airflow/.local/lib/python3.8/site-packages/airflow/example_dags/example_branch_day_of_week_operator.py
[2026-04-28T12:32:12.046+0000] {logging_mixin.py:188} INFO - [2026-04-28T12:32:12.046+0000] {dag.py:3047} INFO - Sync 1 DAGs
[2026-04-28T12:32:12.072+0000] {logging_mixin.py:188} INFO - [2026-04-28T12:32:12.072+0000] {dag.py:3834} INFO - Setting next_dagrun for example_weekday_branch_operator to 2026-04-27 00:00:00+00:00, run_after=2026-04-28 00:00:00+00:00
[2026-04-28T12:32:12.089+0000] {processor.py:183} INFO - Processing /home/airflow/.local/lib/python3.8/site-packages/airflow/example_dags/example_branch_day_of_week_operator.py took 0.108 seconds
[2026-04-28T12:32:42.788+0000] {processor.py:161} INFO - Started process (PID=2348) to work on /home/airflow/.local/lib/python3.8/site-packages/airflow/example_dags/example_branch_day_of_week_operator.py
[2026-04-28T12:32:42.789+0000] {processor.py:830} INFO - Processing file /home/airflow/.local/lib/python3.8/site-packages/airflow/example_dags/example_branch_day_of_week_operator.py for tasks to queue
[2026-04-28T12:32:42.791+0000] {logging_mixin.py:188} INFO - [2026-04-28T12:32:42.791+0000] {dagbag.py:540} INFO - Filling up the DagBag from /home/airflow/.local/lib/python3.8/site-packages/airflow/example_dags/example_branch_day_of_week_operator.py
[2026-04-28T12:32:42.808+0000] {processor.py:840} INFO - DAG(s) 'example_weekday_branch_operator' retrieved from /home/airflow/.local/lib/python3.8/site-packages/airflow/example_dags/example_branch_day_of_week_operator.py
[2026-04-28T12:32:42.836+0000] {logging_mixin.py:188} INFO - [2026-04-28T12:32:42.836+0000] {dag.py:3047} INFO - Sync 1 DAGs
[2026-04-28T12:32:42.864+0000] {logging_mixin.py:188} INFO - [2026-04-28T12:32:42.864+0000] {dag.py:3834} INFO - Setting next_dagrun for example_weekday_branch_operator to 2026-04-27 00:00:00+00:00, run_after=2026-04-28 00:00:00+00:00
[2026-04-28T12:32:42.882+0000] {processor.py:183} INFO - Processing /home/airflow/.local/lib/python3.8/site-packages/airflow/example_dags/example_branch_day_of_week_operator.py took 0.100 seconds
[2026-04-28T12:33:13.068+0000] {processor.py:161} INFO - Started process (PID=2404) to work on /home/airflow/.local/lib/python3.8/site-packages/airflow/example_dags/example_branch_day_of_week_operator.py
[2026-04-28T12:33:13.069+0000] {processor.py:830} INFO - Processing file /home/airflow/.local/lib/python3.8/site-packages/airflow/example_dags/example_branch_day_of_week_operator.py for tasks to queue
[2026-04-28T12:33:13.070+0000] {logging_mixin.py:188} INFO - [2026-04-28T12:33:13.070+0000] {dagbag.py:540} INFO - Filling up the DagBag from /home/airflow/.local/lib/python3.8/site-packages/airflow/example_dags/example_branch_day_of_week_operator.py
[2026-04-28T12:33:13.077+0000] {processor.py:840} INFO - DAG(s) 'example_weekday_branch_operator' retrieved from /home/airflow/.local/lib/python3.8/site-packages/airflow/example_dags/example_branch_day_of_week_operator.py
[2026-04-28T12:33:13.093+0000] {logging_mixin.py:188} INFO - [2026-04-28T12:33:13.093+0000] {dag.py:3047} INFO - Sync 1 DAGs
[2026-04-28T12:33:13.112+0000] {logging_mixin.py:188} INFO - [2026-04-28T12:33:13.111+0000] {dag.py:3834} INFO - Setting next_dagrun for example_weekday_branch_operator to 2026-04-27 00:00:00+00:00, run_after=2026-04-28 00:00:00+00:00
[2026-04-28T12:33:13.124+0000] {processor.py:183} INFO - Processing /home/airflow/.local/lib/python3.8/site-packages/airflow/example_dags/example_branch_day_of_week_operator.py took 0.059 seconds
[2026-04-28T12:33:44.196+0000] {processor.py:161} INFO - Started process (PID=2460) to work on /home/airflow/.local/lib/python3.8/site-packages/airflow/example_dags/example_branch_day_of_week_operator.py
[2026-04-28T12:33:44.203+0000] {processor.py:830} INFO - Processing file /home/airflow/.local/lib/python3.8/site-packages/airflow/example_dags/example_branch_day_of_week_operator.py for tasks to queue
[2026-04-28T12:33:44.220+0000] {logging_mixin.py:188} INFO - [2026-04-28T12:33:44.211+0000] {dagbag.py:540} INFO - Filling up the DagBag from /home/airflow/.local/lib/python3.8/site-packages/airflow/example_dags/example_branch_day_of_week_operator.py
[2026-04-28T12:33:44.262+0000] {processor.py:840} INFO - DAG(s) 'example_weekday_branch_operator' retrieved from /home/airflow/.local/lib/python3.8/site-packages/airflow/example_dags/example_branch_day_of_week_operator.py
[2026-04-28T12:33:44.300+0000] {logging_mixin.py:188} INFO - [2026-04-28T12:33:44.299+0000] {dag.py:3047} INFO - Sync 1 DAGs
[2026-04-28T12:33:44.356+0000] {logging_mixin.py:188} INFO - [2026-04-28T12:33:44.356+0000] {dag.py:3834} INFO - Setting next_dagrun for example_weekday_branch_operator to 2026-04-27 00:00:00+00:00, run_after=2026-04-28 00:00:00+00:00
[2026-04-28T12:33:44.375+0000] {processor.py:183} INFO - Processing /home/airflow/.local/lib/python3.8/site-packages/airflow/example_dags/example_branch_day_of_week_operator.py took 0.189 seconds
[2026-04-28T12:34:14.997+0000] {processor.py:161} INFO - Started process (PID=2516) to work on /home/airflow/.local/lib/python3.8/site-packages/airflow/example_dags/example_branch_day_of_week_operator.py
[2026-04-28T12:34:15.006+0000] {processor.py:830} INFO - Processing file /home/airflow/.local/lib/python3.8/site-packages/airflow/example_dags/example_branch_day_of_week_operator.py for tasks to queue
[2026-04-28T12:34:15.015+0000] {logging_mixin.py:188} INFO - [2026-04-28T12:34:15.015+0000] {dagbag.py:540} INFO - Filling up the DagBag from /home/airflow/.local/lib/python3.8/site-packages/airflow/example_dags/example_branch_day_of_week_operator.py
[2026-04-28T12:34:15.053+0000] {processor.py:840} INFO - DAG(s) 'example_weekday_branch_operator' retrieved from /home/airflow/.local/lib/python3.8/site-packages/airflow/example_dags/example_branch_day_of_week_operator.py
[2026-04-28T12:34:15.133+0000] {logging_mixin.py:188} INFO - [2026-04-28T12:34:15.132+0000] {dag.py:3047} INFO - Sync 1 DAGs
[2026-04-28T12:34:15.248+0000] {logging_mixin.py:188} INFO - [2026-04-28T12:34:15.247+0000] {dag.py:3834} INFO - Setting next_dagrun for example_weekday_branch_operator to 2026-04-27 00:00:00+00:00, run_after=2026-04-28 00:00:00+00:00
[2026-04-28T12:34:15.427+0000] {processor.py:183} INFO - Processing /home/airflow/.local/lib/python3.8/site-packages/airflow/example_dags/example_branch_day_of_week_operator.py took 0.447 seconds
[2026-04-28T12:34:46.329+0000] {processor.py:161} INFO - Started process (PID=2572) to work on /home/airflow/.local/lib/python3.8/site-packages/airflow/example_dags/example_branch_day_of_week_operator.py
[2026-04-28T12:34:46.338+0000] {processor.py:830} INFO - Processing file /home/airflow/.local/lib/python3.8/site-packages/airflow/example_dags/example_branch_day_of_week_operator.py for tasks to queue
[2026-04-28T12:34:46.344+0000] {logging_mixin.py:188} INFO - [2026-04-28T12:34:46.343+0000] {dagbag.py:540} INFO - Filling up the DagBag from /home/airflow/.local/lib/python3.8/site-packages/airflow/example_dags/example_branch_day_of_week_operator.py
[2026-04-28T12:34:46.378+0000] {processor.py:840} INFO - DAG(s) 'example_weekday_branch_operator' retrieved from /home/airflow/.local/lib/python3.8/site-packages/airflow/example_dags/example_branch_day_of_week_operator.py
[2026-04-28T12:34:46.492+0000] {logging_mixin.py:188} INFO - [2026-04-28T12:34:46.491+0000] {dag.py:3047} INFO - Sync 1 DAGs
[2026-04-28T12:34:46.600+0000] {logging_mixin.py:188} INFO - [2026-04-28T12:34:46.600+0000] {dag.py:3834} INFO - Setting next_dagrun for example_weekday_branch_operator to 2026-04-27 00:00:00+00:00, run_after=2026-04-28 00:00:00+00:00
[2026-04-28T12:34:46.705+0000] {processor.py:183} INFO - Processing /home/airflow/.local/lib/python3.8/site-packages/airflow/example_dags/example_branch_day_of_week_operator.py took 0.388 seconds
[2026-04-28T12:35:16.817+0000] {processor.py:161} INFO - Started process (PID=2628) to work on /home/airflow/.local/lib/python3.8/site-packages/airflow/example_dags/example_branch_day_of_week_operator.py
[2026-04-28T12:35:16.818+0000] {processor.py:830} INFO - Processing file /home/airflow/.local/lib/python3.8/site-packages/airflow/example_dags/example_branch_day_of_week_operator.py for tasks to queue
[2026-04-28T12:35:16.820+0000] {logging_mixin.py:188} INFO - [2026-04-28T12:35:16.820+0000] {dagbag.py:540} INFO - Filling up the DagBag from /home/airflow/.local/lib/python3.8/site-packages/airflow/example_dags/example_branch_day_of_week_operator.py
[2026-04-28T12:35:16.829+0000] {processor.py:840} INFO - DAG(s) 'example_weekday_branch_operator' retrieved from /home/airflow/.local/lib/python3.8/site-packages/airflow/example_dags/example_branch_day_of_week_operator.py
[2026-04-28T12:35:16.853+0000] {logging_mixin.py:188} INFO - [2026-04-28T12:35:16.853+0000] {dag.py:3047} INFO - Sync 1 DAGs
[2026-04-28T12:35:16.879+0000] {logging_mixin.py:188} INFO - [2026-04-28T12:35:16.879+0000] {dag.py:3834} INFO - Setting next_dagrun for example_weekday_branch_operator to 2026-04-27 00:00:00+00:00, run_after=2026-04-28 00:00:00+00:00
[2026-04-28T12:35:16.896+0000] {processor.py:183} INFO - Processing /home/airflow/.local/lib/python3.8/site-packages/airflow/example_dags/example_branch_day_of_week_operator.py took 0.083 seconds
[2026-04-28T12:35:47.467+0000] {processor.py:161} INFO - Started process (PID=2683) to work on /home/airflow/.local/lib/python3.8/site-packages/airflow/example_dags/example_branch_day_of_week_operator.py
[2026-04-28T12:35:47.468+0000] {processor.py:830} INFO - Processing file /home/airflow/.local/lib/python3.8/site-packages/airflow/example_dags/example_branch_day_of_week_operator.py for tasks to queue
[2026-04-28T12:35:47.472+0000] {logging_mixin.py:188} INFO - [2026-04-28T12:35:47.470+0000] {dagbag.py:540} INFO - Filling up the DagBag from /home/airflow/.local/lib/python3.8/site-packages/airflow/example_dags/example_branch_day_of_week_operator.py
[2026-04-28T12:35:47.482+0000] {processor.py:840} INFO - DAG(s) 'example_weekday_branch_operator' retrieved from /home/airflow/.local/lib/python3.8/site-packages/airflow/example_dags/example_branch_day_of_week_operator.py
[2026-04-28T12:35:47.506+0000] {logging_mixin.py:188} INFO - [2026-04-28T12:35:47.505+0000] {dag.py:3047} INFO - Sync 1 DAGs
[2026-04-28T12:35:47.532+0000] {logging_mixin.py:188} INFO - [2026-04-28T12:35:47.532+0000] {dag.py:3834} INFO - Setting next_dagrun for example_weekday_branch_operator to 2026-04-27 00:00:00+00:00, run_after=2026-04-28 00:00:00+00:00
[2026-04-28T12:35:47.551+0000] {processor.py:183} INFO - Processing /home/airflow/.local/lib/python3.8/site-packages/airflow/example_dags/example_branch_day_of_week_operator.py took 0.087 seconds
[2026-04-28T12:36:17.808+0000] {processor.py:161} INFO - Started process (PID=2739) to work on /home/airflow/.local/lib/python3.8/site-packages/airflow/example_dags/example_branch_day_of_week_operator.py
[2026-04-28T12:36:17.809+0000] {processor.py:830} INFO - Processing file /home/airflow/.local/lib/python3.8/site-packages/airflow/example_dags/example_branch_day_of_week_operator.py for tasks to queue
[2026-04-28T12:36:17.811+0000] {logging_mixin.py:188} INFO - [2026-04-28T12:36:17.811+0000] {dagbag.py:540} INFO - Filling up the DagBag from /home/airflow/.local/lib/python3.8/site-packages/airflow/example_dags/example_branch_day_of_week_operator.py
[2026-04-28T12:36:17.820+0000] {processor.py:840} INFO - DAG(s) 'example_weekday_branch_operator' retrieved from /home/airflow/.local/lib/python3.8/site-packages/airflow/example_dags/example_branch_day_of_week_operator.py
[2026-04-28T12:36:17.847+0000] {logging_mixin.py:188} INFO - [2026-04-28T12:36:17.846+0000] {dag.py:3047} INFO - Sync 1 DAGs
[2026-04-28T12:36:17.879+0000] {logging_mixin.py:188} INFO - [2026-04-28T12:36:17.878+0000] {dag.py:3834} INFO - Setting next_dagrun for example_weekday_branch_operator to 2026-04-27 00:00:00+00:00, run_after=2026-04-28 00:00:00+00:00
[2026-04-28T12:36:17.896+0000] {processor.py:183} INFO - Processing /home/airflow/.local/lib/python3.8/site-packages/airflow/example_dags/example_branch_day_of_week_operator.py took 0.092 seconds
[2026-04-28T12:36:48.420+0000] {processor.py:161} INFO - Started process (PID=2795) to work on /home/airflow/.local/lib/python3.8/site-packages/airflow/example_dags/example_branch_day_of_week_operator.py
[2026-04-28T12:36:48.421+0000] {processor.py:830} INFO - Processing file /home/airflow/.local/lib/python3.8/site-packages/airflow/example_dags/example_branch_day_of_week_operator.py for tasks to queue
[2026-04-28T12:36:48.423+0000] {logging_mixin.py:188} INFO - [2026-04-28T12:36:48.423+0000] {dagbag.py:540} INFO - Filling up the DagBag from /home/airflow/.local/lib/python3.8/site-packages/airflow/example_dags/example_branch_day_of_week_operator.py
[2026-04-28T12:36:48.432+0000] {processor.py:840} INFO - DAG(s) 'example_weekday_branch_operator' retrieved from /home/airflow/.local/lib/python3.8/site-packages/airflow/example_dags/example_branch_day_of_week_operator.py
[2026-04-28T12:36:48.456+0000] {logging_mixin.py:188} INFO - [2026-04-28T12:36:48.456+0000] {dag.py:3047} INFO - Sync 1 DAGs
[2026-04-28T12:36:48.481+0000] {logging_mixin.py:188} INFO - [2026-04-28T12:36:48.481+0000] {dag.py:3834} INFO - Setting next_dagrun for example_weekday_branch_operator to 2026-04-27 00:00:00+00:00, run_after=2026-04-28 00:00:00+00:00
[2026-04-28T12:36:48.499+0000] {processor.py:183} INFO - Processing /home/airflow/.local/lib/python3.8/site-packages/airflow/example_dags/example_branch_day_of_week_operator.py took 0.082 seconds
[2026-04-28T12:37:18.989+0000] {processor.py:161} INFO - Started process (PID=2851) to work on /home/airflow/.local/lib/python3.8/site-packages/airflow/example_dags/example_branch_day_of_week_operator.py
[2026-04-28T12:37:18.989+0000] {processor.py:830} INFO - Processing file /home/airflow/.local/lib/python3.8/site-packages/airflow/example_dags/example_branch_day_of_week_operator.py for tasks to queue
[2026-04-28T12:37:18.992+0000] {logging_mixin.py:188} INFO - [2026-04-28T12:37:18.991+0000] {dagbag.py:540} INFO - Filling up the DagBag from /home/airflow/.local/lib/python3.8/site-packages/airflow/example_dags/example_branch_day_of_week_operator.py
[2026-04-28T12:37:19.001+0000] {processor.py:840} INFO - DAG(s) 'example_weekday_branch_operator' retrieved from /home/airflow/.local/lib/python3.8/site-packages/airflow/example_dags/example_branch_day_of_week_operator.py
[2026-04-28T12:37:19.025+0000] {logging_mixin.py:188} INFO - [2026-04-28T12:37:19.025+0000] {dag.py:3047} INFO - Sync 1 DAGs
[2026-04-28T12:37:19.050+0000] {logging_mixin.py:188} INFO - [2026-04-28T12:37:19.050+0000] {dag.py:3834} INFO - Setting next_dagrun for example_weekday_branch_operator to 2026-04-27 00:00:00+00:00, run_after=2026-04-28 00:00:00+00:00
[2026-04-28T12:37:19.068+0000] {processor.py:183} INFO - Processing /home/airflow/.local/lib/python3.8/site-packages/airflow/example_dags/example_branch_day_of_week_operator.py took 0.083 seconds
[2026-04-28T12:37:49.871+0000] {processor.py:161} INFO - Started process (PID=2907) to work on /home/airflow/.local/lib/python3.8/site-packages/airflow/example_dags/example_branch_day_of_week_operator.py
[2026-04-28T12:37:49.872+0000] {processor.py:830} INFO - Processing file /home/airflow/.local/lib/python3.8/site-packages/airflow/example_dags/example_branch_day_of_week_operator.py for tasks to queue
[2026-04-28T12:37:49.874+0000] {logging_mixin.py:188} INFO - [2026-04-28T12:37:49.874+0000] {dagbag.py:540} INFO - Filling up the DagBag from /home/airflow/.local/lib/python3.8/site-packages/airflow/example_dags/example_branch_day_of_week_operator.py
[2026-04-28T12:37:49.884+0000] {processor.py:840} INFO - DAG(s) 'example_weekday_branch_operator' retrieved from /home/airflow/.local/lib/python3.8/site-packages/airflow/example_dags/example_branch_day_of_week_operator.py
[2026-04-28T12:37:49.913+0000] {logging_mixin.py:188} INFO - [2026-04-28T12:37:49.912+0000] {dag.py:3047} INFO - Sync 1 DAGs
[2026-04-28T12:37:49.938+0000] {logging_mixin.py:188} INFO - [2026-04-28T12:37:49.938+0000] {dag.py:3834} INFO - Setting next_dagrun for example_weekday_branch_operator to 2026-04-27 00:00:00+00:00, run_after=2026-04-28 00:00:00+00:00
[2026-04-28T12:37:49.961+0000] {processor.py:183} INFO - Processing /home/airflow/.local/lib/python3.8/site-packages/airflow/example_dags/example_branch_day_of_week_operator.py took 0.093 seconds
[2026-04-28T12:38:20.562+0000] {processor.py:161} INFO - Started process (PID=2963) to work on /home/airflow/.local/lib/python3.8/site-packages/airflow/example_dags/example_branch_day_of_week_operator.py
[2026-04-28T12:38:20.563+0000] {processor.py:830} INFO - Processing file /home/airflow/.local/lib/python3.8/site-packages/airflow/example_dags/example_branch_day_of_week_operator.py for tasks to queue
[2026-04-28T12:38:20.565+0000] {logging_mixin.py:188} INFO - [2026-04-28T12:38:20.565+0000] {dagbag.py:540} INFO - Filling up the DagBag from /home/airflow/.local/lib/python3.8/site-packages/airflow/example_dags/example_branch_day_of_week_operator.py
[2026-04-28T12:38:20.575+0000] {processor.py:840} INFO - DAG(s) 'example_weekday_branch_operator' retrieved from /home/airflow/.local/lib/python3.8/site-packages/airflow/example_dags/example_branch_day_of_week_operator.py
[2026-04-28T12:38:20.599+0000] {logging_mixin.py:188} INFO - [2026-04-28T12:38:20.599+0000] {dag.py:3047} INFO - Sync 1 DAGs
[2026-04-28T12:38:20.625+0000] {logging_mixin.py:188} INFO - [2026-04-28T12:38:20.625+0000] {dag.py:3834} INFO - Setting next_dagrun for example_weekday_branch_operator to 2026-04-27 00:00:00+00:00, run_after=2026-04-28 00:00:00+00:00
[2026-04-28T12:38:20.642+0000] {processor.py:183} INFO - Processing /home/airflow/.local/lib/python3.8/site-packages/airflow/example_dags/example_branch_day_of_week_operator.py took 0.084 seconds
[2026-04-28T12:38:51.168+0000] {processor.py:161} INFO - Started process (PID=3019) to work on /home/airflow/.local/lib/python3.8/site-packages/airflow/example_dags/example_branch_day_of_week_operator.py
[2026-04-28T12:38:51.170+0000] {processor.py:830} INFO - Processing file /home/airflow/.local/lib/python3.8/site-packages/airflow/example_dags/example_branch_day_of_week_operator.py for tasks to queue
[2026-04-28T12:38:51.172+0000] {logging_mixin.py:188} INFO - [2026-04-28T12:38:51.172+0000] {dagbag.py:540} INFO - Filling up the DagBag from /home/airflow/.local/lib/python3.8/site-packages/airflow/example_dags/example_branch_day_of_week_operator.py
[2026-04-28T12:38:51.182+0000] {processor.py:840} INFO - DAG(s) 'example_weekday_branch_operator' retrieved from /home/airflow/.local/lib/python3.8/site-packages/airflow/example_dags/example_branch_day_of_week_operator.py
[2026-04-28T12:38:51.205+0000] {logging_mixin.py:188} INFO - [2026-04-28T12:38:51.205+0000] {dag.py:3047} INFO - Sync 1 DAGs
[2026-04-28T12:38:51.232+0000] {logging_mixin.py:188} INFO - [2026-04-28T12:38:51.231+0000] {dag.py:3834} INFO - Setting next_dagrun for example_weekday_branch_operator to 2026-04-27 00:00:00+00:00, run_after=2026-04-28 00:00:00+00:00
[2026-04-28T12:38:51.249+0000] {processor.py:183} INFO - Processing /home/airflow/.local/lib/python3.8/site-packages/airflow/example_dags/example_branch_day_of_week_operator.py took 0.084 seconds
[2026-04-28T12:39:21.547+0000] {processor.py:161} INFO - Started process (PID=3075) to work on /home/airflow/.local/lib/python3.8/site-packages/airflow/example_dags/example_branch_day_of_week_operator.py
[2026-04-28T12:39:21.548+0000] {processor.py:830} INFO - Processing file /home/airflow/.local/lib/python3.8/site-packages/airflow/example_dags/example_branch_day_of_week_operator.py for tasks to queue
[2026-04-28T12:39:21.550+0000] {logging_mixin.py:188} INFO - [2026-04-28T12:39:21.549+0000] {dagbag.py:540} INFO - Filling up the DagBag from /home/airflow/.local/lib/python3.8/site-packages/airflow/example_dags/example_branch_day_of_week_operator.py
[2026-04-28T12:39:21.569+0000] {processor.py:840} INFO - DAG(s) 'example_weekday_branch_operator' retrieved from /home/airflow/.local/lib/python3.8/site-packages/airflow/example_dags/example_branch_day_of_week_operator.py
[2026-04-28T12:39:21.600+0000] {logging_mixin.py:188} INFO - [2026-04-28T12:39:21.599+0000] {dag.py:3047} INFO - Sync 1 DAGs
[2026-04-28T12:39:21.626+0000] {logging_mixin.py:188} INFO - [2026-04-28T12:39:21.626+0000] {dag.py:3834} INFO - Setting next_dagrun for example_weekday_branch_operator to 2026-04-27 00:00:00+00:00, run_after=2026-04-28 00:00:00+00:00
[2026-04-28T12:39:21.645+0000] {processor.py:183} INFO - Processing /home/airflow/.local/lib/python3.8/site-packages/airflow/example_dags/example_branch_day_of_week_operator.py took 0.101 seconds
[2026-04-28T12:39:52.098+0000] {processor.py:161} INFO - Started process (PID=3131) to work on /home/airflow/.local/lib/python3.8/site-packages/airflow/example_dags/example_branch_day_of_week_operator.py
[2026-04-28T12:39:52.099+0000] {processor.py:830} INFO - Processing file /home/airflow/.local/lib/python3.8/site-packages/airflow/example_dags/example_branch_day_of_week_operator.py for tasks to queue
[2026-04-28T12:39:52.101+0000] {logging_mixin.py:188} INFO - [2026-04-28T12:39:52.101+0000] {dagbag.py:540} INFO - Filling up the DagBag from /home/airflow/.local/lib/python3.8/site-packages/airflow/example_dags/example_branch_day_of_week_operator.py
[2026-04-28T12:39:52.110+0000] {processor.py:840} INFO - DAG(s) 'example_weekday_branch_operator' retrieved from /home/airflow/.local/lib/python3.8/site-packages/airflow/example_dags/example_branch_day_of_week_operator.py
[2026-04-28T12:39:52.136+0000] {logging_mixin.py:188} INFO - [2026-04-28T12:39:52.136+0000] {dag.py:3047} INFO - Sync 1 DAGs
[2026-04-28T12:39:52.166+0000] {logging_mixin.py:188} INFO - [2026-04-28T12:39:52.166+0000] {dag.py:3834} INFO - Setting next_dagrun for example_weekday_branch_operator to 2026-04-27 00:00:00+00:00, run_after=2026-04-28 00:00:00+00:00
[2026-04-28T12:39:52.197+0000] {processor.py:183} INFO - Processing /home/airflow/.local/lib/python3.8/site-packages/airflow/example_dags/example_branch_day_of_week_operator.py took 0.103 seconds
[2026-04-28T12:40:22.505+0000] {processor.py:161} INFO - Started process (PID=3187) to work on /home/airflow/.local/lib/python3.8/site-packages/airflow/example_dags/example_branch_day_of_week_operator.py
[2026-04-28T12:40:22.506+0000] {processor.py:830} INFO - Processing file /home/airflow/.local/lib/python3.8/site-packages/airflow/example_dags/example_branch_day_of_week_operator.py for tasks to queue
[2026-04-28T12:40:22.508+0000] {logging_mixin.py:188} INFO - [2026-04-28T12:40:22.507+0000] {dagbag.py:540} INFO - Filling up the DagBag from /home/airflow/.local/lib/python3.8/site-packages/airflow/example_dags/example_branch_day_of_week_operator.py
[2026-04-28T12:40:22.517+0000] {processor.py:840} INFO - DAG(s) 'example_weekday_branch_operator' retrieved from /home/airflow/.local/lib/python3.8/site-packages/airflow/example_dags/example_branch_day_of_week_operator.py
[2026-04-28T12:40:22.541+0000] {logging_mixin.py:188} INFO - [2026-04-28T12:40:22.541+0000] {dag.py:3047} INFO - Sync 1 DAGs
[2026-04-28T12:40:22.567+0000] {logging_mixin.py:188} INFO - [2026-04-28T12:40:22.567+0000] {dag.py:3834} INFO - Setting next_dagrun for example_weekday_branch_operator to 2026-04-27 00:00:00+00:00, run_after=2026-04-28 00:00:00+00:00
[2026-04-28T12:40:22.593+0000] {processor.py:183} INFO - Processing /home/airflow/.local/lib/python3.8/site-packages/airflow/example_dags/example_branch_day_of_week_operator.py took 0.092 seconds
[2026-04-28T12:40:53.520+0000] {processor.py:161} INFO - Started process (PID=3243) to work on /home/airflow/.local/lib/python3.8/site-packages/airflow/example_dags/example_branch_day_of_week_operator.py
[2026-04-28T12:40:53.520+0000] {processor.py:830} INFO - Processing file /home/airflow/.local/lib/python3.8/site-packages/airflow/example_dags/example_branch_day_of_week_operator.py for tasks to queue
[2026-04-28T12:40:53.522+0000] {logging_mixin.py:188} INFO - [2026-04-28T12:40:53.522+0000] {dagbag.py:540} INFO - Filling up the DagBag from /home/airflow/.local/lib/python3.8/site-packages/airflow/example_dags/example_branch_day_of_week_operator.py
[2026-04-28T12:40:53.532+0000] {processor.py:840} INFO - DAG(s) 'example_weekday_branch_operator' retrieved from /home/airflow/.local/lib/python3.8/site-packages/airflow/example_dags/example_branch_day_of_week_operator.py
[2026-04-28T12:40:53.556+0000] {logging_mixin.py:188} INFO - [2026-04-28T12:40:53.556+0000] {dag.py:3047} INFO - Sync 1 DAGs
[2026-04-28T12:40:53.582+0000] {logging_mixin.py:188} INFO - [2026-04-28T12:40:53.581+0000] {dag.py:3834} INFO - Setting next_dagrun for example_weekday_branch_operator to 2026-04-27 00:00:00+00:00, run_after=2026-04-28 00:00:00+00:00
[2026-04-28T12:40:53.599+0000] {processor.py:183} INFO - Processing /home/airflow/.local/lib/python3.8/site-packages/airflow/example_dags/example_branch_day_of_week_operator.py took 0.083 seconds
[2026-04-28T12:41:23.870+0000] {processor.py:161} INFO - Started process (PID=3299) to work on /home/airflow/.local/lib/python3.8/site-packages/airflow/example_dags/example_branch_day_of_week_operator.py
[2026-04-28T12:41:23.871+0000] {processor.py:830} INFO - Processing file /home/airflow/.local/lib/python3.8/site-packages/airflow/example_dags/example_branch_day_of_week_operator.py for tasks to queue
[2026-04-28T12:41:23.873+0000] {logging_mixin.py:188} INFO - [2026-04-28T12:41:23.873+0000] {dagbag.py:540} INFO - Filling up the DagBag from /home/airflow/.local/lib/python3.8/site-packages/airflow/example_dags/example_branch_day_of_week_operator.py
[2026-04-28T12:41:23.883+0000] {processor.py:840} INFO - DAG(s) 'example_weekday_branch_operator' retrieved from /home/airflow/.local/lib/python3.8/site-packages/airflow/example_dags/example_branch_day_of_week_operator.py
[2026-04-28T12:41:23.906+0000] {logging_mixin.py:188} INFO - [2026-04-28T12:41:23.906+0000] {dag.py:3047} INFO - Sync 1 DAGs
[2026-04-28T12:41:23.932+0000] {logging_mixin.py:188} INFO - [2026-04-28T12:41:23.932+0000] {dag.py:3834} INFO - Setting next_dagrun for example_weekday_branch_operator to 2026-04-27 00:00:00+00:00, run_after=2026-04-28 00:00:00+00:00
[2026-04-28T12:41:23.949+0000] {processor.py:183} INFO - Processing /home/airflow/.local/lib/python3.8/site-packages/airflow/example_dags/example_branch_day_of_week_operator.py took 0.082 seconds
[2026-04-28T12:41:54.253+0000] {processor.py:161} INFO - Started process (PID=3355) to work on /home/airflow/.local/lib/python3.8/site-packages/airflow/example_dags/example_branch_day_of_week_operator.py
[2026-04-28T12:41:54.255+0000] {processor.py:830} INFO - Processing file /home/airflow/.local/lib/python3.8/site-packages/airflow/example_dags/example_branch_day_of_week_operator.py for tasks to queue
[2026-04-28T12:41:54.257+0000] {logging_mixin.py:188} INFO - [2026-04-28T12:41:54.257+0000] {dagbag.py:540} INFO - Filling up the DagBag from /home/airflow/.local/lib/python3.8/site-packages/airflow/example_dags/example_branch_day_of_week_operator.py
[2026-04-28T12:41:54.266+0000] {processor.py:840} INFO - DAG(s) 'example_weekday_branch_operator' retrieved from /home/airflow/.local/lib/python3.8/site-packages/airflow/example_dags/example_branch_day_of_week_operator.py
[2026-04-28T12:41:54.289+0000] {logging_mixin.py:188} INFO - [2026-04-28T12:41:54.289+0000] {dag.py:3047} INFO - Sync 1 DAGs
[2026-04-28T12:41:54.320+0000] {logging_mixin.py:188} INFO - [2026-04-28T12:41:54.320+0000] {dag.py:3834} INFO - Setting next_dagrun for example_weekday_branch_operator to 2026-04-27 00:00:00+00:00, run_after=2026-04-28 00:00:00+00:00
[2026-04-28T12:41:54.337+0000] {processor.py:183} INFO - Processing /home/airflow/.local/lib/python3.8/site-packages/airflow/example_dags/example_branch_day_of_week_operator.py took 0.087 seconds
[2026-04-28T12:42:24.582+0000] {processor.py:161} INFO - Started process (PID=3411) to work on /home/airflow/.local/lib/python3.8/site-packages/airflow/example_dags/example_branch_day_of_week_operator.py
[2026-04-28T12:42:24.583+0000] {processor.py:830} INFO - Processing file /home/airflow/.local/lib/python3.8/site-packages/airflow/example_dags/example_branch_day_of_week_operator.py for tasks to queue
[2026-04-28T12:42:24.585+0000] {logging_mixin.py:188} INFO - [2026-04-28T12:42:24.585+0000] {dagbag.py:540} INFO - Filling up the DagBag from /home/airflow/.local/lib/python3.8/site-packages/airflow/example_dags/example_branch_day_of_week_operator.py
[2026-04-28T12:42:24.595+0000] {processor.py:840} INFO - DAG(s) 'example_weekday_branch_operator' retrieved from /home/airflow/.local/lib/python3.8/site-packages/airflow/example_dags/example_branch_day_of_week_operator.py
[2026-04-28T12:42:24.620+0000] {logging_mixin.py:188} INFO - [2026-04-28T12:42:24.620+0000] {dag.py:3047} INFO - Sync 1 DAGs
[2026-04-28T12:42:24.647+0000] {logging_mixin.py:188} INFO - [2026-04-28T12:42:24.647+0000] {dag.py:3834} INFO - Setting next_dagrun for example_weekday_branch_operator to 2026-04-27 00:00:00+00:00, run_after=2026-04-28 00:00:00+00:00
[2026-04-28T12:42:24.666+0000] {processor.py:183} INFO - Processing /home/airflow/.local/lib/python3.8/site-packages/airflow/example_dags/example_branch_day_of_week_operator.py took 0.087 seconds
[2026-04-28T12:42:55.606+0000] {processor.py:161} INFO - Started process (PID=3467) to work on /home/airflow/.local/lib/python3.8/site-packages/airflow/example_dags/example_branch_day_of_week_operator.py
[2026-04-28T12:42:55.611+0000] {processor.py:830} INFO - Processing file /home/airflow/.local/lib/python3.8/site-packages/airflow/example_dags/example_branch_day_of_week_operator.py for tasks to queue
[2026-04-28T12:42:55.615+0000] {logging_mixin.py:188} INFO - [2026-04-28T12:42:55.615+0000] {dagbag.py:540} INFO - Filling up the DagBag from /home/airflow/.local/lib/python3.8/site-packages/airflow/example_dags/example_branch_day_of_week_operator.py
[2026-04-28T12:42:55.650+0000] {processor.py:840} INFO - DAG(s) 'example_weekday_branch_operator' retrieved from /home/airflow/.local/lib/python3.8/site-packages/airflow/example_dags/example_branch_day_of_week_operator.py
[2026-04-28T12:42:55.719+0000] {logging_mixin.py:188} INFO - [2026-04-28T12:42:55.719+0000] {dag.py:3047} INFO - Sync 1 DAGs
[2026-04-28T12:42:55.767+0000] {logging_mixin.py:188} INFO - [2026-04-28T12:42:55.767+0000] {dag.py:3834} INFO - Setting next_dagrun for example_weekday_branch_operator to 2026-04-27 00:00:00+00:00, run_after=2026-04-28 00:00:00+00:00
[2026-04-28T12:42:55.784+0000] {processor.py:183} INFO - Processing /home/airflow/.local/lib/python3.8/site-packages/airflow/example_dags/example_branch_day_of_week_operator.py took 0.187 seconds
[2026-04-28T12:43:25.847+0000] {processor.py:161} INFO - Started process (PID=3524) to work on /home/airflow/.local/lib/python3.8/site-packages/airflow/example_dags/example_branch_day_of_week_operator.py
[2026-04-28T12:43:25.847+0000] {processor.py:830} INFO - Processing file /home/airflow/.local/lib/python3.8/site-packages/airflow/example_dags/example_branch_day_of_week_operator.py for tasks to queue
[2026-04-28T12:43:25.849+0000] {logging_mixin.py:188} INFO - [2026-04-28T12:43:25.849+0000] {dagbag.py:540} INFO - Filling up the DagBag from /home/airflow/.local/lib/python3.8/site-packages/airflow/example_dags/example_branch_day_of_week_operator.py
[2026-04-28T12:43:25.855+0000] {processor.py:840} INFO - DAG(s) 'example_weekday_branch_operator' retrieved from /home/airflow/.local/lib/python3.8/site-packages/airflow/example_dags/example_branch_day_of_week_operator.py
[2026-04-28T12:43:25.872+0000] {logging_mixin.py:188} INFO - [2026-04-28T12:43:25.872+0000] {dag.py:3047} INFO - Sync 1 DAGs
[2026-04-28T12:43:25.890+0000] {logging_mixin.py:188} INFO - [2026-04-28T12:43:25.890+0000] {dag.py:3834} INFO - Setting next_dagrun for example_weekday_branch_operator to 2026-04-27 00:00:00+00:00, run_after=2026-04-28 00:00:00+00:00
[2026-04-28T12:43:25.904+0000] {processor.py:183} INFO - Processing /home/airflow/.local/lib/python3.8/site-packages/airflow/example_dags/example_branch_day_of_week_operator.py took 0.060 seconds
[2026-04-28T12:43:56.242+0000] {processor.py:161} INFO - Started process (PID=3578) to work on /home/airflow/.local/lib/python3.8/site-packages/airflow/example_dags/example_branch_day_of_week_operator.py
[2026-04-28T12:43:56.243+0000] {processor.py:830} INFO - Processing file /home/airflow/.local/lib/python3.8/site-packages/airflow/example_dags/example_branch_day_of_week_operator.py for tasks to queue
[2026-04-28T12:43:56.246+0000] {logging_mixin.py:188} INFO - [2026-04-28T12:43:56.245+0000] {dagbag.py:540} INFO - Filling up the DagBag from /home/airflow/.local/lib/python3.8/site-packages/airflow/example_dags/example_branch_day_of_week_operator.py
[2026-04-28T12:43:56.255+0000] {processor.py:840} INFO - DAG(s) 'example_weekday_branch_operator' retrieved from /home/airflow/.local/lib/python3.8/site-packages/airflow/example_dags/example_branch_day_of_week_operator.py
[2026-04-28T12:43:56.279+0000] {logging_mixin.py:188} INFO - [2026-04-28T12:43:56.279+0000] {dag.py:3047} INFO - Sync 1 DAGs
[2026-04-28T12:43:56.306+0000] {logging_mixin.py:188} INFO - [2026-04-28T12:43:56.305+0000] {dag.py:3834} INFO - Setting next_dagrun for example_weekday_branch_operator to 2026-04-27 00:00:00+00:00, run_after=2026-04-28 00:00:00+00:00
[2026-04-28T12:43:56.330+0000] {processor.py:183} INFO - Processing /home/airflow/.local/lib/python3.8/site-packages/airflow/example_dags/example_branch_day_of_week_operator.py took 0.091 seconds
[2026-04-28T12:44:27.088+0000] {processor.py:161} INFO - Started process (PID=3634) to work on /home/airflow/.local/lib/python3.8/site-packages/airflow/example_dags/example_branch_day_of_week_operator.py
[2026-04-28T12:44:27.089+0000] {processor.py:830} INFO - Processing file /home/airflow/.local/lib/python3.8/site-packages/airflow/example_dags/example_branch_day_of_week_operator.py for tasks to queue
[2026-04-28T12:44:27.091+0000] {logging_mixin.py:188} INFO - [2026-04-28T12:44:27.090+0000] {dagbag.py:540} INFO - Filling up the DagBag from /home/airflow/.local/lib/python3.8/site-packages/airflow/example_dags/example_branch_day_of_week_operator.py
[2026-04-28T12:44:27.100+0000] {processor.py:840} INFO - DAG(s) 'example_weekday_branch_operator' retrieved from /home/airflow/.local/lib/python3.8/site-packages/airflow/example_dags/example_branch_day_of_week_operator.py
[2026-04-28T12:44:27.125+0000] {logging_mixin.py:188} INFO - [2026-04-28T12:44:27.125+0000] {dag.py:3047} INFO - Sync 1 DAGs
[2026-04-28T12:44:27.151+0000] {logging_mixin.py:188} INFO - [2026-04-28T12:44:27.150+0000] {dag.py:3834} INFO - Setting next_dagrun for example_weekday_branch_operator to 2026-04-27 00:00:00+00:00, run_after=2026-04-28 00:00:00+00:00
[2026-04-28T12:44:27.169+0000] {processor.py:183} INFO - Processing /home/airflow/.local/lib/python3.8/site-packages/airflow/example_dags/example_branch_day_of_week_operator.py took 0.085 seconds
[2026-04-28T12:44:57.222+0000] {processor.py:161} INFO - Started process (PID=3690) to work on /home/airflow/.local/lib/python3.8/site-packages/airflow/example_dags/example_branch_day_of_week_operator.py
[2026-04-28T12:44:57.227+0000] {processor.py:830} INFO - Processing file /home/airflow/.local/lib/python3.8/site-packages/airflow/example_dags/example_branch_day_of_week_operator.py for tasks to queue
[2026-04-28T12:44:57.230+0000] {logging_mixin.py:188} INFO - [2026-04-28T12:44:57.230+0000] {dagbag.py:540} INFO - Filling up the DagBag from /home/airflow/.local/lib/python3.8/site-packages/airflow/example_dags/example_branch_day_of_week_operator.py
[2026-04-28T12:44:57.271+0000] {processor.py:840} INFO - DAG(s) 'example_weekday_branch_operator' retrieved from /home/airflow/.local/lib/python3.8/site-packages/airflow/example_dags/example_branch_day_of_week_operator.py
[2026-04-28T12:44:57.351+0000] {logging_mixin.py:188} INFO - [2026-04-28T12:44:57.351+0000] {dag.py:3047} INFO - Sync 1 DAGs
[2026-04-28T12:44:57.401+0000] {logging_mixin.py:188} INFO - [2026-04-28T12:44:57.401+0000] {dag.py:3834} INFO - Setting next_dagrun for example_weekday_branch_operator to 2026-04-27 00:00:00+00:00, run_after=2026-04-28 00:00:00+00:00
[2026-04-28T12:44:57.432+0000] {processor.py:183} INFO - Processing /home/airflow/.local/lib/python3.8/site-packages/airflow/example_dags/example_branch_day_of_week_operator.py took 0.219 seconds
[2026-04-28T12:45:27.626+0000] {processor.py:161} INFO - Started process (PID=3745) to work on /home/airflow/.local/lib/python3.8/site-packages/airflow/example_dags/example_branch_day_of_week_operator.py
[2026-04-28T12:45:27.628+0000] {processor.py:830} INFO - Processing file /home/airflow/.local/lib/python3.8/site-packages/airflow/example_dags/example_branch_day_of_week_operator.py for tasks to queue
[2026-04-28T12:45:27.630+0000] {logging_mixin.py:188} INFO - [2026-04-28T12:45:27.629+0000] {dagbag.py:540} INFO - Filling up the DagBag from /home/airflow/.local/lib/python3.8/site-packages/airflow/example_dags/example_branch_day_of_week_operator.py
[2026-04-28T12:45:27.637+0000] {processor.py:840} INFO - DAG(s) 'example_weekday_branch_operator' retrieved from /home/airflow/.local/lib/python3.8/site-packages/airflow/example_dags/example_branch_day_of_week_operator.py
[2026-04-28T12:45:27.654+0000] {logging_mixin.py:188} INFO - [2026-04-28T12:45:27.654+0000] {dag.py:3047} INFO - Sync 1 DAGs
[2026-04-28T12:45:27.671+0000] {logging_mixin.py:188} INFO - [2026-04-28T12:45:27.671+0000] {dag.py:3834} INFO - Setting next_dagrun for example_weekday_branch_operator to 2026-04-27 00:00:00+00:00, run_after=2026-04-28 00:00:00+00:00
[2026-04-28T12:45:27.684+0000] {processor.py:183} INFO - Processing /home/airflow/.local/lib/python3.8/site-packages/airflow/example_dags/example_branch_day_of_week_operator.py took 0.061 seconds
[2026-04-28T12:45:57.893+0000] {processor.py:161} INFO - Started process (PID=3801) to work on /home/airflow/.local/lib/python3.8/site-packages/airflow/example_dags/example_branch_day_of_week_operator.py
[2026-04-28T12:45:57.894+0000] {processor.py:830} INFO - Processing file /home/airflow/.local/lib/python3.8/site-packages/airflow/example_dags/example_branch_day_of_week_operator.py for tasks to queue
[2026-04-28T12:45:57.896+0000] {logging_mixin.py:188} INFO - [2026-04-28T12:45:57.895+0000] {dagbag.py:540} INFO - Filling up the DagBag from /home/airflow/.local/lib/python3.8/site-packages/airflow/example_dags/example_branch_day_of_week_operator.py
[2026-04-28T12:45:57.909+0000] {processor.py:840} INFO - DAG(s) 'example_weekday_branch_operator' retrieved from /home/airflow/.local/lib/python3.8/site-packages/airflow/example_dags/example_branch_day_of_week_operator.py
[2026-04-28T12:45:57.933+0000] {logging_mixin.py:188} INFO - [2026-04-28T12:45:57.933+0000] {dag.py:3047} INFO - Sync 1 DAGs
[2026-04-28T12:45:57.968+0000] {logging_mixin.py:188} INFO - [2026-04-28T12:45:57.968+0000] {dag.py:3834} INFO - Setting next_dagrun for example_weekday_branch_operator to 2026-04-27 00:00:00+00:00, run_after=2026-04-28 00:00:00+00:00
[2026-04-28T12:45:57.987+0000] {processor.py:183} INFO - Processing /home/airflow/.local/lib/python3.8/site-packages/airflow/example_dags/example_branch_day_of_week_operator.py took 0.098 seconds
[2026-04-28T12:46:28.841+0000] {processor.py:161} INFO - Started process (PID=3855) to work on /home/airflow/.local/lib/python3.8/site-packages/airflow/example_dags/example_branch_day_of_week_operator.py
[2026-04-28T12:46:28.842+0000] {processor.py:830} INFO - Processing file /home/airflow/.local/lib/python3.8/site-packages/airflow/example_dags/example_branch_day_of_week_operator.py for tasks to queue
[2026-04-28T12:46:28.846+0000] {logging_mixin.py:188} INFO - [2026-04-28T12:46:28.845+0000] {dagbag.py:540} INFO - Filling up the DagBag from /home/airflow/.local/lib/python3.8/site-packages/airflow/example_dags/example_branch_day_of_week_operator.py
[2026-04-28T12:46:28.860+0000] {processor.py:840} INFO - DAG(s) 'example_weekday_branch_operator' retrieved from /home/airflow/.local/lib/python3.8/site-packages/airflow/example_dags/example_branch_day_of_week_operator.py
[2026-04-28T12:46:28.884+0000] {logging_mixin.py:188} INFO - [2026-04-28T12:46:28.883+0000] {dag.py:3047} INFO - Sync 1 DAGs
[2026-04-28T12:46:28.909+0000] {logging_mixin.py:188} INFO - [2026-04-28T12:46:28.909+0000] {dag.py:3834} INFO - Setting next_dagrun for example_weekday_branch_operator to 2026-04-27 00:00:00+00:00, run_after=2026-04-28 00:00:00+00:00
[2026-04-28T12:46:28.926+0000] {processor.py:183} INFO - Processing /home/airflow/.local/lib/python3.8/site-packages/airflow/example_dags/example_branch_day_of_week_operator.py took 0.093 seconds
[2026-04-28T12:46:59.190+0000] {processor.py:161} INFO - Started process (PID=3911) to work on /home/airflow/.local/lib/python3.8/site-packages/airflow/example_dags/example_branch_day_of_week_operator.py
[2026-04-28T12:46:59.191+0000] {processor.py:830} INFO - Processing file /home/airflow/.local/lib/python3.8/site-packages/airflow/example_dags/example_branch_day_of_week_operator.py for tasks to queue
[2026-04-28T12:46:59.193+0000] {logging_mixin.py:188} INFO - [2026-04-28T12:46:59.193+0000] {dagbag.py:540} INFO - Filling up the DagBag from /home/airflow/.local/lib/python3.8/site-packages/airflow/example_dags/example_branch_day_of_week_operator.py
[2026-04-28T12:46:59.203+0000] {processor.py:840} INFO - DAG(s) 'example_weekday_branch_operator' retrieved from /home/airflow/.local/lib/python3.8/site-packages/airflow/example_dags/example_branch_day_of_week_operator.py
[2026-04-28T12:46:59.227+0000] {logging_mixin.py:188} INFO - [2026-04-28T12:46:59.227+0000] {dag.py:3047} INFO - Sync 1 DAGs
[2026-04-28T12:46:59.253+0000] {logging_mixin.py:188} INFO - [2026-04-28T12:46:59.253+0000] {dag.py:3834} INFO - Setting next_dagrun for example_weekday_branch_operator to 2026-04-27 00:00:00+00:00, run_after=2026-04-28 00:00:00+00:00
[2026-04-28T12:46:59.271+0000] {processor.py:183} INFO - Processing /home/airflow/.local/lib/python3.8/site-packages/airflow/example_dags/example_branch_day_of_week_operator.py took 0.086 seconds
[2026-04-28T12:47:30.070+0000] {processor.py:161} INFO - Started process (PID=3967) to work on /home/airflow/.local/lib/python3.8/site-packages/airflow/example_dags/example_branch_day_of_week_operator.py
[2026-04-28T12:47:30.071+0000] {processor.py:830} INFO - Processing file /home/airflow/.local/lib/python3.8/site-packages/airflow/example_dags/example_branch_day_of_week_operator.py for tasks to queue
[2026-04-28T12:47:30.073+0000] {logging_mixin.py:188} INFO - [2026-04-28T12:47:30.073+0000] {dagbag.py:540} INFO - Filling up the DagBag from /home/airflow/.local/lib/python3.8/site-packages/airflow/example_dags/example_branch_day_of_week_operator.py
[2026-04-28T12:47:30.083+0000] {processor.py:840} INFO - DAG(s) 'example_weekday_branch_operator' retrieved from /home/airflow/.local/lib/python3.8/site-packages/airflow/example_dags/example_branch_day_of_week_operator.py
[2026-04-28T12:47:30.106+0000] {logging_mixin.py:188} INFO - [2026-04-28T12:47:30.106+0000] {dag.py:3047} INFO - Sync 1 DAGs
[2026-04-28T12:47:30.132+0000] {logging_mixin.py:188} INFO - [2026-04-28T12:47:30.132+0000] {dag.py:3834} INFO - Setting next_dagrun for example_weekday_branch_operator to 2026-04-27 00:00:00+00:00, run_after=2026-04-28 00:00:00+00:00
[2026-04-28T12:47:30.149+0000] {processor.py:183} INFO - Processing /home/airflow/.local/lib/python3.8/site-packages/airflow/example_dags/example_branch_day_of_week_operator.py took 0.083 seconds
[2026-04-28T12:48:00.412+0000] {processor.py:161} INFO - Started process (PID=4023) to work on /home/airflow/.local/lib/python3.8/site-packages/airflow/example_dags/example_branch_day_of_week_operator.py
[2026-04-28T12:48:00.413+0000] {processor.py:830} INFO - Processing file /home/airflow/.local/lib/python3.8/site-packages/airflow/example_dags/example_branch_day_of_week_operator.py for tasks to queue
[2026-04-28T12:48:00.415+0000] {logging_mixin.py:188} INFO - [2026-04-28T12:48:00.415+0000] {dagbag.py:540} INFO - Filling up the DagBag from /home/airflow/.local/lib/python3.8/site-packages/airflow/example_dags/example_branch_day_of_week_operator.py
[2026-04-28T12:48:00.425+0000] {processor.py:840} INFO - DAG(s) 'example_weekday_branch_operator' retrieved from /home/airflow/.local/lib/python3.8/site-packages/airflow/example_dags/example_branch_day_of_week_operator.py
[2026-04-28T12:48:00.448+0000] {logging_mixin.py:188} INFO - [2026-04-28T12:48:00.448+0000] {dag.py:3047} INFO - Sync 1 DAGs
[2026-04-28T12:48:00.475+0000] {logging_mixin.py:188} INFO - [2026-04-28T12:48:00.475+0000] {dag.py:3834} INFO - Setting next_dagrun for example_weekday_branch_operator to 2026-04-27 00:00:00+00:00, run_after=2026-04-28 00:00:00+00:00
[2026-04-28T12:48:00.492+0000] {processor.py:183} INFO - Processing /home/airflow/.local/lib/python3.8/site-packages/airflow/example_dags/example_branch_day_of_week_operator.py took 0.083 seconds
[2026-04-28T12:48:31.336+0000] {processor.py:161} INFO - Started process (PID=4079) to work on /home/airflow/.local/lib/python3.8/site-packages/airflow/example_dags/example_branch_day_of_week_operator.py
[2026-04-28T12:48:31.337+0000] {processor.py:830} INFO - Processing file /home/airflow/.local/lib/python3.8/site-packages/airflow/example_dags/example_branch_day_of_week_operator.py for tasks to queue
[2026-04-28T12:48:31.339+0000] {logging_mixin.py:188} INFO - [2026-04-28T12:48:31.339+0000] {dagbag.py:540} INFO - Filling up the DagBag from /home/airflow/.local/lib/python3.8/site-packages/airflow/example_dags/example_branch_day_of_week_operator.py
[2026-04-28T12:48:31.351+0000] {processor.py:840} INFO - DAG(s) 'example_weekday_branch_operator' retrieved from /home/airflow/.local/lib/python3.8/site-packages/airflow/example_dags/example_branch_day_of_week_operator.py
[2026-04-28T12:48:31.382+0000] {logging_mixin.py:188} INFO - [2026-04-28T12:48:31.381+0000] {dag.py:3047} INFO - Sync 1 DAGs
[2026-04-28T12:48:31.414+0000] {logging_mixin.py:188} INFO - [2026-04-28T12:48:31.413+0000] {dag.py:3834} INFO - Setting next_dagrun for example_weekday_branch_operator to 2026-04-27 00:00:00+00:00, run_after=2026-04-28 00:00:00+00:00
[2026-04-28T12:48:31.432+0000] {processor.py:183} INFO - Processing /home/airflow/.local/lib/python3.8/site-packages/airflow/example_dags/example_branch_day_of_week_operator.py took 0.099 seconds
[2026-04-28T12:49:01.624+0000] {processor.py:161} INFO - Started process (PID=4135) to work on /home/airflow/.local/lib/python3.8/site-packages/airflow/example_dags/example_branch_day_of_week_operator.py
[2026-04-28T12:49:01.626+0000] {processor.py:830} INFO - Processing file /home/airflow/.local/lib/python3.8/site-packages/airflow/example_dags/example_branch_day_of_week_operator.py for tasks to queue
[2026-04-28T12:49:01.628+0000] {logging_mixin.py:188} INFO - [2026-04-28T12:49:01.628+0000] {dagbag.py:540} INFO - Filling up the DagBag from /home/airflow/.local/lib/python3.8/site-packages/airflow/example_dags/example_branch_day_of_week_operator.py
[2026-04-28T12:49:01.637+0000] {processor.py:840} INFO - DAG(s) 'example_weekday_branch_operator' retrieved from /home/airflow/.local/lib/python3.8/site-packages/airflow/example_dags/example_branch_day_of_week_operator.py
[2026-04-28T12:49:01.661+0000] {logging_mixin.py:188} INFO - [2026-04-28T12:49:01.661+0000] {dag.py:3047} INFO - Sync 1 DAGs
[2026-04-28T12:49:01.688+0000] {logging_mixin.py:188} INFO - [2026-04-28T12:49:01.688+0000] {dag.py:3834} INFO - Setting next_dagrun for example_weekday_branch_operator to 2026-04-27 00:00:00+00:00, run_after=2026-04-28 00:00:00+00:00
[2026-04-28T12:49:01.705+0000] {processor.py:183} INFO - Processing /home/airflow/.local/lib/python3.8/site-packages/airflow/example_dags/example_branch_day_of_week_operator.py took 0.085 seconds
[2026-04-28T12:49:32.217+0000] {processor.py:161} INFO - Started process (PID=4191) to work on /home/airflow/.local/lib/python3.8/site-packages/airflow/example_dags/example_branch_day_of_week_operator.py
[2026-04-28T12:49:32.218+0000] {processor.py:830} INFO - Processing file /home/airflow/.local/lib/python3.8/site-packages/airflow/example_dags/example_branch_day_of_week_operator.py for tasks to queue
[2026-04-28T12:49:32.221+0000] {logging_mixin.py:188} INFO - [2026-04-28T12:49:32.220+0000] {dagbag.py:540} INFO - Filling up the DagBag from /home/airflow/.local/lib/python3.8/site-packages/airflow/example_dags/example_branch_day_of_week_operator.py
[2026-04-28T12:49:32.230+0000] {processor.py:840} INFO - DAG(s) 'example_weekday_branch_operator' retrieved from /home/airflow/.local/lib/python3.8/site-packages/airflow/example_dags/example_branch_day_of_week_operator.py
[2026-04-28T12:49:32.256+0000] {logging_mixin.py:188} INFO - [2026-04-28T12:49:32.256+0000] {dag.py:3047} INFO - Sync 1 DAGs
[2026-04-28T12:49:32.294+0000] {logging_mixin.py:188} INFO - [2026-04-28T12:49:32.294+0000] {dag.py:3834} INFO - Setting next_dagrun for example_weekday_branch_operator to 2026-04-27 00:00:00+00:00, run_after=2026-04-28 00:00:00+00:00
[2026-04-28T12:49:32.318+0000] {processor.py:183} INFO - Processing /home/airflow/.local/lib/python3.8/site-packages/airflow/example_dags/example_branch_day_of_week_operator.py took 0.104 seconds
[2026-04-28T12:50:02.668+0000] {processor.py:161} INFO - Started process (PID=4247) to work on /home/airflow/.local/lib/python3.8/site-packages/airflow/example_dags/example_branch_day_of_week_operator.py
[2026-04-28T12:50:02.668+0000] {processor.py:830} INFO - Processing file /home/airflow/.local/lib/python3.8/site-packages/airflow/example_dags/example_branch_day_of_week_operator.py for tasks to queue
[2026-04-28T12:50:02.670+0000] {logging_mixin.py:188} INFO - [2026-04-28T12:50:02.670+0000] {dagbag.py:540} INFO - Filling up the DagBag from /home/airflow/.local/lib/python3.8/site-packages/airflow/example_dags/example_branch_day_of_week_operator.py
[2026-04-28T12:50:02.677+0000] {processor.py:840} INFO - DAG(s) 'example_weekday_branch_operator' retrieved from /home/airflow/.local/lib/python3.8/site-packages/airflow/example_dags/example_branch_day_of_week_operator.py
[2026-04-28T12:50:02.694+0000] {logging_mixin.py:188} INFO - [2026-04-28T12:50:02.693+0000] {dag.py:3047} INFO - Sync 1 DAGs
[2026-04-28T12:50:02.711+0000] {logging_mixin.py:188} INFO - [2026-04-28T12:50:02.711+0000] {dag.py:3834} INFO - Setting next_dagrun for example_weekday_branch_operator to 2026-04-27 00:00:00+00:00, run_after=2026-04-28 00:00:00+00:00
[2026-04-28T12:50:02.725+0000] {processor.py:183} INFO - Processing /home/airflow/.local/lib/python3.8/site-packages/airflow/example_dags/example_branch_day_of_week_operator.py took 0.060 seconds
[2026-04-28T12:50:33.597+0000] {processor.py:161} INFO - Started process (PID=4303) to work on /home/airflow/.local/lib/python3.8/site-packages/airflow/example_dags/example_branch_day_of_week_operator.py
[2026-04-28T12:50:33.598+0000] {processor.py:830} INFO - Processing file /home/airflow/.local/lib/python3.8/site-packages/airflow/example_dags/example_branch_day_of_week_operator.py for tasks to queue
[2026-04-28T12:50:33.599+0000] {logging_mixin.py:188} INFO - [2026-04-28T12:50:33.599+0000] {dagbag.py:540} INFO - Filling up the DagBag from /home/airflow/.local/lib/python3.8/site-packages/airflow/example_dags/example_branch_day_of_week_operator.py
[2026-04-28T12:50:33.606+0000] {processor.py:840} INFO - DAG(s) 'example_weekday_branch_operator' retrieved from /home/airflow/.local/lib/python3.8/site-packages/airflow/example_dags/example_branch_day_of_week_operator.py
[2026-04-28T12:50:33.632+0000] {logging_mixin.py:188} INFO - [2026-04-28T12:50:33.632+0000] {dag.py:3047} INFO - Sync 1 DAGs
[2026-04-28T12:50:33.659+0000] {logging_mixin.py:188} INFO - [2026-04-28T12:50:33.659+0000] {dag.py:3834} INFO - Setting next_dagrun for example_weekday_branch_operator to 2026-04-27 00:00:00+00:00, run_after=2026-04-28 00:00:00+00:00
[2026-04-28T12:50:33.672+0000] {processor.py:183} INFO - Processing /home/airflow/.local/lib/python3.8/site-packages/airflow/example_dags/example_branch_day_of_week_operator.py took 0.078 seconds
[2026-04-28T12:51:03.802+0000] {processor.py:161} INFO - Started process (PID=4359) to work on /home/airflow/.local/lib/python3.8/site-packages/airflow/example_dags/example_branch_day_of_week_operator.py
[2026-04-28T12:51:03.803+0000] {processor.py:830} INFO - Processing file /home/airflow/.local/lib/python3.8/site-packages/airflow/example_dags/example_branch_day_of_week_operator.py for tasks to queue
[2026-04-28T12:51:03.805+0000] {logging_mixin.py:188} INFO - [2026-04-28T12:51:03.804+0000] {dagbag.py:540} INFO - Filling up the DagBag from /home/airflow/.local/lib/python3.8/site-packages/airflow/example_dags/example_branch_day_of_week_operator.py
[2026-04-28T12:51:03.814+0000] {processor.py:840} INFO - DAG(s) 'example_weekday_branch_operator' retrieved from /home/airflow/.local/lib/python3.8/site-packages/airflow/example_dags/example_branch_day_of_week_operator.py
[2026-04-28T12:51:03.838+0000] {logging_mixin.py:188} INFO - [2026-04-28T12:51:03.838+0000] {dag.py:3047} INFO - Sync 1 DAGs
[2026-04-28T12:51:03.871+0000] {logging_mixin.py:188} INFO - [2026-04-28T12:51:03.871+0000] {dag.py:3834} INFO - Setting next_dagrun for example_weekday_branch_operator to 2026-04-27 00:00:00+00:00, run_after=2026-04-28 00:00:00+00:00
[2026-04-28T12:51:03.918+0000] {processor.py:183} INFO - Processing /home/airflow/.local/lib/python3.8/site-packages/airflow/example_dags/example_branch_day_of_week_operator.py took 0.120 seconds
[2026-04-28T12:51:34.763+0000] {processor.py:161} INFO - Started process (PID=4415) to work on /home/airflow/.local/lib/python3.8/site-packages/airflow/example_dags/example_branch_day_of_week_operator.py
[2026-04-28T12:51:34.764+0000] {processor.py:830} INFO - Processing file /home/airflow/.local/lib/python3.8/site-packages/airflow/example_dags/example_branch_day_of_week_operator.py for tasks to queue
[2026-04-28T12:51:34.766+0000] {logging_mixin.py:188} INFO - [2026-04-28T12:51:34.766+0000] {dagbag.py:540} INFO - Filling up the DagBag from /home/airflow/.local/lib/python3.8/site-packages/airflow/example_dags/example_branch_day_of_week_operator.py
[2026-04-28T12:51:34.775+0000] {processor.py:840} INFO - DAG(s) 'example_weekday_branch_operator' retrieved from /home/airflow/.local/lib/python3.8/site-packages/airflow/example_dags/example_branch_day_of_week_operator.py
[2026-04-28T12:51:34.795+0000] {logging_mixin.py:188} INFO - [2026-04-28T12:51:34.795+0000] {dag.py:3047} INFO - Sync 1 DAGs
[2026-04-28T12:51:34.815+0000] {logging_mixin.py:188} INFO - [2026-04-28T12:51:34.815+0000] {dag.py:3834} INFO - Setting next_dagrun for example_weekday_branch_operator to 2026-04-27 00:00:00+00:00, run_after=2026-04-28 00:00:00+00:00
[2026-04-28T12:51:34.828+0000] {processor.py:183} INFO - Processing /home/airflow/.local/lib/python3.8/site-packages/airflow/example_dags/example_branch_day_of_week_operator.py took 0.068 seconds
[2026-04-28T12:52:05.569+0000] {processor.py:161} INFO - Started process (PID=4471) to work on /home/airflow/.local/lib/python3.8/site-packages/airflow/example_dags/example_branch_day_of_week_operator.py
[2026-04-28T12:52:05.570+0000] {processor.py:830} INFO - Processing file /home/airflow/.local/lib/python3.8/site-packages/airflow/example_dags/example_branch_day_of_week_operator.py for tasks to queue
[2026-04-28T12:52:05.573+0000] {logging_mixin.py:188} INFO - [2026-04-28T12:52:05.572+0000] {dagbag.py:540} INFO - Filling up the DagBag from /home/airflow/.local/lib/python3.8/site-packages/airflow/example_dags/example_branch_day_of_week_operator.py
[2026-04-28T12:52:05.582+0000] {processor.py:840} INFO - DAG(s) 'example_weekday_branch_operator' retrieved from /home/airflow/.local/lib/python3.8/site-packages/airflow/example_dags/example_branch_day_of_week_operator.py
[2026-04-28T12:52:05.622+0000] {logging_mixin.py:188} INFO - [2026-04-28T12:52:05.622+0000] {dag.py:3047} INFO - Sync 1 DAGs
[2026-04-28T12:52:05.660+0000] {logging_mixin.py:188} INFO - [2026-04-28T12:52:05.659+0000] {dag.py:3834} INFO - Setting next_dagrun for example_weekday_branch_operator to 2026-04-27 00:00:00+00:00, run_after=2026-04-28 00:00:00+00:00
[2026-04-28T12:52:05.715+0000] {processor.py:183} INFO - Processing /home/airflow/.local/lib/python3.8/site-packages/airflow/example_dags/example_branch_day_of_week_operator.py took 0.150 seconds
[2026-04-28T12:52:36.526+0000] {processor.py:161} INFO - Started process (PID=4533) to work on /home/airflow/.local/lib/python3.8/site-packages/airflow/example_dags/example_branch_day_of_week_operator.py
[2026-04-28T12:52:36.527+0000] {processor.py:830} INFO - Processing file /home/airflow/.local/lib/python3.8/site-packages/airflow/example_dags/example_branch_day_of_week_operator.py for tasks to queue
[2026-04-28T12:52:36.530+0000] {logging_mixin.py:188} INFO - [2026-04-28T12:52:36.529+0000] {dagbag.py:540} INFO - Filling up the DagBag from /home/airflow/.local/lib/python3.8/site-packages/airflow/example_dags/example_branch_day_of_week_operator.py
[2026-04-28T12:52:36.539+0000] {processor.py:840} INFO - DAG(s) 'example_weekday_branch_operator' retrieved from /home/airflow/.local/lib/python3.8/site-packages/airflow/example_dags/example_branch_day_of_week_operator.py
[2026-04-28T12:52:36.563+0000] {logging_mixin.py:188} INFO - [2026-04-28T12:52:36.562+0000] {dag.py:3047} INFO - Sync 1 DAGs
[2026-04-28T12:52:36.589+0000] {logging_mixin.py:188} INFO - [2026-04-28T12:52:36.588+0000] {dag.py:3834} INFO - Setting next_dagrun for example_weekday_branch_operator to 2026-04-27 00:00:00+00:00, run_after=2026-04-28 00:00:00+00:00
[2026-04-28T12:52:36.606+0000] {processor.py:183} INFO - Processing /home/airflow/.local/lib/python3.8/site-packages/airflow/example_dags/example_branch_day_of_week_operator.py took 0.083 seconds
[2026-04-28T12:53:07.575+0000] {processor.py:161} INFO - Started process (PID=4589) to work on /home/airflow/.local/lib/python3.8/site-packages/airflow/example_dags/example_branch_day_of_week_operator.py
[2026-04-28T12:53:07.576+0000] {processor.py:830} INFO - Processing file /home/airflow/.local/lib/python3.8/site-packages/airflow/example_dags/example_branch_day_of_week_operator.py for tasks to queue
[2026-04-28T12:53:07.578+0000] {logging_mixin.py:188} INFO - [2026-04-28T12:53:07.578+0000] {dagbag.py:540} INFO - Filling up the DagBag from /home/airflow/.local/lib/python3.8/site-packages/airflow/example_dags/example_branch_day_of_week_operator.py
[2026-04-28T12:53:07.587+0000] {processor.py:840} INFO - DAG(s) 'example_weekday_branch_operator' retrieved from /home/airflow/.local/lib/python3.8/site-packages/airflow/example_dags/example_branch_day_of_week_operator.py
[2026-04-28T12:53:07.609+0000] {logging_mixin.py:188} INFO - [2026-04-28T12:53:07.609+0000] {dag.py:3047} INFO - Sync 1 DAGs
[2026-04-28T12:53:07.636+0000] {logging_mixin.py:188} INFO - [2026-04-28T12:53:07.636+0000] {dag.py:3834} INFO - Setting next_dagrun for example_weekday_branch_operator to 2026-04-27 00:00:00+00:00, run_after=2026-04-28 00:00:00+00:00
[2026-04-28T12:53:07.653+0000] {processor.py:183} INFO - Processing /home/airflow/.local/lib/python3.8/site-packages/airflow/example_dags/example_branch_day_of_week_operator.py took 0.081 seconds
[2026-04-28T12:53:38.943+0000] {processor.py:161} INFO - Started process (PID=4645) to work on /home/airflow/.local/lib/python3.8/site-packages/airflow/example_dags/example_branch_day_of_week_operator.py
[2026-04-28T12:53:38.944+0000] {processor.py:830} INFO - Processing file /home/airflow/.local/lib/python3.8/site-packages/airflow/example_dags/example_branch_day_of_week_operator.py for tasks to queue
[2026-04-28T12:53:38.946+0000] {logging_mixin.py:188} INFO - [2026-04-28T12:53:38.946+0000] {dagbag.py:540} INFO - Filling up the DagBag from /home/airflow/.local/lib/python3.8/site-packages/airflow/example_dags/example_branch_day_of_week_operator.py
[2026-04-28T12:53:38.959+0000] {processor.py:840} INFO - DAG(s) 'example_weekday_branch_operator' retrieved from /home/airflow/.local/lib/python3.8/site-packages/airflow/example_dags/example_branch_day_of_week_operator.py
[2026-04-28T12:53:38.985+0000] {logging_mixin.py:188} INFO - [2026-04-28T12:53:38.985+0000] {dag.py:3047} INFO - Sync 1 DAGs
[2026-04-28T12:53:39.022+0000] {logging_mixin.py:188} INFO - [2026-04-28T12:53:39.022+0000] {dag.py:3834} INFO - Setting next_dagrun for example_weekday_branch_operator to 2026-04-27 00:00:00+00:00, run_after=2026-04-28 00:00:00+00:00
[2026-04-28T12:53:39.058+0000] {processor.py:183} INFO - Processing /home/airflow/.local/lib/python3.8/site-packages/airflow/example_dags/example_branch_day_of_week_operator.py took 0.120 seconds
[2026-04-28T12:54:09.742+0000] {processor.py:161} INFO - Started process (PID=4701) to work on /home/airflow/.local/lib/python3.8/site-packages/airflow/example_dags/example_branch_day_of_week_operator.py
[2026-04-28T12:54:09.743+0000] {processor.py:830} INFO - Processing file /home/airflow/.local/lib/python3.8/site-packages/airflow/example_dags/example_branch_day_of_week_operator.py for tasks to queue
[2026-04-28T12:54:09.745+0000] {logging_mixin.py:188} INFO - [2026-04-28T12:54:09.745+0000] {dagbag.py:540} INFO - Filling up the DagBag from /home/airflow/.local/lib/python3.8/site-packages/airflow/example_dags/example_branch_day_of_week_operator.py
[2026-04-28T12:54:09.755+0000] {processor.py:840} INFO - DAG(s) 'example_weekday_branch_operator' retrieved from /home/airflow/.local/lib/python3.8/site-packages/airflow/example_dags/example_branch_day_of_week_operator.py
[2026-04-28T12:54:09.777+0000] {logging_mixin.py:188} INFO - [2026-04-28T12:54:09.777+0000] {dag.py:3047} INFO - Sync 1 DAGs
[2026-04-28T12:54:09.803+0000] {logging_mixin.py:188} INFO - [2026-04-28T12:54:09.803+0000] {dag.py:3834} INFO - Setting next_dagrun for example_weekday_branch_operator to 2026-04-27 00:00:00+00:00, run_after=2026-04-28 00:00:00+00:00
[2026-04-28T12:54:09.820+0000] {processor.py:183} INFO - Processing /home/airflow/.local/lib/python3.8/site-packages/airflow/example_dags/example_branch_day_of_week_operator.py took 0.081 seconds
[2026-04-28T12:54:39.937+0000] {processor.py:161} INFO - Started process (PID=4757) to work on /home/airflow/.local/lib/python3.8/site-packages/airflow/example_dags/example_branch_day_of_week_operator.py
[2026-04-28T12:54:39.938+0000] {processor.py:830} INFO - Processing file /home/airflow/.local/lib/python3.8/site-packages/airflow/example_dags/example_branch_day_of_week_operator.py for tasks to queue
[2026-04-28T12:54:39.940+0000] {logging_mixin.py:188} INFO - [2026-04-28T12:54:39.940+0000] {dagbag.py:540} INFO - Filling up the DagBag from /home/airflow/.local/lib/python3.8/site-packages/airflow/example_dags/example_branch_day_of_week_operator.py
[2026-04-28T12:54:39.950+0000] {processor.py:840} INFO - DAG(s) 'example_weekday_branch_operator' retrieved from /home/airflow/.local/lib/python3.8/site-packages/airflow/example_dags/example_branch_day_of_week_operator.py
[2026-04-28T12:54:39.972+0000] {logging_mixin.py:188} INFO - [2026-04-28T12:54:39.972+0000] {dag.py:3047} INFO - Sync 1 DAGs
[2026-04-28T12:54:39.999+0000] {logging_mixin.py:188} INFO - [2026-04-28T12:54:39.999+0000] {dag.py:3834} INFO - Setting next_dagrun for example_weekday_branch_operator to 2026-04-27 00:00:00+00:00, run_after=2026-04-28 00:00:00+00:00
[2026-04-28T12:54:40.016+0000] {processor.py:183} INFO - Processing /home/airflow/.local/lib/python3.8/site-packages/airflow/example_dags/example_branch_day_of_week_operator.py took 0.083 seconds
[2026-04-28T12:55:10.298+0000] {processor.py:161} INFO - Started process (PID=4813) to work on /home/airflow/.local/lib/python3.8/site-packages/airflow/example_dags/example_branch_day_of_week_operator.py
[2026-04-28T12:55:10.299+0000] {processor.py:830} INFO - Processing file /home/airflow/.local/lib/python3.8/site-packages/airflow/example_dags/example_branch_day_of_week_operator.py for tasks to queue
[2026-04-28T12:55:10.301+0000] {logging_mixin.py:188} INFO - [2026-04-28T12:55:10.301+0000] {dagbag.py:540} INFO - Filling up the DagBag from /home/airflow/.local/lib/python3.8/site-packages/airflow/example_dags/example_branch_day_of_week_operator.py
[2026-04-28T12:55:10.311+0000] {processor.py:840} INFO - DAG(s) 'example_weekday_branch_operator' retrieved from /home/airflow/.local/lib/python3.8/site-packages/airflow/example_dags/example_branch_day_of_week_operator.py
[2026-04-28T12:55:10.334+0000] {logging_mixin.py:188} INFO - [2026-04-28T12:55:10.334+0000] {dag.py:3047} INFO - Sync 1 DAGs
[2026-04-28T12:55:10.368+0000] {logging_mixin.py:188} INFO - [2026-04-28T12:55:10.368+0000] {dag.py:3834} INFO - Setting next_dagrun for example_weekday_branch_operator to 2026-04-27 00:00:00+00:00, run_after=2026-04-28 00:00:00+00:00
[2026-04-28T12:55:10.387+0000] {processor.py:183} INFO - Processing /home/airflow/.local/lib/python3.8/site-packages/airflow/example_dags/example_branch_day_of_week_operator.py took 0.093 seconds
[2026-04-28T12:55:41.357+0000] {processor.py:161} INFO - Started process (PID=4870) to work on /home/airflow/.local/lib/python3.8/site-packages/airflow/example_dags/example_branch_day_of_week_operator.py
[2026-04-28T12:55:41.358+0000] {processor.py:830} INFO - Processing file /home/airflow/.local/lib/python3.8/site-packages/airflow/example_dags/example_branch_day_of_week_operator.py for tasks to queue
[2026-04-28T12:55:41.360+0000] {logging_mixin.py:188} INFO - [2026-04-28T12:55:41.359+0000] {dagbag.py:540} INFO - Filling up the DagBag from /home/airflow/.local/lib/python3.8/site-packages/airflow/example_dags/example_branch_day_of_week_operator.py
[2026-04-28T12:55:41.369+0000] {processor.py:840} INFO - DAG(s) 'example_weekday_branch_operator' retrieved from /home/airflow/.local/lib/python3.8/site-packages/airflow/example_dags/example_branch_day_of_week_operator.py
[2026-04-28T12:55:41.398+0000] {logging_mixin.py:188} INFO - [2026-04-28T12:55:41.398+0000] {dag.py:3047} INFO - Sync 1 DAGs
[2026-04-28T12:55:41.425+0000] {logging_mixin.py:188} INFO - [2026-04-28T12:55:41.425+0000] {dag.py:3834} INFO - Setting next_dagrun for example_weekday_branch_operator to 2026-04-27 00:00:00+00:00, run_after=2026-04-28 00:00:00+00:00
[2026-04-28T12:55:41.446+0000] {processor.py:183} INFO - Processing /home/airflow/.local/lib/python3.8/site-packages/airflow/example_dags/example_branch_day_of_week_operator.py took 0.094 seconds
[2026-04-28T12:56:11.536+0000] {processor.py:161} INFO - Started process (PID=4925) to work on /home/airflow/.local/lib/python3.8/site-packages/airflow/example_dags/example_branch_day_of_week_operator.py
[2026-04-28T12:56:11.537+0000] {processor.py:830} INFO - Processing file /home/airflow/.local/lib/python3.8/site-packages/airflow/example_dags/example_branch_day_of_week_operator.py for tasks to queue
[2026-04-28T12:56:11.539+0000] {logging_mixin.py:188} INFO - [2026-04-28T12:56:11.539+0000] {dagbag.py:540} INFO - Filling up the DagBag from /home/airflow/.local/lib/python3.8/site-packages/airflow/example_dags/example_branch_day_of_week_operator.py
[2026-04-28T12:56:11.549+0000] {processor.py:840} INFO - DAG(s) 'example_weekday_branch_operator' retrieved from /home/airflow/.local/lib/python3.8/site-packages/airflow/example_dags/example_branch_day_of_week_operator.py
[2026-04-28T12:56:11.573+0000] {logging_mixin.py:188} INFO - [2026-04-28T12:56:11.573+0000] {dag.py:3047} INFO - Sync 1 DAGs
[2026-04-28T12:56:11.599+0000] {logging_mixin.py:188} INFO - [2026-04-28T12:56:11.598+0000] {dag.py:3834} INFO - Setting next_dagrun for example_weekday_branch_operator to 2026-04-27 00:00:00+00:00, run_after=2026-04-28 00:00:00+00:00
[2026-04-28T12:56:11.638+0000] {processor.py:183} INFO - Processing /home/airflow/.local/lib/python3.8/site-packages/airflow/example_dags/example_branch_day_of_week_operator.py took 0.105 seconds
[2026-04-28T12:56:41.887+0000] {processor.py:161} INFO - Started process (PID=4981) to work on /home/airflow/.local/lib/python3.8/site-packages/airflow/example_dags/example_branch_day_of_week_operator.py
[2026-04-28T12:56:41.890+0000] {processor.py:830} INFO - Processing file /home/airflow/.local/lib/python3.8/site-packages/airflow/example_dags/example_branch_day_of_week_operator.py for tasks to queue
[2026-04-28T12:56:41.896+0000] {logging_mixin.py:188} INFO - [2026-04-28T12:56:41.896+0000] {dagbag.py:540} INFO - Filling up the DagBag from /home/airflow/.local/lib/python3.8/site-packages/airflow/example_dags/example_branch_day_of_week_operator.py
[2026-04-28T12:56:41.917+0000] {processor.py:840} INFO - DAG(s) 'example_weekday_branch_operator' retrieved from /home/airflow/.local/lib/python3.8/site-packages/airflow/example_dags/example_branch_day_of_week_operator.py
[2026-04-28T12:56:41.958+0000] {logging_mixin.py:188} INFO - [2026-04-28T12:56:41.957+0000] {dag.py:3047} INFO - Sync 1 DAGs
[2026-04-28T12:56:41.993+0000] {logging_mixin.py:188} INFO - [2026-04-28T12:56:41.993+0000] {dag.py:3834} INFO - Setting next_dagrun for example_weekday_branch_operator to 2026-04-27 00:00:00+00:00, run_after=2026-04-28 00:00:00+00:00
[2026-04-28T12:56:42.010+0000] {processor.py:183} INFO - Processing /home/airflow/.local/lib/python3.8/site-packages/airflow/example_dags/example_branch_day_of_week_operator.py took 0.134 seconds
[2026-04-28T12:57:12.904+0000] {processor.py:161} INFO - Started process (PID=5037) to work on /home/airflow/.local/lib/python3.8/site-packages/airflow/example_dags/example_branch_day_of_week_operator.py
[2026-04-28T12:57:12.909+0000] {processor.py:830} INFO - Processing file /home/airflow/.local/lib/python3.8/site-packages/airflow/example_dags/example_branch_day_of_week_operator.py for tasks to queue
[2026-04-28T12:57:12.911+0000] {logging_mixin.py:188} INFO - [2026-04-28T12:57:12.910+0000] {dagbag.py:540} INFO - Filling up the DagBag from /home/airflow/.local/lib/python3.8/site-packages/airflow/example_dags/example_branch_day_of_week_operator.py
[2026-04-28T12:57:12.924+0000] {processor.py:840} INFO - DAG(s) 'example_weekday_branch_operator' retrieved from /home/airflow/.local/lib/python3.8/site-packages/airflow/example_dags/example_branch_day_of_week_operator.py
[2026-04-28T12:57:12.972+0000] {logging_mixin.py:188} INFO - [2026-04-28T12:57:12.971+0000] {dag.py:3047} INFO - Sync 1 DAGs
[2026-04-28T12:57:13.015+0000] {logging_mixin.py:188} INFO - [2026-04-28T12:57:13.015+0000] {dag.py:3834} INFO - Setting next_dagrun for example_weekday_branch_operator to 2026-04-27 00:00:00+00:00, run_after=2026-04-28 00:00:00+00:00
[2026-04-28T12:57:13.052+0000] {processor.py:183} INFO - Processing /home/airflow/.local/lib/python3.8/site-packages/airflow/example_dags/example_branch_day_of_week_operator.py took 0.155 seconds
[2026-04-28T12:57:43.682+0000] {processor.py:161} INFO - Started process (PID=5093) to work on /home/airflow/.local/lib/python3.8/site-packages/airflow/example_dags/example_branch_day_of_week_operator.py
[2026-04-28T12:57:43.685+0000] {processor.py:830} INFO - Processing file /home/airflow/.local/lib/python3.8/site-packages/airflow/example_dags/example_branch_day_of_week_operator.py for tasks to queue
[2026-04-28T12:57:43.689+0000] {logging_mixin.py:188} INFO - [2026-04-28T12:57:43.688+0000] {dagbag.py:540} INFO - Filling up the DagBag from /home/airflow/.local/lib/python3.8/site-packages/airflow/example_dags/example_branch_day_of_week_operator.py
[2026-04-28T12:57:43.703+0000] {processor.py:840} INFO - DAG(s) 'example_weekday_branch_operator' retrieved from /home/airflow/.local/lib/python3.8/site-packages/airflow/example_dags/example_branch_day_of_week_operator.py
[2026-04-28T12:57:43.744+0000] {logging_mixin.py:188} INFO - [2026-04-28T12:57:43.743+0000] {dag.py:3047} INFO - Sync 1 DAGs
[2026-04-28T12:57:43.791+0000] {logging_mixin.py:188} INFO - [2026-04-28T12:57:43.791+0000] {dag.py:3834} INFO - Setting next_dagrun for example_weekday_branch_operator to 2026-04-27 00:00:00+00:00, run_after=2026-04-28 00:00:00+00:00
[2026-04-28T12:57:43.829+0000] {processor.py:183} INFO - Processing /home/airflow/.local/lib/python3.8/site-packages/airflow/example_dags/example_branch_day_of_week_operator.py took 0.157 seconds
[2026-04-28T12:58:13.933+0000] {processor.py:161} INFO - Started process (PID=5148) to work on /home/airflow/.local/lib/python3.8/site-packages/airflow/example_dags/example_branch_day_of_week_operator.py
[2026-04-28T12:58:13.934+0000] {processor.py:830} INFO - Processing file /home/airflow/.local/lib/python3.8/site-packages/airflow/example_dags/example_branch_day_of_week_operator.py for tasks to queue
[2026-04-28T12:58:13.935+0000] {logging_mixin.py:188} INFO - [2026-04-28T12:58:13.935+0000] {dagbag.py:540} INFO - Filling up the DagBag from /home/airflow/.local/lib/python3.8/site-packages/airflow/example_dags/example_branch_day_of_week_operator.py
[2026-04-28T12:58:13.942+0000] {processor.py:840} INFO - DAG(s) 'example_weekday_branch_operator' retrieved from /home/airflow/.local/lib/python3.8/site-packages/airflow/example_dags/example_branch_day_of_week_operator.py
[2026-04-28T12:58:13.959+0000] {logging_mixin.py:188} INFO - [2026-04-28T12:58:13.959+0000] {dag.py:3047} INFO - Sync 1 DAGs
[2026-04-28T12:58:13.976+0000] {logging_mixin.py:188} INFO - [2026-04-28T12:58:13.976+0000] {dag.py:3834} INFO - Setting next_dagrun for example_weekday_branch_operator to 2026-04-27 00:00:00+00:00, run_after=2026-04-28 00:00:00+00:00
[2026-04-28T12:58:13.988+0000] {processor.py:183} INFO - Processing /home/airflow/.local/lib/python3.8/site-packages/airflow/example_dags/example_branch_day_of_week_operator.py took 0.060 seconds
[2026-04-28T12:58:44.276+0000] {processor.py:161} INFO - Started process (PID=5204) to work on /home/airflow/.local/lib/python3.8/site-packages/airflow/example_dags/example_branch_day_of_week_operator.py
[2026-04-28T12:58:44.277+0000] {processor.py:830} INFO - Processing file /home/airflow/.local/lib/python3.8/site-packages/airflow/example_dags/example_branch_day_of_week_operator.py for tasks to queue
[2026-04-28T12:58:44.279+0000] {logging_mixin.py:188} INFO - [2026-04-28T12:58:44.279+0000] {dagbag.py:540} INFO - Filling up the DagBag from /home/airflow/.local/lib/python3.8/site-packages/airflow/example_dags/example_branch_day_of_week_operator.py
[2026-04-28T12:58:44.289+0000] {processor.py:840} INFO - DAG(s) 'example_weekday_branch_operator' retrieved from /home/airflow/.local/lib/python3.8/site-packages/airflow/example_dags/example_branch_day_of_week_operator.py
[2026-04-28T12:58:44.312+0000] {logging_mixin.py:188} INFO - [2026-04-28T12:58:44.311+0000] {dag.py:3047} INFO - Sync 1 DAGs
[2026-04-28T12:58:44.341+0000] {logging_mixin.py:188} INFO - [2026-04-28T12:58:44.340+0000] {dag.py:3834} INFO - Setting next_dagrun for example_weekday_branch_operator to 2026-04-27 00:00:00+00:00, run_after=2026-04-28 00:00:00+00:00
[2026-04-28T12:58:44.369+0000] {processor.py:183} INFO - Processing /home/airflow/.local/lib/python3.8/site-packages/airflow/example_dags/example_branch_day_of_week_operator.py took 0.097 seconds
[2026-04-28T12:59:15.252+0000] {processor.py:161} INFO - Started process (PID=5260) to work on /home/airflow/.local/lib/python3.8/site-packages/airflow/example_dags/example_branch_day_of_week_operator.py
[2026-04-28T12:59:15.253+0000] {processor.py:830} INFO - Processing file /home/airflow/.local/lib/python3.8/site-packages/airflow/example_dags/example_branch_day_of_week_operator.py for tasks to queue
[2026-04-28T12:59:15.255+0000] {logging_mixin.py:188} INFO - [2026-04-28T12:59:15.255+0000] {dagbag.py:540} INFO - Filling up the DagBag from /home/airflow/.local/lib/python3.8/site-packages/airflow/example_dags/example_branch_day_of_week_operator.py
[2026-04-28T12:59:15.265+0000] {processor.py:840} INFO - DAG(s) 'example_weekday_branch_operator' retrieved from /home/airflow/.local/lib/python3.8/site-packages/airflow/example_dags/example_branch_day_of_week_operator.py
[2026-04-28T12:59:15.289+0000] {logging_mixin.py:188} INFO - [2026-04-28T12:59:15.289+0000] {dag.py:3047} INFO - Sync 1 DAGs
[2026-04-28T12:59:15.312+0000] {logging_mixin.py:188} INFO - [2026-04-28T12:59:15.312+0000] {dag.py:3834} INFO - Setting next_dagrun for example_weekday_branch_operator to 2026-04-27 00:00:00+00:00, run_after=2026-04-28 00:00:00+00:00
[2026-04-28T12:59:15.329+0000] {processor.py:183} INFO - Processing /home/airflow/.local/lib/python3.8/site-packages/airflow/example_dags/example_branch_day_of_week_operator.py took 0.081 seconds
[2026-04-28T12:59:45.748+0000] {processor.py:161} INFO - Started process (PID=5316) to work on /home/airflow/.local/lib/python3.8/site-packages/airflow/example_dags/example_branch_day_of_week_operator.py
[2026-04-28T12:59:45.749+0000] {processor.py:830} INFO - Processing file /home/airflow/.local/lib/python3.8/site-packages/airflow/example_dags/example_branch_day_of_week_operator.py for tasks to queue
[2026-04-28T12:59:45.751+0000] {logging_mixin.py:188} INFO - [2026-04-28T12:59:45.751+0000] {dagbag.py:540} INFO - Filling up the DagBag from /home/airflow/.local/lib/python3.8/site-packages/airflow/example_dags/example_branch_day_of_week_operator.py
[2026-04-28T12:59:45.761+0000] {processor.py:840} INFO - DAG(s) 'example_weekday_branch_operator' retrieved from /home/airflow/.local/lib/python3.8/site-packages/airflow/example_dags/example_branch_day_of_week_operator.py
[2026-04-28T12:59:45.783+0000] {logging_mixin.py:188} INFO - [2026-04-28T12:59:45.782+0000] {dag.py:3047} INFO - Sync 1 DAGs
[2026-04-28T12:59:45.808+0000] {logging_mixin.py:188} INFO - [2026-04-28T12:59:45.808+0000] {dag.py:3834} INFO - Setting next_dagrun for example_weekday_branch_operator to 2026-04-27 00:00:00+00:00, run_after=2026-04-28 00:00:00+00:00
[2026-04-28T12:59:45.825+0000] {processor.py:183} INFO - Processing /home/airflow/.local/lib/python3.8/site-packages/airflow/example_dags/example_branch_day_of_week_operator.py took 0.081 seconds
[2026-04-28T13:00:16.281+0000] {processor.py:161} INFO - Started process (PID=5372) to work on /home/airflow/.local/lib/python3.8/site-packages/airflow/example_dags/example_branch_day_of_week_operator.py
[2026-04-28T13:00:16.282+0000] {processor.py:830} INFO - Processing file /home/airflow/.local/lib/python3.8/site-packages/airflow/example_dags/example_branch_day_of_week_operator.py for tasks to queue
[2026-04-28T13:00:16.284+0000] {logging_mixin.py:188} INFO - [2026-04-28T13:00:16.284+0000] {dagbag.py:540} INFO - Filling up the DagBag from /home/airflow/.local/lib/python3.8/site-packages/airflow/example_dags/example_branch_day_of_week_operator.py
[2026-04-28T13:00:16.294+0000] {processor.py:840} INFO - DAG(s) 'example_weekday_branch_operator' retrieved from /home/airflow/.local/lib/python3.8/site-packages/airflow/example_dags/example_branch_day_of_week_operator.py
[2026-04-28T13:00:16.317+0000] {logging_mixin.py:188} INFO - [2026-04-28T13:00:16.317+0000] {dag.py:3047} INFO - Sync 1 DAGs
[2026-04-28T13:00:16.343+0000] {logging_mixin.py:188} INFO - [2026-04-28T13:00:16.343+0000] {dag.py:3834} INFO - Setting next_dagrun for example_weekday_branch_operator to 2026-04-27 00:00:00+00:00, run_after=2026-04-28 00:00:00+00:00
[2026-04-28T13:00:16.360+0000] {processor.py:183} INFO - Processing /home/airflow/.local/lib/python3.8/site-packages/airflow/example_dags/example_branch_day_of_week_operator.py took 0.083 seconds
[2026-04-28T13:00:47.048+0000] {processor.py:161} INFO - Started process (PID=5427) to work on /home/airflow/.local/lib/python3.8/site-packages/airflow/example_dags/example_branch_day_of_week_operator.py
[2026-04-28T13:00:47.049+0000] {processor.py:830} INFO - Processing file /home/airflow/.local/lib/python3.8/site-packages/airflow/example_dags/example_branch_day_of_week_operator.py for tasks to queue
[2026-04-28T13:00:47.052+0000] {logging_mixin.py:188} INFO - [2026-04-28T13:00:47.051+0000] {dagbag.py:540} INFO - Filling up the DagBag from /home/airflow/.local/lib/python3.8/site-packages/airflow/example_dags/example_branch_day_of_week_operator.py
[2026-04-28T13:00:47.061+0000] {processor.py:840} INFO - DAG(s) 'example_weekday_branch_operator' retrieved from /home/airflow/.local/lib/python3.8/site-packages/airflow/example_dags/example_branch_day_of_week_operator.py
[2026-04-28T13:00:47.084+0000] {logging_mixin.py:188} INFO - [2026-04-28T13:00:47.084+0000] {dag.py:3047} INFO - Sync 1 DAGs
[2026-04-28T13:00:47.108+0000] {logging_mixin.py:188} INFO - [2026-04-28T13:00:47.108+0000] {dag.py:3834} INFO - Setting next_dagrun for example_weekday_branch_operator to 2026-04-27 00:00:00+00:00, run_after=2026-04-28 00:00:00+00:00
[2026-04-28T13:00:47.125+0000] {processor.py:183} INFO - Processing /home/airflow/.local/lib/python3.8/site-packages/airflow/example_dags/example_branch_day_of_week_operator.py took 0.081 seconds
[2026-04-28T13:01:17.261+0000] {processor.py:161} INFO - Started process (PID=5483) to work on /home/airflow/.local/lib/python3.8/site-packages/airflow/example_dags/example_branch_day_of_week_operator.py
[2026-04-28T13:01:17.262+0000] {processor.py:830} INFO - Processing file /home/airflow/.local/lib/python3.8/site-packages/airflow/example_dags/example_branch_day_of_week_operator.py for tasks to queue
[2026-04-28T13:01:17.264+0000] {logging_mixin.py:188} INFO - [2026-04-28T13:01:17.264+0000] {dagbag.py:540} INFO - Filling up the DagBag from /home/airflow/.local/lib/python3.8/site-packages/airflow/example_dags/example_branch_day_of_week_operator.py
[2026-04-28T13:01:17.275+0000] {processor.py:840} INFO - DAG(s) 'example_weekday_branch_operator' retrieved from /home/airflow/.local/lib/python3.8/site-packages/airflow/example_dags/example_branch_day_of_week_operator.py
[2026-04-28T13:01:17.309+0000] {logging_mixin.py:188} INFO - [2026-04-28T13:01:17.309+0000] {dag.py:3047} INFO - Sync 1 DAGs
[2026-04-28T13:01:17.344+0000] {logging_mixin.py:188} INFO - [2026-04-28T13:01:17.343+0000] {dag.py:3834} INFO - Setting next_dagrun for example_weekday_branch_operator to 2026-04-27 00:00:00+00:00, run_after=2026-04-28 00:00:00+00:00
[2026-04-28T13:01:17.361+0000] {processor.py:183} INFO - Processing /home/airflow/.local/lib/python3.8/site-packages/airflow/example_dags/example_branch_day_of_week_operator.py took 0.104 seconds
[2026-04-28T13:01:47.520+0000] {processor.py:161} INFO - Started process (PID=5539) to work on /home/airflow/.local/lib/python3.8/site-packages/airflow/example_dags/example_branch_day_of_week_operator.py
[2026-04-28T13:01:47.521+0000] {processor.py:830} INFO - Processing file /home/airflow/.local/lib/python3.8/site-packages/airflow/example_dags/example_branch_day_of_week_operator.py for tasks to queue
[2026-04-28T13:01:47.523+0000] {logging_mixin.py:188} INFO - [2026-04-28T13:01:47.522+0000] {dagbag.py:540} INFO - Filling up the DagBag from /home/airflow/.local/lib/python3.8/site-packages/airflow/example_dags/example_branch_day_of_week_operator.py
[2026-04-28T13:01:47.532+0000] {processor.py:840} INFO - DAG(s) 'example_weekday_branch_operator' retrieved from /home/airflow/.local/lib/python3.8/site-packages/airflow/example_dags/example_branch_day_of_week_operator.py
[2026-04-28T13:01:47.554+0000] {logging_mixin.py:188} INFO - [2026-04-28T13:01:47.553+0000] {dag.py:3047} INFO - Sync 1 DAGs
[2026-04-28T13:01:47.579+0000] {logging_mixin.py:188} INFO - [2026-04-28T13:01:47.579+0000] {dag.py:3834} INFO - Setting next_dagrun for example_weekday_branch_operator to 2026-04-27 00:00:00+00:00, run_after=2026-04-28 00:00:00+00:00
[2026-04-28T13:01:47.599+0000] {processor.py:183} INFO - Processing /home/airflow/.local/lib/python3.8/site-packages/airflow/example_dags/example_branch_day_of_week_operator.py took 0.084 seconds
[2026-04-28T13:02:17.873+0000] {processor.py:161} INFO - Started process (PID=5595) to work on /home/airflow/.local/lib/python3.8/site-packages/airflow/example_dags/example_branch_day_of_week_operator.py
[2026-04-28T13:02:17.874+0000] {processor.py:830} INFO - Processing file /home/airflow/.local/lib/python3.8/site-packages/airflow/example_dags/example_branch_day_of_week_operator.py for tasks to queue
[2026-04-28T13:02:17.876+0000] {logging_mixin.py:188} INFO - [2026-04-28T13:02:17.875+0000] {dagbag.py:540} INFO - Filling up the DagBag from /home/airflow/.local/lib/python3.8/site-packages/airflow/example_dags/example_branch_day_of_week_operator.py
[2026-04-28T13:02:17.886+0000] {processor.py:840} INFO - DAG(s) 'example_weekday_branch_operator' retrieved from /home/airflow/.local/lib/python3.8/site-packages/airflow/example_dags/example_branch_day_of_week_operator.py
[2026-04-28T13:02:17.909+0000] {logging_mixin.py:188} INFO - [2026-04-28T13:02:17.908+0000] {dag.py:3047} INFO - Sync 1 DAGs
[2026-04-28T13:02:17.933+0000] {logging_mixin.py:188} INFO - [2026-04-28T13:02:17.933+0000] {dag.py:3834} INFO - Setting next_dagrun for example_weekday_branch_operator to 2026-04-27 00:00:00+00:00, run_after=2026-04-28 00:00:00+00:00
[2026-04-28T13:02:17.951+0000] {processor.py:183} INFO - Processing /home/airflow/.local/lib/python3.8/site-packages/airflow/example_dags/example_branch_day_of_week_operator.py took 0.083 seconds
