[2026-04-28T12:12:00.779+0000] {processor.py:161} INFO - Started process (PID=111) to work on /home/airflow/.local/lib/python3.8/site-packages/airflow/example_dags/example_complex.py
[2026-04-28T12:12:00.784+0000] {processor.py:830} INFO - Processing file /home/airflow/.local/lib/python3.8/site-packages/airflow/example_dags/example_complex.py for tasks to queue
[2026-04-28T12:12:00.792+0000] {logging_mixin.py:188} INFO - [2026-04-28T12:12:00.791+0000] {dagbag.py:540} INFO - Filling up the DagBag from /home/airflow/.local/lib/python3.8/site-packages/airflow/example_dags/example_complex.py
[2026-04-28T12:12:00.856+0000] {processor.py:840} INFO - DAG(s) 'example_complex' retrieved from /home/airflow/.local/lib/python3.8/site-packages/airflow/example_dags/example_complex.py
[2026-04-28T12:12:01.331+0000] {logging_mixin.py:188} INFO - [2026-04-28T12:12:01.330+0000] {dag.py:3047} INFO - Sync 1 DAGs
[2026-04-28T12:12:01.347+0000] {logging_mixin.py:188} INFO - [2026-04-28T12:12:01.346+0000] {dag.py:3834} INFO - Setting next_dagrun for example_complex to None, run_after=None
[2026-04-28T12:12:01.439+0000] {processor.py:183} INFO - Processing /home/airflow/.local/lib/python3.8/site-packages/airflow/example_dags/example_complex.py took 0.675 seconds
[2026-04-28T12:12:32.174+0000] {processor.py:161} INFO - Started process (PID=166) to work on /home/airflow/.local/lib/python3.8/site-packages/airflow/example_dags/example_complex.py
[2026-04-28T12:12:32.175+0000] {processor.py:830} INFO - Processing file /home/airflow/.local/lib/python3.8/site-packages/airflow/example_dags/example_complex.py for tasks to queue
[2026-04-28T12:12:32.177+0000] {logging_mixin.py:188} INFO - [2026-04-28T12:12:32.177+0000] {dagbag.py:540} INFO - Filling up the DagBag from /home/airflow/.local/lib/python3.8/site-packages/airflow/example_dags/example_complex.py
[2026-04-28T12:12:32.191+0000] {processor.py:840} INFO - DAG(s) 'example_complex' retrieved from /home/airflow/.local/lib/python3.8/site-packages/airflow/example_dags/example_complex.py
[2026-04-28T12:12:32.227+0000] {logging_mixin.py:188} INFO - [2026-04-28T12:12:32.227+0000] {dag.py:3047} INFO - Sync 1 DAGs
[2026-04-28T12:12:32.241+0000] {logging_mixin.py:188} INFO - [2026-04-28T12:12:32.240+0000] {dag.py:3834} INFO - Setting next_dagrun for example_complex to None, run_after=None
[2026-04-28T12:12:32.259+0000] {processor.py:183} INFO - Processing /home/airflow/.local/lib/python3.8/site-packages/airflow/example_dags/example_complex.py took 0.090 seconds
[2026-04-28T12:13:03.185+0000] {processor.py:161} INFO - Started process (PID=221) to work on /home/airflow/.local/lib/python3.8/site-packages/airflow/example_dags/example_complex.py
[2026-04-28T12:13:03.187+0000] {processor.py:830} INFO - Processing file /home/airflow/.local/lib/python3.8/site-packages/airflow/example_dags/example_complex.py for tasks to queue
[2026-04-28T12:13:03.189+0000] {logging_mixin.py:188} INFO - [2026-04-28T12:13:03.189+0000] {dagbag.py:540} INFO - Filling up the DagBag from /home/airflow/.local/lib/python3.8/site-packages/airflow/example_dags/example_complex.py
[2026-04-28T12:13:03.203+0000] {processor.py:840} INFO - DAG(s) 'example_complex' retrieved from /home/airflow/.local/lib/python3.8/site-packages/airflow/example_dags/example_complex.py
[2026-04-28T12:13:03.249+0000] {logging_mixin.py:188} INFO - [2026-04-28T12:13:03.249+0000] {dag.py:3047} INFO - Sync 1 DAGs
[2026-04-28T12:13:03.263+0000] {logging_mixin.py:188} INFO - [2026-04-28T12:13:03.263+0000] {dag.py:3834} INFO - Setting next_dagrun for example_complex to None, run_after=None
[2026-04-28T12:13:03.279+0000] {processor.py:183} INFO - Processing /home/airflow/.local/lib/python3.8/site-packages/airflow/example_dags/example_complex.py took 0.100 seconds
[2026-04-28T12:13:33.674+0000] {processor.py:161} INFO - Started process (PID=276) to work on /home/airflow/.local/lib/python3.8/site-packages/airflow/example_dags/example_complex.py
[2026-04-28T12:13:33.675+0000] {processor.py:830} INFO - Processing file /home/airflow/.local/lib/python3.8/site-packages/airflow/example_dags/example_complex.py for tasks to queue
[2026-04-28T12:13:33.677+0000] {logging_mixin.py:188} INFO - [2026-04-28T12:13:33.677+0000] {dagbag.py:540} INFO - Filling up the DagBag from /home/airflow/.local/lib/python3.8/site-packages/airflow/example_dags/example_complex.py
[2026-04-28T12:13:33.692+0000] {processor.py:840} INFO - DAG(s) 'example_complex' retrieved from /home/airflow/.local/lib/python3.8/site-packages/airflow/example_dags/example_complex.py
[2026-04-28T12:13:33.730+0000] {logging_mixin.py:188} INFO - [2026-04-28T12:13:33.730+0000] {dag.py:3047} INFO - Sync 1 DAGs
[2026-04-28T12:13:33.744+0000] {logging_mixin.py:188} INFO - [2026-04-28T12:13:33.744+0000] {dag.py:3834} INFO - Setting next_dagrun for example_complex to None, run_after=None
[2026-04-28T12:13:33.760+0000] {processor.py:183} INFO - Processing /home/airflow/.local/lib/python3.8/site-packages/airflow/example_dags/example_complex.py took 0.091 seconds
[2026-04-28T12:14:04.249+0000] {processor.py:161} INFO - Started process (PID=331) to work on /home/airflow/.local/lib/python3.8/site-packages/airflow/example_dags/example_complex.py
[2026-04-28T12:14:04.250+0000] {processor.py:830} INFO - Processing file /home/airflow/.local/lib/python3.8/site-packages/airflow/example_dags/example_complex.py for tasks to queue
[2026-04-28T12:14:04.252+0000] {logging_mixin.py:188} INFO - [2026-04-28T12:14:04.251+0000] {dagbag.py:540} INFO - Filling up the DagBag from /home/airflow/.local/lib/python3.8/site-packages/airflow/example_dags/example_complex.py
[2026-04-28T12:14:04.265+0000] {processor.py:840} INFO - DAG(s) 'example_complex' retrieved from /home/airflow/.local/lib/python3.8/site-packages/airflow/example_dags/example_complex.py
[2026-04-28T12:14:04.300+0000] {logging_mixin.py:188} INFO - [2026-04-28T12:14:04.300+0000] {dag.py:3047} INFO - Sync 1 DAGs
[2026-04-28T12:14:04.314+0000] {logging_mixin.py:188} INFO - [2026-04-28T12:14:04.314+0000] {dag.py:3834} INFO - Setting next_dagrun for example_complex to None, run_after=None
[2026-04-28T12:14:04.330+0000] {processor.py:183} INFO - Processing /home/airflow/.local/lib/python3.8/site-packages/airflow/example_dags/example_complex.py took 0.088 seconds
[2026-04-28T12:14:34.777+0000] {processor.py:161} INFO - Started process (PID=386) to work on /home/airflow/.local/lib/python3.8/site-packages/airflow/example_dags/example_complex.py
[2026-04-28T12:14:34.778+0000] {processor.py:830} INFO - Processing file /home/airflow/.local/lib/python3.8/site-packages/airflow/example_dags/example_complex.py for tasks to queue
[2026-04-28T12:14:34.780+0000] {logging_mixin.py:188} INFO - [2026-04-28T12:14:34.780+0000] {dagbag.py:540} INFO - Filling up the DagBag from /home/airflow/.local/lib/python3.8/site-packages/airflow/example_dags/example_complex.py
[2026-04-28T12:14:34.807+0000] {processor.py:840} INFO - DAG(s) 'example_complex' retrieved from /home/airflow/.local/lib/python3.8/site-packages/airflow/example_dags/example_complex.py
[2026-04-28T12:14:34.842+0000] {logging_mixin.py:188} INFO - [2026-04-28T12:14:34.842+0000] {dag.py:3047} INFO - Sync 1 DAGs
[2026-04-28T12:14:34.857+0000] {logging_mixin.py:188} INFO - [2026-04-28T12:14:34.857+0000] {dag.py:3834} INFO - Setting next_dagrun for example_complex to None, run_after=None
[2026-04-28T12:14:34.876+0000] {processor.py:183} INFO - Processing /home/airflow/.local/lib/python3.8/site-packages/airflow/example_dags/example_complex.py took 0.111 seconds
[2026-04-28T12:15:05.564+0000] {processor.py:161} INFO - Started process (PID=441) to work on /home/airflow/.local/lib/python3.8/site-packages/airflow/example_dags/example_complex.py
[2026-04-28T12:15:05.565+0000] {processor.py:830} INFO - Processing file /home/airflow/.local/lib/python3.8/site-packages/airflow/example_dags/example_complex.py for tasks to queue
[2026-04-28T12:15:05.567+0000] {logging_mixin.py:188} INFO - [2026-04-28T12:15:05.567+0000] {dagbag.py:540} INFO - Filling up the DagBag from /home/airflow/.local/lib/python3.8/site-packages/airflow/example_dags/example_complex.py
[2026-04-28T12:15:05.581+0000] {processor.py:840} INFO - DAG(s) 'example_complex' retrieved from /home/airflow/.local/lib/python3.8/site-packages/airflow/example_dags/example_complex.py
[2026-04-28T12:15:05.617+0000] {logging_mixin.py:188} INFO - [2026-04-28T12:15:05.617+0000] {dag.py:3047} INFO - Sync 1 DAGs
[2026-04-28T12:15:05.630+0000] {logging_mixin.py:188} INFO - [2026-04-28T12:15:05.630+0000] {dag.py:3834} INFO - Setting next_dagrun for example_complex to None, run_after=None
[2026-04-28T12:15:05.655+0000] {processor.py:183} INFO - Processing /home/airflow/.local/lib/python3.8/site-packages/airflow/example_dags/example_complex.py took 0.097 seconds
[2026-04-28T12:15:36.004+0000] {processor.py:161} INFO - Started process (PID=495) to work on /home/airflow/.local/lib/python3.8/site-packages/airflow/example_dags/example_complex.py
[2026-04-28T12:15:36.005+0000] {processor.py:830} INFO - Processing file /home/airflow/.local/lib/python3.8/site-packages/airflow/example_dags/example_complex.py for tasks to queue
[2026-04-28T12:15:36.008+0000] {logging_mixin.py:188} INFO - [2026-04-28T12:15:36.007+0000] {dagbag.py:540} INFO - Filling up the DagBag from /home/airflow/.local/lib/python3.8/site-packages/airflow/example_dags/example_complex.py
[2026-04-28T12:15:36.021+0000] {processor.py:840} INFO - DAG(s) 'example_complex' retrieved from /home/airflow/.local/lib/python3.8/site-packages/airflow/example_dags/example_complex.py
[2026-04-28T12:15:36.057+0000] {logging_mixin.py:188} INFO - [2026-04-28T12:15:36.056+0000] {dag.py:3047} INFO - Sync 1 DAGs
[2026-04-28T12:15:36.071+0000] {logging_mixin.py:188} INFO - [2026-04-28T12:15:36.071+0000] {dag.py:3834} INFO - Setting next_dagrun for example_complex to None, run_after=None
[2026-04-28T12:15:36.092+0000] {processor.py:183} INFO - Processing /home/airflow/.local/lib/python3.8/site-packages/airflow/example_dags/example_complex.py took 0.096 seconds
[2026-04-28T12:16:07.020+0000] {processor.py:161} INFO - Started process (PID=550) to work on /home/airflow/.local/lib/python3.8/site-packages/airflow/example_dags/example_complex.py
[2026-04-28T12:16:07.022+0000] {processor.py:830} INFO - Processing file /home/airflow/.local/lib/python3.8/site-packages/airflow/example_dags/example_complex.py for tasks to queue
[2026-04-28T12:16:07.024+0000] {logging_mixin.py:188} INFO - [2026-04-28T12:16:07.023+0000] {dagbag.py:540} INFO - Filling up the DagBag from /home/airflow/.local/lib/python3.8/site-packages/airflow/example_dags/example_complex.py
[2026-04-28T12:16:07.037+0000] {processor.py:840} INFO - DAG(s) 'example_complex' retrieved from /home/airflow/.local/lib/python3.8/site-packages/airflow/example_dags/example_complex.py
[2026-04-28T12:16:07.077+0000] {logging_mixin.py:188} INFO - [2026-04-28T12:16:07.077+0000] {dag.py:3047} INFO - Sync 1 DAGs
[2026-04-28T12:16:07.091+0000] {logging_mixin.py:188} INFO - [2026-04-28T12:16:07.091+0000] {dag.py:3834} INFO - Setting next_dagrun for example_complex to None, run_after=None
[2026-04-28T12:16:07.107+0000] {processor.py:183} INFO - Processing /home/airflow/.local/lib/python3.8/site-packages/airflow/example_dags/example_complex.py took 0.093 seconds
[2026-04-28T12:16:37.310+0000] {processor.py:161} INFO - Started process (PID=605) to work on /home/airflow/.local/lib/python3.8/site-packages/airflow/example_dags/example_complex.py
[2026-04-28T12:16:37.312+0000] {processor.py:830} INFO - Processing file /home/airflow/.local/lib/python3.8/site-packages/airflow/example_dags/example_complex.py for tasks to queue
[2026-04-28T12:16:37.314+0000] {logging_mixin.py:188} INFO - [2026-04-28T12:16:37.314+0000] {dagbag.py:540} INFO - Filling up the DagBag from /home/airflow/.local/lib/python3.8/site-packages/airflow/example_dags/example_complex.py
[2026-04-28T12:16:37.328+0000] {processor.py:840} INFO - DAG(s) 'example_complex' retrieved from /home/airflow/.local/lib/python3.8/site-packages/airflow/example_dags/example_complex.py
[2026-04-28T12:16:37.364+0000] {logging_mixin.py:188} INFO - [2026-04-28T12:16:37.364+0000] {dag.py:3047} INFO - Sync 1 DAGs
[2026-04-28T12:16:37.378+0000] {logging_mixin.py:188} INFO - [2026-04-28T12:16:37.377+0000] {dag.py:3834} INFO - Setting next_dagrun for example_complex to None, run_after=None
[2026-04-28T12:16:37.395+0000] {processor.py:183} INFO - Processing /home/airflow/.local/lib/python3.8/site-packages/airflow/example_dags/example_complex.py took 0.089 seconds
[2026-04-28T12:17:08.089+0000] {processor.py:161} INFO - Started process (PID=660) to work on /home/airflow/.local/lib/python3.8/site-packages/airflow/example_dags/example_complex.py
[2026-04-28T12:17:08.090+0000] {processor.py:830} INFO - Processing file /home/airflow/.local/lib/python3.8/site-packages/airflow/example_dags/example_complex.py for tasks to queue
[2026-04-28T12:17:08.092+0000] {logging_mixin.py:188} INFO - [2026-04-28T12:17:08.092+0000] {dagbag.py:540} INFO - Filling up the DagBag from /home/airflow/.local/lib/python3.8/site-packages/airflow/example_dags/example_complex.py
[2026-04-28T12:17:08.106+0000] {processor.py:840} INFO - DAG(s) 'example_complex' retrieved from /home/airflow/.local/lib/python3.8/site-packages/airflow/example_dags/example_complex.py
[2026-04-28T12:17:08.141+0000] {logging_mixin.py:188} INFO - [2026-04-28T12:17:08.141+0000] {dag.py:3047} INFO - Sync 1 DAGs
[2026-04-28T12:17:08.155+0000] {logging_mixin.py:188} INFO - [2026-04-28T12:17:08.155+0000] {dag.py:3834} INFO - Setting next_dagrun for example_complex to None, run_after=None
[2026-04-28T12:17:08.171+0000] {processor.py:183} INFO - Processing /home/airflow/.local/lib/python3.8/site-packages/airflow/example_dags/example_complex.py took 0.087 seconds
[2026-04-28T12:17:38.240+0000] {processor.py:161} INFO - Started process (PID=715) to work on /home/airflow/.local/lib/python3.8/site-packages/airflow/example_dags/example_complex.py
[2026-04-28T12:17:38.241+0000] {processor.py:830} INFO - Processing file /home/airflow/.local/lib/python3.8/site-packages/airflow/example_dags/example_complex.py for tasks to queue
[2026-04-28T12:17:38.245+0000] {logging_mixin.py:188} INFO - [2026-04-28T12:17:38.244+0000] {dagbag.py:540} INFO - Filling up the DagBag from /home/airflow/.local/lib/python3.8/site-packages/airflow/example_dags/example_complex.py
[2026-04-28T12:17:38.284+0000] {processor.py:840} INFO - DAG(s) 'example_complex' retrieved from /home/airflow/.local/lib/python3.8/site-packages/airflow/example_dags/example_complex.py
[2026-04-28T12:17:38.328+0000] {logging_mixin.py:188} INFO - [2026-04-28T12:17:38.327+0000] {dag.py:3047} INFO - Sync 1 DAGs
[2026-04-28T12:17:38.341+0000] {logging_mixin.py:188} INFO - [2026-04-28T12:17:38.341+0000] {dag.py:3834} INFO - Setting next_dagrun for example_complex to None, run_after=None
[2026-04-28T12:17:38.358+0000] {processor.py:183} INFO - Processing /home/airflow/.local/lib/python3.8/site-packages/airflow/example_dags/example_complex.py took 0.122 seconds
[2026-04-28T12:18:08.979+0000] {processor.py:161} INFO - Started process (PID=770) to work on /home/airflow/.local/lib/python3.8/site-packages/airflow/example_dags/example_complex.py
[2026-04-28T12:18:08.982+0000] {processor.py:830} INFO - Processing file /home/airflow/.local/lib/python3.8/site-packages/airflow/example_dags/example_complex.py for tasks to queue
[2026-04-28T12:18:08.985+0000] {logging_mixin.py:188} INFO - [2026-04-28T12:18:08.985+0000] {dagbag.py:540} INFO - Filling up the DagBag from /home/airflow/.local/lib/python3.8/site-packages/airflow/example_dags/example_complex.py
[2026-04-28T12:18:08.998+0000] {processor.py:840} INFO - DAG(s) 'example_complex' retrieved from /home/airflow/.local/lib/python3.8/site-packages/airflow/example_dags/example_complex.py
[2026-04-28T12:18:09.034+0000] {logging_mixin.py:188} INFO - [2026-04-28T12:18:09.033+0000] {dag.py:3047} INFO - Sync 1 DAGs
[2026-04-28T12:18:09.047+0000] {logging_mixin.py:188} INFO - [2026-04-28T12:18:09.047+0000] {dag.py:3834} INFO - Setting next_dagrun for example_complex to None, run_after=None
[2026-04-28T12:18:09.064+0000] {processor.py:183} INFO - Processing /home/airflow/.local/lib/python3.8/site-packages/airflow/example_dags/example_complex.py took 0.090 seconds
[2026-04-28T12:18:39.260+0000] {processor.py:161} INFO - Started process (PID=825) to work on /home/airflow/.local/lib/python3.8/site-packages/airflow/example_dags/example_complex.py
[2026-04-28T12:18:39.265+0000] {processor.py:830} INFO - Processing file /home/airflow/.local/lib/python3.8/site-packages/airflow/example_dags/example_complex.py for tasks to queue
[2026-04-28T12:18:39.271+0000] {logging_mixin.py:188} INFO - [2026-04-28T12:18:39.271+0000] {dagbag.py:540} INFO - Filling up the DagBag from /home/airflow/.local/lib/python3.8/site-packages/airflow/example_dags/example_complex.py
[2026-04-28T12:18:39.318+0000] {processor.py:840} INFO - DAG(s) 'example_complex' retrieved from /home/airflow/.local/lib/python3.8/site-packages/airflow/example_dags/example_complex.py
[2026-04-28T12:18:39.399+0000] {logging_mixin.py:188} INFO - [2026-04-28T12:18:39.399+0000] {dag.py:3047} INFO - Sync 1 DAGs
[2026-04-28T12:18:39.417+0000] {logging_mixin.py:188} INFO - [2026-04-28T12:18:39.417+0000] {dag.py:3834} INFO - Setting next_dagrun for example_complex to None, run_after=None
[2026-04-28T12:18:39.475+0000] {processor.py:183} INFO - Processing /home/airflow/.local/lib/python3.8/site-packages/airflow/example_dags/example_complex.py took 0.231 seconds
[2026-04-28T12:19:09.518+0000] {processor.py:161} INFO - Started process (PID=881) to work on /home/airflow/.local/lib/python3.8/site-packages/airflow/example_dags/example_complex.py
[2026-04-28T12:19:09.519+0000] {processor.py:830} INFO - Processing file /home/airflow/.local/lib/python3.8/site-packages/airflow/example_dags/example_complex.py for tasks to queue
[2026-04-28T12:19:09.521+0000] {logging_mixin.py:188} INFO - [2026-04-28T12:19:09.520+0000] {dagbag.py:540} INFO - Filling up the DagBag from /home/airflow/.local/lib/python3.8/site-packages/airflow/example_dags/example_complex.py
[2026-04-28T12:19:09.530+0000] {processor.py:840} INFO - DAG(s) 'example_complex' retrieved from /home/airflow/.local/lib/python3.8/site-packages/airflow/example_dags/example_complex.py
[2026-04-28T12:19:09.553+0000] {logging_mixin.py:188} INFO - [2026-04-28T12:19:09.553+0000] {dag.py:3047} INFO - Sync 1 DAGs
[2026-04-28T12:19:09.563+0000] {logging_mixin.py:188} INFO - [2026-04-28T12:19:09.563+0000] {dag.py:3834} INFO - Setting next_dagrun for example_complex to None, run_after=None
[2026-04-28T12:19:09.577+0000] {processor.py:183} INFO - Processing /home/airflow/.local/lib/python3.8/site-packages/airflow/example_dags/example_complex.py took 0.062 seconds
[2026-04-28T12:19:39.883+0000] {processor.py:161} INFO - Started process (PID=935) to work on /home/airflow/.local/lib/python3.8/site-packages/airflow/example_dags/example_complex.py
[2026-04-28T12:19:39.888+0000] {processor.py:830} INFO - Processing file /home/airflow/.local/lib/python3.8/site-packages/airflow/example_dags/example_complex.py for tasks to queue
[2026-04-28T12:19:39.892+0000] {logging_mixin.py:188} INFO - [2026-04-28T12:19:39.892+0000] {dagbag.py:540} INFO - Filling up the DagBag from /home/airflow/.local/lib/python3.8/site-packages/airflow/example_dags/example_complex.py
[2026-04-28T12:19:39.935+0000] {processor.py:840} INFO - DAG(s) 'example_complex' retrieved from /home/airflow/.local/lib/python3.8/site-packages/airflow/example_dags/example_complex.py
[2026-04-28T12:19:39.998+0000] {logging_mixin.py:188} INFO - [2026-04-28T12:19:39.997+0000] {dag.py:3047} INFO - Sync 1 DAGs
[2026-04-28T12:19:40.047+0000] {logging_mixin.py:188} INFO - [2026-04-28T12:19:40.041+0000] {dag.py:3834} INFO - Setting next_dagrun for example_complex to None, run_after=None
[2026-04-28T12:19:40.102+0000] {processor.py:183} INFO - Processing /home/airflow/.local/lib/python3.8/site-packages/airflow/example_dags/example_complex.py took 0.232 seconds
[2026-04-28T12:20:10.877+0000] {processor.py:161} INFO - Started process (PID=989) to work on /home/airflow/.local/lib/python3.8/site-packages/airflow/example_dags/example_complex.py
[2026-04-28T12:20:10.878+0000] {processor.py:830} INFO - Processing file /home/airflow/.local/lib/python3.8/site-packages/airflow/example_dags/example_complex.py for tasks to queue
[2026-04-28T12:20:10.880+0000] {logging_mixin.py:188} INFO - [2026-04-28T12:20:10.880+0000] {dagbag.py:540} INFO - Filling up the DagBag from /home/airflow/.local/lib/python3.8/site-packages/airflow/example_dags/example_complex.py
[2026-04-28T12:20:10.907+0000] {processor.py:840} INFO - DAG(s) 'example_complex' retrieved from /home/airflow/.local/lib/python3.8/site-packages/airflow/example_dags/example_complex.py
[2026-04-28T12:20:10.967+0000] {logging_mixin.py:188} INFO - [2026-04-28T12:20:10.966+0000] {dag.py:3047} INFO - Sync 1 DAGs
[2026-04-28T12:20:10.981+0000] {logging_mixin.py:188} INFO - [2026-04-28T12:20:10.980+0000] {dag.py:3834} INFO - Setting next_dagrun for example_complex to None, run_after=None
[2026-04-28T12:20:10.996+0000] {processor.py:183} INFO - Processing /home/airflow/.local/lib/python3.8/site-packages/airflow/example_dags/example_complex.py took 0.123 seconds
[2026-04-28T12:20:41.094+0000] {processor.py:161} INFO - Started process (PID=1044) to work on /home/airflow/.local/lib/python3.8/site-packages/airflow/example_dags/example_complex.py
[2026-04-28T12:20:41.095+0000] {processor.py:830} INFO - Processing file /home/airflow/.local/lib/python3.8/site-packages/airflow/example_dags/example_complex.py for tasks to queue
[2026-04-28T12:20:41.097+0000] {logging_mixin.py:188} INFO - [2026-04-28T12:20:41.096+0000] {dagbag.py:540} INFO - Filling up the DagBag from /home/airflow/.local/lib/python3.8/site-packages/airflow/example_dags/example_complex.py
[2026-04-28T12:20:41.110+0000] {processor.py:840} INFO - DAG(s) 'example_complex' retrieved from /home/airflow/.local/lib/python3.8/site-packages/airflow/example_dags/example_complex.py
[2026-04-28T12:20:41.147+0000] {logging_mixin.py:188} INFO - [2026-04-28T12:20:41.146+0000] {dag.py:3047} INFO - Sync 1 DAGs
[2026-04-28T12:20:41.160+0000] {logging_mixin.py:188} INFO - [2026-04-28T12:20:41.160+0000] {dag.py:3834} INFO - Setting next_dagrun for example_complex to None, run_after=None
[2026-04-28T12:20:41.177+0000] {processor.py:183} INFO - Processing /home/airflow/.local/lib/python3.8/site-packages/airflow/example_dags/example_complex.py took 0.088 seconds
[2026-04-28T12:21:11.850+0000] {processor.py:161} INFO - Started process (PID=1099) to work on /home/airflow/.local/lib/python3.8/site-packages/airflow/example_dags/example_complex.py
[2026-04-28T12:21:11.852+0000] {processor.py:830} INFO - Processing file /home/airflow/.local/lib/python3.8/site-packages/airflow/example_dags/example_complex.py for tasks to queue
[2026-04-28T12:21:11.854+0000] {logging_mixin.py:188} INFO - [2026-04-28T12:21:11.853+0000] {dagbag.py:540} INFO - Filling up the DagBag from /home/airflow/.local/lib/python3.8/site-packages/airflow/example_dags/example_complex.py
[2026-04-28T12:21:11.866+0000] {processor.py:840} INFO - DAG(s) 'example_complex' retrieved from /home/airflow/.local/lib/python3.8/site-packages/airflow/example_dags/example_complex.py
[2026-04-28T12:21:11.900+0000] {logging_mixin.py:188} INFO - [2026-04-28T12:21:11.900+0000] {dag.py:3047} INFO - Sync 1 DAGs
[2026-04-28T12:21:11.913+0000] {logging_mixin.py:188} INFO - [2026-04-28T12:21:11.913+0000] {dag.py:3834} INFO - Setting next_dagrun for example_complex to None, run_after=None
[2026-04-28T12:21:11.930+0000] {processor.py:183} INFO - Processing /home/airflow/.local/lib/python3.8/site-packages/airflow/example_dags/example_complex.py took 0.083 seconds
[2026-04-28T12:21:42.852+0000] {processor.py:161} INFO - Started process (PID=1154) to work on /home/airflow/.local/lib/python3.8/site-packages/airflow/example_dags/example_complex.py
[2026-04-28T12:21:42.853+0000] {processor.py:830} INFO - Processing file /home/airflow/.local/lib/python3.8/site-packages/airflow/example_dags/example_complex.py for tasks to queue
[2026-04-28T12:21:42.855+0000] {logging_mixin.py:188} INFO - [2026-04-28T12:21:42.854+0000] {dagbag.py:540} INFO - Filling up the DagBag from /home/airflow/.local/lib/python3.8/site-packages/airflow/example_dags/example_complex.py
[2026-04-28T12:21:42.867+0000] {processor.py:840} INFO - DAG(s) 'example_complex' retrieved from /home/airflow/.local/lib/python3.8/site-packages/airflow/example_dags/example_complex.py
[2026-04-28T12:21:42.910+0000] {logging_mixin.py:188} INFO - [2026-04-28T12:21:42.909+0000] {dag.py:3047} INFO - Sync 1 DAGs
[2026-04-28T12:21:42.923+0000] {logging_mixin.py:188} INFO - [2026-04-28T12:21:42.923+0000] {dag.py:3834} INFO - Setting next_dagrun for example_complex to None, run_after=None
[2026-04-28T12:21:42.941+0000] {processor.py:183} INFO - Processing /home/airflow/.local/lib/python3.8/site-packages/airflow/example_dags/example_complex.py took 0.093 seconds
[2026-04-28T12:22:13.697+0000] {processor.py:161} INFO - Started process (PID=1209) to work on /home/airflow/.local/lib/python3.8/site-packages/airflow/example_dags/example_complex.py
[2026-04-28T12:22:13.698+0000] {processor.py:830} INFO - Processing file /home/airflow/.local/lib/python3.8/site-packages/airflow/example_dags/example_complex.py for tasks to queue
[2026-04-28T12:22:13.700+0000] {logging_mixin.py:188} INFO - [2026-04-28T12:22:13.700+0000] {dagbag.py:540} INFO - Filling up the DagBag from /home/airflow/.local/lib/python3.8/site-packages/airflow/example_dags/example_complex.py
[2026-04-28T12:22:13.716+0000] {processor.py:840} INFO - DAG(s) 'example_complex' retrieved from /home/airflow/.local/lib/python3.8/site-packages/airflow/example_dags/example_complex.py
[2026-04-28T12:22:13.756+0000] {logging_mixin.py:188} INFO - [2026-04-28T12:22:13.756+0000] {dag.py:3047} INFO - Sync 1 DAGs
[2026-04-28T12:22:13.770+0000] {logging_mixin.py:188} INFO - [2026-04-28T12:22:13.770+0000] {dag.py:3834} INFO - Setting next_dagrun for example_complex to None, run_after=None
[2026-04-28T12:22:13.787+0000] {processor.py:183} INFO - Processing /home/airflow/.local/lib/python3.8/site-packages/airflow/example_dags/example_complex.py took 0.094 seconds
[2026-04-28T12:22:44.750+0000] {processor.py:161} INFO - Started process (PID=1264) to work on /home/airflow/.local/lib/python3.8/site-packages/airflow/example_dags/example_complex.py
[2026-04-28T12:22:44.751+0000] {processor.py:830} INFO - Processing file /home/airflow/.local/lib/python3.8/site-packages/airflow/example_dags/example_complex.py for tasks to queue
[2026-04-28T12:22:44.753+0000] {logging_mixin.py:188} INFO - [2026-04-28T12:22:44.753+0000] {dagbag.py:540} INFO - Filling up the DagBag from /home/airflow/.local/lib/python3.8/site-packages/airflow/example_dags/example_complex.py
[2026-04-28T12:22:44.767+0000] {processor.py:840} INFO - DAG(s) 'example_complex' retrieved from /home/airflow/.local/lib/python3.8/site-packages/airflow/example_dags/example_complex.py
[2026-04-28T12:22:44.806+0000] {logging_mixin.py:188} INFO - [2026-04-28T12:22:44.806+0000] {dag.py:3047} INFO - Sync 1 DAGs
[2026-04-28T12:22:44.820+0000] {logging_mixin.py:188} INFO - [2026-04-28T12:22:44.819+0000] {dag.py:3834} INFO - Setting next_dagrun for example_complex to None, run_after=None
[2026-04-28T12:22:44.837+0000] {processor.py:183} INFO - Processing /home/airflow/.local/lib/python3.8/site-packages/airflow/example_dags/example_complex.py took 0.091 seconds
[2026-04-28T12:23:15.377+0000] {processor.py:161} INFO - Started process (PID=1319) to work on /home/airflow/.local/lib/python3.8/site-packages/airflow/example_dags/example_complex.py
[2026-04-28T12:23:15.380+0000] {processor.py:830} INFO - Processing file /home/airflow/.local/lib/python3.8/site-packages/airflow/example_dags/example_complex.py for tasks to queue
[2026-04-28T12:23:15.382+0000] {logging_mixin.py:188} INFO - [2026-04-28T12:23:15.382+0000] {dagbag.py:540} INFO - Filling up the DagBag from /home/airflow/.local/lib/python3.8/site-packages/airflow/example_dags/example_complex.py
[2026-04-28T12:23:15.419+0000] {processor.py:840} INFO - DAG(s) 'example_complex' retrieved from /home/airflow/.local/lib/python3.8/site-packages/airflow/example_dags/example_complex.py
[2026-04-28T12:23:15.594+0000] {logging_mixin.py:188} INFO - [2026-04-28T12:23:15.594+0000] {dag.py:3047} INFO - Sync 1 DAGs
[2026-04-28T12:23:15.649+0000] {logging_mixin.py:188} INFO - [2026-04-28T12:23:15.648+0000] {dag.py:3834} INFO - Setting next_dagrun for example_complex to None, run_after=None
[2026-04-28T12:23:15.718+0000] {processor.py:183} INFO - Processing /home/airflow/.local/lib/python3.8/site-packages/airflow/example_dags/example_complex.py took 0.349 seconds
[2026-04-28T12:23:46.402+0000] {processor.py:161} INFO - Started process (PID=1374) to work on /home/airflow/.local/lib/python3.8/site-packages/airflow/example_dags/example_complex.py
[2026-04-28T12:23:46.403+0000] {processor.py:830} INFO - Processing file /home/airflow/.local/lib/python3.8/site-packages/airflow/example_dags/example_complex.py for tasks to queue
[2026-04-28T12:23:46.405+0000] {logging_mixin.py:188} INFO - [2026-04-28T12:23:46.405+0000] {dagbag.py:540} INFO - Filling up the DagBag from /home/airflow/.local/lib/python3.8/site-packages/airflow/example_dags/example_complex.py
[2026-04-28T12:23:46.419+0000] {processor.py:840} INFO - DAG(s) 'example_complex' retrieved from /home/airflow/.local/lib/python3.8/site-packages/airflow/example_dags/example_complex.py
[2026-04-28T12:23:46.455+0000] {logging_mixin.py:188} INFO - [2026-04-28T12:23:46.455+0000] {dag.py:3047} INFO - Sync 1 DAGs
[2026-04-28T12:23:46.469+0000] {logging_mixin.py:188} INFO - [2026-04-28T12:23:46.468+0000] {dag.py:3834} INFO - Setting next_dagrun for example_complex to None, run_after=None
[2026-04-28T12:23:46.487+0000] {processor.py:183} INFO - Processing /home/airflow/.local/lib/python3.8/site-packages/airflow/example_dags/example_complex.py took 0.088 seconds
[2026-04-28T12:24:17.064+0000] {processor.py:161} INFO - Started process (PID=1429) to work on /home/airflow/.local/lib/python3.8/site-packages/airflow/example_dags/example_complex.py
[2026-04-28T12:24:17.067+0000] {processor.py:830} INFO - Processing file /home/airflow/.local/lib/python3.8/site-packages/airflow/example_dags/example_complex.py for tasks to queue
[2026-04-28T12:24:17.069+0000] {logging_mixin.py:188} INFO - [2026-04-28T12:24:17.069+0000] {dagbag.py:540} INFO - Filling up the DagBag from /home/airflow/.local/lib/python3.8/site-packages/airflow/example_dags/example_complex.py
[2026-04-28T12:24:17.083+0000] {processor.py:840} INFO - DAG(s) 'example_complex' retrieved from /home/airflow/.local/lib/python3.8/site-packages/airflow/example_dags/example_complex.py
[2026-04-28T12:24:17.150+0000] {logging_mixin.py:188} INFO - [2026-04-28T12:24:17.149+0000] {dag.py:3047} INFO - Sync 1 DAGs
[2026-04-28T12:24:17.188+0000] {logging_mixin.py:188} INFO - [2026-04-28T12:24:17.187+0000] {dag.py:3834} INFO - Setting next_dagrun for example_complex to None, run_after=None
[2026-04-28T12:24:17.216+0000] {processor.py:183} INFO - Processing /home/airflow/.local/lib/python3.8/site-packages/airflow/example_dags/example_complex.py took 0.157 seconds
[2026-04-28T12:24:47.360+0000] {processor.py:161} INFO - Started process (PID=1483) to work on /home/airflow/.local/lib/python3.8/site-packages/airflow/example_dags/example_complex.py
[2026-04-28T12:24:47.361+0000] {processor.py:830} INFO - Processing file /home/airflow/.local/lib/python3.8/site-packages/airflow/example_dags/example_complex.py for tasks to queue
[2026-04-28T12:24:47.363+0000] {logging_mixin.py:188} INFO - [2026-04-28T12:24:47.363+0000] {dagbag.py:540} INFO - Filling up the DagBag from /home/airflow/.local/lib/python3.8/site-packages/airflow/example_dags/example_complex.py
[2026-04-28T12:24:47.381+0000] {processor.py:840} INFO - DAG(s) 'example_complex' retrieved from /home/airflow/.local/lib/python3.8/site-packages/airflow/example_dags/example_complex.py
[2026-04-28T12:24:47.414+0000] {logging_mixin.py:188} INFO - [2026-04-28T12:24:47.413+0000] {dag.py:3047} INFO - Sync 1 DAGs
[2026-04-28T12:24:47.427+0000] {logging_mixin.py:188} INFO - [2026-04-28T12:24:47.427+0000] {dag.py:3834} INFO - Setting next_dagrun for example_complex to None, run_after=None
[2026-04-28T12:24:47.445+0000] {processor.py:183} INFO - Processing /home/airflow/.local/lib/python3.8/site-packages/airflow/example_dags/example_complex.py took 0.089 seconds
[2026-04-28T12:25:17.667+0000] {processor.py:161} INFO - Started process (PID=1538) to work on /home/airflow/.local/lib/python3.8/site-packages/airflow/example_dags/example_complex.py
[2026-04-28T12:25:17.668+0000] {processor.py:830} INFO - Processing file /home/airflow/.local/lib/python3.8/site-packages/airflow/example_dags/example_complex.py for tasks to queue
[2026-04-28T12:25:17.670+0000] {logging_mixin.py:188} INFO - [2026-04-28T12:25:17.669+0000] {dagbag.py:540} INFO - Filling up the DagBag from /home/airflow/.local/lib/python3.8/site-packages/airflow/example_dags/example_complex.py
[2026-04-28T12:25:17.683+0000] {processor.py:840} INFO - DAG(s) 'example_complex' retrieved from /home/airflow/.local/lib/python3.8/site-packages/airflow/example_dags/example_complex.py
[2026-04-28T12:25:17.717+0000] {logging_mixin.py:188} INFO - [2026-04-28T12:25:17.717+0000] {dag.py:3047} INFO - Sync 1 DAGs
[2026-04-28T12:25:17.731+0000] {logging_mixin.py:188} INFO - [2026-04-28T12:25:17.731+0000] {dag.py:3834} INFO - Setting next_dagrun for example_complex to None, run_after=None
[2026-04-28T12:25:17.748+0000] {processor.py:183} INFO - Processing /home/airflow/.local/lib/python3.8/site-packages/airflow/example_dags/example_complex.py took 0.085 seconds
[2026-04-28T12:25:47.936+0000] {processor.py:161} INFO - Started process (PID=1593) to work on /home/airflow/.local/lib/python3.8/site-packages/airflow/example_dags/example_complex.py
[2026-04-28T12:25:47.938+0000] {processor.py:830} INFO - Processing file /home/airflow/.local/lib/python3.8/site-packages/airflow/example_dags/example_complex.py for tasks to queue
[2026-04-28T12:25:47.940+0000] {logging_mixin.py:188} INFO - [2026-04-28T12:25:47.940+0000] {dagbag.py:540} INFO - Filling up the DagBag from /home/airflow/.local/lib/python3.8/site-packages/airflow/example_dags/example_complex.py
[2026-04-28T12:25:47.958+0000] {processor.py:840} INFO - DAG(s) 'example_complex' retrieved from /home/airflow/.local/lib/python3.8/site-packages/airflow/example_dags/example_complex.py
[2026-04-28T12:25:47.992+0000] {logging_mixin.py:188} INFO - [2026-04-28T12:25:47.992+0000] {dag.py:3047} INFO - Sync 1 DAGs
[2026-04-28T12:25:48.006+0000] {logging_mixin.py:188} INFO - [2026-04-28T12:25:48.006+0000] {dag.py:3834} INFO - Setting next_dagrun for example_complex to None, run_after=None
[2026-04-28T12:25:48.024+0000] {processor.py:183} INFO - Processing /home/airflow/.local/lib/python3.8/site-packages/airflow/example_dags/example_complex.py took 0.092 seconds
[2026-04-28T12:26:18.802+0000] {processor.py:161} INFO - Started process (PID=1648) to work on /home/airflow/.local/lib/python3.8/site-packages/airflow/example_dags/example_complex.py
[2026-04-28T12:26:18.803+0000] {processor.py:830} INFO - Processing file /home/airflow/.local/lib/python3.8/site-packages/airflow/example_dags/example_complex.py for tasks to queue
[2026-04-28T12:26:18.805+0000] {logging_mixin.py:188} INFO - [2026-04-28T12:26:18.805+0000] {dagbag.py:540} INFO - Filling up the DagBag from /home/airflow/.local/lib/python3.8/site-packages/airflow/example_dags/example_complex.py
[2026-04-28T12:26:18.820+0000] {processor.py:840} INFO - DAG(s) 'example_complex' retrieved from /home/airflow/.local/lib/python3.8/site-packages/airflow/example_dags/example_complex.py
[2026-04-28T12:26:18.854+0000] {logging_mixin.py:188} INFO - [2026-04-28T12:26:18.854+0000] {dag.py:3047} INFO - Sync 1 DAGs
[2026-04-28T12:26:18.868+0000] {logging_mixin.py:188} INFO - [2026-04-28T12:26:18.868+0000] {dag.py:3834} INFO - Setting next_dagrun for example_complex to None, run_after=None
[2026-04-28T12:26:18.892+0000] {processor.py:183} INFO - Processing /home/airflow/.local/lib/python3.8/site-packages/airflow/example_dags/example_complex.py took 0.093 seconds
[2026-04-28T12:26:49.723+0000] {processor.py:161} INFO - Started process (PID=1704) to work on /home/airflow/.local/lib/python3.8/site-packages/airflow/example_dags/example_complex.py
[2026-04-28T12:26:49.724+0000] {processor.py:830} INFO - Processing file /home/airflow/.local/lib/python3.8/site-packages/airflow/example_dags/example_complex.py for tasks to queue
[2026-04-28T12:26:49.726+0000] {logging_mixin.py:188} INFO - [2026-04-28T12:26:49.726+0000] {dagbag.py:540} INFO - Filling up the DagBag from /home/airflow/.local/lib/python3.8/site-packages/airflow/example_dags/example_complex.py
[2026-04-28T12:26:49.740+0000] {processor.py:840} INFO - DAG(s) 'example_complex' retrieved from /home/airflow/.local/lib/python3.8/site-packages/airflow/example_dags/example_complex.py
[2026-04-28T12:26:49.776+0000] {logging_mixin.py:188} INFO - [2026-04-28T12:26:49.776+0000] {dag.py:3047} INFO - Sync 1 DAGs
[2026-04-28T12:26:49.790+0000] {logging_mixin.py:188} INFO - [2026-04-28T12:26:49.790+0000] {dag.py:3834} INFO - Setting next_dagrun for example_complex to None, run_after=None
[2026-04-28T12:26:49.808+0000] {processor.py:183} INFO - Processing /home/airflow/.local/lib/python3.8/site-packages/airflow/example_dags/example_complex.py took 0.088 seconds
[2026-04-28T12:27:19.863+0000] {processor.py:161} INFO - Started process (PID=1760) to work on /home/airflow/.local/lib/python3.8/site-packages/airflow/example_dags/example_complex.py
[2026-04-28T12:27:19.865+0000] {processor.py:830} INFO - Processing file /home/airflow/.local/lib/python3.8/site-packages/airflow/example_dags/example_complex.py for tasks to queue
[2026-04-28T12:27:19.867+0000] {logging_mixin.py:188} INFO - [2026-04-28T12:27:19.866+0000] {dagbag.py:540} INFO - Filling up the DagBag from /home/airflow/.local/lib/python3.8/site-packages/airflow/example_dags/example_complex.py
[2026-04-28T12:27:19.884+0000] {processor.py:840} INFO - DAG(s) 'example_complex' retrieved from /home/airflow/.local/lib/python3.8/site-packages/airflow/example_dags/example_complex.py
[2026-04-28T12:27:19.917+0000] {logging_mixin.py:188} INFO - [2026-04-28T12:27:19.917+0000] {dag.py:3047} INFO - Sync 1 DAGs
[2026-04-28T12:27:19.931+0000] {logging_mixin.py:188} INFO - [2026-04-28T12:27:19.931+0000] {dag.py:3834} INFO - Setting next_dagrun for example_complex to None, run_after=None
[2026-04-28T12:27:19.954+0000] {processor.py:183} INFO - Processing /home/airflow/.local/lib/python3.8/site-packages/airflow/example_dags/example_complex.py took 0.094 seconds
[2026-04-28T12:27:50.309+0000] {processor.py:161} INFO - Started process (PID=1815) to work on /home/airflow/.local/lib/python3.8/site-packages/airflow/example_dags/example_complex.py
[2026-04-28T12:27:50.310+0000] {processor.py:830} INFO - Processing file /home/airflow/.local/lib/python3.8/site-packages/airflow/example_dags/example_complex.py for tasks to queue
[2026-04-28T12:27:50.312+0000] {logging_mixin.py:188} INFO - [2026-04-28T12:27:50.312+0000] {dagbag.py:540} INFO - Filling up the DagBag from /home/airflow/.local/lib/python3.8/site-packages/airflow/example_dags/example_complex.py
[2026-04-28T12:27:50.326+0000] {processor.py:840} INFO - DAG(s) 'example_complex' retrieved from /home/airflow/.local/lib/python3.8/site-packages/airflow/example_dags/example_complex.py
[2026-04-28T12:27:50.361+0000] {logging_mixin.py:188} INFO - [2026-04-28T12:27:50.361+0000] {dag.py:3047} INFO - Sync 1 DAGs
[2026-04-28T12:27:50.375+0000] {logging_mixin.py:188} INFO - [2026-04-28T12:27:50.374+0000] {dag.py:3834} INFO - Setting next_dagrun for example_complex to None, run_after=None
[2026-04-28T12:27:50.394+0000] {processor.py:183} INFO - Processing /home/airflow/.local/lib/python3.8/site-packages/airflow/example_dags/example_complex.py took 0.088 seconds
[2026-04-28T12:28:21.111+0000] {processor.py:161} INFO - Started process (PID=1871) to work on /home/airflow/.local/lib/python3.8/site-packages/airflow/example_dags/example_complex.py
[2026-04-28T12:28:21.113+0000] {processor.py:830} INFO - Processing file /home/airflow/.local/lib/python3.8/site-packages/airflow/example_dags/example_complex.py for tasks to queue
[2026-04-28T12:28:21.115+0000] {logging_mixin.py:188} INFO - [2026-04-28T12:28:21.115+0000] {dagbag.py:540} INFO - Filling up the DagBag from /home/airflow/.local/lib/python3.8/site-packages/airflow/example_dags/example_complex.py
[2026-04-28T12:28:21.134+0000] {processor.py:840} INFO - DAG(s) 'example_complex' retrieved from /home/airflow/.local/lib/python3.8/site-packages/airflow/example_dags/example_complex.py
[2026-04-28T12:28:21.172+0000] {logging_mixin.py:188} INFO - [2026-04-28T12:28:21.172+0000] {dag.py:3047} INFO - Sync 1 DAGs
[2026-04-28T12:28:21.193+0000] {logging_mixin.py:188} INFO - [2026-04-28T12:28:21.193+0000] {dag.py:3834} INFO - Setting next_dagrun for example_complex to None, run_after=None
[2026-04-28T12:28:21.219+0000] {processor.py:183} INFO - Processing /home/airflow/.local/lib/python3.8/site-packages/airflow/example_dags/example_complex.py took 0.116 seconds
[2026-04-28T12:28:51.647+0000] {processor.py:161} INFO - Started process (PID=1927) to work on /home/airflow/.local/lib/python3.8/site-packages/airflow/example_dags/example_complex.py
[2026-04-28T12:28:51.649+0000] {processor.py:830} INFO - Processing file /home/airflow/.local/lib/python3.8/site-packages/airflow/example_dags/example_complex.py for tasks to queue
[2026-04-28T12:28:51.653+0000] {logging_mixin.py:188} INFO - [2026-04-28T12:28:51.653+0000] {dagbag.py:540} INFO - Filling up the DagBag from /home/airflow/.local/lib/python3.8/site-packages/airflow/example_dags/example_complex.py
[2026-04-28T12:28:51.669+0000] {processor.py:840} INFO - DAG(s) 'example_complex' retrieved from /home/airflow/.local/lib/python3.8/site-packages/airflow/example_dags/example_complex.py
[2026-04-28T12:28:51.723+0000] {logging_mixin.py:188} INFO - [2026-04-28T12:28:51.723+0000] {dag.py:3047} INFO - Sync 1 DAGs
[2026-04-28T12:28:51.761+0000] {logging_mixin.py:188} INFO - [2026-04-28T12:28:51.760+0000] {dag.py:3834} INFO - Setting next_dagrun for example_complex to None, run_after=None
[2026-04-28T12:28:51.781+0000] {processor.py:183} INFO - Processing /home/airflow/.local/lib/python3.8/site-packages/airflow/example_dags/example_complex.py took 0.138 seconds
[2026-04-28T12:29:22.440+0000] {processor.py:161} INFO - Started process (PID=1983) to work on /home/airflow/.local/lib/python3.8/site-packages/airflow/example_dags/example_complex.py
[2026-04-28T12:29:22.443+0000] {processor.py:830} INFO - Processing file /home/airflow/.local/lib/python3.8/site-packages/airflow/example_dags/example_complex.py for tasks to queue
[2026-04-28T12:29:22.446+0000] {logging_mixin.py:188} INFO - [2026-04-28T12:29:22.445+0000] {dagbag.py:540} INFO - Filling up the DagBag from /home/airflow/.local/lib/python3.8/site-packages/airflow/example_dags/example_complex.py
[2026-04-28T12:29:22.462+0000] {processor.py:840} INFO - DAG(s) 'example_complex' retrieved from /home/airflow/.local/lib/python3.8/site-packages/airflow/example_dags/example_complex.py
[2026-04-28T12:29:22.512+0000] {logging_mixin.py:188} INFO - [2026-04-28T12:29:22.512+0000] {dag.py:3047} INFO - Sync 1 DAGs
[2026-04-28T12:29:22.537+0000] {logging_mixin.py:188} INFO - [2026-04-28T12:29:22.537+0000] {dag.py:3834} INFO - Setting next_dagrun for example_complex to None, run_after=None
[2026-04-28T12:29:22.554+0000] {processor.py:183} INFO - Processing /home/airflow/.local/lib/python3.8/site-packages/airflow/example_dags/example_complex.py took 0.118 seconds
[2026-04-28T12:29:52.733+0000] {processor.py:161} INFO - Started process (PID=2039) to work on /home/airflow/.local/lib/python3.8/site-packages/airflow/example_dags/example_complex.py
[2026-04-28T12:29:52.734+0000] {processor.py:830} INFO - Processing file /home/airflow/.local/lib/python3.8/site-packages/airflow/example_dags/example_complex.py for tasks to queue
[2026-04-28T12:29:52.737+0000] {logging_mixin.py:188} INFO - [2026-04-28T12:29:52.736+0000] {dagbag.py:540} INFO - Filling up the DagBag from /home/airflow/.local/lib/python3.8/site-packages/airflow/example_dags/example_complex.py
[2026-04-28T12:29:52.759+0000] {processor.py:840} INFO - DAG(s) 'example_complex' retrieved from /home/airflow/.local/lib/python3.8/site-packages/airflow/example_dags/example_complex.py
[2026-04-28T12:29:52.803+0000] {logging_mixin.py:188} INFO - [2026-04-28T12:29:52.803+0000] {dag.py:3047} INFO - Sync 1 DAGs
[2026-04-28T12:29:52.817+0000] {logging_mixin.py:188} INFO - [2026-04-28T12:29:52.816+0000] {dag.py:3834} INFO - Setting next_dagrun for example_complex to None, run_after=None
[2026-04-28T12:29:52.833+0000] {processor.py:183} INFO - Processing /home/airflow/.local/lib/python3.8/site-packages/airflow/example_dags/example_complex.py took 0.104 seconds
[2026-04-28T12:30:23.284+0000] {processor.py:161} INFO - Started process (PID=2095) to work on /home/airflow/.local/lib/python3.8/site-packages/airflow/example_dags/example_complex.py
[2026-04-28T12:30:23.285+0000] {processor.py:830} INFO - Processing file /home/airflow/.local/lib/python3.8/site-packages/airflow/example_dags/example_complex.py for tasks to queue
[2026-04-28T12:30:23.287+0000] {logging_mixin.py:188} INFO - [2026-04-28T12:30:23.287+0000] {dagbag.py:540} INFO - Filling up the DagBag from /home/airflow/.local/lib/python3.8/site-packages/airflow/example_dags/example_complex.py
[2026-04-28T12:30:23.301+0000] {processor.py:840} INFO - DAG(s) 'example_complex' retrieved from /home/airflow/.local/lib/python3.8/site-packages/airflow/example_dags/example_complex.py
[2026-04-28T12:30:23.335+0000] {logging_mixin.py:188} INFO - [2026-04-28T12:30:23.334+0000] {dag.py:3047} INFO - Sync 1 DAGs
[2026-04-28T12:30:23.348+0000] {logging_mixin.py:188} INFO - [2026-04-28T12:30:23.348+0000] {dag.py:3834} INFO - Setting next_dagrun for example_complex to None, run_after=None
[2026-04-28T12:30:23.365+0000] {processor.py:183} INFO - Processing /home/airflow/.local/lib/python3.8/site-packages/airflow/example_dags/example_complex.py took 0.085 seconds
[2026-04-28T12:30:53.947+0000] {processor.py:161} INFO - Started process (PID=2151) to work on /home/airflow/.local/lib/python3.8/site-packages/airflow/example_dags/example_complex.py
[2026-04-28T12:30:53.959+0000] {processor.py:830} INFO - Processing file /home/airflow/.local/lib/python3.8/site-packages/airflow/example_dags/example_complex.py for tasks to queue
[2026-04-28T12:30:53.969+0000] {logging_mixin.py:188} INFO - [2026-04-28T12:30:53.968+0000] {dagbag.py:540} INFO - Filling up the DagBag from /home/airflow/.local/lib/python3.8/site-packages/airflow/example_dags/example_complex.py
[2026-04-28T12:30:54.021+0000] {processor.py:840} INFO - DAG(s) 'example_complex' retrieved from /home/airflow/.local/lib/python3.8/site-packages/airflow/example_dags/example_complex.py
[2026-04-28T12:30:54.098+0000] {logging_mixin.py:188} INFO - [2026-04-28T12:30:54.097+0000] {dag.py:3047} INFO - Sync 1 DAGs
[2026-04-28T12:30:54.117+0000] {logging_mixin.py:188} INFO - [2026-04-28T12:30:54.116+0000] {dag.py:3834} INFO - Setting next_dagrun for example_complex to None, run_after=None
[2026-04-28T12:30:54.152+0000] {processor.py:183} INFO - Processing /home/airflow/.local/lib/python3.8/site-packages/airflow/example_dags/example_complex.py took 0.220 seconds
[2026-04-28T12:31:24.840+0000] {processor.py:161} INFO - Started process (PID=2207) to work on /home/airflow/.local/lib/python3.8/site-packages/airflow/example_dags/example_complex.py
[2026-04-28T12:31:24.841+0000] {processor.py:830} INFO - Processing file /home/airflow/.local/lib/python3.8/site-packages/airflow/example_dags/example_complex.py for tasks to queue
[2026-04-28T12:31:24.843+0000] {logging_mixin.py:188} INFO - [2026-04-28T12:31:24.843+0000] {dagbag.py:540} INFO - Filling up the DagBag from /home/airflow/.local/lib/python3.8/site-packages/airflow/example_dags/example_complex.py
[2026-04-28T12:31:24.856+0000] {processor.py:840} INFO - DAG(s) 'example_complex' retrieved from /home/airflow/.local/lib/python3.8/site-packages/airflow/example_dags/example_complex.py
[2026-04-28T12:31:24.894+0000] {logging_mixin.py:188} INFO - [2026-04-28T12:31:24.894+0000] {dag.py:3047} INFO - Sync 1 DAGs
[2026-04-28T12:31:24.908+0000] {logging_mixin.py:188} INFO - [2026-04-28T12:31:24.907+0000] {dag.py:3834} INFO - Setting next_dagrun for example_complex to None, run_after=None
[2026-04-28T12:31:24.926+0000] {processor.py:183} INFO - Processing /home/airflow/.local/lib/python3.8/site-packages/airflow/example_dags/example_complex.py took 0.090 seconds
[2026-04-28T12:31:55.811+0000] {processor.py:161} INFO - Started process (PID=2262) to work on /home/airflow/.local/lib/python3.8/site-packages/airflow/example_dags/example_complex.py
[2026-04-28T12:31:55.812+0000] {processor.py:830} INFO - Processing file /home/airflow/.local/lib/python3.8/site-packages/airflow/example_dags/example_complex.py for tasks to queue
[2026-04-28T12:31:55.814+0000] {logging_mixin.py:188} INFO - [2026-04-28T12:31:55.814+0000] {dagbag.py:540} INFO - Filling up the DagBag from /home/airflow/.local/lib/python3.8/site-packages/airflow/example_dags/example_complex.py
[2026-04-28T12:31:55.828+0000] {processor.py:840} INFO - DAG(s) 'example_complex' retrieved from /home/airflow/.local/lib/python3.8/site-packages/airflow/example_dags/example_complex.py
[2026-04-28T12:31:55.865+0000] {logging_mixin.py:188} INFO - [2026-04-28T12:31:55.864+0000] {dag.py:3047} INFO - Sync 1 DAGs
[2026-04-28T12:31:55.878+0000] {logging_mixin.py:188} INFO - [2026-04-28T12:31:55.878+0000] {dag.py:3834} INFO - Setting next_dagrun for example_complex to None, run_after=None
[2026-04-28T12:31:55.896+0000] {processor.py:183} INFO - Processing /home/airflow/.local/lib/python3.8/site-packages/airflow/example_dags/example_complex.py took 0.088 seconds
[2026-04-28T12:32:26.410+0000] {processor.py:161} INFO - Started process (PID=2318) to work on /home/airflow/.local/lib/python3.8/site-packages/airflow/example_dags/example_complex.py
[2026-04-28T12:32:26.411+0000] {processor.py:830} INFO - Processing file /home/airflow/.local/lib/python3.8/site-packages/airflow/example_dags/example_complex.py for tasks to queue
[2026-04-28T12:32:26.413+0000] {logging_mixin.py:188} INFO - [2026-04-28T12:32:26.413+0000] {dagbag.py:540} INFO - Filling up the DagBag from /home/airflow/.local/lib/python3.8/site-packages/airflow/example_dags/example_complex.py
[2026-04-28T12:32:26.427+0000] {processor.py:840} INFO - DAG(s) 'example_complex' retrieved from /home/airflow/.local/lib/python3.8/site-packages/airflow/example_dags/example_complex.py
[2026-04-28T12:32:26.462+0000] {logging_mixin.py:188} INFO - [2026-04-28T12:32:26.461+0000] {dag.py:3047} INFO - Sync 1 DAGs
[2026-04-28T12:32:26.475+0000] {logging_mixin.py:188} INFO - [2026-04-28T12:32:26.475+0000] {dag.py:3834} INFO - Setting next_dagrun for example_complex to None, run_after=None
[2026-04-28T12:32:26.493+0000] {processor.py:183} INFO - Processing /home/airflow/.local/lib/python3.8/site-packages/airflow/example_dags/example_complex.py took 0.086 seconds
[2026-04-28T12:32:57.333+0000] {processor.py:161} INFO - Started process (PID=2376) to work on /home/airflow/.local/lib/python3.8/site-packages/airflow/example_dags/example_complex.py
[2026-04-28T12:32:57.334+0000] {processor.py:830} INFO - Processing file /home/airflow/.local/lib/python3.8/site-packages/airflow/example_dags/example_complex.py for tasks to queue
[2026-04-28T12:32:57.337+0000] {logging_mixin.py:188} INFO - [2026-04-28T12:32:57.336+0000] {dagbag.py:540} INFO - Filling up the DagBag from /home/airflow/.local/lib/python3.8/site-packages/airflow/example_dags/example_complex.py
[2026-04-28T12:32:57.351+0000] {processor.py:840} INFO - DAG(s) 'example_complex' retrieved from /home/airflow/.local/lib/python3.8/site-packages/airflow/example_dags/example_complex.py
[2026-04-28T12:32:57.392+0000] {logging_mixin.py:188} INFO - [2026-04-28T12:32:57.392+0000] {dag.py:3047} INFO - Sync 1 DAGs
[2026-04-28T12:32:57.406+0000] {logging_mixin.py:188} INFO - [2026-04-28T12:32:57.406+0000] {dag.py:3834} INFO - Setting next_dagrun for example_complex to None, run_after=None
[2026-04-28T12:32:57.424+0000] {processor.py:183} INFO - Processing /home/airflow/.local/lib/python3.8/site-packages/airflow/example_dags/example_complex.py took 0.094 seconds
[2026-04-28T12:33:27.573+0000] {processor.py:161} INFO - Started process (PID=2432) to work on /home/airflow/.local/lib/python3.8/site-packages/airflow/example_dags/example_complex.py
[2026-04-28T12:33:27.576+0000] {processor.py:830} INFO - Processing file /home/airflow/.local/lib/python3.8/site-packages/airflow/example_dags/example_complex.py for tasks to queue
[2026-04-28T12:33:27.580+0000] {logging_mixin.py:188} INFO - [2026-04-28T12:33:27.580+0000] {dagbag.py:540} INFO - Filling up the DagBag from /home/airflow/.local/lib/python3.8/site-packages/airflow/example_dags/example_complex.py
[2026-04-28T12:33:27.608+0000] {processor.py:840} INFO - DAG(s) 'example_complex' retrieved from /home/airflow/.local/lib/python3.8/site-packages/airflow/example_dags/example_complex.py
[2026-04-28T12:33:27.687+0000] {logging_mixin.py:188} INFO - [2026-04-28T12:33:27.686+0000] {dag.py:3047} INFO - Sync 1 DAGs
[2026-04-28T12:33:27.700+0000] {logging_mixin.py:188} INFO - [2026-04-28T12:33:27.699+0000] {dag.py:3834} INFO - Setting next_dagrun for example_complex to None, run_after=None
[2026-04-28T12:33:27.719+0000] {processor.py:183} INFO - Processing /home/airflow/.local/lib/python3.8/site-packages/airflow/example_dags/example_complex.py took 0.150 seconds
[2026-04-28T12:33:57.750+0000] {processor.py:161} INFO - Started process (PID=2490) to work on /home/airflow/.local/lib/python3.8/site-packages/airflow/example_dags/example_complex.py
[2026-04-28T12:33:57.751+0000] {processor.py:830} INFO - Processing file /home/airflow/.local/lib/python3.8/site-packages/airflow/example_dags/example_complex.py for tasks to queue
[2026-04-28T12:33:57.753+0000] {logging_mixin.py:188} INFO - [2026-04-28T12:33:57.753+0000] {dagbag.py:540} INFO - Filling up the DagBag from /home/airflow/.local/lib/python3.8/site-packages/airflow/example_dags/example_complex.py
[2026-04-28T12:33:57.767+0000] {processor.py:840} INFO - DAG(s) 'example_complex' retrieved from /home/airflow/.local/lib/python3.8/site-packages/airflow/example_dags/example_complex.py
[2026-04-28T12:33:57.800+0000] {logging_mixin.py:188} INFO - [2026-04-28T12:33:57.800+0000] {dag.py:3047} INFO - Sync 1 DAGs
[2026-04-28T12:33:57.809+0000] {logging_mixin.py:188} INFO - [2026-04-28T12:33:57.809+0000] {dag.py:3834} INFO - Setting next_dagrun for example_complex to None, run_after=None
[2026-04-28T12:33:57.822+0000] {processor.py:183} INFO - Processing /home/airflow/.local/lib/python3.8/site-packages/airflow/example_dags/example_complex.py took 0.075 seconds
[2026-04-28T12:34:27.956+0000] {processor.py:161} INFO - Started process (PID=2546) to work on /home/airflow/.local/lib/python3.8/site-packages/airflow/example_dags/example_complex.py
[2026-04-28T12:34:27.960+0000] {processor.py:830} INFO - Processing file /home/airflow/.local/lib/python3.8/site-packages/airflow/example_dags/example_complex.py for tasks to queue
[2026-04-28T12:34:27.968+0000] {logging_mixin.py:188} INFO - [2026-04-28T12:34:27.966+0000] {dagbag.py:540} INFO - Filling up the DagBag from /home/airflow/.local/lib/python3.8/site-packages/airflow/example_dags/example_complex.py
[2026-04-28T12:34:28.004+0000] {processor.py:840} INFO - DAG(s) 'example_complex' retrieved from /home/airflow/.local/lib/python3.8/site-packages/airflow/example_dags/example_complex.py
[2026-04-28T12:34:28.138+0000] {logging_mixin.py:188} INFO - [2026-04-28T12:34:28.137+0000] {dag.py:3047} INFO - Sync 1 DAGs
[2026-04-28T12:34:28.173+0000] {logging_mixin.py:188} INFO - [2026-04-28T12:34:28.170+0000] {dag.py:3834} INFO - Setting next_dagrun for example_complex to None, run_after=None
[2026-04-28T12:34:28.213+0000] {processor.py:183} INFO - Processing /home/airflow/.local/lib/python3.8/site-packages/airflow/example_dags/example_complex.py took 0.282 seconds
[2026-04-28T12:34:58.726+0000] {processor.py:161} INFO - Started process (PID=2600) to work on /home/airflow/.local/lib/python3.8/site-packages/airflow/example_dags/example_complex.py
[2026-04-28T12:34:58.727+0000] {processor.py:830} INFO - Processing file /home/airflow/.local/lib/python3.8/site-packages/airflow/example_dags/example_complex.py for tasks to queue
[2026-04-28T12:34:58.729+0000] {logging_mixin.py:188} INFO - [2026-04-28T12:34:58.729+0000] {dagbag.py:540} INFO - Filling up the DagBag from /home/airflow/.local/lib/python3.8/site-packages/airflow/example_dags/example_complex.py
[2026-04-28T12:34:58.742+0000] {processor.py:840} INFO - DAG(s) 'example_complex' retrieved from /home/airflow/.local/lib/python3.8/site-packages/airflow/example_dags/example_complex.py
[2026-04-28T12:34:58.776+0000] {logging_mixin.py:188} INFO - [2026-04-28T12:34:58.776+0000] {dag.py:3047} INFO - Sync 1 DAGs
[2026-04-28T12:34:58.790+0000] {logging_mixin.py:188} INFO - [2026-04-28T12:34:58.790+0000] {dag.py:3834} INFO - Setting next_dagrun for example_complex to None, run_after=None
[2026-04-28T12:34:58.808+0000] {processor.py:183} INFO - Processing /home/airflow/.local/lib/python3.8/site-packages/airflow/example_dags/example_complex.py took 0.085 seconds
[2026-04-28T12:35:29.379+0000] {processor.py:161} INFO - Started process (PID=2656) to work on /home/airflow/.local/lib/python3.8/site-packages/airflow/example_dags/example_complex.py
[2026-04-28T12:35:29.381+0000] {processor.py:830} INFO - Processing file /home/airflow/.local/lib/python3.8/site-packages/airflow/example_dags/example_complex.py for tasks to queue
[2026-04-28T12:35:29.383+0000] {logging_mixin.py:188} INFO - [2026-04-28T12:35:29.382+0000] {dagbag.py:540} INFO - Filling up the DagBag from /home/airflow/.local/lib/python3.8/site-packages/airflow/example_dags/example_complex.py
[2026-04-28T12:35:29.400+0000] {processor.py:840} INFO - DAG(s) 'example_complex' retrieved from /home/airflow/.local/lib/python3.8/site-packages/airflow/example_dags/example_complex.py
[2026-04-28T12:35:29.462+0000] {logging_mixin.py:188} INFO - [2026-04-28T12:35:29.462+0000] {dag.py:3047} INFO - Sync 1 DAGs
[2026-04-28T12:35:29.477+0000] {logging_mixin.py:188} INFO - [2026-04-28T12:35:29.477+0000] {dag.py:3834} INFO - Setting next_dagrun for example_complex to None, run_after=None
[2026-04-28T12:35:29.495+0000] {processor.py:183} INFO - Processing /home/airflow/.local/lib/python3.8/site-packages/airflow/example_dags/example_complex.py took 0.122 seconds
[2026-04-28T12:36:00.214+0000] {processor.py:161} INFO - Started process (PID=2711) to work on /home/airflow/.local/lib/python3.8/site-packages/airflow/example_dags/example_complex.py
[2026-04-28T12:36:00.215+0000] {processor.py:830} INFO - Processing file /home/airflow/.local/lib/python3.8/site-packages/airflow/example_dags/example_complex.py for tasks to queue
[2026-04-28T12:36:00.217+0000] {logging_mixin.py:188} INFO - [2026-04-28T12:36:00.216+0000] {dagbag.py:540} INFO - Filling up the DagBag from /home/airflow/.local/lib/python3.8/site-packages/airflow/example_dags/example_complex.py
[2026-04-28T12:36:00.229+0000] {processor.py:840} INFO - DAG(s) 'example_complex' retrieved from /home/airflow/.local/lib/python3.8/site-packages/airflow/example_dags/example_complex.py
[2026-04-28T12:36:00.265+0000] {logging_mixin.py:188} INFO - [2026-04-28T12:36:00.265+0000] {dag.py:3047} INFO - Sync 1 DAGs
[2026-04-28T12:36:00.278+0000] {logging_mixin.py:188} INFO - [2026-04-28T12:36:00.278+0000] {dag.py:3834} INFO - Setting next_dagrun for example_complex to None, run_after=None
[2026-04-28T12:36:00.295+0000] {processor.py:183} INFO - Processing /home/airflow/.local/lib/python3.8/site-packages/airflow/example_dags/example_complex.py took 0.086 seconds
[2026-04-28T12:36:30.433+0000] {processor.py:161} INFO - Started process (PID=2767) to work on /home/airflow/.local/lib/python3.8/site-packages/airflow/example_dags/example_complex.py
[2026-04-28T12:36:30.434+0000] {processor.py:830} INFO - Processing file /home/airflow/.local/lib/python3.8/site-packages/airflow/example_dags/example_complex.py for tasks to queue
[2026-04-28T12:36:30.436+0000] {logging_mixin.py:188} INFO - [2026-04-28T12:36:30.436+0000] {dagbag.py:540} INFO - Filling up the DagBag from /home/airflow/.local/lib/python3.8/site-packages/airflow/example_dags/example_complex.py
[2026-04-28T12:36:30.449+0000] {processor.py:840} INFO - DAG(s) 'example_complex' retrieved from /home/airflow/.local/lib/python3.8/site-packages/airflow/example_dags/example_complex.py
[2026-04-28T12:36:30.484+0000] {logging_mixin.py:188} INFO - [2026-04-28T12:36:30.484+0000] {dag.py:3047} INFO - Sync 1 DAGs
[2026-04-28T12:36:30.497+0000] {logging_mixin.py:188} INFO - [2026-04-28T12:36:30.497+0000] {dag.py:3834} INFO - Setting next_dagrun for example_complex to None, run_after=None
[2026-04-28T12:36:30.515+0000] {processor.py:183} INFO - Processing /home/airflow/.local/lib/python3.8/site-packages/airflow/example_dags/example_complex.py took 0.085 seconds
[2026-04-28T12:37:00.872+0000] {processor.py:161} INFO - Started process (PID=2823) to work on /home/airflow/.local/lib/python3.8/site-packages/airflow/example_dags/example_complex.py
[2026-04-28T12:37:00.873+0000] {processor.py:830} INFO - Processing file /home/airflow/.local/lib/python3.8/site-packages/airflow/example_dags/example_complex.py for tasks to queue
[2026-04-28T12:37:00.877+0000] {logging_mixin.py:188} INFO - [2026-04-28T12:37:00.876+0000] {dagbag.py:540} INFO - Filling up the DagBag from /home/airflow/.local/lib/python3.8/site-packages/airflow/example_dags/example_complex.py
[2026-04-28T12:37:00.913+0000] {processor.py:840} INFO - DAG(s) 'example_complex' retrieved from /home/airflow/.local/lib/python3.8/site-packages/airflow/example_dags/example_complex.py
[2026-04-28T12:37:00.960+0000] {logging_mixin.py:188} INFO - [2026-04-28T12:37:00.960+0000] {dag.py:3047} INFO - Sync 1 DAGs
[2026-04-28T12:37:00.975+0000] {logging_mixin.py:188} INFO - [2026-04-28T12:37:00.975+0000] {dag.py:3834} INFO - Setting next_dagrun for example_complex to None, run_after=None
[2026-04-28T12:37:01.002+0000] {processor.py:183} INFO - Processing /home/airflow/.local/lib/python3.8/site-packages/airflow/example_dags/example_complex.py took 0.139 seconds
[2026-04-28T12:37:31.747+0000] {processor.py:161} INFO - Started process (PID=2879) to work on /home/airflow/.local/lib/python3.8/site-packages/airflow/example_dags/example_complex.py
[2026-04-28T12:37:31.748+0000] {processor.py:830} INFO - Processing file /home/airflow/.local/lib/python3.8/site-packages/airflow/example_dags/example_complex.py for tasks to queue
[2026-04-28T12:37:31.750+0000] {logging_mixin.py:188} INFO - [2026-04-28T12:37:31.750+0000] {dagbag.py:540} INFO - Filling up the DagBag from /home/airflow/.local/lib/python3.8/site-packages/airflow/example_dags/example_complex.py
[2026-04-28T12:37:31.765+0000] {processor.py:840} INFO - DAG(s) 'example_complex' retrieved from /home/airflow/.local/lib/python3.8/site-packages/airflow/example_dags/example_complex.py
[2026-04-28T12:37:31.820+0000] {logging_mixin.py:188} INFO - [2026-04-28T12:37:31.819+0000] {dag.py:3047} INFO - Sync 1 DAGs
[2026-04-28T12:37:31.847+0000] {logging_mixin.py:188} INFO - [2026-04-28T12:37:31.847+0000] {dag.py:3834} INFO - Setting next_dagrun for example_complex to None, run_after=None
[2026-04-28T12:37:31.883+0000] {processor.py:183} INFO - Processing /home/airflow/.local/lib/python3.8/site-packages/airflow/example_dags/example_complex.py took 0.141 seconds
[2026-04-28T12:38:02.481+0000] {processor.py:161} INFO - Started process (PID=2935) to work on /home/airflow/.local/lib/python3.8/site-packages/airflow/example_dags/example_complex.py
[2026-04-28T12:38:02.482+0000] {processor.py:830} INFO - Processing file /home/airflow/.local/lib/python3.8/site-packages/airflow/example_dags/example_complex.py for tasks to queue
[2026-04-28T12:38:02.484+0000] {logging_mixin.py:188} INFO - [2026-04-28T12:38:02.484+0000] {dagbag.py:540} INFO - Filling up the DagBag from /home/airflow/.local/lib/python3.8/site-packages/airflow/example_dags/example_complex.py
[2026-04-28T12:38:02.497+0000] {processor.py:840} INFO - DAG(s) 'example_complex' retrieved from /home/airflow/.local/lib/python3.8/site-packages/airflow/example_dags/example_complex.py
[2026-04-28T12:38:02.532+0000] {logging_mixin.py:188} INFO - [2026-04-28T12:38:02.531+0000] {dag.py:3047} INFO - Sync 1 DAGs
[2026-04-28T12:38:02.544+0000] {logging_mixin.py:188} INFO - [2026-04-28T12:38:02.544+0000] {dag.py:3834} INFO - Setting next_dagrun for example_complex to None, run_after=None
[2026-04-28T12:38:02.561+0000] {processor.py:183} INFO - Processing /home/airflow/.local/lib/python3.8/site-packages/airflow/example_dags/example_complex.py took 0.084 seconds
[2026-04-28T12:38:33.064+0000] {processor.py:161} INFO - Started process (PID=2991) to work on /home/airflow/.local/lib/python3.8/site-packages/airflow/example_dags/example_complex.py
[2026-04-28T12:38:33.069+0000] {processor.py:830} INFO - Processing file /home/airflow/.local/lib/python3.8/site-packages/airflow/example_dags/example_complex.py for tasks to queue
[2026-04-28T12:38:33.075+0000] {logging_mixin.py:188} INFO - [2026-04-28T12:38:33.071+0000] {dagbag.py:540} INFO - Filling up the DagBag from /home/airflow/.local/lib/python3.8/site-packages/airflow/example_dags/example_complex.py
[2026-04-28T12:38:33.108+0000] {processor.py:840} INFO - DAG(s) 'example_complex' retrieved from /home/airflow/.local/lib/python3.8/site-packages/airflow/example_dags/example_complex.py
[2026-04-28T12:38:33.150+0000] {logging_mixin.py:188} INFO - [2026-04-28T12:38:33.149+0000] {dag.py:3047} INFO - Sync 1 DAGs
[2026-04-28T12:38:33.171+0000] {logging_mixin.py:188} INFO - [2026-04-28T12:38:33.170+0000] {dag.py:3834} INFO - Setting next_dagrun for example_complex to None, run_after=None
[2026-04-28T12:38:33.205+0000] {processor.py:183} INFO - Processing /home/airflow/.local/lib/python3.8/site-packages/airflow/example_dags/example_complex.py took 0.153 seconds
[2026-04-28T12:39:03.450+0000] {processor.py:161} INFO - Started process (PID=3047) to work on /home/airflow/.local/lib/python3.8/site-packages/airflow/example_dags/example_complex.py
[2026-04-28T12:39:03.451+0000] {processor.py:830} INFO - Processing file /home/airflow/.local/lib/python3.8/site-packages/airflow/example_dags/example_complex.py for tasks to queue
[2026-04-28T12:39:03.453+0000] {logging_mixin.py:188} INFO - [2026-04-28T12:39:03.452+0000] {dagbag.py:540} INFO - Filling up the DagBag from /home/airflow/.local/lib/python3.8/site-packages/airflow/example_dags/example_complex.py
[2026-04-28T12:39:03.466+0000] {processor.py:840} INFO - DAG(s) 'example_complex' retrieved from /home/airflow/.local/lib/python3.8/site-packages/airflow/example_dags/example_complex.py
[2026-04-28T12:39:03.502+0000] {logging_mixin.py:188} INFO - [2026-04-28T12:39:03.502+0000] {dag.py:3047} INFO - Sync 1 DAGs
[2026-04-28T12:39:03.515+0000] {logging_mixin.py:188} INFO - [2026-04-28T12:39:03.514+0000] {dag.py:3834} INFO - Setting next_dagrun for example_complex to None, run_after=None
[2026-04-28T12:39:03.532+0000] {processor.py:183} INFO - Processing /home/airflow/.local/lib/python3.8/site-packages/airflow/example_dags/example_complex.py took 0.086 seconds
[2026-04-28T12:39:33.967+0000] {processor.py:161} INFO - Started process (PID=3103) to work on /home/airflow/.local/lib/python3.8/site-packages/airflow/example_dags/example_complex.py
[2026-04-28T12:39:33.968+0000] {processor.py:830} INFO - Processing file /home/airflow/.local/lib/python3.8/site-packages/airflow/example_dags/example_complex.py for tasks to queue
[2026-04-28T12:39:33.970+0000] {logging_mixin.py:188} INFO - [2026-04-28T12:39:33.969+0000] {dagbag.py:540} INFO - Filling up the DagBag from /home/airflow/.local/lib/python3.8/site-packages/airflow/example_dags/example_complex.py
[2026-04-28T12:39:34.000+0000] {processor.py:840} INFO - DAG(s) 'example_complex' retrieved from /home/airflow/.local/lib/python3.8/site-packages/airflow/example_dags/example_complex.py
[2026-04-28T12:39:34.034+0000] {logging_mixin.py:188} INFO - [2026-04-28T12:39:34.034+0000] {dag.py:3047} INFO - Sync 1 DAGs
[2026-04-28T12:39:34.058+0000] {logging_mixin.py:188} INFO - [2026-04-28T12:39:34.058+0000] {dag.py:3834} INFO - Setting next_dagrun for example_complex to None, run_after=None
[2026-04-28T12:39:34.088+0000] {processor.py:183} INFO - Processing /home/airflow/.local/lib/python3.8/site-packages/airflow/example_dags/example_complex.py took 0.128 seconds
[2026-04-28T12:40:04.514+0000] {processor.py:161} INFO - Started process (PID=3165) to work on /home/airflow/.local/lib/python3.8/site-packages/airflow/example_dags/example_complex.py
[2026-04-28T12:40:04.515+0000] {processor.py:830} INFO - Processing file /home/airflow/.local/lib/python3.8/site-packages/airflow/example_dags/example_complex.py for tasks to queue
[2026-04-28T12:40:04.518+0000] {logging_mixin.py:188} INFO - [2026-04-28T12:40:04.517+0000] {dagbag.py:540} INFO - Filling up the DagBag from /home/airflow/.local/lib/python3.8/site-packages/airflow/example_dags/example_complex.py
[2026-04-28T12:40:04.530+0000] {processor.py:840} INFO - DAG(s) 'example_complex' retrieved from /home/airflow/.local/lib/python3.8/site-packages/airflow/example_dags/example_complex.py
[2026-04-28T12:40:04.565+0000] {logging_mixin.py:188} INFO - [2026-04-28T12:40:04.565+0000] {dag.py:3047} INFO - Sync 1 DAGs
[2026-04-28T12:40:04.579+0000] {logging_mixin.py:188} INFO - [2026-04-28T12:40:04.578+0000] {dag.py:3834} INFO - Setting next_dagrun for example_complex to None, run_after=None
[2026-04-28T12:40:04.597+0000] {processor.py:183} INFO - Processing /home/airflow/.local/lib/python3.8/site-packages/airflow/example_dags/example_complex.py took 0.087 seconds
[2026-04-28T12:40:34.968+0000] {processor.py:161} INFO - Started process (PID=3221) to work on /home/airflow/.local/lib/python3.8/site-packages/airflow/example_dags/example_complex.py
[2026-04-28T12:40:34.968+0000] {processor.py:830} INFO - Processing file /home/airflow/.local/lib/python3.8/site-packages/airflow/example_dags/example_complex.py for tasks to queue
[2026-04-28T12:40:34.971+0000] {logging_mixin.py:188} INFO - [2026-04-28T12:40:34.970+0000] {dagbag.py:540} INFO - Filling up the DagBag from /home/airflow/.local/lib/python3.8/site-packages/airflow/example_dags/example_complex.py
[2026-04-28T12:40:34.983+0000] {processor.py:840} INFO - DAG(s) 'example_complex' retrieved from /home/airflow/.local/lib/python3.8/site-packages/airflow/example_dags/example_complex.py
[2026-04-28T12:40:35.019+0000] {logging_mixin.py:188} INFO - [2026-04-28T12:40:35.018+0000] {dag.py:3047} INFO - Sync 1 DAGs
[2026-04-28T12:40:35.032+0000] {logging_mixin.py:188} INFO - [2026-04-28T12:40:35.031+0000] {dag.py:3834} INFO - Setting next_dagrun for example_complex to None, run_after=None
[2026-04-28T12:40:35.049+0000] {processor.py:183} INFO - Processing /home/airflow/.local/lib/python3.8/site-packages/airflow/example_dags/example_complex.py took 0.086 seconds
[2026-04-28T12:41:05.133+0000] {processor.py:161} INFO - Started process (PID=3277) to work on /home/airflow/.local/lib/python3.8/site-packages/airflow/example_dags/example_complex.py
[2026-04-28T12:41:05.134+0000] {processor.py:830} INFO - Processing file /home/airflow/.local/lib/python3.8/site-packages/airflow/example_dags/example_complex.py for tasks to queue
[2026-04-28T12:41:05.137+0000] {logging_mixin.py:188} INFO - [2026-04-28T12:41:05.136+0000] {dagbag.py:540} INFO - Filling up the DagBag from /home/airflow/.local/lib/python3.8/site-packages/airflow/example_dags/example_complex.py
[2026-04-28T12:41:05.150+0000] {processor.py:840} INFO - DAG(s) 'example_complex' retrieved from /home/airflow/.local/lib/python3.8/site-packages/airflow/example_dags/example_complex.py
[2026-04-28T12:41:05.248+0000] {logging_mixin.py:188} INFO - [2026-04-28T12:41:05.248+0000] {dag.py:3047} INFO - Sync 1 DAGs
[2026-04-28T12:41:05.312+0000] {logging_mixin.py:188} INFO - [2026-04-28T12:41:05.311+0000] {dag.py:3834} INFO - Setting next_dagrun for example_complex to None, run_after=None
[2026-04-28T12:41:05.346+0000] {processor.py:183} INFO - Processing /home/airflow/.local/lib/python3.8/site-packages/airflow/example_dags/example_complex.py took 0.220 seconds
[2026-04-28T12:41:35.405+0000] {processor.py:161} INFO - Started process (PID=3334) to work on /home/airflow/.local/lib/python3.8/site-packages/airflow/example_dags/example_complex.py
[2026-04-28T12:41:35.405+0000] {processor.py:830} INFO - Processing file /home/airflow/.local/lib/python3.8/site-packages/airflow/example_dags/example_complex.py for tasks to queue
[2026-04-28T12:41:35.407+0000] {logging_mixin.py:188} INFO - [2026-04-28T12:41:35.407+0000] {dagbag.py:540} INFO - Filling up the DagBag from /home/airflow/.local/lib/python3.8/site-packages/airflow/example_dags/example_complex.py
[2026-04-28T12:41:35.417+0000] {processor.py:840} INFO - DAG(s) 'example_complex' retrieved from /home/airflow/.local/lib/python3.8/site-packages/airflow/example_dags/example_complex.py
[2026-04-28T12:41:35.440+0000] {logging_mixin.py:188} INFO - [2026-04-28T12:41:35.440+0000] {dag.py:3047} INFO - Sync 1 DAGs
[2026-04-28T12:41:35.450+0000] {logging_mixin.py:188} INFO - [2026-04-28T12:41:35.449+0000] {dag.py:3834} INFO - Setting next_dagrun for example_complex to None, run_after=None
[2026-04-28T12:41:35.463+0000] {processor.py:183} INFO - Processing /home/airflow/.local/lib/python3.8/site-packages/airflow/example_dags/example_complex.py took 0.061 seconds
[2026-04-28T12:42:05.757+0000] {processor.py:161} INFO - Started process (PID=3389) to work on /home/airflow/.local/lib/python3.8/site-packages/airflow/example_dags/example_complex.py
[2026-04-28T12:42:05.757+0000] {processor.py:830} INFO - Processing file /home/airflow/.local/lib/python3.8/site-packages/airflow/example_dags/example_complex.py for tasks to queue
[2026-04-28T12:42:05.760+0000] {logging_mixin.py:188} INFO - [2026-04-28T12:42:05.759+0000] {dagbag.py:540} INFO - Filling up the DagBag from /home/airflow/.local/lib/python3.8/site-packages/airflow/example_dags/example_complex.py
[2026-04-28T12:42:05.772+0000] {processor.py:840} INFO - DAG(s) 'example_complex' retrieved from /home/airflow/.local/lib/python3.8/site-packages/airflow/example_dags/example_complex.py
[2026-04-28T12:42:05.807+0000] {logging_mixin.py:188} INFO - [2026-04-28T12:42:05.806+0000] {dag.py:3047} INFO - Sync 1 DAGs
[2026-04-28T12:42:05.820+0000] {logging_mixin.py:188} INFO - [2026-04-28T12:42:05.820+0000] {dag.py:3834} INFO - Setting next_dagrun for example_complex to None, run_after=None
[2026-04-28T12:42:05.856+0000] {processor.py:183} INFO - Processing /home/airflow/.local/lib/python3.8/site-packages/airflow/example_dags/example_complex.py took 0.103 seconds
[2026-04-28T12:42:36.289+0000] {processor.py:161} INFO - Started process (PID=3445) to work on /home/airflow/.local/lib/python3.8/site-packages/airflow/example_dags/example_complex.py
[2026-04-28T12:42:36.290+0000] {processor.py:830} INFO - Processing file /home/airflow/.local/lib/python3.8/site-packages/airflow/example_dags/example_complex.py for tasks to queue
[2026-04-28T12:42:36.292+0000] {logging_mixin.py:188} INFO - [2026-04-28T12:42:36.292+0000] {dagbag.py:540} INFO - Filling up the DagBag from /home/airflow/.local/lib/python3.8/site-packages/airflow/example_dags/example_complex.py
[2026-04-28T12:42:36.306+0000] {processor.py:840} INFO - DAG(s) 'example_complex' retrieved from /home/airflow/.local/lib/python3.8/site-packages/airflow/example_dags/example_complex.py
[2026-04-28T12:42:36.341+0000] {logging_mixin.py:188} INFO - [2026-04-28T12:42:36.341+0000] {dag.py:3047} INFO - Sync 1 DAGs
[2026-04-28T12:42:36.354+0000] {logging_mixin.py:188} INFO - [2026-04-28T12:42:36.354+0000] {dag.py:3834} INFO - Setting next_dagrun for example_complex to None, run_after=None
[2026-04-28T12:42:36.372+0000] {processor.py:183} INFO - Processing /home/airflow/.local/lib/python3.8/site-packages/airflow/example_dags/example_complex.py took 0.086 seconds
[2026-04-28T12:43:06.506+0000] {processor.py:161} INFO - Started process (PID=3501) to work on /home/airflow/.local/lib/python3.8/site-packages/airflow/example_dags/example_complex.py
[2026-04-28T12:43:06.507+0000] {processor.py:830} INFO - Processing file /home/airflow/.local/lib/python3.8/site-packages/airflow/example_dags/example_complex.py for tasks to queue
[2026-04-28T12:43:06.509+0000] {logging_mixin.py:188} INFO - [2026-04-28T12:43:06.509+0000] {dagbag.py:540} INFO - Filling up the DagBag from /home/airflow/.local/lib/python3.8/site-packages/airflow/example_dags/example_complex.py
[2026-04-28T12:43:06.522+0000] {processor.py:840} INFO - DAG(s) 'example_complex' retrieved from /home/airflow/.local/lib/python3.8/site-packages/airflow/example_dags/example_complex.py
[2026-04-28T12:43:06.557+0000] {logging_mixin.py:188} INFO - [2026-04-28T12:43:06.557+0000] {dag.py:3047} INFO - Sync 1 DAGs
[2026-04-28T12:43:06.570+0000] {logging_mixin.py:188} INFO - [2026-04-28T12:43:06.570+0000] {dag.py:3834} INFO - Setting next_dagrun for example_complex to None, run_after=None
[2026-04-28T12:43:06.588+0000] {processor.py:183} INFO - Processing /home/airflow/.local/lib/python3.8/site-packages/airflow/example_dags/example_complex.py took 0.086 seconds
[2026-04-28T12:43:36.880+0000] {processor.py:161} INFO - Started process (PID=3556) to work on /home/airflow/.local/lib/python3.8/site-packages/airflow/example_dags/example_complex.py
[2026-04-28T12:43:36.881+0000] {processor.py:830} INFO - Processing file /home/airflow/.local/lib/python3.8/site-packages/airflow/example_dags/example_complex.py for tasks to queue
[2026-04-28T12:43:36.883+0000] {logging_mixin.py:188} INFO - [2026-04-28T12:43:36.883+0000] {dagbag.py:540} INFO - Filling up the DagBag from /home/airflow/.local/lib/python3.8/site-packages/airflow/example_dags/example_complex.py
[2026-04-28T12:43:36.896+0000] {processor.py:840} INFO - DAG(s) 'example_complex' retrieved from /home/airflow/.local/lib/python3.8/site-packages/airflow/example_dags/example_complex.py
[2026-04-28T12:43:36.932+0000] {logging_mixin.py:188} INFO - [2026-04-28T12:43:36.932+0000] {dag.py:3047} INFO - Sync 1 DAGs
[2026-04-28T12:43:36.946+0000] {logging_mixin.py:188} INFO - [2026-04-28T12:43:36.946+0000] {dag.py:3834} INFO - Setting next_dagrun for example_complex to None, run_after=None
[2026-04-28T12:43:36.964+0000] {processor.py:183} INFO - Processing /home/airflow/.local/lib/python3.8/site-packages/airflow/example_dags/example_complex.py took 0.087 seconds
[2026-04-28T12:44:07.897+0000] {processor.py:161} INFO - Started process (PID=3612) to work on /home/airflow/.local/lib/python3.8/site-packages/airflow/example_dags/example_complex.py
[2026-04-28T12:44:07.898+0000] {processor.py:830} INFO - Processing file /home/airflow/.local/lib/python3.8/site-packages/airflow/example_dags/example_complex.py for tasks to queue
[2026-04-28T12:44:07.901+0000] {logging_mixin.py:188} INFO - [2026-04-28T12:44:07.900+0000] {dagbag.py:540} INFO - Filling up the DagBag from /home/airflow/.local/lib/python3.8/site-packages/airflow/example_dags/example_complex.py
[2026-04-28T12:44:07.914+0000] {processor.py:840} INFO - DAG(s) 'example_complex' retrieved from /home/airflow/.local/lib/python3.8/site-packages/airflow/example_dags/example_complex.py
[2026-04-28T12:44:07.949+0000] {logging_mixin.py:188} INFO - [2026-04-28T12:44:07.948+0000] {dag.py:3047} INFO - Sync 1 DAGs
[2026-04-28T12:44:07.962+0000] {logging_mixin.py:188} INFO - [2026-04-28T12:44:07.961+0000] {dag.py:3834} INFO - Setting next_dagrun for example_complex to None, run_after=None
[2026-04-28T12:44:07.979+0000] {processor.py:183} INFO - Processing /home/airflow/.local/lib/python3.8/site-packages/airflow/example_dags/example_complex.py took 0.085 seconds
[2026-04-28T12:44:38.737+0000] {processor.py:161} INFO - Started process (PID=3668) to work on /home/airflow/.local/lib/python3.8/site-packages/airflow/example_dags/example_complex.py
[2026-04-28T12:44:38.738+0000] {processor.py:830} INFO - Processing file /home/airflow/.local/lib/python3.8/site-packages/airflow/example_dags/example_complex.py for tasks to queue
[2026-04-28T12:44:38.740+0000] {logging_mixin.py:188} INFO - [2026-04-28T12:44:38.739+0000] {dagbag.py:540} INFO - Filling up the DagBag from /home/airflow/.local/lib/python3.8/site-packages/airflow/example_dags/example_complex.py
[2026-04-28T12:44:38.753+0000] {processor.py:840} INFO - DAG(s) 'example_complex' retrieved from /home/airflow/.local/lib/python3.8/site-packages/airflow/example_dags/example_complex.py
[2026-04-28T12:44:38.787+0000] {logging_mixin.py:188} INFO - [2026-04-28T12:44:38.787+0000] {dag.py:3047} INFO - Sync 1 DAGs
[2026-04-28T12:44:38.802+0000] {logging_mixin.py:188} INFO - [2026-04-28T12:44:38.802+0000] {dag.py:3834} INFO - Setting next_dagrun for example_complex to None, run_after=None
[2026-04-28T12:44:38.820+0000] {processor.py:183} INFO - Processing /home/airflow/.local/lib/python3.8/site-packages/airflow/example_dags/example_complex.py took 0.087 seconds
[2026-04-28T12:45:09.588+0000] {processor.py:161} INFO - Started process (PID=3723) to work on /home/airflow/.local/lib/python3.8/site-packages/airflow/example_dags/example_complex.py
[2026-04-28T12:45:09.589+0000] {processor.py:830} INFO - Processing file /home/airflow/.local/lib/python3.8/site-packages/airflow/example_dags/example_complex.py for tasks to queue
[2026-04-28T12:45:09.591+0000] {logging_mixin.py:188} INFO - [2026-04-28T12:45:09.591+0000] {dagbag.py:540} INFO - Filling up the DagBag from /home/airflow/.local/lib/python3.8/site-packages/airflow/example_dags/example_complex.py
[2026-04-28T12:45:09.605+0000] {processor.py:840} INFO - DAG(s) 'example_complex' retrieved from /home/airflow/.local/lib/python3.8/site-packages/airflow/example_dags/example_complex.py
[2026-04-28T12:45:09.640+0000] {logging_mixin.py:188} INFO - [2026-04-28T12:45:09.639+0000] {dag.py:3047} INFO - Sync 1 DAGs
[2026-04-28T12:45:09.656+0000] {logging_mixin.py:188} INFO - [2026-04-28T12:45:09.655+0000] {dag.py:3834} INFO - Setting next_dagrun for example_complex to None, run_after=None
[2026-04-28T12:45:09.674+0000] {processor.py:183} INFO - Processing /home/airflow/.local/lib/python3.8/site-packages/airflow/example_dags/example_complex.py took 0.089 seconds
[2026-04-28T12:45:40.598+0000] {processor.py:161} INFO - Started process (PID=3779) to work on /home/airflow/.local/lib/python3.8/site-packages/airflow/example_dags/example_complex.py
[2026-04-28T12:45:40.598+0000] {processor.py:830} INFO - Processing file /home/airflow/.local/lib/python3.8/site-packages/airflow/example_dags/example_complex.py for tasks to queue
[2026-04-28T12:45:40.601+0000] {logging_mixin.py:188} INFO - [2026-04-28T12:45:40.600+0000] {dagbag.py:540} INFO - Filling up the DagBag from /home/airflow/.local/lib/python3.8/site-packages/airflow/example_dags/example_complex.py
[2026-04-28T12:45:40.613+0000] {processor.py:840} INFO - DAG(s) 'example_complex' retrieved from /home/airflow/.local/lib/python3.8/site-packages/airflow/example_dags/example_complex.py
[2026-04-28T12:45:40.648+0000] {logging_mixin.py:188} INFO - [2026-04-28T12:45:40.648+0000] {dag.py:3047} INFO - Sync 1 DAGs
[2026-04-28T12:45:40.662+0000] {logging_mixin.py:188} INFO - [2026-04-28T12:45:40.662+0000] {dag.py:3834} INFO - Setting next_dagrun for example_complex to None, run_after=None
[2026-04-28T12:45:40.680+0000] {processor.py:183} INFO - Processing /home/airflow/.local/lib/python3.8/site-packages/airflow/example_dags/example_complex.py took 0.086 seconds
[2026-04-28T12:46:10.804+0000] {processor.py:161} INFO - Started process (PID=3836) to work on /home/airflow/.local/lib/python3.8/site-packages/airflow/example_dags/example_complex.py
[2026-04-28T12:46:10.805+0000] {processor.py:830} INFO - Processing file /home/airflow/.local/lib/python3.8/site-packages/airflow/example_dags/example_complex.py for tasks to queue
[2026-04-28T12:46:10.807+0000] {logging_mixin.py:188} INFO - [2026-04-28T12:46:10.807+0000] {dagbag.py:540} INFO - Filling up the DagBag from /home/airflow/.local/lib/python3.8/site-packages/airflow/example_dags/example_complex.py
[2026-04-28T12:46:10.820+0000] {processor.py:840} INFO - DAG(s) 'example_complex' retrieved from /home/airflow/.local/lib/python3.8/site-packages/airflow/example_dags/example_complex.py
[2026-04-28T12:46:10.867+0000] {logging_mixin.py:188} INFO - [2026-04-28T12:46:10.867+0000] {dag.py:3047} INFO - Sync 1 DAGs
[2026-04-28T12:46:10.890+0000] {logging_mixin.py:188} INFO - [2026-04-28T12:46:10.889+0000] {dag.py:3834} INFO - Setting next_dagrun for example_complex to None, run_after=None
[2026-04-28T12:46:10.926+0000] {processor.py:183} INFO - Processing /home/airflow/.local/lib/python3.8/site-packages/airflow/example_dags/example_complex.py took 0.126 seconds
[2026-04-28T12:46:41.062+0000] {processor.py:161} INFO - Started process (PID=3892) to work on /home/airflow/.local/lib/python3.8/site-packages/airflow/example_dags/example_complex.py
[2026-04-28T12:46:41.063+0000] {processor.py:830} INFO - Processing file /home/airflow/.local/lib/python3.8/site-packages/airflow/example_dags/example_complex.py for tasks to queue
[2026-04-28T12:46:41.065+0000] {logging_mixin.py:188} INFO - [2026-04-28T12:46:41.065+0000] {dagbag.py:540} INFO - Filling up the DagBag from /home/airflow/.local/lib/python3.8/site-packages/airflow/example_dags/example_complex.py
[2026-04-28T12:46:41.080+0000] {processor.py:840} INFO - DAG(s) 'example_complex' retrieved from /home/airflow/.local/lib/python3.8/site-packages/airflow/example_dags/example_complex.py
[2026-04-28T12:46:41.162+0000] {logging_mixin.py:188} INFO - [2026-04-28T12:46:41.161+0000] {dag.py:3047} INFO - Sync 1 DAGs
[2026-04-28T12:46:41.177+0000] {logging_mixin.py:188} INFO - [2026-04-28T12:46:41.176+0000] {dag.py:3834} INFO - Setting next_dagrun for example_complex to None, run_after=None
[2026-04-28T12:46:41.196+0000] {processor.py:183} INFO - Processing /home/airflow/.local/lib/python3.8/site-packages/airflow/example_dags/example_complex.py took 0.138 seconds
[2026-04-28T12:47:12.033+0000] {processor.py:161} INFO - Started process (PID=3947) to work on /home/airflow/.local/lib/python3.8/site-packages/airflow/example_dags/example_complex.py
[2026-04-28T12:47:12.034+0000] {processor.py:830} INFO - Processing file /home/airflow/.local/lib/python3.8/site-packages/airflow/example_dags/example_complex.py for tasks to queue
[2026-04-28T12:47:12.036+0000] {logging_mixin.py:188} INFO - [2026-04-28T12:47:12.036+0000] {dagbag.py:540} INFO - Filling up the DagBag from /home/airflow/.local/lib/python3.8/site-packages/airflow/example_dags/example_complex.py
[2026-04-28T12:47:12.050+0000] {processor.py:840} INFO - DAG(s) 'example_complex' retrieved from /home/airflow/.local/lib/python3.8/site-packages/airflow/example_dags/example_complex.py
[2026-04-28T12:47:12.098+0000] {logging_mixin.py:188} INFO - [2026-04-28T12:47:12.098+0000] {dag.py:3047} INFO - Sync 1 DAGs
[2026-04-28T12:47:12.112+0000] {logging_mixin.py:188} INFO - [2026-04-28T12:47:12.111+0000] {dag.py:3834} INFO - Setting next_dagrun for example_complex to None, run_after=None
[2026-04-28T12:47:12.132+0000] {processor.py:183} INFO - Processing /home/airflow/.local/lib/python3.8/site-packages/airflow/example_dags/example_complex.py took 0.103 seconds
[2026-04-28T12:47:42.341+0000] {processor.py:161} INFO - Started process (PID=4003) to work on /home/airflow/.local/lib/python3.8/site-packages/airflow/example_dags/example_complex.py
[2026-04-28T12:47:42.342+0000] {processor.py:830} INFO - Processing file /home/airflow/.local/lib/python3.8/site-packages/airflow/example_dags/example_complex.py for tasks to queue
[2026-04-28T12:47:42.345+0000] {logging_mixin.py:188} INFO - [2026-04-28T12:47:42.345+0000] {dagbag.py:540} INFO - Filling up the DagBag from /home/airflow/.local/lib/python3.8/site-packages/airflow/example_dags/example_complex.py
[2026-04-28T12:47:42.360+0000] {processor.py:840} INFO - DAG(s) 'example_complex' retrieved from /home/airflow/.local/lib/python3.8/site-packages/airflow/example_dags/example_complex.py
[2026-04-28T12:47:42.397+0000] {logging_mixin.py:188} INFO - [2026-04-28T12:47:42.397+0000] {dag.py:3047} INFO - Sync 1 DAGs
[2026-04-28T12:47:42.415+0000] {logging_mixin.py:188} INFO - [2026-04-28T12:47:42.415+0000] {dag.py:3834} INFO - Setting next_dagrun for example_complex to None, run_after=None
[2026-04-28T12:47:42.456+0000] {processor.py:183} INFO - Processing /home/airflow/.local/lib/python3.8/site-packages/airflow/example_dags/example_complex.py took 0.120 seconds
[2026-04-28T12:48:13.198+0000] {processor.py:161} INFO - Started process (PID=4059) to work on /home/airflow/.local/lib/python3.8/site-packages/airflow/example_dags/example_complex.py
[2026-04-28T12:48:13.198+0000] {processor.py:830} INFO - Processing file /home/airflow/.local/lib/python3.8/site-packages/airflow/example_dags/example_complex.py for tasks to queue
[2026-04-28T12:48:13.201+0000] {logging_mixin.py:188} INFO - [2026-04-28T12:48:13.200+0000] {dagbag.py:540} INFO - Filling up the DagBag from /home/airflow/.local/lib/python3.8/site-packages/airflow/example_dags/example_complex.py
[2026-04-28T12:48:13.215+0000] {processor.py:840} INFO - DAG(s) 'example_complex' retrieved from /home/airflow/.local/lib/python3.8/site-packages/airflow/example_dags/example_complex.py
[2026-04-28T12:48:13.281+0000] {logging_mixin.py:188} INFO - [2026-04-28T12:48:13.281+0000] {dag.py:3047} INFO - Sync 1 DAGs
[2026-04-28T12:48:13.299+0000] {logging_mixin.py:188} INFO - [2026-04-28T12:48:13.299+0000] {dag.py:3834} INFO - Setting next_dagrun for example_complex to None, run_after=None
[2026-04-28T12:48:13.317+0000] {processor.py:183} INFO - Processing /home/airflow/.local/lib/python3.8/site-packages/airflow/example_dags/example_complex.py took 0.124 seconds
[2026-04-28T12:48:43.428+0000] {processor.py:161} INFO - Started process (PID=4115) to work on /home/airflow/.local/lib/python3.8/site-packages/airflow/example_dags/example_complex.py
[2026-04-28T12:48:43.429+0000] {processor.py:830} INFO - Processing file /home/airflow/.local/lib/python3.8/site-packages/airflow/example_dags/example_complex.py for tasks to queue
[2026-04-28T12:48:43.431+0000] {logging_mixin.py:188} INFO - [2026-04-28T12:48:43.431+0000] {dagbag.py:540} INFO - Filling up the DagBag from /home/airflow/.local/lib/python3.8/site-packages/airflow/example_dags/example_complex.py
[2026-04-28T12:48:43.446+0000] {processor.py:840} INFO - DAG(s) 'example_complex' retrieved from /home/airflow/.local/lib/python3.8/site-packages/airflow/example_dags/example_complex.py
[2026-04-28T12:48:43.480+0000] {logging_mixin.py:188} INFO - [2026-04-28T12:48:43.480+0000] {dag.py:3047} INFO - Sync 1 DAGs
[2026-04-28T12:48:43.496+0000] {logging_mixin.py:188} INFO - [2026-04-28T12:48:43.496+0000] {dag.py:3834} INFO - Setting next_dagrun for example_complex to None, run_after=None
[2026-04-28T12:48:43.514+0000] {processor.py:183} INFO - Processing /home/airflow/.local/lib/python3.8/site-packages/airflow/example_dags/example_complex.py took 0.090 seconds
[2026-04-28T12:49:13.721+0000] {processor.py:161} INFO - Started process (PID=4171) to work on /home/airflow/.local/lib/python3.8/site-packages/airflow/example_dags/example_complex.py
[2026-04-28T12:49:13.722+0000] {processor.py:830} INFO - Processing file /home/airflow/.local/lib/python3.8/site-packages/airflow/example_dags/example_complex.py for tasks to queue
[2026-04-28T12:49:13.725+0000] {logging_mixin.py:188} INFO - [2026-04-28T12:49:13.724+0000] {dagbag.py:540} INFO - Filling up the DagBag from /home/airflow/.local/lib/python3.8/site-packages/airflow/example_dags/example_complex.py
[2026-04-28T12:49:13.740+0000] {processor.py:840} INFO - DAG(s) 'example_complex' retrieved from /home/airflow/.local/lib/python3.8/site-packages/airflow/example_dags/example_complex.py
[2026-04-28T12:49:13.798+0000] {logging_mixin.py:188} INFO - [2026-04-28T12:49:13.798+0000] {dag.py:3047} INFO - Sync 1 DAGs
[2026-04-28T12:49:13.819+0000] {logging_mixin.py:188} INFO - [2026-04-28T12:49:13.819+0000] {dag.py:3834} INFO - Setting next_dagrun for example_complex to None, run_after=None
[2026-04-28T12:49:13.853+0000] {processor.py:183} INFO - Processing /home/airflow/.local/lib/python3.8/site-packages/airflow/example_dags/example_complex.py took 0.139 seconds
[2026-04-28T12:49:43.909+0000] {processor.py:161} INFO - Started process (PID=4226) to work on /home/airflow/.local/lib/python3.8/site-packages/airflow/example_dags/example_complex.py
[2026-04-28T12:49:43.909+0000] {processor.py:830} INFO - Processing file /home/airflow/.local/lib/python3.8/site-packages/airflow/example_dags/example_complex.py for tasks to queue
[2026-04-28T12:49:43.911+0000] {logging_mixin.py:188} INFO - [2026-04-28T12:49:43.911+0000] {dagbag.py:540} INFO - Filling up the DagBag from /home/airflow/.local/lib/python3.8/site-packages/airflow/example_dags/example_complex.py
[2026-04-28T12:49:43.920+0000] {processor.py:840} INFO - DAG(s) 'example_complex' retrieved from /home/airflow/.local/lib/python3.8/site-packages/airflow/example_dags/example_complex.py
[2026-04-28T12:49:43.943+0000] {logging_mixin.py:188} INFO - [2026-04-28T12:49:43.943+0000] {dag.py:3047} INFO - Sync 1 DAGs
[2026-04-28T12:49:43.952+0000] {logging_mixin.py:188} INFO - [2026-04-28T12:49:43.952+0000] {dag.py:3834} INFO - Setting next_dagrun for example_complex to None, run_after=None
[2026-04-28T12:49:43.966+0000] {processor.py:183} INFO - Processing /home/airflow/.local/lib/python3.8/site-packages/airflow/example_dags/example_complex.py took 0.060 seconds
[2026-04-28T12:50:14.220+0000] {processor.py:161} INFO - Started process (PID=4282) to work on /home/airflow/.local/lib/python3.8/site-packages/airflow/example_dags/example_complex.py
[2026-04-28T12:50:14.221+0000] {processor.py:830} INFO - Processing file /home/airflow/.local/lib/python3.8/site-packages/airflow/example_dags/example_complex.py for tasks to queue
[2026-04-28T12:50:14.222+0000] {logging_mixin.py:188} INFO - [2026-04-28T12:50:14.222+0000] {dagbag.py:540} INFO - Filling up the DagBag from /home/airflow/.local/lib/python3.8/site-packages/airflow/example_dags/example_complex.py
[2026-04-28T12:50:14.233+0000] {processor.py:840} INFO - DAG(s) 'example_complex' retrieved from /home/airflow/.local/lib/python3.8/site-packages/airflow/example_dags/example_complex.py
[2026-04-28T12:50:14.257+0000] {logging_mixin.py:188} INFO - [2026-04-28T12:50:14.256+0000] {dag.py:3047} INFO - Sync 1 DAGs
[2026-04-28T12:50:14.266+0000] {logging_mixin.py:188} INFO - [2026-04-28T12:50:14.266+0000] {dag.py:3834} INFO - Setting next_dagrun for example_complex to None, run_after=None
[2026-04-28T12:50:14.280+0000] {processor.py:183} INFO - Processing /home/airflow/.local/lib/python3.8/site-packages/airflow/example_dags/example_complex.py took 0.063 seconds
[2026-04-28T12:50:44.377+0000] {processor.py:161} INFO - Started process (PID=4338) to work on /home/airflow/.local/lib/python3.8/site-packages/airflow/example_dags/example_complex.py
[2026-04-28T12:50:44.378+0000] {processor.py:830} INFO - Processing file /home/airflow/.local/lib/python3.8/site-packages/airflow/example_dags/example_complex.py for tasks to queue
[2026-04-28T12:50:44.379+0000] {logging_mixin.py:188} INFO - [2026-04-28T12:50:44.379+0000] {dagbag.py:540} INFO - Filling up the DagBag from /home/airflow/.local/lib/python3.8/site-packages/airflow/example_dags/example_complex.py
[2026-04-28T12:50:44.388+0000] {processor.py:840} INFO - DAG(s) 'example_complex' retrieved from /home/airflow/.local/lib/python3.8/site-packages/airflow/example_dags/example_complex.py
[2026-04-28T12:50:44.414+0000] {logging_mixin.py:188} INFO - [2026-04-28T12:50:44.414+0000] {dag.py:3047} INFO - Sync 1 DAGs
[2026-04-28T12:50:44.428+0000] {logging_mixin.py:188} INFO - [2026-04-28T12:50:44.427+0000] {dag.py:3834} INFO - Setting next_dagrun for example_complex to None, run_after=None
[2026-04-28T12:50:44.442+0000] {processor.py:183} INFO - Processing /home/airflow/.local/lib/python3.8/site-packages/airflow/example_dags/example_complex.py took 0.068 seconds
[2026-04-28T12:51:14.591+0000] {processor.py:161} INFO - Started process (PID=4394) to work on /home/airflow/.local/lib/python3.8/site-packages/airflow/example_dags/example_complex.py
[2026-04-28T12:51:14.592+0000] {processor.py:830} INFO - Processing file /home/airflow/.local/lib/python3.8/site-packages/airflow/example_dags/example_complex.py for tasks to queue
[2026-04-28T12:51:14.594+0000] {logging_mixin.py:188} INFO - [2026-04-28T12:51:14.594+0000] {dagbag.py:540} INFO - Filling up the DagBag from /home/airflow/.local/lib/python3.8/site-packages/airflow/example_dags/example_complex.py
[2026-04-28T12:51:14.603+0000] {processor.py:840} INFO - DAG(s) 'example_complex' retrieved from /home/airflow/.local/lib/python3.8/site-packages/airflow/example_dags/example_complex.py
[2026-04-28T12:51:14.629+0000] {logging_mixin.py:188} INFO - [2026-04-28T12:51:14.628+0000] {dag.py:3047} INFO - Sync 1 DAGs
[2026-04-28T12:51:14.642+0000] {logging_mixin.py:188} INFO - [2026-04-28T12:51:14.642+0000] {dag.py:3834} INFO - Setting next_dagrun for example_complex to None, run_after=None
[2026-04-28T12:51:14.657+0000] {processor.py:183} INFO - Processing /home/airflow/.local/lib/python3.8/site-packages/airflow/example_dags/example_complex.py took 0.069 seconds
[2026-04-28T12:51:45.434+0000] {processor.py:161} INFO - Started process (PID=4450) to work on /home/airflow/.local/lib/python3.8/site-packages/airflow/example_dags/example_complex.py
[2026-04-28T12:51:45.435+0000] {processor.py:830} INFO - Processing file /home/airflow/.local/lib/python3.8/site-packages/airflow/example_dags/example_complex.py for tasks to queue
[2026-04-28T12:51:45.436+0000] {logging_mixin.py:188} INFO - [2026-04-28T12:51:45.436+0000] {dagbag.py:540} INFO - Filling up the DagBag from /home/airflow/.local/lib/python3.8/site-packages/airflow/example_dags/example_complex.py
[2026-04-28T12:51:45.445+0000] {processor.py:840} INFO - DAG(s) 'example_complex' retrieved from /home/airflow/.local/lib/python3.8/site-packages/airflow/example_dags/example_complex.py
[2026-04-28T12:51:45.468+0000] {logging_mixin.py:188} INFO - [2026-04-28T12:51:45.468+0000] {dag.py:3047} INFO - Sync 1 DAGs
[2026-04-28T12:51:45.482+0000] {logging_mixin.py:188} INFO - [2026-04-28T12:51:45.481+0000] {dag.py:3834} INFO - Setting next_dagrun for example_complex to None, run_after=None
[2026-04-28T12:51:45.495+0000] {processor.py:183} INFO - Processing /home/airflow/.local/lib/python3.8/site-packages/airflow/example_dags/example_complex.py took 0.064 seconds
[2026-04-28T12:52:16.264+0000] {processor.py:161} INFO - Started process (PID=4506) to work on /home/airflow/.local/lib/python3.8/site-packages/airflow/example_dags/example_complex.py
[2026-04-28T12:52:16.265+0000] {processor.py:830} INFO - Processing file /home/airflow/.local/lib/python3.8/site-packages/airflow/example_dags/example_complex.py for tasks to queue
[2026-04-28T12:52:16.268+0000] {logging_mixin.py:188} INFO - [2026-04-28T12:52:16.267+0000] {dagbag.py:540} INFO - Filling up the DagBag from /home/airflow/.local/lib/python3.8/site-packages/airflow/example_dags/example_complex.py
[2026-04-28T12:52:16.282+0000] {processor.py:840} INFO - DAG(s) 'example_complex' retrieved from /home/airflow/.local/lib/python3.8/site-packages/airflow/example_dags/example_complex.py
[2026-04-28T12:52:16.320+0000] {logging_mixin.py:188} INFO - [2026-04-28T12:52:16.320+0000] {dag.py:3047} INFO - Sync 1 DAGs
[2026-04-28T12:52:16.332+0000] {logging_mixin.py:188} INFO - [2026-04-28T12:52:16.332+0000] {dag.py:3834} INFO - Setting next_dagrun for example_complex to None, run_after=None
[2026-04-28T12:52:16.346+0000] {processor.py:183} INFO - Processing /home/airflow/.local/lib/python3.8/site-packages/airflow/example_dags/example_complex.py took 0.085 seconds
[2026-04-28T12:52:47.105+0000] {processor.py:161} INFO - Started process (PID=4562) to work on /home/airflow/.local/lib/python3.8/site-packages/airflow/example_dags/example_complex.py
[2026-04-28T12:52:47.106+0000] {processor.py:830} INFO - Processing file /home/airflow/.local/lib/python3.8/site-packages/airflow/example_dags/example_complex.py for tasks to queue
[2026-04-28T12:52:47.109+0000] {logging_mixin.py:188} INFO - [2026-04-28T12:52:47.108+0000] {dagbag.py:540} INFO - Filling up the DagBag from /home/airflow/.local/lib/python3.8/site-packages/airflow/example_dags/example_complex.py
[2026-04-28T12:52:47.123+0000] {processor.py:840} INFO - DAG(s) 'example_complex' retrieved from /home/airflow/.local/lib/python3.8/site-packages/airflow/example_dags/example_complex.py
[2026-04-28T12:52:47.160+0000] {logging_mixin.py:188} INFO - [2026-04-28T12:52:47.160+0000] {dag.py:3047} INFO - Sync 1 DAGs
[2026-04-28T12:52:47.173+0000] {logging_mixin.py:188} INFO - [2026-04-28T12:52:47.173+0000] {dag.py:3834} INFO - Setting next_dagrun for example_complex to None, run_after=None
[2026-04-28T12:52:47.186+0000] {processor.py:183} INFO - Processing /home/airflow/.local/lib/python3.8/site-packages/airflow/example_dags/example_complex.py took 0.085 seconds
[2026-04-28T12:53:17.274+0000] {processor.py:161} INFO - Started process (PID=4618) to work on /home/airflow/.local/lib/python3.8/site-packages/airflow/example_dags/example_complex.py
[2026-04-28T12:53:17.276+0000] {processor.py:830} INFO - Processing file /home/airflow/.local/lib/python3.8/site-packages/airflow/example_dags/example_complex.py for tasks to queue
[2026-04-28T12:53:17.284+0000] {logging_mixin.py:188} INFO - [2026-04-28T12:53:17.284+0000] {dagbag.py:540} INFO - Filling up the DagBag from /home/airflow/.local/lib/python3.8/site-packages/airflow/example_dags/example_complex.py
[2026-04-28T12:53:17.314+0000] {processor.py:840} INFO - DAG(s) 'example_complex' retrieved from /home/airflow/.local/lib/python3.8/site-packages/airflow/example_dags/example_complex.py
[2026-04-28T12:53:17.357+0000] {logging_mixin.py:188} INFO - [2026-04-28T12:53:17.357+0000] {dag.py:3047} INFO - Sync 1 DAGs
[2026-04-28T12:53:17.375+0000] {logging_mixin.py:188} INFO - [2026-04-28T12:53:17.375+0000] {dag.py:3834} INFO - Setting next_dagrun for example_complex to None, run_after=None
[2026-04-28T12:53:17.388+0000] {processor.py:183} INFO - Processing /home/airflow/.local/lib/python3.8/site-packages/airflow/example_dags/example_complex.py took 0.123 seconds
[2026-04-28T12:53:47.429+0000] {processor.py:161} INFO - Started process (PID=4674) to work on /home/airflow/.local/lib/python3.8/site-packages/airflow/example_dags/example_complex.py
[2026-04-28T12:53:47.430+0000] {processor.py:830} INFO - Processing file /home/airflow/.local/lib/python3.8/site-packages/airflow/example_dags/example_complex.py for tasks to queue
[2026-04-28T12:53:47.432+0000] {logging_mixin.py:188} INFO - [2026-04-28T12:53:47.432+0000] {dagbag.py:540} INFO - Filling up the DagBag from /home/airflow/.local/lib/python3.8/site-packages/airflow/example_dags/example_complex.py
[2026-04-28T12:53:47.446+0000] {processor.py:840} INFO - DAG(s) 'example_complex' retrieved from /home/airflow/.local/lib/python3.8/site-packages/airflow/example_dags/example_complex.py
[2026-04-28T12:53:47.483+0000] {logging_mixin.py:188} INFO - [2026-04-28T12:53:47.483+0000] {dag.py:3047} INFO - Sync 1 DAGs
[2026-04-28T12:53:47.495+0000] {logging_mixin.py:188} INFO - [2026-04-28T12:53:47.495+0000] {dag.py:3834} INFO - Setting next_dagrun for example_complex to None, run_after=None
[2026-04-28T12:53:47.510+0000] {processor.py:183} INFO - Processing /home/airflow/.local/lib/python3.8/site-packages/airflow/example_dags/example_complex.py took 0.085 seconds
[2026-04-28T12:54:17.648+0000] {processor.py:161} INFO - Started process (PID=4730) to work on /home/airflow/.local/lib/python3.8/site-packages/airflow/example_dags/example_complex.py
[2026-04-28T12:54:17.649+0000] {processor.py:830} INFO - Processing file /home/airflow/.local/lib/python3.8/site-packages/airflow/example_dags/example_complex.py for tasks to queue
[2026-04-28T12:54:17.651+0000] {logging_mixin.py:188} INFO - [2026-04-28T12:54:17.651+0000] {dagbag.py:540} INFO - Filling up the DagBag from /home/airflow/.local/lib/python3.8/site-packages/airflow/example_dags/example_complex.py
[2026-04-28T12:54:17.665+0000] {processor.py:840} INFO - DAG(s) 'example_complex' retrieved from /home/airflow/.local/lib/python3.8/site-packages/airflow/example_dags/example_complex.py
[2026-04-28T12:54:17.702+0000] {logging_mixin.py:188} INFO - [2026-04-28T12:54:17.701+0000] {dag.py:3047} INFO - Sync 1 DAGs
[2026-04-28T12:54:17.714+0000] {logging_mixin.py:188} INFO - [2026-04-28T12:54:17.714+0000] {dag.py:3834} INFO - Setting next_dagrun for example_complex to None, run_after=None
[2026-04-28T12:54:17.729+0000] {processor.py:183} INFO - Processing /home/airflow/.local/lib/python3.8/site-packages/airflow/example_dags/example_complex.py took 0.085 seconds
[2026-04-28T12:54:48.221+0000] {processor.py:161} INFO - Started process (PID=4786) to work on /home/airflow/.local/lib/python3.8/site-packages/airflow/example_dags/example_complex.py
[2026-04-28T12:54:48.222+0000] {processor.py:830} INFO - Processing file /home/airflow/.local/lib/python3.8/site-packages/airflow/example_dags/example_complex.py for tasks to queue
[2026-04-28T12:54:48.224+0000] {logging_mixin.py:188} INFO - [2026-04-28T12:54:48.223+0000] {dagbag.py:540} INFO - Filling up the DagBag from /home/airflow/.local/lib/python3.8/site-packages/airflow/example_dags/example_complex.py
[2026-04-28T12:54:48.238+0000] {processor.py:840} INFO - DAG(s) 'example_complex' retrieved from /home/airflow/.local/lib/python3.8/site-packages/airflow/example_dags/example_complex.py
[2026-04-28T12:54:48.274+0000] {logging_mixin.py:188} INFO - [2026-04-28T12:54:48.274+0000] {dag.py:3047} INFO - Sync 1 DAGs
[2026-04-28T12:54:48.287+0000] {logging_mixin.py:188} INFO - [2026-04-28T12:54:48.287+0000] {dag.py:3834} INFO - Setting next_dagrun for example_complex to None, run_after=None
[2026-04-28T12:54:48.301+0000] {processor.py:183} INFO - Processing /home/airflow/.local/lib/python3.8/site-packages/airflow/example_dags/example_complex.py took 0.086 seconds
[2026-04-28T12:55:18.984+0000] {processor.py:161} INFO - Started process (PID=4842) to work on /home/airflow/.local/lib/python3.8/site-packages/airflow/example_dags/example_complex.py
[2026-04-28T12:55:18.984+0000] {processor.py:830} INFO - Processing file /home/airflow/.local/lib/python3.8/site-packages/airflow/example_dags/example_complex.py for tasks to queue
[2026-04-28T12:55:18.986+0000] {logging_mixin.py:188} INFO - [2026-04-28T12:55:18.986+0000] {dagbag.py:540} INFO - Filling up the DagBag from /home/airflow/.local/lib/python3.8/site-packages/airflow/example_dags/example_complex.py
[2026-04-28T12:55:18.995+0000] {processor.py:840} INFO - DAG(s) 'example_complex' retrieved from /home/airflow/.local/lib/python3.8/site-packages/airflow/example_dags/example_complex.py
[2026-04-28T12:55:19.018+0000] {logging_mixin.py:188} INFO - [2026-04-28T12:55:19.018+0000] {dag.py:3047} INFO - Sync 1 DAGs
[2026-04-28T12:55:19.028+0000] {logging_mixin.py:188} INFO - [2026-04-28T12:55:19.027+0000] {dag.py:3834} INFO - Setting next_dagrun for example_complex to None, run_after=None
[2026-04-28T12:55:19.041+0000] {processor.py:183} INFO - Processing /home/airflow/.local/lib/python3.8/site-packages/airflow/example_dags/example_complex.py took 0.060 seconds
[2026-04-28T12:55:49.982+0000] {processor.py:161} INFO - Started process (PID=4898) to work on /home/airflow/.local/lib/python3.8/site-packages/airflow/example_dags/example_complex.py
[2026-04-28T12:55:49.983+0000] {processor.py:830} INFO - Processing file /home/airflow/.local/lib/python3.8/site-packages/airflow/example_dags/example_complex.py for tasks to queue
[2026-04-28T12:55:49.985+0000] {logging_mixin.py:188} INFO - [2026-04-28T12:55:49.984+0000] {dagbag.py:540} INFO - Filling up the DagBag from /home/airflow/.local/lib/python3.8/site-packages/airflow/example_dags/example_complex.py
[2026-04-28T12:55:49.993+0000] {processor.py:840} INFO - DAG(s) 'example_complex' retrieved from /home/airflow/.local/lib/python3.8/site-packages/airflow/example_dags/example_complex.py
[2026-04-28T12:55:50.016+0000] {logging_mixin.py:188} INFO - [2026-04-28T12:55:50.016+0000] {dag.py:3047} INFO - Sync 1 DAGs
[2026-04-28T12:55:50.025+0000] {logging_mixin.py:188} INFO - [2026-04-28T12:55:50.025+0000] {dag.py:3834} INFO - Setting next_dagrun for example_complex to None, run_after=None
[2026-04-28T12:55:50.038+0000] {processor.py:183} INFO - Processing /home/airflow/.local/lib/python3.8/site-packages/airflow/example_dags/example_complex.py took 0.059 seconds
[2026-04-28T12:56:20.406+0000] {processor.py:161} INFO - Started process (PID=4953) to work on /home/airflow/.local/lib/python3.8/site-packages/airflow/example_dags/example_complex.py
[2026-04-28T12:56:20.408+0000] {processor.py:830} INFO - Processing file /home/airflow/.local/lib/python3.8/site-packages/airflow/example_dags/example_complex.py for tasks to queue
[2026-04-28T12:56:20.412+0000] {logging_mixin.py:188} INFO - [2026-04-28T12:56:20.411+0000] {dagbag.py:540} INFO - Filling up the DagBag from /home/airflow/.local/lib/python3.8/site-packages/airflow/example_dags/example_complex.py
[2026-04-28T12:56:20.433+0000] {processor.py:840} INFO - DAG(s) 'example_complex' retrieved from /home/airflow/.local/lib/python3.8/site-packages/airflow/example_dags/example_complex.py
[2026-04-28T12:56:20.500+0000] {logging_mixin.py:188} INFO - [2026-04-28T12:56:20.500+0000] {dag.py:3047} INFO - Sync 1 DAGs
[2026-04-28T12:56:20.526+0000] {logging_mixin.py:188} INFO - [2026-04-28T12:56:20.523+0000] {dag.py:3834} INFO - Setting next_dagrun for example_complex to None, run_after=None
[2026-04-28T12:56:20.557+0000] {processor.py:183} INFO - Processing /home/airflow/.local/lib/python3.8/site-packages/airflow/example_dags/example_complex.py took 0.159 seconds
[2026-04-28T12:56:51.315+0000] {processor.py:161} INFO - Started process (PID=5009) to work on /home/airflow/.local/lib/python3.8/site-packages/airflow/example_dags/example_complex.py
[2026-04-28T12:56:51.316+0000] {processor.py:830} INFO - Processing file /home/airflow/.local/lib/python3.8/site-packages/airflow/example_dags/example_complex.py for tasks to queue
[2026-04-28T12:56:51.318+0000] {logging_mixin.py:188} INFO - [2026-04-28T12:56:51.318+0000] {dagbag.py:540} INFO - Filling up the DagBag from /home/airflow/.local/lib/python3.8/site-packages/airflow/example_dags/example_complex.py
[2026-04-28T12:56:51.328+0000] {processor.py:840} INFO - DAG(s) 'example_complex' retrieved from /home/airflow/.local/lib/python3.8/site-packages/airflow/example_dags/example_complex.py
[2026-04-28T12:56:51.351+0000] {logging_mixin.py:188} INFO - [2026-04-28T12:56:51.351+0000] {dag.py:3047} INFO - Sync 1 DAGs
[2026-04-28T12:56:51.360+0000] {logging_mixin.py:188} INFO - [2026-04-28T12:56:51.360+0000] {dag.py:3834} INFO - Setting next_dagrun for example_complex to None, run_after=None
[2026-04-28T12:56:51.374+0000] {processor.py:183} INFO - Processing /home/airflow/.local/lib/python3.8/site-packages/airflow/example_dags/example_complex.py took 0.061 seconds
[2026-04-28T12:57:21.517+0000] {processor.py:161} INFO - Started process (PID=5065) to work on /home/airflow/.local/lib/python3.8/site-packages/airflow/example_dags/example_complex.py
[2026-04-28T12:57:21.519+0000] {processor.py:830} INFO - Processing file /home/airflow/.local/lib/python3.8/site-packages/airflow/example_dags/example_complex.py for tasks to queue
[2026-04-28T12:57:21.523+0000] {logging_mixin.py:188} INFO - [2026-04-28T12:57:21.522+0000] {dagbag.py:540} INFO - Filling up the DagBag from /home/airflow/.local/lib/python3.8/site-packages/airflow/example_dags/example_complex.py
[2026-04-28T12:57:21.545+0000] {processor.py:840} INFO - DAG(s) 'example_complex' retrieved from /home/airflow/.local/lib/python3.8/site-packages/airflow/example_dags/example_complex.py
[2026-04-28T12:57:21.584+0000] {logging_mixin.py:188} INFO - [2026-04-28T12:57:21.584+0000] {dag.py:3047} INFO - Sync 1 DAGs
[2026-04-28T12:57:21.596+0000] {logging_mixin.py:188} INFO - [2026-04-28T12:57:21.596+0000] {dag.py:3834} INFO - Setting next_dagrun for example_complex to None, run_after=None
[2026-04-28T12:57:21.609+0000] {processor.py:183} INFO - Processing /home/airflow/.local/lib/python3.8/site-packages/airflow/example_dags/example_complex.py took 0.096 seconds
[2026-04-28T12:57:51.864+0000] {processor.py:161} INFO - Started process (PID=5121) to work on /home/airflow/.local/lib/python3.8/site-packages/airflow/example_dags/example_complex.py
[2026-04-28T12:57:51.865+0000] {processor.py:830} INFO - Processing file /home/airflow/.local/lib/python3.8/site-packages/airflow/example_dags/example_complex.py for tasks to queue
[2026-04-28T12:57:51.866+0000] {logging_mixin.py:188} INFO - [2026-04-28T12:57:51.866+0000] {dagbag.py:540} INFO - Filling up the DagBag from /home/airflow/.local/lib/python3.8/site-packages/airflow/example_dags/example_complex.py
[2026-04-28T12:57:51.875+0000] {processor.py:840} INFO - DAG(s) 'example_complex' retrieved from /home/airflow/.local/lib/python3.8/site-packages/airflow/example_dags/example_complex.py
[2026-04-28T12:57:51.898+0000] {logging_mixin.py:188} INFO - [2026-04-28T12:57:51.897+0000] {dag.py:3047} INFO - Sync 1 DAGs
[2026-04-28T12:57:51.907+0000] {logging_mixin.py:188} INFO - [2026-04-28T12:57:51.907+0000] {dag.py:3834} INFO - Setting next_dagrun for example_complex to None, run_after=None
[2026-04-28T12:57:51.920+0000] {processor.py:183} INFO - Processing /home/airflow/.local/lib/python3.8/site-packages/airflow/example_dags/example_complex.py took 0.059 seconds
[2026-04-28T12:58:22.048+0000] {processor.py:161} INFO - Started process (PID=5176) to work on /home/airflow/.local/lib/python3.8/site-packages/airflow/example_dags/example_complex.py
[2026-04-28T12:58:22.049+0000] {processor.py:830} INFO - Processing file /home/airflow/.local/lib/python3.8/site-packages/airflow/example_dags/example_complex.py for tasks to queue
[2026-04-28T12:58:22.051+0000] {logging_mixin.py:188} INFO - [2026-04-28T12:58:22.051+0000] {dagbag.py:540} INFO - Filling up the DagBag from /home/airflow/.local/lib/python3.8/site-packages/airflow/example_dags/example_complex.py
[2026-04-28T12:58:22.064+0000] {processor.py:840} INFO - DAG(s) 'example_complex' retrieved from /home/airflow/.local/lib/python3.8/site-packages/airflow/example_dags/example_complex.py
[2026-04-28T12:58:22.102+0000] {logging_mixin.py:188} INFO - [2026-04-28T12:58:22.101+0000] {dag.py:3047} INFO - Sync 1 DAGs
[2026-04-28T12:58:22.114+0000] {logging_mixin.py:188} INFO - [2026-04-28T12:58:22.114+0000] {dag.py:3834} INFO - Setting next_dagrun for example_complex to None, run_after=None
[2026-04-28T12:58:22.128+0000] {processor.py:183} INFO - Processing /home/airflow/.local/lib/python3.8/site-packages/airflow/example_dags/example_complex.py took 0.084 seconds
[2026-04-28T12:58:52.983+0000] {processor.py:161} INFO - Started process (PID=5232) to work on /home/airflow/.local/lib/python3.8/site-packages/airflow/example_dags/example_complex.py
[2026-04-28T12:58:52.983+0000] {processor.py:830} INFO - Processing file /home/airflow/.local/lib/python3.8/site-packages/airflow/example_dags/example_complex.py for tasks to queue
[2026-04-28T12:58:52.989+0000] {logging_mixin.py:188} INFO - [2026-04-28T12:58:52.989+0000] {dagbag.py:540} INFO - Filling up the DagBag from /home/airflow/.local/lib/python3.8/site-packages/airflow/example_dags/example_complex.py
[2026-04-28T12:58:53.011+0000] {processor.py:840} INFO - DAG(s) 'example_complex' retrieved from /home/airflow/.local/lib/python3.8/site-packages/airflow/example_dags/example_complex.py
[2026-04-28T12:58:53.048+0000] {logging_mixin.py:188} INFO - [2026-04-28T12:58:53.048+0000] {dag.py:3047} INFO - Sync 1 DAGs
[2026-04-28T12:58:53.062+0000] {logging_mixin.py:188} INFO - [2026-04-28T12:58:53.062+0000] {dag.py:3834} INFO - Setting next_dagrun for example_complex to None, run_after=None
[2026-04-28T12:58:53.078+0000] {processor.py:183} INFO - Processing /home/airflow/.local/lib/python3.8/site-packages/airflow/example_dags/example_complex.py took 0.100 seconds
[2026-04-28T12:59:23.705+0000] {processor.py:161} INFO - Started process (PID=5288) to work on /home/airflow/.local/lib/python3.8/site-packages/airflow/example_dags/example_complex.py
[2026-04-28T12:59:23.705+0000] {processor.py:830} INFO - Processing file /home/airflow/.local/lib/python3.8/site-packages/airflow/example_dags/example_complex.py for tasks to queue
[2026-04-28T12:59:23.707+0000] {logging_mixin.py:188} INFO - [2026-04-28T12:59:23.707+0000] {dagbag.py:540} INFO - Filling up the DagBag from /home/airflow/.local/lib/python3.8/site-packages/airflow/example_dags/example_complex.py
[2026-04-28T12:59:23.715+0000] {processor.py:840} INFO - DAG(s) 'example_complex' retrieved from /home/airflow/.local/lib/python3.8/site-packages/airflow/example_dags/example_complex.py
[2026-04-28T12:59:23.739+0000] {logging_mixin.py:188} INFO - [2026-04-28T12:59:23.738+0000] {dag.py:3047} INFO - Sync 1 DAGs
[2026-04-28T12:59:23.748+0000] {logging_mixin.py:188} INFO - [2026-04-28T12:59:23.748+0000] {dag.py:3834} INFO - Setting next_dagrun for example_complex to None, run_after=None
[2026-04-28T12:59:23.761+0000] {processor.py:183} INFO - Processing /home/airflow/.local/lib/python3.8/site-packages/airflow/example_dags/example_complex.py took 0.059 seconds
[2026-04-28T12:59:54.242+0000] {processor.py:161} INFO - Started process (PID=5344) to work on /home/airflow/.local/lib/python3.8/site-packages/airflow/example_dags/example_complex.py
[2026-04-28T12:59:54.243+0000] {processor.py:830} INFO - Processing file /home/airflow/.local/lib/python3.8/site-packages/airflow/example_dags/example_complex.py for tasks to queue
[2026-04-28T12:59:54.244+0000] {logging_mixin.py:188} INFO - [2026-04-28T12:59:54.244+0000] {dagbag.py:540} INFO - Filling up the DagBag from /home/airflow/.local/lib/python3.8/site-packages/airflow/example_dags/example_complex.py
[2026-04-28T12:59:54.253+0000] {processor.py:840} INFO - DAG(s) 'example_complex' retrieved from /home/airflow/.local/lib/python3.8/site-packages/airflow/example_dags/example_complex.py
[2026-04-28T12:59:54.280+0000] {logging_mixin.py:188} INFO - [2026-04-28T12:59:54.280+0000] {dag.py:3047} INFO - Sync 1 DAGs
[2026-04-28T12:59:54.290+0000] {logging_mixin.py:188} INFO - [2026-04-28T12:59:54.290+0000] {dag.py:3834} INFO - Setting next_dagrun for example_complex to None, run_after=None
[2026-04-28T12:59:54.303+0000] {processor.py:183} INFO - Processing /home/airflow/.local/lib/python3.8/site-packages/airflow/example_dags/example_complex.py took 0.064 seconds
[2026-04-28T13:00:24.867+0000] {processor.py:161} INFO - Started process (PID=5400) to work on /home/airflow/.local/lib/python3.8/site-packages/airflow/example_dags/example_complex.py
[2026-04-28T13:00:24.868+0000] {processor.py:830} INFO - Processing file /home/airflow/.local/lib/python3.8/site-packages/airflow/example_dags/example_complex.py for tasks to queue
[2026-04-28T13:00:24.870+0000] {logging_mixin.py:188} INFO - [2026-04-28T13:00:24.870+0000] {dagbag.py:540} INFO - Filling up the DagBag from /home/airflow/.local/lib/python3.8/site-packages/airflow/example_dags/example_complex.py
[2026-04-28T13:00:24.884+0000] {processor.py:840} INFO - DAG(s) 'example_complex' retrieved from /home/airflow/.local/lib/python3.8/site-packages/airflow/example_dags/example_complex.py
[2026-04-28T13:00:24.922+0000] {logging_mixin.py:188} INFO - [2026-04-28T13:00:24.921+0000] {dag.py:3047} INFO - Sync 1 DAGs
[2026-04-28T13:00:24.936+0000] {logging_mixin.py:188} INFO - [2026-04-28T13:00:24.936+0000] {dag.py:3834} INFO - Setting next_dagrun for example_complex to None, run_after=None
[2026-04-28T13:00:24.955+0000] {processor.py:183} INFO - Processing /home/airflow/.local/lib/python3.8/site-packages/airflow/example_dags/example_complex.py took 0.092 seconds
[2026-04-28T13:00:55.892+0000] {processor.py:161} INFO - Started process (PID=5455) to work on /home/airflow/.local/lib/python3.8/site-packages/airflow/example_dags/example_complex.py
[2026-04-28T13:00:55.893+0000] {processor.py:830} INFO - Processing file /home/airflow/.local/lib/python3.8/site-packages/airflow/example_dags/example_complex.py for tasks to queue
[2026-04-28T13:00:55.895+0000] {logging_mixin.py:188} INFO - [2026-04-28T13:00:55.895+0000] {dagbag.py:540} INFO - Filling up the DagBag from /home/airflow/.local/lib/python3.8/site-packages/airflow/example_dags/example_complex.py
[2026-04-28T13:00:55.910+0000] {processor.py:840} INFO - DAG(s) 'example_complex' retrieved from /home/airflow/.local/lib/python3.8/site-packages/airflow/example_dags/example_complex.py
[2026-04-28T13:00:55.949+0000] {logging_mixin.py:188} INFO - [2026-04-28T13:00:55.948+0000] {dag.py:3047} INFO - Sync 1 DAGs
[2026-04-28T13:00:55.964+0000] {logging_mixin.py:188} INFO - [2026-04-28T13:00:55.963+0000] {dag.py:3834} INFO - Setting next_dagrun for example_complex to None, run_after=None
[2026-04-28T13:00:55.983+0000] {processor.py:183} INFO - Processing /home/airflow/.local/lib/python3.8/site-packages/airflow/example_dags/example_complex.py took 0.094 seconds
[2026-04-28T13:01:26.155+0000] {processor.py:161} INFO - Started process (PID=5511) to work on /home/airflow/.local/lib/python3.8/site-packages/airflow/example_dags/example_complex.py
[2026-04-28T13:01:26.156+0000] {processor.py:830} INFO - Processing file /home/airflow/.local/lib/python3.8/site-packages/airflow/example_dags/example_complex.py for tasks to queue
[2026-04-28T13:01:26.158+0000] {logging_mixin.py:188} INFO - [2026-04-28T13:01:26.158+0000] {dagbag.py:540} INFO - Filling up the DagBag from /home/airflow/.local/lib/python3.8/site-packages/airflow/example_dags/example_complex.py
[2026-04-28T13:01:26.176+0000] {processor.py:840} INFO - DAG(s) 'example_complex' retrieved from /home/airflow/.local/lib/python3.8/site-packages/airflow/example_dags/example_complex.py
[2026-04-28T13:01:26.211+0000] {logging_mixin.py:188} INFO - [2026-04-28T13:01:26.211+0000] {dag.py:3047} INFO - Sync 1 DAGs
[2026-04-28T13:01:26.222+0000] {logging_mixin.py:188} INFO - [2026-04-28T13:01:26.222+0000] {dag.py:3834} INFO - Setting next_dagrun for example_complex to None, run_after=None
[2026-04-28T13:01:26.235+0000] {processor.py:183} INFO - Processing /home/airflow/.local/lib/python3.8/site-packages/airflow/example_dags/example_complex.py took 0.084 seconds
[2026-04-28T13:01:57.208+0000] {processor.py:161} INFO - Started process (PID=5565) to work on /home/airflow/.local/lib/python3.8/site-packages/airflow/example_dags/example_complex.py
[2026-04-28T13:01:57.209+0000] {processor.py:830} INFO - Processing file /home/airflow/.local/lib/python3.8/site-packages/airflow/example_dags/example_complex.py for tasks to queue
[2026-04-28T13:01:57.214+0000] {logging_mixin.py:188} INFO - [2026-04-28T13:01:57.214+0000] {dagbag.py:540} INFO - Filling up the DagBag from /home/airflow/.local/lib/python3.8/site-packages/airflow/example_dags/example_complex.py
[2026-04-28T13:01:57.238+0000] {processor.py:840} INFO - DAG(s) 'example_complex' retrieved from /home/airflow/.local/lib/python3.8/site-packages/airflow/example_dags/example_complex.py
[2026-04-28T13:01:57.279+0000] {logging_mixin.py:188} INFO - [2026-04-28T13:01:57.278+0000] {dag.py:3047} INFO - Sync 1 DAGs
[2026-04-28T13:01:57.289+0000] {logging_mixin.py:188} INFO - [2026-04-28T13:01:57.288+0000] {dag.py:3834} INFO - Setting next_dagrun for example_complex to None, run_after=None
[2026-04-28T13:01:57.302+0000] {processor.py:183} INFO - Processing /home/airflow/.local/lib/python3.8/site-packages/airflow/example_dags/example_complex.py took 0.099 seconds
[2026-04-28T13:02:27.423+0000] {processor.py:161} INFO - Started process (PID=5621) to work on /home/airflow/.local/lib/python3.8/site-packages/airflow/example_dags/example_complex.py
[2026-04-28T13:02:27.424+0000] {processor.py:830} INFO - Processing file /home/airflow/.local/lib/python3.8/site-packages/airflow/example_dags/example_complex.py for tasks to queue
[2026-04-28T13:02:27.426+0000] {logging_mixin.py:188} INFO - [2026-04-28T13:02:27.426+0000] {dagbag.py:540} INFO - Filling up the DagBag from /home/airflow/.local/lib/python3.8/site-packages/airflow/example_dags/example_complex.py
[2026-04-28T13:02:27.442+0000] {processor.py:840} INFO - DAG(s) 'example_complex' retrieved from /home/airflow/.local/lib/python3.8/site-packages/airflow/example_dags/example_complex.py
[2026-04-28T13:02:27.484+0000] {logging_mixin.py:188} INFO - [2026-04-28T13:02:27.483+0000] {dag.py:3047} INFO - Sync 1 DAGs
[2026-04-28T13:02:27.499+0000] {logging_mixin.py:188} INFO - [2026-04-28T13:02:27.498+0000] {dag.py:3834} INFO - Setting next_dagrun for example_complex to None, run_after=None
[2026-04-28T13:02:27.521+0000] {processor.py:183} INFO - Processing /home/airflow/.local/lib/python3.8/site-packages/airflow/example_dags/example_complex.py took 0.102 seconds
