[2026-04-28T12:11:48.434+0000] {processor.py:161} INFO - Started process (PID=71) to work on /home/airflow/.local/lib/python3.8/site-packages/airflow/example_dags/example_sla_dag.py
[2026-04-28T12:11:48.437+0000] {processor.py:830} INFO - Processing file /home/airflow/.local/lib/python3.8/site-packages/airflow/example_dags/example_sla_dag.py for tasks to queue
[2026-04-28T12:11:48.443+0000] {logging_mixin.py:188} INFO - [2026-04-28T12:11:48.442+0000] {dagbag.py:540} INFO - Filling up the DagBag from /home/airflow/.local/lib/python3.8/site-packages/airflow/example_dags/example_sla_dag.py
[2026-04-28T12:11:48.482+0000] {processor.py:840} INFO - DAG(s) 'example_sla_dag' retrieved from /home/airflow/.local/lib/python3.8/site-packages/airflow/example_dags/example_sla_dag.py
[2026-04-28T12:11:48.873+0000] {logging_mixin.py:188} INFO - [2026-04-28T12:11:48.873+0000] {dag.py:3047} INFO - Sync 1 DAGs
[2026-04-28T12:11:48.938+0000] {logging_mixin.py:188} INFO - [2026-04-28T12:11:48.938+0000] {dag.py:3834} INFO - Setting next_dagrun for example_sla_dag to 2026-04-28 12:08:00+00:00, run_after=2026-04-28 12:10:00+00:00
[2026-04-28T12:11:49.007+0000] {processor.py:183} INFO - Processing /home/airflow/.local/lib/python3.8/site-packages/airflow/example_dags/example_sla_dag.py took 0.589 seconds
[2026-04-28T12:12:19.242+0000] {processor.py:161} INFO - Started process (PID=126) to work on /home/airflow/.local/lib/python3.8/site-packages/airflow/example_dags/example_sla_dag.py
[2026-04-28T12:12:19.243+0000] {processor.py:830} INFO - Processing file /home/airflow/.local/lib/python3.8/site-packages/airflow/example_dags/example_sla_dag.py for tasks to queue
[2026-04-28T12:12:19.244+0000] {logging_mixin.py:188} INFO - [2026-04-28T12:12:19.244+0000] {dagbag.py:540} INFO - Filling up the DagBag from /home/airflow/.local/lib/python3.8/site-packages/airflow/example_dags/example_sla_dag.py
[2026-04-28T12:12:19.251+0000] {processor.py:840} INFO - DAG(s) 'example_sla_dag' retrieved from /home/airflow/.local/lib/python3.8/site-packages/airflow/example_dags/example_sla_dag.py
[2026-04-28T12:12:19.267+0000] {logging_mixin.py:188} INFO - [2026-04-28T12:12:19.266+0000] {dag.py:3047} INFO - Sync 1 DAGs
[2026-04-28T12:12:19.285+0000] {logging_mixin.py:188} INFO - [2026-04-28T12:12:19.285+0000] {dag.py:3834} INFO - Setting next_dagrun for example_sla_dag to 2026-04-28 12:10:00+00:00, run_after=2026-04-28 12:12:00+00:00
[2026-04-28T12:12:19.298+0000] {processor.py:183} INFO - Processing /home/airflow/.local/lib/python3.8/site-packages/airflow/example_dags/example_sla_dag.py took 0.059 seconds
[2026-04-28T12:12:49.433+0000] {processor.py:161} INFO - Started process (PID=181) to work on /home/airflow/.local/lib/python3.8/site-packages/airflow/example_dags/example_sla_dag.py
[2026-04-28T12:12:49.434+0000] {processor.py:830} INFO - Processing file /home/airflow/.local/lib/python3.8/site-packages/airflow/example_dags/example_sla_dag.py for tasks to queue
[2026-04-28T12:12:49.435+0000] {logging_mixin.py:188} INFO - [2026-04-28T12:12:49.435+0000] {dagbag.py:540} INFO - Filling up the DagBag from /home/airflow/.local/lib/python3.8/site-packages/airflow/example_dags/example_sla_dag.py
[2026-04-28T12:12:49.442+0000] {processor.py:840} INFO - DAG(s) 'example_sla_dag' retrieved from /home/airflow/.local/lib/python3.8/site-packages/airflow/example_dags/example_sla_dag.py
[2026-04-28T12:12:49.458+0000] {logging_mixin.py:188} INFO - [2026-04-28T12:12:49.458+0000] {dag.py:3047} INFO - Sync 1 DAGs
[2026-04-28T12:12:49.477+0000] {logging_mixin.py:188} INFO - [2026-04-28T12:12:49.477+0000] {dag.py:3834} INFO - Setting next_dagrun for example_sla_dag to 2026-04-28 12:10:00+00:00, run_after=2026-04-28 12:12:00+00:00
[2026-04-28T12:12:49.490+0000] {processor.py:183} INFO - Processing /home/airflow/.local/lib/python3.8/site-packages/airflow/example_dags/example_sla_dag.py took 0.060 seconds
[2026-04-28T12:13:19.876+0000] {processor.py:161} INFO - Started process (PID=236) to work on /home/airflow/.local/lib/python3.8/site-packages/airflow/example_dags/example_sla_dag.py
[2026-04-28T12:13:19.876+0000] {processor.py:830} INFO - Processing file /home/airflow/.local/lib/python3.8/site-packages/airflow/example_dags/example_sla_dag.py for tasks to queue
[2026-04-28T12:13:19.878+0000] {logging_mixin.py:188} INFO - [2026-04-28T12:13:19.878+0000] {dagbag.py:540} INFO - Filling up the DagBag from /home/airflow/.local/lib/python3.8/site-packages/airflow/example_dags/example_sla_dag.py
[2026-04-28T12:13:19.885+0000] {processor.py:840} INFO - DAG(s) 'example_sla_dag' retrieved from /home/airflow/.local/lib/python3.8/site-packages/airflow/example_dags/example_sla_dag.py
[2026-04-28T12:13:19.900+0000] {logging_mixin.py:188} INFO - [2026-04-28T12:13:19.900+0000] {dag.py:3047} INFO - Sync 1 DAGs
[2026-04-28T12:13:19.918+0000] {logging_mixin.py:188} INFO - [2026-04-28T12:13:19.918+0000] {dag.py:3834} INFO - Setting next_dagrun for example_sla_dag to 2026-04-28 12:10:00+00:00, run_after=2026-04-28 12:12:00+00:00
[2026-04-28T12:13:19.931+0000] {processor.py:183} INFO - Processing /home/airflow/.local/lib/python3.8/site-packages/airflow/example_dags/example_sla_dag.py took 0.058 seconds
[2026-04-28T12:13:50.369+0000] {processor.py:161} INFO - Started process (PID=291) to work on /home/airflow/.local/lib/python3.8/site-packages/airflow/example_dags/example_sla_dag.py
[2026-04-28T12:13:50.369+0000] {processor.py:830} INFO - Processing file /home/airflow/.local/lib/python3.8/site-packages/airflow/example_dags/example_sla_dag.py for tasks to queue
[2026-04-28T12:13:50.372+0000] {logging_mixin.py:188} INFO - [2026-04-28T12:13:50.371+0000] {dagbag.py:540} INFO - Filling up the DagBag from /home/airflow/.local/lib/python3.8/site-packages/airflow/example_dags/example_sla_dag.py
[2026-04-28T12:13:50.381+0000] {processor.py:840} INFO - DAG(s) 'example_sla_dag' retrieved from /home/airflow/.local/lib/python3.8/site-packages/airflow/example_dags/example_sla_dag.py
[2026-04-28T12:13:50.401+0000] {logging_mixin.py:188} INFO - [2026-04-28T12:13:50.401+0000] {dag.py:3047} INFO - Sync 1 DAGs
[2026-04-28T12:13:50.429+0000] {logging_mixin.py:188} INFO - [2026-04-28T12:13:50.429+0000] {dag.py:3834} INFO - Setting next_dagrun for example_sla_dag to 2026-04-28 12:10:00+00:00, run_after=2026-04-28 12:12:00+00:00
[2026-04-28T12:13:50.447+0000] {processor.py:183} INFO - Processing /home/airflow/.local/lib/python3.8/site-packages/airflow/example_dags/example_sla_dag.py took 0.082 seconds
[2026-04-28T12:14:20.917+0000] {processor.py:161} INFO - Started process (PID=346) to work on /home/airflow/.local/lib/python3.8/site-packages/airflow/example_dags/example_sla_dag.py
[2026-04-28T12:14:20.918+0000] {processor.py:830} INFO - Processing file /home/airflow/.local/lib/python3.8/site-packages/airflow/example_dags/example_sla_dag.py for tasks to queue
[2026-04-28T12:14:20.920+0000] {logging_mixin.py:188} INFO - [2026-04-28T12:14:20.920+0000] {dagbag.py:540} INFO - Filling up the DagBag from /home/airflow/.local/lib/python3.8/site-packages/airflow/example_dags/example_sla_dag.py
[2026-04-28T12:14:20.930+0000] {processor.py:840} INFO - DAG(s) 'example_sla_dag' retrieved from /home/airflow/.local/lib/python3.8/site-packages/airflow/example_dags/example_sla_dag.py
[2026-04-28T12:14:20.951+0000] {logging_mixin.py:188} INFO - [2026-04-28T12:14:20.950+0000] {dag.py:3047} INFO - Sync 1 DAGs
[2026-04-28T12:14:20.979+0000] {logging_mixin.py:188} INFO - [2026-04-28T12:14:20.978+0000] {dag.py:3834} INFO - Setting next_dagrun for example_sla_dag to 2026-04-28 12:12:00+00:00, run_after=2026-04-28 12:14:00+00:00
[2026-04-28T12:14:20.995+0000] {processor.py:183} INFO - Processing /home/airflow/.local/lib/python3.8/site-packages/airflow/example_dags/example_sla_dag.py took 0.082 seconds
[2026-04-28T12:14:51.708+0000] {processor.py:161} INFO - Started process (PID=401) to work on /home/airflow/.local/lib/python3.8/site-packages/airflow/example_dags/example_sla_dag.py
[2026-04-28T12:14:51.709+0000] {processor.py:830} INFO - Processing file /home/airflow/.local/lib/python3.8/site-packages/airflow/example_dags/example_sla_dag.py for tasks to queue
[2026-04-28T12:14:51.710+0000] {logging_mixin.py:188} INFO - [2026-04-28T12:14:51.710+0000] {dagbag.py:540} INFO - Filling up the DagBag from /home/airflow/.local/lib/python3.8/site-packages/airflow/example_dags/example_sla_dag.py
[2026-04-28T12:14:51.717+0000] {processor.py:840} INFO - DAG(s) 'example_sla_dag' retrieved from /home/airflow/.local/lib/python3.8/site-packages/airflow/example_dags/example_sla_dag.py
[2026-04-28T12:14:51.732+0000] {logging_mixin.py:188} INFO - [2026-04-28T12:14:51.732+0000] {dag.py:3047} INFO - Sync 1 DAGs
[2026-04-28T12:14:51.751+0000] {logging_mixin.py:188} INFO - [2026-04-28T12:14:51.750+0000] {dag.py:3834} INFO - Setting next_dagrun for example_sla_dag to 2026-04-28 12:12:00+00:00, run_after=2026-04-28 12:14:00+00:00
[2026-04-28T12:14:51.763+0000] {processor.py:183} INFO - Processing /home/airflow/.local/lib/python3.8/site-packages/airflow/example_dags/example_sla_dag.py took 0.058 seconds
[2026-04-28T12:15:22.005+0000] {processor.py:161} INFO - Started process (PID=456) to work on /home/airflow/.local/lib/python3.8/site-packages/airflow/example_dags/example_sla_dag.py
[2026-04-28T12:15:22.009+0000] {processor.py:830} INFO - Processing file /home/airflow/.local/lib/python3.8/site-packages/airflow/example_dags/example_sla_dag.py for tasks to queue
[2026-04-28T12:15:22.013+0000] {logging_mixin.py:188} INFO - [2026-04-28T12:15:22.013+0000] {dagbag.py:540} INFO - Filling up the DagBag from /home/airflow/.local/lib/python3.8/site-packages/airflow/example_dags/example_sla_dag.py
[2026-04-28T12:15:22.031+0000] {processor.py:840} INFO - DAG(s) 'example_sla_dag' retrieved from /home/airflow/.local/lib/python3.8/site-packages/airflow/example_dags/example_sla_dag.py
[2026-04-28T12:15:22.080+0000] {logging_mixin.py:188} INFO - [2026-04-28T12:15:22.080+0000] {dag.py:3047} INFO - Sync 1 DAGs
[2026-04-28T12:15:22.217+0000] {logging_mixin.py:188} INFO - [2026-04-28T12:15:22.216+0000] {dag.py:3834} INFO - Setting next_dagrun for example_sla_dag to 2026-04-28 12:12:00+00:00, run_after=2026-04-28 12:14:00+00:00
[2026-04-28T12:15:22.234+0000] {processor.py:183} INFO - Processing /home/airflow/.local/lib/python3.8/site-packages/airflow/example_dags/example_sla_dag.py took 0.238 seconds
[2026-04-28T12:15:52.838+0000] {processor.py:161} INFO - Started process (PID=510) to work on /home/airflow/.local/lib/python3.8/site-packages/airflow/example_dags/example_sla_dag.py
[2026-04-28T12:15:52.839+0000] {processor.py:830} INFO - Processing file /home/airflow/.local/lib/python3.8/site-packages/airflow/example_dags/example_sla_dag.py for tasks to queue
[2026-04-28T12:15:52.841+0000] {logging_mixin.py:188} INFO - [2026-04-28T12:15:52.841+0000] {dagbag.py:540} INFO - Filling up the DagBag from /home/airflow/.local/lib/python3.8/site-packages/airflow/example_dags/example_sla_dag.py
[2026-04-28T12:15:52.851+0000] {processor.py:840} INFO - DAG(s) 'example_sla_dag' retrieved from /home/airflow/.local/lib/python3.8/site-packages/airflow/example_dags/example_sla_dag.py
[2026-04-28T12:15:52.873+0000] {logging_mixin.py:188} INFO - [2026-04-28T12:15:52.873+0000] {dag.py:3047} INFO - Sync 1 DAGs
[2026-04-28T12:15:52.902+0000] {logging_mixin.py:188} INFO - [2026-04-28T12:15:52.902+0000] {dag.py:3834} INFO - Setting next_dagrun for example_sla_dag to 2026-04-28 12:12:00+00:00, run_after=2026-04-28 12:14:00+00:00
[2026-04-28T12:15:52.934+0000] {processor.py:183} INFO - Processing /home/airflow/.local/lib/python3.8/site-packages/airflow/example_dags/example_sla_dag.py took 0.102 seconds
[2026-04-28T12:16:23.735+0000] {processor.py:161} INFO - Started process (PID=565) to work on /home/airflow/.local/lib/python3.8/site-packages/airflow/example_dags/example_sla_dag.py
[2026-04-28T12:16:23.753+0000] {processor.py:830} INFO - Processing file /home/airflow/.local/lib/python3.8/site-packages/airflow/example_dags/example_sla_dag.py for tasks to queue
[2026-04-28T12:16:23.756+0000] {logging_mixin.py:188} INFO - [2026-04-28T12:16:23.755+0000] {dagbag.py:540} INFO - Filling up the DagBag from /home/airflow/.local/lib/python3.8/site-packages/airflow/example_dags/example_sla_dag.py
[2026-04-28T12:16:23.929+0000] {processor.py:840} INFO - DAG(s) 'example_sla_dag' retrieved from /home/airflow/.local/lib/python3.8/site-packages/airflow/example_dags/example_sla_dag.py
[2026-04-28T12:16:24.052+0000] {logging_mixin.py:188} INFO - [2026-04-28T12:16:24.051+0000] {dag.py:3047} INFO - Sync 1 DAGs
[2026-04-28T12:16:24.194+0000] {logging_mixin.py:188} INFO - [2026-04-28T12:16:24.194+0000] {dag.py:3834} INFO - Setting next_dagrun for example_sla_dag to 2026-04-28 12:14:00+00:00, run_after=2026-04-28 12:16:00+00:00
[2026-04-28T12:16:24.300+0000] {processor.py:183} INFO - Processing /home/airflow/.local/lib/python3.8/site-packages/airflow/example_dags/example_sla_dag.py took 0.598 seconds
[2026-04-28T12:16:54.911+0000] {processor.py:161} INFO - Started process (PID=620) to work on /home/airflow/.local/lib/python3.8/site-packages/airflow/example_dags/example_sla_dag.py
[2026-04-28T12:16:54.913+0000] {processor.py:830} INFO - Processing file /home/airflow/.local/lib/python3.8/site-packages/airflow/example_dags/example_sla_dag.py for tasks to queue
[2026-04-28T12:16:54.915+0000] {logging_mixin.py:188} INFO - [2026-04-28T12:16:54.915+0000] {dagbag.py:540} INFO - Filling up the DagBag from /home/airflow/.local/lib/python3.8/site-packages/airflow/example_dags/example_sla_dag.py
[2026-04-28T12:16:54.932+0000] {processor.py:840} INFO - DAG(s) 'example_sla_dag' retrieved from /home/airflow/.local/lib/python3.8/site-packages/airflow/example_dags/example_sla_dag.py
[2026-04-28T12:16:54.967+0000] {logging_mixin.py:188} INFO - [2026-04-28T12:16:54.966+0000] {dag.py:3047} INFO - Sync 1 DAGs
[2026-04-28T12:16:55.002+0000] {logging_mixin.py:188} INFO - [2026-04-28T12:16:55.001+0000] {dag.py:3834} INFO - Setting next_dagrun for example_sla_dag to 2026-04-28 12:14:00+00:00, run_after=2026-04-28 12:16:00+00:00
[2026-04-28T12:16:55.019+0000] {processor.py:183} INFO - Processing /home/airflow/.local/lib/python3.8/site-packages/airflow/example_dags/example_sla_dag.py took 0.113 seconds
[2026-04-28T12:17:25.103+0000] {processor.py:161} INFO - Started process (PID=675) to work on /home/airflow/.local/lib/python3.8/site-packages/airflow/example_dags/example_sla_dag.py
[2026-04-28T12:17:25.106+0000] {processor.py:830} INFO - Processing file /home/airflow/.local/lib/python3.8/site-packages/airflow/example_dags/example_sla_dag.py for tasks to queue
[2026-04-28T12:17:25.108+0000] {logging_mixin.py:188} INFO - [2026-04-28T12:17:25.107+0000] {dagbag.py:540} INFO - Filling up the DagBag from /home/airflow/.local/lib/python3.8/site-packages/airflow/example_dags/example_sla_dag.py
[2026-04-28T12:17:25.117+0000] {processor.py:840} INFO - DAG(s) 'example_sla_dag' retrieved from /home/airflow/.local/lib/python3.8/site-packages/airflow/example_dags/example_sla_dag.py
[2026-04-28T12:17:25.136+0000] {logging_mixin.py:188} INFO - [2026-04-28T12:17:25.136+0000] {dag.py:3047} INFO - Sync 1 DAGs
[2026-04-28T12:17:25.171+0000] {logging_mixin.py:188} INFO - [2026-04-28T12:17:25.171+0000] {dag.py:3834} INFO - Setting next_dagrun for example_sla_dag to 2026-04-28 12:14:00+00:00, run_after=2026-04-28 12:16:00+00:00
[2026-04-28T12:17:25.205+0000] {processor.py:183} INFO - Processing /home/airflow/.local/lib/python3.8/site-packages/airflow/example_dags/example_sla_dag.py took 0.106 seconds
[2026-04-28T12:17:55.257+0000] {processor.py:161} INFO - Started process (PID=730) to work on /home/airflow/.local/lib/python3.8/site-packages/airflow/example_dags/example_sla_dag.py
[2026-04-28T12:17:55.258+0000] {processor.py:830} INFO - Processing file /home/airflow/.local/lib/python3.8/site-packages/airflow/example_dags/example_sla_dag.py for tasks to queue
[2026-04-28T12:17:55.260+0000] {logging_mixin.py:188} INFO - [2026-04-28T12:17:55.260+0000] {dagbag.py:540} INFO - Filling up the DagBag from /home/airflow/.local/lib/python3.8/site-packages/airflow/example_dags/example_sla_dag.py
[2026-04-28T12:17:55.271+0000] {processor.py:840} INFO - DAG(s) 'example_sla_dag' retrieved from /home/airflow/.local/lib/python3.8/site-packages/airflow/example_dags/example_sla_dag.py
[2026-04-28T12:17:55.291+0000] {logging_mixin.py:188} INFO - [2026-04-28T12:17:55.291+0000] {dag.py:3047} INFO - Sync 1 DAGs
[2026-04-28T12:17:55.323+0000] {logging_mixin.py:188} INFO - [2026-04-28T12:17:55.323+0000] {dag.py:3834} INFO - Setting next_dagrun for example_sla_dag to 2026-04-28 12:14:00+00:00, run_after=2026-04-28 12:16:00+00:00
[2026-04-28T12:17:55.348+0000] {processor.py:183} INFO - Processing /home/airflow/.local/lib/python3.8/site-packages/airflow/example_dags/example_sla_dag.py took 0.094 seconds
[2026-04-28T12:18:25.575+0000] {processor.py:161} INFO - Started process (PID=785) to work on /home/airflow/.local/lib/python3.8/site-packages/airflow/example_dags/example_sla_dag.py
[2026-04-28T12:18:25.575+0000] {processor.py:830} INFO - Processing file /home/airflow/.local/lib/python3.8/site-packages/airflow/example_dags/example_sla_dag.py for tasks to queue
[2026-04-28T12:18:25.577+0000] {logging_mixin.py:188} INFO - [2026-04-28T12:18:25.577+0000] {dagbag.py:540} INFO - Filling up the DagBag from /home/airflow/.local/lib/python3.8/site-packages/airflow/example_dags/example_sla_dag.py
[2026-04-28T12:18:25.587+0000] {processor.py:840} INFO - DAG(s) 'example_sla_dag' retrieved from /home/airflow/.local/lib/python3.8/site-packages/airflow/example_dags/example_sla_dag.py
[2026-04-28T12:18:25.619+0000] {logging_mixin.py:188} INFO - [2026-04-28T12:18:25.618+0000] {dag.py:3047} INFO - Sync 1 DAGs
[2026-04-28T12:18:25.662+0000] {logging_mixin.py:188} INFO - [2026-04-28T12:18:25.662+0000] {dag.py:3834} INFO - Setting next_dagrun for example_sla_dag to 2026-04-28 12:16:00+00:00, run_after=2026-04-28 12:18:00+00:00
[2026-04-28T12:18:25.680+0000] {processor.py:183} INFO - Processing /home/airflow/.local/lib/python3.8/site-packages/airflow/example_dags/example_sla_dag.py took 0.109 seconds
[2026-04-28T12:18:56.021+0000] {processor.py:161} INFO - Started process (PID=840) to work on /home/airflow/.local/lib/python3.8/site-packages/airflow/example_dags/example_sla_dag.py
[2026-04-28T12:18:56.025+0000] {processor.py:830} INFO - Processing file /home/airflow/.local/lib/python3.8/site-packages/airflow/example_dags/example_sla_dag.py for tasks to queue
[2026-04-28T12:18:56.040+0000] {logging_mixin.py:188} INFO - [2026-04-28T12:18:56.039+0000] {dagbag.py:540} INFO - Filling up the DagBag from /home/airflow/.local/lib/python3.8/site-packages/airflow/example_dags/example_sla_dag.py
[2026-04-28T12:18:56.079+0000] {processor.py:840} INFO - DAG(s) 'example_sla_dag' retrieved from /home/airflow/.local/lib/python3.8/site-packages/airflow/example_dags/example_sla_dag.py
[2026-04-28T12:18:56.118+0000] {logging_mixin.py:188} INFO - [2026-04-28T12:18:56.117+0000] {dag.py:3047} INFO - Sync 1 DAGs
[2026-04-28T12:18:56.152+0000] {logging_mixin.py:188} INFO - [2026-04-28T12:18:56.152+0000] {dag.py:3834} INFO - Setting next_dagrun for example_sla_dag to 2026-04-28 12:16:00+00:00, run_after=2026-04-28 12:18:00+00:00
[2026-04-28T12:18:56.171+0000] {processor.py:183} INFO - Processing /home/airflow/.local/lib/python3.8/site-packages/airflow/example_dags/example_sla_dag.py took 0.161 seconds
[2026-04-28T12:19:27.198+0000] {processor.py:161} INFO - Started process (PID=895) to work on /home/airflow/.local/lib/python3.8/site-packages/airflow/example_dags/example_sla_dag.py
[2026-04-28T12:19:27.201+0000] {processor.py:830} INFO - Processing file /home/airflow/.local/lib/python3.8/site-packages/airflow/example_dags/example_sla_dag.py for tasks to queue
[2026-04-28T12:19:27.203+0000] {logging_mixin.py:188} INFO - [2026-04-28T12:19:27.202+0000] {dagbag.py:540} INFO - Filling up the DagBag from /home/airflow/.local/lib/python3.8/site-packages/airflow/example_dags/example_sla_dag.py
[2026-04-28T12:19:27.213+0000] {processor.py:840} INFO - DAG(s) 'example_sla_dag' retrieved from /home/airflow/.local/lib/python3.8/site-packages/airflow/example_dags/example_sla_dag.py
[2026-04-28T12:19:27.232+0000] {logging_mixin.py:188} INFO - [2026-04-28T12:19:27.232+0000] {dag.py:3047} INFO - Sync 1 DAGs
[2026-04-28T12:19:27.260+0000] {logging_mixin.py:188} INFO - [2026-04-28T12:19:27.260+0000] {dag.py:3834} INFO - Setting next_dagrun for example_sla_dag to 2026-04-28 12:16:00+00:00, run_after=2026-04-28 12:18:00+00:00
[2026-04-28T12:19:27.277+0000] {processor.py:183} INFO - Processing /home/airflow/.local/lib/python3.8/site-packages/airflow/example_dags/example_sla_dag.py took 0.084 seconds
[2026-04-28T12:19:57.763+0000] {processor.py:161} INFO - Started process (PID=950) to work on /home/airflow/.local/lib/python3.8/site-packages/airflow/example_dags/example_sla_dag.py
[2026-04-28T12:19:57.764+0000] {processor.py:830} INFO - Processing file /home/airflow/.local/lib/python3.8/site-packages/airflow/example_dags/example_sla_dag.py for tasks to queue
[2026-04-28T12:19:57.766+0000] {logging_mixin.py:188} INFO - [2026-04-28T12:19:57.765+0000] {dagbag.py:540} INFO - Filling up the DagBag from /home/airflow/.local/lib/python3.8/site-packages/airflow/example_dags/example_sla_dag.py
[2026-04-28T12:19:57.779+0000] {processor.py:840} INFO - DAG(s) 'example_sla_dag' retrieved from /home/airflow/.local/lib/python3.8/site-packages/airflow/example_dags/example_sla_dag.py
[2026-04-28T12:19:57.799+0000] {logging_mixin.py:188} INFO - [2026-04-28T12:19:57.798+0000] {dag.py:3047} INFO - Sync 1 DAGs
[2026-04-28T12:19:57.827+0000] {logging_mixin.py:188} INFO - [2026-04-28T12:19:57.826+0000] {dag.py:3834} INFO - Setting next_dagrun for example_sla_dag to 2026-04-28 12:16:00+00:00, run_after=2026-04-28 12:18:00+00:00
[2026-04-28T12:19:57.849+0000] {processor.py:183} INFO - Processing /home/airflow/.local/lib/python3.8/site-packages/airflow/example_dags/example_sla_dag.py took 0.090 seconds
[2026-04-28T12:20:28.138+0000] {processor.py:161} INFO - Started process (PID=1004) to work on /home/airflow/.local/lib/python3.8/site-packages/airflow/example_dags/example_sla_dag.py
[2026-04-28T12:20:28.140+0000] {processor.py:830} INFO - Processing file /home/airflow/.local/lib/python3.8/site-packages/airflow/example_dags/example_sla_dag.py for tasks to queue
[2026-04-28T12:20:28.142+0000] {logging_mixin.py:188} INFO - [2026-04-28T12:20:28.141+0000] {dagbag.py:540} INFO - Filling up the DagBag from /home/airflow/.local/lib/python3.8/site-packages/airflow/example_dags/example_sla_dag.py
[2026-04-28T12:20:28.151+0000] {processor.py:840} INFO - DAG(s) 'example_sla_dag' retrieved from /home/airflow/.local/lib/python3.8/site-packages/airflow/example_dags/example_sla_dag.py
[2026-04-28T12:20:28.171+0000] {logging_mixin.py:188} INFO - [2026-04-28T12:20:28.171+0000] {dag.py:3047} INFO - Sync 1 DAGs
[2026-04-28T12:20:28.202+0000] {logging_mixin.py:188} INFO - [2026-04-28T12:20:28.202+0000] {dag.py:3834} INFO - Setting next_dagrun for example_sla_dag to 2026-04-28 12:18:00+00:00, run_after=2026-04-28 12:20:00+00:00
[2026-04-28T12:20:28.218+0000] {processor.py:183} INFO - Processing /home/airflow/.local/lib/python3.8/site-packages/airflow/example_dags/example_sla_dag.py took 0.086 seconds
[2026-04-28T12:20:58.719+0000] {processor.py:161} INFO - Started process (PID=1059) to work on /home/airflow/.local/lib/python3.8/site-packages/airflow/example_dags/example_sla_dag.py
[2026-04-28T12:20:58.720+0000] {processor.py:830} INFO - Processing file /home/airflow/.local/lib/python3.8/site-packages/airflow/example_dags/example_sla_dag.py for tasks to queue
[2026-04-28T12:20:58.722+0000] {logging_mixin.py:188} INFO - [2026-04-28T12:20:58.722+0000] {dagbag.py:540} INFO - Filling up the DagBag from /home/airflow/.local/lib/python3.8/site-packages/airflow/example_dags/example_sla_dag.py
[2026-04-28T12:20:58.732+0000] {processor.py:840} INFO - DAG(s) 'example_sla_dag' retrieved from /home/airflow/.local/lib/python3.8/site-packages/airflow/example_dags/example_sla_dag.py
[2026-04-28T12:20:58.752+0000] {logging_mixin.py:188} INFO - [2026-04-28T12:20:58.752+0000] {dag.py:3047} INFO - Sync 1 DAGs
[2026-04-28T12:20:58.780+0000] {logging_mixin.py:188} INFO - [2026-04-28T12:20:58.780+0000] {dag.py:3834} INFO - Setting next_dagrun for example_sla_dag to 2026-04-28 12:18:00+00:00, run_after=2026-04-28 12:20:00+00:00
[2026-04-28T12:20:58.796+0000] {processor.py:183} INFO - Processing /home/airflow/.local/lib/python3.8/site-packages/airflow/example_dags/example_sla_dag.py took 0.084 seconds
[2026-04-28T12:21:28.969+0000] {processor.py:161} INFO - Started process (PID=1114) to work on /home/airflow/.local/lib/python3.8/site-packages/airflow/example_dags/example_sla_dag.py
[2026-04-28T12:21:28.970+0000] {processor.py:830} INFO - Processing file /home/airflow/.local/lib/python3.8/site-packages/airflow/example_dags/example_sla_dag.py for tasks to queue
[2026-04-28T12:21:28.972+0000] {logging_mixin.py:188} INFO - [2026-04-28T12:21:28.972+0000] {dagbag.py:540} INFO - Filling up the DagBag from /home/airflow/.local/lib/python3.8/site-packages/airflow/example_dags/example_sla_dag.py
[2026-04-28T12:21:28.987+0000] {processor.py:840} INFO - DAG(s) 'example_sla_dag' retrieved from /home/airflow/.local/lib/python3.8/site-packages/airflow/example_dags/example_sla_dag.py
[2026-04-28T12:21:29.007+0000] {logging_mixin.py:188} INFO - [2026-04-28T12:21:29.007+0000] {dag.py:3047} INFO - Sync 1 DAGs
[2026-04-28T12:21:29.035+0000] {logging_mixin.py:188} INFO - [2026-04-28T12:21:29.035+0000] {dag.py:3834} INFO - Setting next_dagrun for example_sla_dag to 2026-04-28 12:18:00+00:00, run_after=2026-04-28 12:20:00+00:00
[2026-04-28T12:21:29.057+0000] {processor.py:183} INFO - Processing /home/airflow/.local/lib/python3.8/site-packages/airflow/example_dags/example_sla_dag.py took 0.091 seconds
[2026-04-28T12:21:59.602+0000] {processor.py:161} INFO - Started process (PID=1169) to work on /home/airflow/.local/lib/python3.8/site-packages/airflow/example_dags/example_sla_dag.py
[2026-04-28T12:21:59.605+0000] {processor.py:830} INFO - Processing file /home/airflow/.local/lib/python3.8/site-packages/airflow/example_dags/example_sla_dag.py for tasks to queue
[2026-04-28T12:21:59.606+0000] {logging_mixin.py:188} INFO - [2026-04-28T12:21:59.606+0000] {dagbag.py:540} INFO - Filling up the DagBag from /home/airflow/.local/lib/python3.8/site-packages/airflow/example_dags/example_sla_dag.py
[2026-04-28T12:21:59.616+0000] {processor.py:840} INFO - DAG(s) 'example_sla_dag' retrieved from /home/airflow/.local/lib/python3.8/site-packages/airflow/example_dags/example_sla_dag.py
[2026-04-28T12:21:59.635+0000] {logging_mixin.py:188} INFO - [2026-04-28T12:21:59.635+0000] {dag.py:3047} INFO - Sync 1 DAGs
[2026-04-28T12:21:59.662+0000] {logging_mixin.py:188} INFO - [2026-04-28T12:21:59.662+0000] {dag.py:3834} INFO - Setting next_dagrun for example_sla_dag to 2026-04-28 12:18:00+00:00, run_after=2026-04-28 12:20:00+00:00
[2026-04-28T12:21:59.679+0000] {processor.py:183} INFO - Processing /home/airflow/.local/lib/python3.8/site-packages/airflow/example_dags/example_sla_dag.py took 0.082 seconds
[2026-04-28T12:22:29.795+0000] {processor.py:161} INFO - Started process (PID=1224) to work on /home/airflow/.local/lib/python3.8/site-packages/airflow/example_dags/example_sla_dag.py
[2026-04-28T12:22:29.796+0000] {processor.py:830} INFO - Processing file /home/airflow/.local/lib/python3.8/site-packages/airflow/example_dags/example_sla_dag.py for tasks to queue
[2026-04-28T12:22:29.798+0000] {logging_mixin.py:188} INFO - [2026-04-28T12:22:29.797+0000] {dagbag.py:540} INFO - Filling up the DagBag from /home/airflow/.local/lib/python3.8/site-packages/airflow/example_dags/example_sla_dag.py
[2026-04-28T12:22:29.808+0000] {processor.py:840} INFO - DAG(s) 'example_sla_dag' retrieved from /home/airflow/.local/lib/python3.8/site-packages/airflow/example_dags/example_sla_dag.py
[2026-04-28T12:22:29.828+0000] {logging_mixin.py:188} INFO - [2026-04-28T12:22:29.827+0000] {dag.py:3047} INFO - Sync 1 DAGs
[2026-04-28T12:22:29.856+0000] {logging_mixin.py:188} INFO - [2026-04-28T12:22:29.855+0000] {dag.py:3834} INFO - Setting next_dagrun for example_sla_dag to 2026-04-28 12:20:00+00:00, run_after=2026-04-28 12:22:00+00:00
[2026-04-28T12:22:29.873+0000] {processor.py:183} INFO - Processing /home/airflow/.local/lib/python3.8/site-packages/airflow/example_dags/example_sla_dag.py took 0.085 seconds
[2026-04-28T12:23:00.384+0000] {processor.py:161} INFO - Started process (PID=1279) to work on /home/airflow/.local/lib/python3.8/site-packages/airflow/example_dags/example_sla_dag.py
[2026-04-28T12:23:00.385+0000] {processor.py:830} INFO - Processing file /home/airflow/.local/lib/python3.8/site-packages/airflow/example_dags/example_sla_dag.py for tasks to queue
[2026-04-28T12:23:00.387+0000] {logging_mixin.py:188} INFO - [2026-04-28T12:23:00.386+0000] {dagbag.py:540} INFO - Filling up the DagBag from /home/airflow/.local/lib/python3.8/site-packages/airflow/example_dags/example_sla_dag.py
[2026-04-28T12:23:00.397+0000] {processor.py:840} INFO - DAG(s) 'example_sla_dag' retrieved from /home/airflow/.local/lib/python3.8/site-packages/airflow/example_dags/example_sla_dag.py
[2026-04-28T12:23:00.419+0000] {logging_mixin.py:188} INFO - [2026-04-28T12:23:00.419+0000] {dag.py:3047} INFO - Sync 1 DAGs
[2026-04-28T12:23:00.447+0000] {logging_mixin.py:188} INFO - [2026-04-28T12:23:00.447+0000] {dag.py:3834} INFO - Setting next_dagrun for example_sla_dag to 2026-04-28 12:20:00+00:00, run_after=2026-04-28 12:22:00+00:00
[2026-04-28T12:23:00.464+0000] {processor.py:183} INFO - Processing /home/airflow/.local/lib/python3.8/site-packages/airflow/example_dags/example_sla_dag.py took 0.085 seconds
[2026-04-28T12:23:30.636+0000] {processor.py:161} INFO - Started process (PID=1334) to work on /home/airflow/.local/lib/python3.8/site-packages/airflow/example_dags/example_sla_dag.py
[2026-04-28T12:23:30.637+0000] {processor.py:830} INFO - Processing file /home/airflow/.local/lib/python3.8/site-packages/airflow/example_dags/example_sla_dag.py for tasks to queue
[2026-04-28T12:23:30.639+0000] {logging_mixin.py:188} INFO - [2026-04-28T12:23:30.639+0000] {dagbag.py:540} INFO - Filling up the DagBag from /home/airflow/.local/lib/python3.8/site-packages/airflow/example_dags/example_sla_dag.py
[2026-04-28T12:23:30.649+0000] {processor.py:840} INFO - DAG(s) 'example_sla_dag' retrieved from /home/airflow/.local/lib/python3.8/site-packages/airflow/example_dags/example_sla_dag.py
[2026-04-28T12:23:30.669+0000] {logging_mixin.py:188} INFO - [2026-04-28T12:23:30.669+0000] {dag.py:3047} INFO - Sync 1 DAGs
[2026-04-28T12:23:30.697+0000] {logging_mixin.py:188} INFO - [2026-04-28T12:23:30.697+0000] {dag.py:3834} INFO - Setting next_dagrun for example_sla_dag to 2026-04-28 12:20:00+00:00, run_after=2026-04-28 12:22:00+00:00
[2026-04-28T12:23:30.718+0000] {processor.py:183} INFO - Processing /home/airflow/.local/lib/python3.8/site-packages/airflow/example_dags/example_sla_dag.py took 0.086 seconds
[2026-04-28T12:24:01.373+0000] {processor.py:161} INFO - Started process (PID=1389) to work on /home/airflow/.local/lib/python3.8/site-packages/airflow/example_dags/example_sla_dag.py
[2026-04-28T12:24:01.375+0000] {processor.py:830} INFO - Processing file /home/airflow/.local/lib/python3.8/site-packages/airflow/example_dags/example_sla_dag.py for tasks to queue
[2026-04-28T12:24:01.378+0000] {logging_mixin.py:188} INFO - [2026-04-28T12:24:01.377+0000] {dagbag.py:540} INFO - Filling up the DagBag from /home/airflow/.local/lib/python3.8/site-packages/airflow/example_dags/example_sla_dag.py
[2026-04-28T12:24:01.397+0000] {processor.py:840} INFO - DAG(s) 'example_sla_dag' retrieved from /home/airflow/.local/lib/python3.8/site-packages/airflow/example_dags/example_sla_dag.py
[2026-04-28T12:24:01.440+0000] {logging_mixin.py:188} INFO - [2026-04-28T12:24:01.439+0000] {dag.py:3047} INFO - Sync 1 DAGs
[2026-04-28T12:24:01.474+0000] {logging_mixin.py:188} INFO - [2026-04-28T12:24:01.474+0000] {dag.py:3834} INFO - Setting next_dagrun for example_sla_dag to 2026-04-28 12:22:00+00:00, run_after=2026-04-28 12:24:00+00:00
[2026-04-28T12:24:01.491+0000] {processor.py:183} INFO - Processing /home/airflow/.local/lib/python3.8/site-packages/airflow/example_dags/example_sla_dag.py took 0.132 seconds
[2026-04-28T12:24:32.090+0000] {processor.py:161} INFO - Started process (PID=1450) to work on /home/airflow/.local/lib/python3.8/site-packages/airflow/example_dags/example_sla_dag.py
[2026-04-28T12:24:32.093+0000] {processor.py:830} INFO - Processing file /home/airflow/.local/lib/python3.8/site-packages/airflow/example_dags/example_sla_dag.py for tasks to queue
[2026-04-28T12:24:32.098+0000] {logging_mixin.py:188} INFO - [2026-04-28T12:24:32.095+0000] {dagbag.py:540} INFO - Filling up the DagBag from /home/airflow/.local/lib/python3.8/site-packages/airflow/example_dags/example_sla_dag.py
[2026-04-28T12:24:32.113+0000] {processor.py:840} INFO - DAG(s) 'example_sla_dag' retrieved from /home/airflow/.local/lib/python3.8/site-packages/airflow/example_dags/example_sla_dag.py
[2026-04-28T12:24:32.162+0000] {logging_mixin.py:188} INFO - [2026-04-28T12:24:32.161+0000] {dag.py:3047} INFO - Sync 1 DAGs
[2026-04-28T12:24:32.227+0000] {logging_mixin.py:188} INFO - [2026-04-28T12:24:32.227+0000] {dag.py:3834} INFO - Setting next_dagrun for example_sla_dag to 2026-04-28 12:22:00+00:00, run_after=2026-04-28 12:24:00+00:00
[2026-04-28T12:24:32.282+0000] {processor.py:183} INFO - Processing /home/airflow/.local/lib/python3.8/site-packages/airflow/example_dags/example_sla_dag.py took 0.202 seconds
[2026-04-28T12:25:02.345+0000] {processor.py:161} INFO - Started process (PID=1504) to work on /home/airflow/.local/lib/python3.8/site-packages/airflow/example_dags/example_sla_dag.py
[2026-04-28T12:25:02.346+0000] {processor.py:830} INFO - Processing file /home/airflow/.local/lib/python3.8/site-packages/airflow/example_dags/example_sla_dag.py for tasks to queue
[2026-04-28T12:25:02.347+0000] {logging_mixin.py:188} INFO - [2026-04-28T12:25:02.347+0000] {dagbag.py:540} INFO - Filling up the DagBag from /home/airflow/.local/lib/python3.8/site-packages/airflow/example_dags/example_sla_dag.py
[2026-04-28T12:25:02.354+0000] {processor.py:840} INFO - DAG(s) 'example_sla_dag' retrieved from /home/airflow/.local/lib/python3.8/site-packages/airflow/example_dags/example_sla_dag.py
[2026-04-28T12:25:02.376+0000] {logging_mixin.py:188} INFO - [2026-04-28T12:25:02.375+0000] {dag.py:3047} INFO - Sync 1 DAGs
[2026-04-28T12:25:02.422+0000] {logging_mixin.py:188} INFO - [2026-04-28T12:25:02.422+0000] {dag.py:3834} INFO - Setting next_dagrun for example_sla_dag to 2026-04-28 12:22:00+00:00, run_after=2026-04-28 12:24:00+00:00
[2026-04-28T12:25:02.440+0000] {processor.py:183} INFO - Processing /home/airflow/.local/lib/python3.8/site-packages/airflow/example_dags/example_sla_dag.py took 0.098 seconds
[2026-04-28T12:25:32.662+0000] {processor.py:161} INFO - Started process (PID=1560) to work on /home/airflow/.local/lib/python3.8/site-packages/airflow/example_dags/example_sla_dag.py
[2026-04-28T12:25:32.665+0000] {processor.py:830} INFO - Processing file /home/airflow/.local/lib/python3.8/site-packages/airflow/example_dags/example_sla_dag.py for tasks to queue
[2026-04-28T12:25:32.669+0000] {logging_mixin.py:188} INFO - [2026-04-28T12:25:32.668+0000] {dagbag.py:540} INFO - Filling up the DagBag from /home/airflow/.local/lib/python3.8/site-packages/airflow/example_dags/example_sla_dag.py
[2026-04-28T12:25:32.693+0000] {processor.py:840} INFO - DAG(s) 'example_sla_dag' retrieved from /home/airflow/.local/lib/python3.8/site-packages/airflow/example_dags/example_sla_dag.py
[2026-04-28T12:25:32.748+0000] {logging_mixin.py:188} INFO - [2026-04-28T12:25:32.747+0000] {dag.py:3047} INFO - Sync 1 DAGs
[2026-04-28T12:25:32.828+0000] {logging_mixin.py:188} INFO - [2026-04-28T12:25:32.827+0000] {dag.py:3834} INFO - Setting next_dagrun for example_sla_dag to 2026-04-28 12:22:00+00:00, run_after=2026-04-28 12:24:00+00:00
[2026-04-28T12:25:32.881+0000] {processor.py:183} INFO - Processing /home/airflow/.local/lib/python3.8/site-packages/airflow/example_dags/example_sla_dag.py took 0.226 seconds
[2026-04-28T12:26:02.939+0000] {processor.py:161} INFO - Started process (PID=1615) to work on /home/airflow/.local/lib/python3.8/site-packages/airflow/example_dags/example_sla_dag.py
[2026-04-28T12:26:02.940+0000] {processor.py:830} INFO - Processing file /home/airflow/.local/lib/python3.8/site-packages/airflow/example_dags/example_sla_dag.py for tasks to queue
[2026-04-28T12:26:02.942+0000] {logging_mixin.py:188} INFO - [2026-04-28T12:26:02.942+0000] {dagbag.py:540} INFO - Filling up the DagBag from /home/airflow/.local/lib/python3.8/site-packages/airflow/example_dags/example_sla_dag.py
[2026-04-28T12:26:02.952+0000] {processor.py:840} INFO - DAG(s) 'example_sla_dag' retrieved from /home/airflow/.local/lib/python3.8/site-packages/airflow/example_dags/example_sla_dag.py
[2026-04-28T12:26:02.973+0000] {logging_mixin.py:188} INFO - [2026-04-28T12:26:02.973+0000] {dag.py:3047} INFO - Sync 1 DAGs
[2026-04-28T12:26:03.001+0000] {logging_mixin.py:188} INFO - [2026-04-28T12:26:03.001+0000] {dag.py:3834} INFO - Setting next_dagrun for example_sla_dag to 2026-04-28 12:24:00+00:00, run_after=2026-04-28 12:26:00+00:00
[2026-04-28T12:26:03.018+0000] {processor.py:183} INFO - Processing /home/airflow/.local/lib/python3.8/site-packages/airflow/example_dags/example_sla_dag.py took 0.083 seconds
[2026-04-28T12:26:33.686+0000] {processor.py:161} INFO - Started process (PID=1670) to work on /home/airflow/.local/lib/python3.8/site-packages/airflow/example_dags/example_sla_dag.py
[2026-04-28T12:26:33.687+0000] {processor.py:830} INFO - Processing file /home/airflow/.local/lib/python3.8/site-packages/airflow/example_dags/example_sla_dag.py for tasks to queue
[2026-04-28T12:26:33.689+0000] {logging_mixin.py:188} INFO - [2026-04-28T12:26:33.689+0000] {dagbag.py:540} INFO - Filling up the DagBag from /home/airflow/.local/lib/python3.8/site-packages/airflow/example_dags/example_sla_dag.py
[2026-04-28T12:26:33.699+0000] {processor.py:840} INFO - DAG(s) 'example_sla_dag' retrieved from /home/airflow/.local/lib/python3.8/site-packages/airflow/example_dags/example_sla_dag.py
[2026-04-28T12:26:33.719+0000] {logging_mixin.py:188} INFO - [2026-04-28T12:26:33.719+0000] {dag.py:3047} INFO - Sync 1 DAGs
[2026-04-28T12:26:33.747+0000] {logging_mixin.py:188} INFO - [2026-04-28T12:26:33.747+0000] {dag.py:3834} INFO - Setting next_dagrun for example_sla_dag to 2026-04-28 12:24:00+00:00, run_after=2026-04-28 12:26:00+00:00
[2026-04-28T12:26:33.764+0000] {processor.py:183} INFO - Processing /home/airflow/.local/lib/python3.8/site-packages/airflow/example_dags/example_sla_dag.py took 0.082 seconds
[2026-04-28T12:27:04.578+0000] {processor.py:161} INFO - Started process (PID=1726) to work on /home/airflow/.local/lib/python3.8/site-packages/airflow/example_dags/example_sla_dag.py
[2026-04-28T12:27:04.579+0000] {processor.py:830} INFO - Processing file /home/airflow/.local/lib/python3.8/site-packages/airflow/example_dags/example_sla_dag.py for tasks to queue
[2026-04-28T12:27:04.582+0000] {logging_mixin.py:188} INFO - [2026-04-28T12:27:04.582+0000] {dagbag.py:540} INFO - Filling up the DagBag from /home/airflow/.local/lib/python3.8/site-packages/airflow/example_dags/example_sla_dag.py
[2026-04-28T12:27:04.592+0000] {processor.py:840} INFO - DAG(s) 'example_sla_dag' retrieved from /home/airflow/.local/lib/python3.8/site-packages/airflow/example_dags/example_sla_dag.py
[2026-04-28T12:27:04.617+0000] {logging_mixin.py:188} INFO - [2026-04-28T12:27:04.617+0000] {dag.py:3047} INFO - Sync 1 DAGs
[2026-04-28T12:27:04.652+0000] {logging_mixin.py:188} INFO - [2026-04-28T12:27:04.652+0000] {dag.py:3834} INFO - Setting next_dagrun for example_sla_dag to 2026-04-28 12:24:00+00:00, run_after=2026-04-28 12:26:00+00:00
[2026-04-28T12:27:04.671+0000] {processor.py:183} INFO - Processing /home/airflow/.local/lib/python3.8/site-packages/airflow/example_dags/example_sla_dag.py took 0.097 seconds
[2026-04-28T12:27:34.960+0000] {processor.py:161} INFO - Started process (PID=1781) to work on /home/airflow/.local/lib/python3.8/site-packages/airflow/example_dags/example_sla_dag.py
[2026-04-28T12:27:34.961+0000] {processor.py:830} INFO - Processing file /home/airflow/.local/lib/python3.8/site-packages/airflow/example_dags/example_sla_dag.py for tasks to queue
[2026-04-28T12:27:34.963+0000] {logging_mixin.py:188} INFO - [2026-04-28T12:27:34.963+0000] {dagbag.py:540} INFO - Filling up the DagBag from /home/airflow/.local/lib/python3.8/site-packages/airflow/example_dags/example_sla_dag.py
[2026-04-28T12:27:34.973+0000] {processor.py:840} INFO - DAG(s) 'example_sla_dag' retrieved from /home/airflow/.local/lib/python3.8/site-packages/airflow/example_dags/example_sla_dag.py
[2026-04-28T12:27:34.993+0000] {logging_mixin.py:188} INFO - [2026-04-28T12:27:34.993+0000] {dag.py:3047} INFO - Sync 1 DAGs
[2026-04-28T12:27:35.021+0000] {logging_mixin.py:188} INFO - [2026-04-28T12:27:35.021+0000] {dag.py:3834} INFO - Setting next_dagrun for example_sla_dag to 2026-04-28 12:24:00+00:00, run_after=2026-04-28 12:26:00+00:00
[2026-04-28T12:27:35.038+0000] {processor.py:183} INFO - Processing /home/airflow/.local/lib/python3.8/site-packages/airflow/example_dags/example_sla_dag.py took 0.082 seconds
[2026-04-28T12:28:05.084+0000] {processor.py:161} INFO - Started process (PID=1837) to work on /home/airflow/.local/lib/python3.8/site-packages/airflow/example_dags/example_sla_dag.py
[2026-04-28T12:28:05.085+0000] {processor.py:830} INFO - Processing file /home/airflow/.local/lib/python3.8/site-packages/airflow/example_dags/example_sla_dag.py for tasks to queue
[2026-04-28T12:28:05.087+0000] {logging_mixin.py:188} INFO - [2026-04-28T12:28:05.087+0000] {dagbag.py:540} INFO - Filling up the DagBag from /home/airflow/.local/lib/python3.8/site-packages/airflow/example_dags/example_sla_dag.py
[2026-04-28T12:28:05.098+0000] {processor.py:840} INFO - DAG(s) 'example_sla_dag' retrieved from /home/airflow/.local/lib/python3.8/site-packages/airflow/example_dags/example_sla_dag.py
[2026-04-28T12:28:05.118+0000] {logging_mixin.py:188} INFO - [2026-04-28T12:28:05.118+0000] {dag.py:3047} INFO - Sync 1 DAGs
[2026-04-28T12:28:05.145+0000] {logging_mixin.py:188} INFO - [2026-04-28T12:28:05.145+0000] {dag.py:3834} INFO - Setting next_dagrun for example_sla_dag to 2026-04-28 12:26:00+00:00, run_after=2026-04-28 12:28:00+00:00
[2026-04-28T12:28:05.162+0000] {processor.py:183} INFO - Processing /home/airflow/.local/lib/python3.8/site-packages/airflow/example_dags/example_sla_dag.py took 0.082 seconds
[2026-04-28T12:28:36.074+0000] {processor.py:161} INFO - Started process (PID=1893) to work on /home/airflow/.local/lib/python3.8/site-packages/airflow/example_dags/example_sla_dag.py
[2026-04-28T12:28:36.075+0000] {processor.py:830} INFO - Processing file /home/airflow/.local/lib/python3.8/site-packages/airflow/example_dags/example_sla_dag.py for tasks to queue
[2026-04-28T12:28:36.078+0000] {logging_mixin.py:188} INFO - [2026-04-28T12:28:36.078+0000] {dagbag.py:540} INFO - Filling up the DagBag from /home/airflow/.local/lib/python3.8/site-packages/airflow/example_dags/example_sla_dag.py
[2026-04-28T12:28:36.088+0000] {processor.py:840} INFO - DAG(s) 'example_sla_dag' retrieved from /home/airflow/.local/lib/python3.8/site-packages/airflow/example_dags/example_sla_dag.py
[2026-04-28T12:28:36.110+0000] {logging_mixin.py:188} INFO - [2026-04-28T12:28:36.109+0000] {dag.py:3047} INFO - Sync 1 DAGs
[2026-04-28T12:28:36.137+0000] {logging_mixin.py:188} INFO - [2026-04-28T12:28:36.137+0000] {dag.py:3834} INFO - Setting next_dagrun for example_sla_dag to 2026-04-28 12:26:00+00:00, run_after=2026-04-28 12:28:00+00:00
[2026-04-28T12:28:36.153+0000] {processor.py:183} INFO - Processing /home/airflow/.local/lib/python3.8/site-packages/airflow/example_dags/example_sla_dag.py took 0.084 seconds
[2026-04-28T12:29:06.648+0000] {processor.py:161} INFO - Started process (PID=1949) to work on /home/airflow/.local/lib/python3.8/site-packages/airflow/example_dags/example_sla_dag.py
[2026-04-28T12:29:06.649+0000] {processor.py:830} INFO - Processing file /home/airflow/.local/lib/python3.8/site-packages/airflow/example_dags/example_sla_dag.py for tasks to queue
[2026-04-28T12:29:06.651+0000] {logging_mixin.py:188} INFO - [2026-04-28T12:29:06.651+0000] {dagbag.py:540} INFO - Filling up the DagBag from /home/airflow/.local/lib/python3.8/site-packages/airflow/example_dags/example_sla_dag.py
[2026-04-28T12:29:06.661+0000] {processor.py:840} INFO - DAG(s) 'example_sla_dag' retrieved from /home/airflow/.local/lib/python3.8/site-packages/airflow/example_dags/example_sla_dag.py
[2026-04-28T12:29:06.682+0000] {logging_mixin.py:188} INFO - [2026-04-28T12:29:06.682+0000] {dag.py:3047} INFO - Sync 1 DAGs
[2026-04-28T12:29:06.712+0000] {logging_mixin.py:188} INFO - [2026-04-28T12:29:06.711+0000] {dag.py:3834} INFO - Setting next_dagrun for example_sla_dag to 2026-04-28 12:26:00+00:00, run_after=2026-04-28 12:28:00+00:00
[2026-04-28T12:29:06.728+0000] {processor.py:183} INFO - Processing /home/airflow/.local/lib/python3.8/site-packages/airflow/example_dags/example_sla_dag.py took 0.084 seconds
[2026-04-28T12:29:37.377+0000] {processor.py:161} INFO - Started process (PID=2005) to work on /home/airflow/.local/lib/python3.8/site-packages/airflow/example_dags/example_sla_dag.py
[2026-04-28T12:29:37.378+0000] {processor.py:830} INFO - Processing file /home/airflow/.local/lib/python3.8/site-packages/airflow/example_dags/example_sla_dag.py for tasks to queue
[2026-04-28T12:29:37.380+0000] {logging_mixin.py:188} INFO - [2026-04-28T12:29:37.379+0000] {dagbag.py:540} INFO - Filling up the DagBag from /home/airflow/.local/lib/python3.8/site-packages/airflow/example_dags/example_sla_dag.py
[2026-04-28T12:29:37.390+0000] {processor.py:840} INFO - DAG(s) 'example_sla_dag' retrieved from /home/airflow/.local/lib/python3.8/site-packages/airflow/example_dags/example_sla_dag.py
[2026-04-28T12:29:37.410+0000] {logging_mixin.py:188} INFO - [2026-04-28T12:29:37.410+0000] {dag.py:3047} INFO - Sync 1 DAGs
[2026-04-28T12:29:37.596+0000] {logging_mixin.py:188} INFO - [2026-04-28T12:29:37.596+0000] {dag.py:3834} INFO - Setting next_dagrun for example_sla_dag to 2026-04-28 12:26:00+00:00, run_after=2026-04-28 12:28:00+00:00
[2026-04-28T12:29:37.615+0000] {processor.py:183} INFO - Processing /home/airflow/.local/lib/python3.8/site-packages/airflow/example_dags/example_sla_dag.py took 0.242 seconds
[2026-04-28T12:30:08.381+0000] {processor.py:161} INFO - Started process (PID=2061) to work on /home/airflow/.local/lib/python3.8/site-packages/airflow/example_dags/example_sla_dag.py
[2026-04-28T12:30:08.382+0000] {processor.py:830} INFO - Processing file /home/airflow/.local/lib/python3.8/site-packages/airflow/example_dags/example_sla_dag.py for tasks to queue
[2026-04-28T12:30:08.385+0000] {logging_mixin.py:188} INFO - [2026-04-28T12:30:08.385+0000] {dagbag.py:540} INFO - Filling up the DagBag from /home/airflow/.local/lib/python3.8/site-packages/airflow/example_dags/example_sla_dag.py
[2026-04-28T12:30:08.395+0000] {processor.py:840} INFO - DAG(s) 'example_sla_dag' retrieved from /home/airflow/.local/lib/python3.8/site-packages/airflow/example_dags/example_sla_dag.py
[2026-04-28T12:30:08.414+0000] {logging_mixin.py:188} INFO - [2026-04-28T12:30:08.413+0000] {dag.py:3047} INFO - Sync 1 DAGs
[2026-04-28T12:30:08.618+0000] {logging_mixin.py:188} INFO - [2026-04-28T12:30:08.618+0000] {dag.py:3834} INFO - Setting next_dagrun for example_sla_dag to 2026-04-28 12:28:00+00:00, run_after=2026-04-28 12:30:00+00:00
[2026-04-28T12:30:08.634+0000] {processor.py:183} INFO - Processing /home/airflow/.local/lib/python3.8/site-packages/airflow/example_dags/example_sla_dag.py took 0.258 seconds
[2026-04-28T12:30:38.768+0000] {processor.py:161} INFO - Started process (PID=2117) to work on /home/airflow/.local/lib/python3.8/site-packages/airflow/example_dags/example_sla_dag.py
[2026-04-28T12:30:38.769+0000] {processor.py:830} INFO - Processing file /home/airflow/.local/lib/python3.8/site-packages/airflow/example_dags/example_sla_dag.py for tasks to queue
[2026-04-28T12:30:38.771+0000] {logging_mixin.py:188} INFO - [2026-04-28T12:30:38.771+0000] {dagbag.py:540} INFO - Filling up the DagBag from /home/airflow/.local/lib/python3.8/site-packages/airflow/example_dags/example_sla_dag.py
[2026-04-28T12:30:38.781+0000] {processor.py:840} INFO - DAG(s) 'example_sla_dag' retrieved from /home/airflow/.local/lib/python3.8/site-packages/airflow/example_dags/example_sla_dag.py
[2026-04-28T12:30:38.805+0000] {logging_mixin.py:188} INFO - [2026-04-28T12:30:38.805+0000] {dag.py:3047} INFO - Sync 1 DAGs
[2026-04-28T12:30:38.834+0000] {logging_mixin.py:188} INFO - [2026-04-28T12:30:38.834+0000] {dag.py:3834} INFO - Setting next_dagrun for example_sla_dag to 2026-04-28 12:28:00+00:00, run_after=2026-04-28 12:30:00+00:00
[2026-04-28T12:30:39.007+0000] {processor.py:183} INFO - Processing /home/airflow/.local/lib/python3.8/site-packages/airflow/example_dags/example_sla_dag.py took 0.243 seconds
[2026-04-28T12:31:09.327+0000] {processor.py:161} INFO - Started process (PID=2173) to work on /home/airflow/.local/lib/python3.8/site-packages/airflow/example_dags/example_sla_dag.py
[2026-04-28T12:31:09.328+0000] {processor.py:830} INFO - Processing file /home/airflow/.local/lib/python3.8/site-packages/airflow/example_dags/example_sla_dag.py for tasks to queue
[2026-04-28T12:31:09.332+0000] {logging_mixin.py:188} INFO - [2026-04-28T12:31:09.330+0000] {dagbag.py:540} INFO - Filling up the DagBag from /home/airflow/.local/lib/python3.8/site-packages/airflow/example_dags/example_sla_dag.py
[2026-04-28T12:31:09.342+0000] {processor.py:840} INFO - DAG(s) 'example_sla_dag' retrieved from /home/airflow/.local/lib/python3.8/site-packages/airflow/example_dags/example_sla_dag.py
[2026-04-28T12:31:09.362+0000] {logging_mixin.py:188} INFO - [2026-04-28T12:31:09.361+0000] {dag.py:3047} INFO - Sync 1 DAGs
[2026-04-28T12:31:09.393+0000] {logging_mixin.py:188} INFO - [2026-04-28T12:31:09.393+0000] {dag.py:3834} INFO - Setting next_dagrun for example_sla_dag to 2026-04-28 12:28:00+00:00, run_after=2026-04-28 12:30:00+00:00
[2026-04-28T12:31:09.633+0000] {processor.py:183} INFO - Processing /home/airflow/.local/lib/python3.8/site-packages/airflow/example_dags/example_sla_dag.py took 0.311 seconds
[2026-04-28T12:31:39.867+0000] {processor.py:161} INFO - Started process (PID=2228) to work on /home/airflow/.local/lib/python3.8/site-packages/airflow/example_dags/example_sla_dag.py
[2026-04-28T12:31:39.867+0000] {processor.py:830} INFO - Processing file /home/airflow/.local/lib/python3.8/site-packages/airflow/example_dags/example_sla_dag.py for tasks to queue
[2026-04-28T12:31:39.870+0000] {logging_mixin.py:188} INFO - [2026-04-28T12:31:39.869+0000] {dagbag.py:540} INFO - Filling up the DagBag from /home/airflow/.local/lib/python3.8/site-packages/airflow/example_dags/example_sla_dag.py
[2026-04-28T12:31:39.880+0000] {processor.py:840} INFO - DAG(s) 'example_sla_dag' retrieved from /home/airflow/.local/lib/python3.8/site-packages/airflow/example_dags/example_sla_dag.py
[2026-04-28T12:31:39.900+0000] {logging_mixin.py:188} INFO - [2026-04-28T12:31:39.900+0000] {dag.py:3047} INFO - Sync 1 DAGs
[2026-04-28T12:31:39.929+0000] {logging_mixin.py:188} INFO - [2026-04-28T12:31:39.928+0000] {dag.py:3834} INFO - Setting next_dagrun for example_sla_dag to 2026-04-28 12:28:00+00:00, run_after=2026-04-28 12:30:00+00:00
[2026-04-28T12:31:39.947+0000] {processor.py:183} INFO - Processing /home/airflow/.local/lib/python3.8/site-packages/airflow/example_dags/example_sla_dag.py took 0.085 seconds
[2026-04-28T12:32:10.538+0000] {processor.py:161} INFO - Started process (PID=2284) to work on /home/airflow/.local/lib/python3.8/site-packages/airflow/example_dags/example_sla_dag.py
[2026-04-28T12:32:10.538+0000] {processor.py:830} INFO - Processing file /home/airflow/.local/lib/python3.8/site-packages/airflow/example_dags/example_sla_dag.py for tasks to queue
[2026-04-28T12:32:10.540+0000] {logging_mixin.py:188} INFO - [2026-04-28T12:32:10.540+0000] {dagbag.py:540} INFO - Filling up the DagBag from /home/airflow/.local/lib/python3.8/site-packages/airflow/example_dags/example_sla_dag.py
[2026-04-28T12:32:10.550+0000] {processor.py:840} INFO - DAG(s) 'example_sla_dag' retrieved from /home/airflow/.local/lib/python3.8/site-packages/airflow/example_dags/example_sla_dag.py
[2026-04-28T12:32:10.572+0000] {logging_mixin.py:188} INFO - [2026-04-28T12:32:10.571+0000] {dag.py:3047} INFO - Sync 1 DAGs
[2026-04-28T12:32:10.600+0000] {logging_mixin.py:188} INFO - [2026-04-28T12:32:10.600+0000] {dag.py:3834} INFO - Setting next_dagrun for example_sla_dag to 2026-04-28 12:30:00+00:00, run_after=2026-04-28 12:32:00+00:00
[2026-04-28T12:32:10.618+0000] {processor.py:183} INFO - Processing /home/airflow/.local/lib/python3.8/site-packages/airflow/example_dags/example_sla_dag.py took 0.084 seconds
[2026-04-28T12:32:41.326+0000] {processor.py:161} INFO - Started process (PID=2341) to work on /home/airflow/.local/lib/python3.8/site-packages/airflow/example_dags/example_sla_dag.py
[2026-04-28T12:32:41.327+0000] {processor.py:830} INFO - Processing file /home/airflow/.local/lib/python3.8/site-packages/airflow/example_dags/example_sla_dag.py for tasks to queue
[2026-04-28T12:32:41.329+0000] {logging_mixin.py:188} INFO - [2026-04-28T12:32:41.329+0000] {dagbag.py:540} INFO - Filling up the DagBag from /home/airflow/.local/lib/python3.8/site-packages/airflow/example_dags/example_sla_dag.py
[2026-04-28T12:32:41.340+0000] {processor.py:840} INFO - DAG(s) 'example_sla_dag' retrieved from /home/airflow/.local/lib/python3.8/site-packages/airflow/example_dags/example_sla_dag.py
[2026-04-28T12:32:41.363+0000] {logging_mixin.py:188} INFO - [2026-04-28T12:32:41.363+0000] {dag.py:3047} INFO - Sync 1 DAGs
[2026-04-28T12:32:41.392+0000] {logging_mixin.py:188} INFO - [2026-04-28T12:32:41.391+0000] {dag.py:3834} INFO - Setting next_dagrun for example_sla_dag to 2026-04-28 12:30:00+00:00, run_after=2026-04-28 12:32:00+00:00
[2026-04-28T12:32:41.409+0000] {processor.py:183} INFO - Processing /home/airflow/.local/lib/python3.8/site-packages/airflow/example_dags/example_sla_dag.py took 0.087 seconds
[2026-04-28T12:33:11.544+0000] {processor.py:161} INFO - Started process (PID=2398) to work on /home/airflow/.local/lib/python3.8/site-packages/airflow/example_dags/example_sla_dag.py
[2026-04-28T12:33:11.551+0000] {processor.py:830} INFO - Processing file /home/airflow/.local/lib/python3.8/site-packages/airflow/example_dags/example_sla_dag.py for tasks to queue
[2026-04-28T12:33:11.555+0000] {logging_mixin.py:188} INFO - [2026-04-28T12:33:11.553+0000] {dagbag.py:540} INFO - Filling up the DagBag from /home/airflow/.local/lib/python3.8/site-packages/airflow/example_dags/example_sla_dag.py
[2026-04-28T12:33:11.570+0000] {processor.py:840} INFO - DAG(s) 'example_sla_dag' retrieved from /home/airflow/.local/lib/python3.8/site-packages/airflow/example_dags/example_sla_dag.py
[2026-04-28T12:33:11.616+0000] {logging_mixin.py:188} INFO - [2026-04-28T12:33:11.616+0000] {dag.py:3047} INFO - Sync 1 DAGs
[2026-04-28T12:33:11.644+0000] {logging_mixin.py:188} INFO - [2026-04-28T12:33:11.644+0000] {dag.py:3834} INFO - Setting next_dagrun for example_sla_dag to 2026-04-28 12:30:00+00:00, run_after=2026-04-28 12:32:00+00:00
[2026-04-28T12:33:11.678+0000] {processor.py:183} INFO - Processing /home/airflow/.local/lib/python3.8/site-packages/airflow/example_dags/example_sla_dag.py took 0.142 seconds
[2026-04-28T12:33:42.447+0000] {processor.py:161} INFO - Started process (PID=2454) to work on /home/airflow/.local/lib/python3.8/site-packages/airflow/example_dags/example_sla_dag.py
[2026-04-28T12:33:42.448+0000] {processor.py:830} INFO - Processing file /home/airflow/.local/lib/python3.8/site-packages/airflow/example_dags/example_sla_dag.py for tasks to queue
[2026-04-28T12:33:42.453+0000] {logging_mixin.py:188} INFO - [2026-04-28T12:33:42.453+0000] {dagbag.py:540} INFO - Filling up the DagBag from /home/airflow/.local/lib/python3.8/site-packages/airflow/example_dags/example_sla_dag.py
[2026-04-28T12:33:42.474+0000] {processor.py:840} INFO - DAG(s) 'example_sla_dag' retrieved from /home/airflow/.local/lib/python3.8/site-packages/airflow/example_dags/example_sla_dag.py
[2026-04-28T12:33:42.524+0000] {logging_mixin.py:188} INFO - [2026-04-28T12:33:42.524+0000] {dag.py:3047} INFO - Sync 1 DAGs
[2026-04-28T12:33:42.580+0000] {logging_mixin.py:188} INFO - [2026-04-28T12:33:42.579+0000] {dag.py:3834} INFO - Setting next_dagrun for example_sla_dag to 2026-04-28 12:30:00+00:00, run_after=2026-04-28 12:32:00+00:00
[2026-04-28T12:33:42.614+0000] {processor.py:183} INFO - Processing /home/airflow/.local/lib/python3.8/site-packages/airflow/example_dags/example_sla_dag.py took 0.176 seconds
[2026-04-28T12:34:13.190+0000] {processor.py:161} INFO - Started process (PID=2510) to work on /home/airflow/.local/lib/python3.8/site-packages/airflow/example_dags/example_sla_dag.py
[2026-04-28T12:34:13.194+0000] {processor.py:830} INFO - Processing file /home/airflow/.local/lib/python3.8/site-packages/airflow/example_dags/example_sla_dag.py for tasks to queue
[2026-04-28T12:34:13.198+0000] {logging_mixin.py:188} INFO - [2026-04-28T12:34:13.198+0000] {dagbag.py:540} INFO - Filling up the DagBag from /home/airflow/.local/lib/python3.8/site-packages/airflow/example_dags/example_sla_dag.py
[2026-04-28T12:34:13.218+0000] {processor.py:840} INFO - DAG(s) 'example_sla_dag' retrieved from /home/airflow/.local/lib/python3.8/site-packages/airflow/example_dags/example_sla_dag.py
[2026-04-28T12:34:13.251+0000] {logging_mixin.py:188} INFO - [2026-04-28T12:34:13.251+0000] {dag.py:3047} INFO - Sync 1 DAGs
[2026-04-28T12:34:13.313+0000] {logging_mixin.py:188} INFO - [2026-04-28T12:34:13.311+0000] {dag.py:3834} INFO - Setting next_dagrun for example_sla_dag to 2026-04-28 12:32:00+00:00, run_after=2026-04-28 12:34:00+00:00
[2026-04-28T12:34:13.347+0000] {processor.py:183} INFO - Processing /home/airflow/.local/lib/python3.8/site-packages/airflow/example_dags/example_sla_dag.py took 0.163 seconds
[2026-04-28T12:34:43.483+0000] {processor.py:161} INFO - Started process (PID=2566) to work on /home/airflow/.local/lib/python3.8/site-packages/airflow/example_dags/example_sla_dag.py
[2026-04-28T12:34:43.486+0000] {processor.py:830} INFO - Processing file /home/airflow/.local/lib/python3.8/site-packages/airflow/example_dags/example_sla_dag.py for tasks to queue
[2026-04-28T12:34:43.491+0000] {logging_mixin.py:188} INFO - [2026-04-28T12:34:43.490+0000] {dagbag.py:540} INFO - Filling up the DagBag from /home/airflow/.local/lib/python3.8/site-packages/airflow/example_dags/example_sla_dag.py
[2026-04-28T12:34:43.518+0000] {processor.py:840} INFO - DAG(s) 'example_sla_dag' retrieved from /home/airflow/.local/lib/python3.8/site-packages/airflow/example_dags/example_sla_dag.py
[2026-04-28T12:34:43.578+0000] {logging_mixin.py:188} INFO - [2026-04-28T12:34:43.577+0000] {dag.py:3047} INFO - Sync 1 DAGs
[2026-04-28T12:34:43.655+0000] {logging_mixin.py:188} INFO - [2026-04-28T12:34:43.655+0000] {dag.py:3834} INFO - Setting next_dagrun for example_sla_dag to 2026-04-28 12:32:00+00:00, run_after=2026-04-28 12:34:00+00:00
[2026-04-28T12:34:43.704+0000] {processor.py:183} INFO - Processing /home/airflow/.local/lib/python3.8/site-packages/airflow/example_dags/example_sla_dag.py took 0.230 seconds
[2026-04-28T12:35:14.466+0000] {processor.py:161} INFO - Started process (PID=2622) to work on /home/airflow/.local/lib/python3.8/site-packages/airflow/example_dags/example_sla_dag.py
[2026-04-28T12:35:14.467+0000] {processor.py:830} INFO - Processing file /home/airflow/.local/lib/python3.8/site-packages/airflow/example_dags/example_sla_dag.py for tasks to queue
[2026-04-28T12:35:14.469+0000] {logging_mixin.py:188} INFO - [2026-04-28T12:35:14.469+0000] {dagbag.py:540} INFO - Filling up the DagBag from /home/airflow/.local/lib/python3.8/site-packages/airflow/example_dags/example_sla_dag.py
[2026-04-28T12:35:14.479+0000] {processor.py:840} INFO - DAG(s) 'example_sla_dag' retrieved from /home/airflow/.local/lib/python3.8/site-packages/airflow/example_dags/example_sla_dag.py
[2026-04-28T12:35:14.500+0000] {logging_mixin.py:188} INFO - [2026-04-28T12:35:14.500+0000] {dag.py:3047} INFO - Sync 1 DAGs
[2026-04-28T12:35:14.531+0000] {logging_mixin.py:188} INFO - [2026-04-28T12:35:14.531+0000] {dag.py:3834} INFO - Setting next_dagrun for example_sla_dag to 2026-04-28 12:32:00+00:00, run_after=2026-04-28 12:34:00+00:00
[2026-04-28T12:35:14.550+0000] {processor.py:183} INFO - Processing /home/airflow/.local/lib/python3.8/site-packages/airflow/example_dags/example_sla_dag.py took 0.088 seconds
[2026-04-28T12:35:45.097+0000] {processor.py:161} INFO - Started process (PID=2677) to work on /home/airflow/.local/lib/python3.8/site-packages/airflow/example_dags/example_sla_dag.py
[2026-04-28T12:35:45.098+0000] {processor.py:830} INFO - Processing file /home/airflow/.local/lib/python3.8/site-packages/airflow/example_dags/example_sla_dag.py for tasks to queue
[2026-04-28T12:35:45.103+0000] {logging_mixin.py:188} INFO - [2026-04-28T12:35:45.102+0000] {dagbag.py:540} INFO - Filling up the DagBag from /home/airflow/.local/lib/python3.8/site-packages/airflow/example_dags/example_sla_dag.py
[2026-04-28T12:35:45.118+0000] {processor.py:840} INFO - DAG(s) 'example_sla_dag' retrieved from /home/airflow/.local/lib/python3.8/site-packages/airflow/example_dags/example_sla_dag.py
[2026-04-28T12:35:45.140+0000] {logging_mixin.py:188} INFO - [2026-04-28T12:35:45.139+0000] {dag.py:3047} INFO - Sync 1 DAGs
[2026-04-28T12:35:45.169+0000] {logging_mixin.py:188} INFO - [2026-04-28T12:35:45.169+0000] {dag.py:3834} INFO - Setting next_dagrun for example_sla_dag to 2026-04-28 12:32:00+00:00, run_after=2026-04-28 12:34:00+00:00
[2026-04-28T12:35:45.186+0000] {processor.py:183} INFO - Processing /home/airflow/.local/lib/python3.8/site-packages/airflow/example_dags/example_sla_dag.py took 0.093 seconds
[2026-04-28T12:36:15.396+0000] {processor.py:161} INFO - Started process (PID=2733) to work on /home/airflow/.local/lib/python3.8/site-packages/airflow/example_dags/example_sla_dag.py
[2026-04-28T12:36:15.397+0000] {processor.py:830} INFO - Processing file /home/airflow/.local/lib/python3.8/site-packages/airflow/example_dags/example_sla_dag.py for tasks to queue
[2026-04-28T12:36:15.399+0000] {logging_mixin.py:188} INFO - [2026-04-28T12:36:15.398+0000] {dagbag.py:540} INFO - Filling up the DagBag from /home/airflow/.local/lib/python3.8/site-packages/airflow/example_dags/example_sla_dag.py
[2026-04-28T12:36:15.409+0000] {processor.py:840} INFO - DAG(s) 'example_sla_dag' retrieved from /home/airflow/.local/lib/python3.8/site-packages/airflow/example_dags/example_sla_dag.py
[2026-04-28T12:36:15.430+0000] {logging_mixin.py:188} INFO - [2026-04-28T12:36:15.429+0000] {dag.py:3047} INFO - Sync 1 DAGs
[2026-04-28T12:36:15.458+0000] {logging_mixin.py:188} INFO - [2026-04-28T12:36:15.457+0000] {dag.py:3834} INFO - Setting next_dagrun for example_sla_dag to 2026-04-28 12:34:00+00:00, run_after=2026-04-28 12:36:00+00:00
[2026-04-28T12:36:15.479+0000] {processor.py:183} INFO - Processing /home/airflow/.local/lib/python3.8/site-packages/airflow/example_dags/example_sla_dag.py took 0.088 seconds
[2026-04-28T12:36:46.089+0000] {processor.py:161} INFO - Started process (PID=2789) to work on /home/airflow/.local/lib/python3.8/site-packages/airflow/example_dags/example_sla_dag.py
[2026-04-28T12:36:46.090+0000] {processor.py:830} INFO - Processing file /home/airflow/.local/lib/python3.8/site-packages/airflow/example_dags/example_sla_dag.py for tasks to queue
[2026-04-28T12:36:46.092+0000] {logging_mixin.py:188} INFO - [2026-04-28T12:36:46.092+0000] {dagbag.py:540} INFO - Filling up the DagBag from /home/airflow/.local/lib/python3.8/site-packages/airflow/example_dags/example_sla_dag.py
[2026-04-28T12:36:46.102+0000] {processor.py:840} INFO - DAG(s) 'example_sla_dag' retrieved from /home/airflow/.local/lib/python3.8/site-packages/airflow/example_dags/example_sla_dag.py
[2026-04-28T12:36:46.123+0000] {logging_mixin.py:188} INFO - [2026-04-28T12:36:46.123+0000] {dag.py:3047} INFO - Sync 1 DAGs
[2026-04-28T12:36:46.158+0000] {logging_mixin.py:188} INFO - [2026-04-28T12:36:46.158+0000] {dag.py:3834} INFO - Setting next_dagrun for example_sla_dag to 2026-04-28 12:34:00+00:00, run_after=2026-04-28 12:36:00+00:00
[2026-04-28T12:36:46.183+0000] {processor.py:183} INFO - Processing /home/airflow/.local/lib/python3.8/site-packages/airflow/example_dags/example_sla_dag.py took 0.098 seconds
[2026-04-28T12:37:16.598+0000] {processor.py:161} INFO - Started process (PID=2845) to work on /home/airflow/.local/lib/python3.8/site-packages/airflow/example_dags/example_sla_dag.py
[2026-04-28T12:37:16.599+0000] {processor.py:830} INFO - Processing file /home/airflow/.local/lib/python3.8/site-packages/airflow/example_dags/example_sla_dag.py for tasks to queue
[2026-04-28T12:37:16.601+0000] {logging_mixin.py:188} INFO - [2026-04-28T12:37:16.601+0000] {dagbag.py:540} INFO - Filling up the DagBag from /home/airflow/.local/lib/python3.8/site-packages/airflow/example_dags/example_sla_dag.py
[2026-04-28T12:37:16.611+0000] {processor.py:840} INFO - DAG(s) 'example_sla_dag' retrieved from /home/airflow/.local/lib/python3.8/site-packages/airflow/example_dags/example_sla_dag.py
[2026-04-28T12:37:16.632+0000] {logging_mixin.py:188} INFO - [2026-04-28T12:37:16.632+0000] {dag.py:3047} INFO - Sync 1 DAGs
[2026-04-28T12:37:16.660+0000] {logging_mixin.py:188} INFO - [2026-04-28T12:37:16.660+0000] {dag.py:3834} INFO - Setting next_dagrun for example_sla_dag to 2026-04-28 12:34:00+00:00, run_after=2026-04-28 12:36:00+00:00
[2026-04-28T12:37:16.677+0000] {processor.py:183} INFO - Processing /home/airflow/.local/lib/python3.8/site-packages/airflow/example_dags/example_sla_dag.py took 0.083 seconds
[2026-04-28T12:37:47.513+0000] {processor.py:161} INFO - Started process (PID=2901) to work on /home/airflow/.local/lib/python3.8/site-packages/airflow/example_dags/example_sla_dag.py
[2026-04-28T12:37:47.518+0000] {processor.py:830} INFO - Processing file /home/airflow/.local/lib/python3.8/site-packages/airflow/example_dags/example_sla_dag.py for tasks to queue
[2026-04-28T12:37:47.525+0000] {logging_mixin.py:188} INFO - [2026-04-28T12:37:47.525+0000] {dagbag.py:540} INFO - Filling up the DagBag from /home/airflow/.local/lib/python3.8/site-packages/airflow/example_dags/example_sla_dag.py
[2026-04-28T12:37:47.540+0000] {processor.py:840} INFO - DAG(s) 'example_sla_dag' retrieved from /home/airflow/.local/lib/python3.8/site-packages/airflow/example_dags/example_sla_dag.py
[2026-04-28T12:37:47.565+0000] {logging_mixin.py:188} INFO - [2026-04-28T12:37:47.565+0000] {dag.py:3047} INFO - Sync 1 DAGs
[2026-04-28T12:37:47.593+0000] {logging_mixin.py:188} INFO - [2026-04-28T12:37:47.593+0000] {dag.py:3834} INFO - Setting next_dagrun for example_sla_dag to 2026-04-28 12:34:00+00:00, run_after=2026-04-28 12:36:00+00:00
[2026-04-28T12:37:47.609+0000] {processor.py:183} INFO - Processing /home/airflow/.local/lib/python3.8/site-packages/airflow/example_dags/example_sla_dag.py took 0.109 seconds
[2026-04-28T12:38:18.114+0000] {processor.py:161} INFO - Started process (PID=2957) to work on /home/airflow/.local/lib/python3.8/site-packages/airflow/example_dags/example_sla_dag.py
[2026-04-28T12:38:18.115+0000] {processor.py:830} INFO - Processing file /home/airflow/.local/lib/python3.8/site-packages/airflow/example_dags/example_sla_dag.py for tasks to queue
[2026-04-28T12:38:18.117+0000] {logging_mixin.py:188} INFO - [2026-04-28T12:38:18.116+0000] {dagbag.py:540} INFO - Filling up the DagBag from /home/airflow/.local/lib/python3.8/site-packages/airflow/example_dags/example_sla_dag.py
[2026-04-28T12:38:18.127+0000] {processor.py:840} INFO - DAG(s) 'example_sla_dag' retrieved from /home/airflow/.local/lib/python3.8/site-packages/airflow/example_dags/example_sla_dag.py
[2026-04-28T12:38:18.148+0000] {logging_mixin.py:188} INFO - [2026-04-28T12:38:18.148+0000] {dag.py:3047} INFO - Sync 1 DAGs
[2026-04-28T12:38:18.176+0000] {logging_mixin.py:188} INFO - [2026-04-28T12:38:18.176+0000] {dag.py:3834} INFO - Setting next_dagrun for example_sla_dag to 2026-04-28 12:36:00+00:00, run_after=2026-04-28 12:38:00+00:00
[2026-04-28T12:38:18.194+0000] {processor.py:183} INFO - Processing /home/airflow/.local/lib/python3.8/site-packages/airflow/example_dags/example_sla_dag.py took 0.084 seconds
[2026-04-28T12:38:48.814+0000] {processor.py:161} INFO - Started process (PID=3013) to work on /home/airflow/.local/lib/python3.8/site-packages/airflow/example_dags/example_sla_dag.py
[2026-04-28T12:38:48.817+0000] {processor.py:830} INFO - Processing file /home/airflow/.local/lib/python3.8/site-packages/airflow/example_dags/example_sla_dag.py for tasks to queue
[2026-04-28T12:38:48.821+0000] {logging_mixin.py:188} INFO - [2026-04-28T12:38:48.821+0000] {dagbag.py:540} INFO - Filling up the DagBag from /home/airflow/.local/lib/python3.8/site-packages/airflow/example_dags/example_sla_dag.py
[2026-04-28T12:38:48.844+0000] {processor.py:840} INFO - DAG(s) 'example_sla_dag' retrieved from /home/airflow/.local/lib/python3.8/site-packages/airflow/example_dags/example_sla_dag.py
[2026-04-28T12:38:48.867+0000] {logging_mixin.py:188} INFO - [2026-04-28T12:38:48.867+0000] {dag.py:3047} INFO - Sync 1 DAGs
[2026-04-28T12:38:48.896+0000] {logging_mixin.py:188} INFO - [2026-04-28T12:38:48.896+0000] {dag.py:3834} INFO - Setting next_dagrun for example_sla_dag to 2026-04-28 12:36:00+00:00, run_after=2026-04-28 12:38:00+00:00
[2026-04-28T12:38:48.912+0000] {processor.py:183} INFO - Processing /home/airflow/.local/lib/python3.8/site-packages/airflow/example_dags/example_sla_dag.py took 0.118 seconds
[2026-04-28T12:39:19.126+0000] {processor.py:161} INFO - Started process (PID=3069) to work on /home/airflow/.local/lib/python3.8/site-packages/airflow/example_dags/example_sla_dag.py
[2026-04-28T12:39:19.127+0000] {processor.py:830} INFO - Processing file /home/airflow/.local/lib/python3.8/site-packages/airflow/example_dags/example_sla_dag.py for tasks to queue
[2026-04-28T12:39:19.129+0000] {logging_mixin.py:188} INFO - [2026-04-28T12:39:19.128+0000] {dagbag.py:540} INFO - Filling up the DagBag from /home/airflow/.local/lib/python3.8/site-packages/airflow/example_dags/example_sla_dag.py
[2026-04-28T12:39:19.139+0000] {processor.py:840} INFO - DAG(s) 'example_sla_dag' retrieved from /home/airflow/.local/lib/python3.8/site-packages/airflow/example_dags/example_sla_dag.py
[2026-04-28T12:39:19.160+0000] {logging_mixin.py:188} INFO - [2026-04-28T12:39:19.159+0000] {dag.py:3047} INFO - Sync 1 DAGs
[2026-04-28T12:39:19.189+0000] {logging_mixin.py:188} INFO - [2026-04-28T12:39:19.189+0000] {dag.py:3834} INFO - Setting next_dagrun for example_sla_dag to 2026-04-28 12:36:00+00:00, run_after=2026-04-28 12:38:00+00:00
[2026-04-28T12:39:19.237+0000] {processor.py:183} INFO - Processing /home/airflow/.local/lib/python3.8/site-packages/airflow/example_dags/example_sla_dag.py took 0.118 seconds
[2026-04-28T12:39:49.716+0000] {processor.py:161} INFO - Started process (PID=3125) to work on /home/airflow/.local/lib/python3.8/site-packages/airflow/example_dags/example_sla_dag.py
[2026-04-28T12:39:49.719+0000] {processor.py:830} INFO - Processing file /home/airflow/.local/lib/python3.8/site-packages/airflow/example_dags/example_sla_dag.py for tasks to queue
[2026-04-28T12:39:49.721+0000] {logging_mixin.py:188} INFO - [2026-04-28T12:39:49.721+0000] {dagbag.py:540} INFO - Filling up the DagBag from /home/airflow/.local/lib/python3.8/site-packages/airflow/example_dags/example_sla_dag.py
[2026-04-28T12:39:49.741+0000] {processor.py:840} INFO - DAG(s) 'example_sla_dag' retrieved from /home/airflow/.local/lib/python3.8/site-packages/airflow/example_dags/example_sla_dag.py
[2026-04-28T12:39:49.794+0000] {logging_mixin.py:188} INFO - [2026-04-28T12:39:49.794+0000] {dag.py:3047} INFO - Sync 1 DAGs
[2026-04-28T12:39:49.832+0000] {logging_mixin.py:188} INFO - [2026-04-28T12:39:49.832+0000] {dag.py:3834} INFO - Setting next_dagrun for example_sla_dag to 2026-04-28 12:36:00+00:00, run_after=2026-04-28 12:38:00+00:00
[2026-04-28T12:39:49.848+0000] {processor.py:183} INFO - Processing /home/airflow/.local/lib/python3.8/site-packages/airflow/example_dags/example_sla_dag.py took 0.136 seconds
[2026-04-28T12:40:20.174+0000] {processor.py:161} INFO - Started process (PID=3181) to work on /home/airflow/.local/lib/python3.8/site-packages/airflow/example_dags/example_sla_dag.py
[2026-04-28T12:40:20.176+0000] {processor.py:830} INFO - Processing file /home/airflow/.local/lib/python3.8/site-packages/airflow/example_dags/example_sla_dag.py for tasks to queue
[2026-04-28T12:40:20.179+0000] {logging_mixin.py:188} INFO - [2026-04-28T12:40:20.178+0000] {dagbag.py:540} INFO - Filling up the DagBag from /home/airflow/.local/lib/python3.8/site-packages/airflow/example_dags/example_sla_dag.py
[2026-04-28T12:40:20.191+0000] {processor.py:840} INFO - DAG(s) 'example_sla_dag' retrieved from /home/airflow/.local/lib/python3.8/site-packages/airflow/example_dags/example_sla_dag.py
[2026-04-28T12:40:20.213+0000] {logging_mixin.py:188} INFO - [2026-04-28T12:40:20.213+0000] {dag.py:3047} INFO - Sync 1 DAGs
[2026-04-28T12:40:20.241+0000] {logging_mixin.py:188} INFO - [2026-04-28T12:40:20.241+0000] {dag.py:3834} INFO - Setting next_dagrun for example_sla_dag to 2026-04-28 12:38:00+00:00, run_after=2026-04-28 12:40:00+00:00
[2026-04-28T12:40:20.266+0000] {processor.py:183} INFO - Processing /home/airflow/.local/lib/python3.8/site-packages/airflow/example_dags/example_sla_dag.py took 0.101 seconds
[2026-04-28T12:40:51.099+0000] {processor.py:161} INFO - Started process (PID=3237) to work on /home/airflow/.local/lib/python3.8/site-packages/airflow/example_dags/example_sla_dag.py
[2026-04-28T12:40:51.100+0000] {processor.py:830} INFO - Processing file /home/airflow/.local/lib/python3.8/site-packages/airflow/example_dags/example_sla_dag.py for tasks to queue
[2026-04-28T12:40:51.102+0000] {logging_mixin.py:188} INFO - [2026-04-28T12:40:51.101+0000] {dagbag.py:540} INFO - Filling up the DagBag from /home/airflow/.local/lib/python3.8/site-packages/airflow/example_dags/example_sla_dag.py
[2026-04-28T12:40:51.112+0000] {processor.py:840} INFO - DAG(s) 'example_sla_dag' retrieved from /home/airflow/.local/lib/python3.8/site-packages/airflow/example_dags/example_sla_dag.py
[2026-04-28T12:40:51.132+0000] {logging_mixin.py:188} INFO - [2026-04-28T12:40:51.132+0000] {dag.py:3047} INFO - Sync 1 DAGs
[2026-04-28T12:40:51.161+0000] {logging_mixin.py:188} INFO - [2026-04-28T12:40:51.160+0000] {dag.py:3834} INFO - Setting next_dagrun for example_sla_dag to 2026-04-28 12:38:00+00:00, run_after=2026-04-28 12:40:00+00:00
[2026-04-28T12:40:51.180+0000] {processor.py:183} INFO - Processing /home/airflow/.local/lib/python3.8/site-packages/airflow/example_dags/example_sla_dag.py took 0.085 seconds
[2026-04-28T12:41:21.507+0000] {processor.py:161} INFO - Started process (PID=3293) to work on /home/airflow/.local/lib/python3.8/site-packages/airflow/example_dags/example_sla_dag.py
[2026-04-28T12:41:21.510+0000] {processor.py:830} INFO - Processing file /home/airflow/.local/lib/python3.8/site-packages/airflow/example_dags/example_sla_dag.py for tasks to queue
[2026-04-28T12:41:21.513+0000] {logging_mixin.py:188} INFO - [2026-04-28T12:41:21.513+0000] {dagbag.py:540} INFO - Filling up the DagBag from /home/airflow/.local/lib/python3.8/site-packages/airflow/example_dags/example_sla_dag.py
[2026-04-28T12:41:21.523+0000] {processor.py:840} INFO - DAG(s) 'example_sla_dag' retrieved from /home/airflow/.local/lib/python3.8/site-packages/airflow/example_dags/example_sla_dag.py
[2026-04-28T12:41:21.544+0000] {logging_mixin.py:188} INFO - [2026-04-28T12:41:21.543+0000] {dag.py:3047} INFO - Sync 1 DAGs
[2026-04-28T12:41:21.572+0000] {logging_mixin.py:188} INFO - [2026-04-28T12:41:21.572+0000] {dag.py:3834} INFO - Setting next_dagrun for example_sla_dag to 2026-04-28 12:38:00+00:00, run_after=2026-04-28 12:40:00+00:00
[2026-04-28T12:41:21.589+0000] {processor.py:183} INFO - Processing /home/airflow/.local/lib/python3.8/site-packages/airflow/example_dags/example_sla_dag.py took 0.087 seconds
[2026-04-28T12:41:51.923+0000] {processor.py:161} INFO - Started process (PID=3349) to work on /home/airflow/.local/lib/python3.8/site-packages/airflow/example_dags/example_sla_dag.py
[2026-04-28T12:41:51.924+0000] {processor.py:830} INFO - Processing file /home/airflow/.local/lib/python3.8/site-packages/airflow/example_dags/example_sla_dag.py for tasks to queue
[2026-04-28T12:41:51.927+0000] {logging_mixin.py:188} INFO - [2026-04-28T12:41:51.927+0000] {dagbag.py:540} INFO - Filling up the DagBag from /home/airflow/.local/lib/python3.8/site-packages/airflow/example_dags/example_sla_dag.py
[2026-04-28T12:41:51.937+0000] {processor.py:840} INFO - DAG(s) 'example_sla_dag' retrieved from /home/airflow/.local/lib/python3.8/site-packages/airflow/example_dags/example_sla_dag.py
[2026-04-28T12:41:51.957+0000] {logging_mixin.py:188} INFO - [2026-04-28T12:41:51.957+0000] {dag.py:3047} INFO - Sync 1 DAGs
[2026-04-28T12:41:51.985+0000] {logging_mixin.py:188} INFO - [2026-04-28T12:41:51.985+0000] {dag.py:3834} INFO - Setting next_dagrun for example_sla_dag to 2026-04-28 12:38:00+00:00, run_after=2026-04-28 12:40:00+00:00
[2026-04-28T12:41:52.002+0000] {processor.py:183} INFO - Processing /home/airflow/.local/lib/python3.8/site-packages/airflow/example_dags/example_sla_dag.py took 0.084 seconds
[2026-04-28T12:42:22.829+0000] {processor.py:161} INFO - Started process (PID=3405) to work on /home/airflow/.local/lib/python3.8/site-packages/airflow/example_dags/example_sla_dag.py
[2026-04-28T12:42:22.831+0000] {processor.py:830} INFO - Processing file /home/airflow/.local/lib/python3.8/site-packages/airflow/example_dags/example_sla_dag.py for tasks to queue
[2026-04-28T12:42:22.837+0000] {logging_mixin.py:188} INFO - [2026-04-28T12:42:22.836+0000] {dagbag.py:540} INFO - Filling up the DagBag from /home/airflow/.local/lib/python3.8/site-packages/airflow/example_dags/example_sla_dag.py
[2026-04-28T12:42:22.865+0000] {processor.py:840} INFO - DAG(s) 'example_sla_dag' retrieved from /home/airflow/.local/lib/python3.8/site-packages/airflow/example_dags/example_sla_dag.py
[2026-04-28T12:42:22.910+0000] {logging_mixin.py:188} INFO - [2026-04-28T12:42:22.909+0000] {dag.py:3047} INFO - Sync 1 DAGs
[2026-04-28T12:42:22.983+0000] {logging_mixin.py:188} INFO - [2026-04-28T12:42:22.982+0000] {dag.py:3834} INFO - Setting next_dagrun for example_sla_dag to 2026-04-28 12:40:00+00:00, run_after=2026-04-28 12:42:00+00:00
[2026-04-28T12:42:23.020+0000] {processor.py:183} INFO - Processing /home/airflow/.local/lib/python3.8/site-packages/airflow/example_dags/example_sla_dag.py took 0.208 seconds
[2026-04-28T12:42:53.052+0000] {processor.py:161} INFO - Started process (PID=3460) to work on /home/airflow/.local/lib/python3.8/site-packages/airflow/example_dags/example_sla_dag.py
[2026-04-28T12:42:53.053+0000] {processor.py:830} INFO - Processing file /home/airflow/.local/lib/python3.8/site-packages/airflow/example_dags/example_sla_dag.py for tasks to queue
[2026-04-28T12:42:53.054+0000] {logging_mixin.py:188} INFO - [2026-04-28T12:42:53.054+0000] {dagbag.py:540} INFO - Filling up the DagBag from /home/airflow/.local/lib/python3.8/site-packages/airflow/example_dags/example_sla_dag.py
[2026-04-28T12:42:53.062+0000] {processor.py:840} INFO - DAG(s) 'example_sla_dag' retrieved from /home/airflow/.local/lib/python3.8/site-packages/airflow/example_dags/example_sla_dag.py
[2026-04-28T12:42:53.081+0000] {logging_mixin.py:188} INFO - [2026-04-28T12:42:53.081+0000] {dag.py:3047} INFO - Sync 1 DAGs
[2026-04-28T12:42:53.111+0000] {logging_mixin.py:188} INFO - [2026-04-28T12:42:53.111+0000] {dag.py:3834} INFO - Setting next_dagrun for example_sla_dag to 2026-04-28 12:40:00+00:00, run_after=2026-04-28 12:42:00+00:00
[2026-04-28T12:42:53.128+0000] {processor.py:183} INFO - Processing /home/airflow/.local/lib/python3.8/site-packages/airflow/example_dags/example_sla_dag.py took 0.079 seconds
[2026-04-28T12:43:23.362+0000] {processor.py:161} INFO - Started process (PID=3517) to work on /home/airflow/.local/lib/python3.8/site-packages/airflow/example_dags/example_sla_dag.py
[2026-04-28T12:43:23.363+0000] {processor.py:830} INFO - Processing file /home/airflow/.local/lib/python3.8/site-packages/airflow/example_dags/example_sla_dag.py for tasks to queue
[2026-04-28T12:43:23.365+0000] {logging_mixin.py:188} INFO - [2026-04-28T12:43:23.365+0000] {dagbag.py:540} INFO - Filling up the DagBag from /home/airflow/.local/lib/python3.8/site-packages/airflow/example_dags/example_sla_dag.py
[2026-04-28T12:43:23.376+0000] {processor.py:840} INFO - DAG(s) 'example_sla_dag' retrieved from /home/airflow/.local/lib/python3.8/site-packages/airflow/example_dags/example_sla_dag.py
[2026-04-28T12:43:23.396+0000] {logging_mixin.py:188} INFO - [2026-04-28T12:43:23.396+0000] {dag.py:3047} INFO - Sync 1 DAGs
[2026-04-28T12:43:23.424+0000] {logging_mixin.py:188} INFO - [2026-04-28T12:43:23.424+0000] {dag.py:3834} INFO - Setting next_dagrun for example_sla_dag to 2026-04-28 12:40:00+00:00, run_after=2026-04-28 12:42:00+00:00
[2026-04-28T12:43:23.441+0000] {processor.py:183} INFO - Processing /home/airflow/.local/lib/python3.8/site-packages/airflow/example_dags/example_sla_dag.py took 0.083 seconds
[2026-04-28T12:43:53.973+0000] {processor.py:161} INFO - Started process (PID=3572) to work on /home/airflow/.local/lib/python3.8/site-packages/airflow/example_dags/example_sla_dag.py
[2026-04-28T12:43:53.974+0000] {processor.py:830} INFO - Processing file /home/airflow/.local/lib/python3.8/site-packages/airflow/example_dags/example_sla_dag.py for tasks to queue
[2026-04-28T12:43:53.976+0000] {logging_mixin.py:188} INFO - [2026-04-28T12:43:53.976+0000] {dagbag.py:540} INFO - Filling up the DagBag from /home/airflow/.local/lib/python3.8/site-packages/airflow/example_dags/example_sla_dag.py
[2026-04-28T12:43:53.988+0000] {processor.py:840} INFO - DAG(s) 'example_sla_dag' retrieved from /home/airflow/.local/lib/python3.8/site-packages/airflow/example_dags/example_sla_dag.py
[2026-04-28T12:43:54.010+0000] {logging_mixin.py:188} INFO - [2026-04-28T12:43:54.010+0000] {dag.py:3047} INFO - Sync 1 DAGs
[2026-04-28T12:43:54.039+0000] {logging_mixin.py:188} INFO - [2026-04-28T12:43:54.038+0000] {dag.py:3834} INFO - Setting next_dagrun for example_sla_dag to 2026-04-28 12:40:00+00:00, run_after=2026-04-28 12:42:00+00:00
[2026-04-28T12:43:54.056+0000] {processor.py:183} INFO - Processing /home/airflow/.local/lib/python3.8/site-packages/airflow/example_dags/example_sla_dag.py took 0.087 seconds
[2026-04-28T12:44:24.470+0000] {processor.py:161} INFO - Started process (PID=3628) to work on /home/airflow/.local/lib/python3.8/site-packages/airflow/example_dags/example_sla_dag.py
[2026-04-28T12:44:24.474+0000] {processor.py:830} INFO - Processing file /home/airflow/.local/lib/python3.8/site-packages/airflow/example_dags/example_sla_dag.py for tasks to queue
[2026-04-28T12:44:24.478+0000] {logging_mixin.py:188} INFO - [2026-04-28T12:44:24.478+0000] {dagbag.py:540} INFO - Filling up the DagBag from /home/airflow/.local/lib/python3.8/site-packages/airflow/example_dags/example_sla_dag.py
[2026-04-28T12:44:24.499+0000] {processor.py:840} INFO - DAG(s) 'example_sla_dag' retrieved from /home/airflow/.local/lib/python3.8/site-packages/airflow/example_dags/example_sla_dag.py
[2026-04-28T12:44:24.550+0000] {logging_mixin.py:188} INFO - [2026-04-28T12:44:24.550+0000] {dag.py:3047} INFO - Sync 1 DAGs
[2026-04-28T12:44:24.615+0000] {logging_mixin.py:188} INFO - [2026-04-28T12:44:24.615+0000] {dag.py:3834} INFO - Setting next_dagrun for example_sla_dag to 2026-04-28 12:42:00+00:00, run_after=2026-04-28 12:44:00+00:00
[2026-04-28T12:44:24.634+0000] {processor.py:183} INFO - Processing /home/airflow/.local/lib/python3.8/site-packages/airflow/example_dags/example_sla_dag.py took 0.172 seconds
[2026-04-28T12:44:55.423+0000] {processor.py:161} INFO - Started process (PID=3682) to work on /home/airflow/.local/lib/python3.8/site-packages/airflow/example_dags/example_sla_dag.py
[2026-04-28T12:44:55.424+0000] {processor.py:830} INFO - Processing file /home/airflow/.local/lib/python3.8/site-packages/airflow/example_dags/example_sla_dag.py for tasks to queue
[2026-04-28T12:44:55.428+0000] {logging_mixin.py:188} INFO - [2026-04-28T12:44:55.427+0000] {dagbag.py:540} INFO - Filling up the DagBag from /home/airflow/.local/lib/python3.8/site-packages/airflow/example_dags/example_sla_dag.py
[2026-04-28T12:44:55.439+0000] {processor.py:840} INFO - DAG(s) 'example_sla_dag' retrieved from /home/airflow/.local/lib/python3.8/site-packages/airflow/example_dags/example_sla_dag.py
[2026-04-28T12:44:55.460+0000] {logging_mixin.py:188} INFO - [2026-04-28T12:44:55.460+0000] {dag.py:3047} INFO - Sync 1 DAGs
[2026-04-28T12:44:55.490+0000] {logging_mixin.py:188} INFO - [2026-04-28T12:44:55.490+0000] {dag.py:3834} INFO - Setting next_dagrun for example_sla_dag to 2026-04-28 12:42:00+00:00, run_after=2026-04-28 12:44:00+00:00
[2026-04-28T12:44:55.506+0000] {processor.py:183} INFO - Processing /home/airflow/.local/lib/python3.8/site-packages/airflow/example_dags/example_sla_dag.py took 0.088 seconds
[2026-04-28T12:45:26.177+0000] {processor.py:161} INFO - Started process (PID=3737) to work on /home/airflow/.local/lib/python3.8/site-packages/airflow/example_dags/example_sla_dag.py
[2026-04-28T12:45:26.178+0000] {processor.py:830} INFO - Processing file /home/airflow/.local/lib/python3.8/site-packages/airflow/example_dags/example_sla_dag.py for tasks to queue
[2026-04-28T12:45:26.180+0000] {logging_mixin.py:188} INFO - [2026-04-28T12:45:26.180+0000] {dagbag.py:540} INFO - Filling up the DagBag from /home/airflow/.local/lib/python3.8/site-packages/airflow/example_dags/example_sla_dag.py
[2026-04-28T12:45:26.190+0000] {processor.py:840} INFO - DAG(s) 'example_sla_dag' retrieved from /home/airflow/.local/lib/python3.8/site-packages/airflow/example_dags/example_sla_dag.py
[2026-04-28T12:45:26.211+0000] {logging_mixin.py:188} INFO - [2026-04-28T12:45:26.211+0000] {dag.py:3047} INFO - Sync 1 DAGs
[2026-04-28T12:45:26.240+0000] {logging_mixin.py:188} INFO - [2026-04-28T12:45:26.240+0000] {dag.py:3834} INFO - Setting next_dagrun for example_sla_dag to 2026-04-28 12:42:00+00:00, run_after=2026-04-28 12:44:00+00:00
[2026-04-28T12:45:26.259+0000] {processor.py:183} INFO - Processing /home/airflow/.local/lib/python3.8/site-packages/airflow/example_dags/example_sla_dag.py took 0.087 seconds
[2026-04-28T12:45:57.218+0000] {processor.py:161} INFO - Started process (PID=3793) to work on /home/airflow/.local/lib/python3.8/site-packages/airflow/example_dags/example_sla_dag.py
[2026-04-28T12:45:57.219+0000] {processor.py:830} INFO - Processing file /home/airflow/.local/lib/python3.8/site-packages/airflow/example_dags/example_sla_dag.py for tasks to queue
[2026-04-28T12:45:57.222+0000] {logging_mixin.py:188} INFO - [2026-04-28T12:45:57.220+0000] {dagbag.py:540} INFO - Filling up the DagBag from /home/airflow/.local/lib/python3.8/site-packages/airflow/example_dags/example_sla_dag.py
[2026-04-28T12:45:57.238+0000] {processor.py:840} INFO - DAG(s) 'example_sla_dag' retrieved from /home/airflow/.local/lib/python3.8/site-packages/airflow/example_dags/example_sla_dag.py
[2026-04-28T12:45:57.262+0000] {logging_mixin.py:188} INFO - [2026-04-28T12:45:57.262+0000] {dag.py:3047} INFO - Sync 1 DAGs
[2026-04-28T12:45:57.291+0000] {logging_mixin.py:188} INFO - [2026-04-28T12:45:57.291+0000] {dag.py:3834} INFO - Setting next_dagrun for example_sla_dag to 2026-04-28 12:42:00+00:00, run_after=2026-04-28 12:44:00+00:00
[2026-04-28T12:45:57.323+0000] {processor.py:183} INFO - Processing /home/airflow/.local/lib/python3.8/site-packages/airflow/example_dags/example_sla_dag.py took 0.109 seconds
[2026-04-28T12:46:27.415+0000] {processor.py:161} INFO - Started process (PID=3849) to work on /home/airflow/.local/lib/python3.8/site-packages/airflow/example_dags/example_sla_dag.py
[2026-04-28T12:46:27.416+0000] {processor.py:830} INFO - Processing file /home/airflow/.local/lib/python3.8/site-packages/airflow/example_dags/example_sla_dag.py for tasks to queue
[2026-04-28T12:46:27.422+0000] {logging_mixin.py:188} INFO - [2026-04-28T12:46:27.420+0000] {dagbag.py:540} INFO - Filling up the DagBag from /home/airflow/.local/lib/python3.8/site-packages/airflow/example_dags/example_sla_dag.py
[2026-04-28T12:46:27.440+0000] {processor.py:840} INFO - DAG(s) 'example_sla_dag' retrieved from /home/airflow/.local/lib/python3.8/site-packages/airflow/example_dags/example_sla_dag.py
[2026-04-28T12:46:27.468+0000] {logging_mixin.py:188} INFO - [2026-04-28T12:46:27.468+0000] {dag.py:3047} INFO - Sync 1 DAGs
[2026-04-28T12:46:27.499+0000] {logging_mixin.py:188} INFO - [2026-04-28T12:46:27.499+0000] {dag.py:3834} INFO - Setting next_dagrun for example_sla_dag to 2026-04-28 12:44:00+00:00, run_after=2026-04-28 12:46:00+00:00
[2026-04-28T12:46:27.513+0000] {processor.py:183} INFO - Processing /home/airflow/.local/lib/python3.8/site-packages/airflow/example_dags/example_sla_dag.py took 0.106 seconds
[2026-04-28T12:46:57.864+0000] {processor.py:161} INFO - Started process (PID=3905) to work on /home/airflow/.local/lib/python3.8/site-packages/airflow/example_dags/example_sla_dag.py
[2026-04-28T12:46:57.865+0000] {processor.py:830} INFO - Processing file /home/airflow/.local/lib/python3.8/site-packages/airflow/example_dags/example_sla_dag.py for tasks to queue
[2026-04-28T12:46:57.867+0000] {logging_mixin.py:188} INFO - [2026-04-28T12:46:57.867+0000] {dagbag.py:540} INFO - Filling up the DagBag from /home/airflow/.local/lib/python3.8/site-packages/airflow/example_dags/example_sla_dag.py
[2026-04-28T12:46:57.883+0000] {processor.py:840} INFO - DAG(s) 'example_sla_dag' retrieved from /home/airflow/.local/lib/python3.8/site-packages/airflow/example_dags/example_sla_dag.py
[2026-04-28T12:46:57.904+0000] {logging_mixin.py:188} INFO - [2026-04-28T12:46:57.903+0000] {dag.py:3047} INFO - Sync 1 DAGs
[2026-04-28T12:46:57.932+0000] {logging_mixin.py:188} INFO - [2026-04-28T12:46:57.932+0000] {dag.py:3834} INFO - Setting next_dagrun for example_sla_dag to 2026-04-28 12:44:00+00:00, run_after=2026-04-28 12:46:00+00:00
[2026-04-28T12:46:57.951+0000] {processor.py:183} INFO - Processing /home/airflow/.local/lib/python3.8/site-packages/airflow/example_dags/example_sla_dag.py took 0.091 seconds
[2026-04-28T12:47:28.744+0000] {processor.py:161} INFO - Started process (PID=3961) to work on /home/airflow/.local/lib/python3.8/site-packages/airflow/example_dags/example_sla_dag.py
[2026-04-28T12:47:28.747+0000] {processor.py:830} INFO - Processing file /home/airflow/.local/lib/python3.8/site-packages/airflow/example_dags/example_sla_dag.py for tasks to queue
[2026-04-28T12:47:28.749+0000] {logging_mixin.py:188} INFO - [2026-04-28T12:47:28.749+0000] {dagbag.py:540} INFO - Filling up the DagBag from /home/airflow/.local/lib/python3.8/site-packages/airflow/example_dags/example_sla_dag.py
[2026-04-28T12:47:28.760+0000] {processor.py:840} INFO - DAG(s) 'example_sla_dag' retrieved from /home/airflow/.local/lib/python3.8/site-packages/airflow/example_dags/example_sla_dag.py
[2026-04-28T12:47:28.781+0000] {logging_mixin.py:188} INFO - [2026-04-28T12:47:28.780+0000] {dag.py:3047} INFO - Sync 1 DAGs
[2026-04-28T12:47:28.809+0000] {logging_mixin.py:188} INFO - [2026-04-28T12:47:28.809+0000] {dag.py:3834} INFO - Setting next_dagrun for example_sla_dag to 2026-04-28 12:44:00+00:00, run_after=2026-04-28 12:46:00+00:00
[2026-04-28T12:47:28.826+0000] {processor.py:183} INFO - Processing /home/airflow/.local/lib/python3.8/site-packages/airflow/example_dags/example_sla_dag.py took 0.086 seconds
[2026-04-28T12:47:59.011+0000] {processor.py:161} INFO - Started process (PID=4017) to work on /home/airflow/.local/lib/python3.8/site-packages/airflow/example_dags/example_sla_dag.py
[2026-04-28T12:47:59.012+0000] {processor.py:830} INFO - Processing file /home/airflow/.local/lib/python3.8/site-packages/airflow/example_dags/example_sla_dag.py for tasks to queue
[2026-04-28T12:47:59.014+0000] {logging_mixin.py:188} INFO - [2026-04-28T12:47:59.014+0000] {dagbag.py:540} INFO - Filling up the DagBag from /home/airflow/.local/lib/python3.8/site-packages/airflow/example_dags/example_sla_dag.py
[2026-04-28T12:47:59.024+0000] {processor.py:840} INFO - DAG(s) 'example_sla_dag' retrieved from /home/airflow/.local/lib/python3.8/site-packages/airflow/example_dags/example_sla_dag.py
[2026-04-28T12:47:59.046+0000] {logging_mixin.py:188} INFO - [2026-04-28T12:47:59.046+0000] {dag.py:3047} INFO - Sync 1 DAGs
[2026-04-28T12:47:59.075+0000] {logging_mixin.py:188} INFO - [2026-04-28T12:47:59.075+0000] {dag.py:3834} INFO - Setting next_dagrun for example_sla_dag to 2026-04-28 12:44:00+00:00, run_after=2026-04-28 12:46:00+00:00
[2026-04-28T12:47:59.095+0000] {processor.py:183} INFO - Processing /home/airflow/.local/lib/python3.8/site-packages/airflow/example_dags/example_sla_dag.py took 0.088 seconds
[2026-04-28T12:48:29.993+0000] {processor.py:161} INFO - Started process (PID=4073) to work on /home/airflow/.local/lib/python3.8/site-packages/airflow/example_dags/example_sla_dag.py
[2026-04-28T12:48:29.994+0000] {processor.py:830} INFO - Processing file /home/airflow/.local/lib/python3.8/site-packages/airflow/example_dags/example_sla_dag.py for tasks to queue
[2026-04-28T12:48:29.996+0000] {logging_mixin.py:188} INFO - [2026-04-28T12:48:29.995+0000] {dagbag.py:540} INFO - Filling up the DagBag from /home/airflow/.local/lib/python3.8/site-packages/airflow/example_dags/example_sla_dag.py
[2026-04-28T12:48:30.008+0000] {processor.py:840} INFO - DAG(s) 'example_sla_dag' retrieved from /home/airflow/.local/lib/python3.8/site-packages/airflow/example_dags/example_sla_dag.py
[2026-04-28T12:48:30.034+0000] {logging_mixin.py:188} INFO - [2026-04-28T12:48:30.034+0000] {dag.py:3047} INFO - Sync 1 DAGs
[2026-04-28T12:48:30.062+0000] {logging_mixin.py:188} INFO - [2026-04-28T12:48:30.062+0000] {dag.py:3834} INFO - Setting next_dagrun for example_sla_dag to 2026-04-28 12:46:00+00:00, run_after=2026-04-28 12:48:00+00:00
[2026-04-28T12:48:30.079+0000] {processor.py:183} INFO - Processing /home/airflow/.local/lib/python3.8/site-packages/airflow/example_dags/example_sla_dag.py took 0.091 seconds
[2026-04-28T12:49:00.319+0000] {processor.py:161} INFO - Started process (PID=4129) to work on /home/airflow/.local/lib/python3.8/site-packages/airflow/example_dags/example_sla_dag.py
[2026-04-28T12:49:00.321+0000] {processor.py:830} INFO - Processing file /home/airflow/.local/lib/python3.8/site-packages/airflow/example_dags/example_sla_dag.py for tasks to queue
[2026-04-28T12:49:00.323+0000] {logging_mixin.py:188} INFO - [2026-04-28T12:49:00.323+0000] {dagbag.py:540} INFO - Filling up the DagBag from /home/airflow/.local/lib/python3.8/site-packages/airflow/example_dags/example_sla_dag.py
[2026-04-28T12:49:00.333+0000] {processor.py:840} INFO - DAG(s) 'example_sla_dag' retrieved from /home/airflow/.local/lib/python3.8/site-packages/airflow/example_dags/example_sla_dag.py
[2026-04-28T12:49:00.358+0000] {logging_mixin.py:188} INFO - [2026-04-28T12:49:00.358+0000] {dag.py:3047} INFO - Sync 1 DAGs
[2026-04-28T12:49:00.386+0000] {logging_mixin.py:188} INFO - [2026-04-28T12:49:00.385+0000] {dag.py:3834} INFO - Setting next_dagrun for example_sla_dag to 2026-04-28 12:46:00+00:00, run_after=2026-04-28 12:48:00+00:00
[2026-04-28T12:49:00.402+0000] {processor.py:183} INFO - Processing /home/airflow/.local/lib/python3.8/site-packages/airflow/example_dags/example_sla_dag.py took 0.088 seconds
[2026-04-28T12:49:30.803+0000] {processor.py:161} INFO - Started process (PID=4185) to work on /home/airflow/.local/lib/python3.8/site-packages/airflow/example_dags/example_sla_dag.py
[2026-04-28T12:49:30.804+0000] {processor.py:830} INFO - Processing file /home/airflow/.local/lib/python3.8/site-packages/airflow/example_dags/example_sla_dag.py for tasks to queue
[2026-04-28T12:49:30.806+0000] {logging_mixin.py:188} INFO - [2026-04-28T12:49:30.805+0000] {dagbag.py:540} INFO - Filling up the DagBag from /home/airflow/.local/lib/python3.8/site-packages/airflow/example_dags/example_sla_dag.py
[2026-04-28T12:49:30.817+0000] {processor.py:840} INFO - DAG(s) 'example_sla_dag' retrieved from /home/airflow/.local/lib/python3.8/site-packages/airflow/example_dags/example_sla_dag.py
[2026-04-28T12:49:30.838+0000] {logging_mixin.py:188} INFO - [2026-04-28T12:49:30.837+0000] {dag.py:3047} INFO - Sync 1 DAGs
[2026-04-28T12:49:30.867+0000] {logging_mixin.py:188} INFO - [2026-04-28T12:49:30.867+0000] {dag.py:3834} INFO - Setting next_dagrun for example_sla_dag to 2026-04-28 12:46:00+00:00, run_after=2026-04-28 12:48:00+00:00
[2026-04-28T12:49:30.888+0000] {processor.py:183} INFO - Processing /home/airflow/.local/lib/python3.8/site-packages/airflow/example_dags/example_sla_dag.py took 0.089 seconds
[2026-04-28T12:50:01.256+0000] {processor.py:161} INFO - Started process (PID=4241) to work on /home/airflow/.local/lib/python3.8/site-packages/airflow/example_dags/example_sla_dag.py
[2026-04-28T12:50:01.257+0000] {processor.py:830} INFO - Processing file /home/airflow/.local/lib/python3.8/site-packages/airflow/example_dags/example_sla_dag.py for tasks to queue
[2026-04-28T12:50:01.259+0000] {logging_mixin.py:188} INFO - [2026-04-28T12:50:01.258+0000] {dagbag.py:540} INFO - Filling up the DagBag from /home/airflow/.local/lib/python3.8/site-packages/airflow/example_dags/example_sla_dag.py
[2026-04-28T12:50:01.269+0000] {processor.py:840} INFO - DAG(s) 'example_sla_dag' retrieved from /home/airflow/.local/lib/python3.8/site-packages/airflow/example_dags/example_sla_dag.py
[2026-04-28T12:50:01.291+0000] {logging_mixin.py:188} INFO - [2026-04-28T12:50:01.291+0000] {dag.py:3047} INFO - Sync 1 DAGs
[2026-04-28T12:50:01.320+0000] {logging_mixin.py:188} INFO - [2026-04-28T12:50:01.319+0000] {dag.py:3834} INFO - Setting next_dagrun for example_sla_dag to 2026-04-28 12:48:00+00:00, run_after=2026-04-28 12:50:00+00:00
[2026-04-28T12:50:01.337+0000] {processor.py:183} INFO - Processing /home/airflow/.local/lib/python3.8/site-packages/airflow/example_dags/example_sla_dag.py took 0.085 seconds
[2026-04-28T12:50:32.185+0000] {processor.py:161} INFO - Started process (PID=4297) to work on /home/airflow/.local/lib/python3.8/site-packages/airflow/example_dags/example_sla_dag.py
[2026-04-28T12:50:32.186+0000] {processor.py:830} INFO - Processing file /home/airflow/.local/lib/python3.8/site-packages/airflow/example_dags/example_sla_dag.py for tasks to queue
[2026-04-28T12:50:32.188+0000] {logging_mixin.py:188} INFO - [2026-04-28T12:50:32.187+0000] {dagbag.py:540} INFO - Filling up the DagBag from /home/airflow/.local/lib/python3.8/site-packages/airflow/example_dags/example_sla_dag.py
[2026-04-28T12:50:32.198+0000] {processor.py:840} INFO - DAG(s) 'example_sla_dag' retrieved from /home/airflow/.local/lib/python3.8/site-packages/airflow/example_dags/example_sla_dag.py
[2026-04-28T12:50:32.219+0000] {logging_mixin.py:188} INFO - [2026-04-28T12:50:32.219+0000] {dag.py:3047} INFO - Sync 1 DAGs
[2026-04-28T12:50:32.248+0000] {logging_mixin.py:188} INFO - [2026-04-28T12:50:32.248+0000] {dag.py:3834} INFO - Setting next_dagrun for example_sla_dag to 2026-04-28 12:48:00+00:00, run_after=2026-04-28 12:50:00+00:00
[2026-04-28T12:50:32.265+0000] {processor.py:183} INFO - Processing /home/airflow/.local/lib/python3.8/site-packages/airflow/example_dags/example_sla_dag.py took 0.084 seconds
[2026-04-28T12:51:02.447+0000] {processor.py:161} INFO - Started process (PID=4353) to work on /home/airflow/.local/lib/python3.8/site-packages/airflow/example_dags/example_sla_dag.py
[2026-04-28T12:51:02.448+0000] {processor.py:830} INFO - Processing file /home/airflow/.local/lib/python3.8/site-packages/airflow/example_dags/example_sla_dag.py for tasks to queue
[2026-04-28T12:51:02.450+0000] {logging_mixin.py:188} INFO - [2026-04-28T12:51:02.450+0000] {dagbag.py:540} INFO - Filling up the DagBag from /home/airflow/.local/lib/python3.8/site-packages/airflow/example_dags/example_sla_dag.py
[2026-04-28T12:51:02.460+0000] {processor.py:840} INFO - DAG(s) 'example_sla_dag' retrieved from /home/airflow/.local/lib/python3.8/site-packages/airflow/example_dags/example_sla_dag.py
[2026-04-28T12:51:02.480+0000] {logging_mixin.py:188} INFO - [2026-04-28T12:51:02.480+0000] {dag.py:3047} INFO - Sync 1 DAGs
[2026-04-28T12:51:02.509+0000] {logging_mixin.py:188} INFO - [2026-04-28T12:51:02.509+0000] {dag.py:3834} INFO - Setting next_dagrun for example_sla_dag to 2026-04-28 12:48:00+00:00, run_after=2026-04-28 12:50:00+00:00
[2026-04-28T12:51:02.526+0000] {processor.py:183} INFO - Processing /home/airflow/.local/lib/python3.8/site-packages/airflow/example_dags/example_sla_dag.py took 0.086 seconds
[2026-04-28T12:51:33.316+0000] {processor.py:161} INFO - Started process (PID=4409) to work on /home/airflow/.local/lib/python3.8/site-packages/airflow/example_dags/example_sla_dag.py
[2026-04-28T12:51:33.317+0000] {processor.py:830} INFO - Processing file /home/airflow/.local/lib/python3.8/site-packages/airflow/example_dags/example_sla_dag.py for tasks to queue
[2026-04-28T12:51:33.319+0000] {logging_mixin.py:188} INFO - [2026-04-28T12:51:33.319+0000] {dagbag.py:540} INFO - Filling up the DagBag from /home/airflow/.local/lib/python3.8/site-packages/airflow/example_dags/example_sla_dag.py
[2026-04-28T12:51:33.330+0000] {processor.py:840} INFO - DAG(s) 'example_sla_dag' retrieved from /home/airflow/.local/lib/python3.8/site-packages/airflow/example_dags/example_sla_dag.py
[2026-04-28T12:51:33.351+0000] {logging_mixin.py:188} INFO - [2026-04-28T12:51:33.351+0000] {dag.py:3047} INFO - Sync 1 DAGs
[2026-04-28T12:51:33.382+0000] {logging_mixin.py:188} INFO - [2026-04-28T12:51:33.382+0000] {dag.py:3834} INFO - Setting next_dagrun for example_sla_dag to 2026-04-28 12:48:00+00:00, run_after=2026-04-28 12:50:00+00:00
[2026-04-28T12:51:33.399+0000] {processor.py:183} INFO - Processing /home/airflow/.local/lib/python3.8/site-packages/airflow/example_dags/example_sla_dag.py took 0.087 seconds
[2026-04-28T12:52:04.165+0000] {processor.py:161} INFO - Started process (PID=4465) to work on /home/airflow/.local/lib/python3.8/site-packages/airflow/example_dags/example_sla_dag.py
[2026-04-28T12:52:04.166+0000] {processor.py:830} INFO - Processing file /home/airflow/.local/lib/python3.8/site-packages/airflow/example_dags/example_sla_dag.py for tasks to queue
[2026-04-28T12:52:04.168+0000] {logging_mixin.py:188} INFO - [2026-04-28T12:52:04.168+0000] {dagbag.py:540} INFO - Filling up the DagBag from /home/airflow/.local/lib/python3.8/site-packages/airflow/example_dags/example_sla_dag.py
[2026-04-28T12:52:04.179+0000] {processor.py:840} INFO - DAG(s) 'example_sla_dag' retrieved from /home/airflow/.local/lib/python3.8/site-packages/airflow/example_dags/example_sla_dag.py
[2026-04-28T12:52:04.199+0000] {logging_mixin.py:188} INFO - [2026-04-28T12:52:04.199+0000] {dag.py:3047} INFO - Sync 1 DAGs
[2026-04-28T12:52:04.232+0000] {logging_mixin.py:188} INFO - [2026-04-28T12:52:04.232+0000] {dag.py:3834} INFO - Setting next_dagrun for example_sla_dag to 2026-04-28 12:50:00+00:00, run_after=2026-04-28 12:52:00+00:00
[2026-04-28T12:52:04.250+0000] {processor.py:183} INFO - Processing /home/airflow/.local/lib/python3.8/site-packages/airflow/example_dags/example_sla_dag.py took 0.089 seconds
[2026-04-28T12:52:35.131+0000] {processor.py:161} INFO - Started process (PID=4521) to work on /home/airflow/.local/lib/python3.8/site-packages/airflow/example_dags/example_sla_dag.py
[2026-04-28T12:52:35.134+0000] {processor.py:830} INFO - Processing file /home/airflow/.local/lib/python3.8/site-packages/airflow/example_dags/example_sla_dag.py for tasks to queue
[2026-04-28T12:52:35.136+0000] {logging_mixin.py:188} INFO - [2026-04-28T12:52:35.135+0000] {dagbag.py:540} INFO - Filling up the DagBag from /home/airflow/.local/lib/python3.8/site-packages/airflow/example_dags/example_sla_dag.py
[2026-04-28T12:52:35.146+0000] {processor.py:840} INFO - DAG(s) 'example_sla_dag' retrieved from /home/airflow/.local/lib/python3.8/site-packages/airflow/example_dags/example_sla_dag.py
[2026-04-28T12:52:35.166+0000] {logging_mixin.py:188} INFO - [2026-04-28T12:52:35.166+0000] {dag.py:3047} INFO - Sync 1 DAGs
[2026-04-28T12:52:35.195+0000] {logging_mixin.py:188} INFO - [2026-04-28T12:52:35.195+0000] {dag.py:3834} INFO - Setting next_dagrun for example_sla_dag to 2026-04-28 12:50:00+00:00, run_after=2026-04-28 12:52:00+00:00
[2026-04-28T12:52:35.212+0000] {processor.py:183} INFO - Processing /home/airflow/.local/lib/python3.8/site-packages/airflow/example_dags/example_sla_dag.py took 0.086 seconds
[2026-04-28T12:53:05.923+0000] {processor.py:161} INFO - Started process (PID=4583) to work on /home/airflow/.local/lib/python3.8/site-packages/airflow/example_dags/example_sla_dag.py
[2026-04-28T12:53:05.928+0000] {processor.py:830} INFO - Processing file /home/airflow/.local/lib/python3.8/site-packages/airflow/example_dags/example_sla_dag.py for tasks to queue
[2026-04-28T12:53:05.932+0000] {logging_mixin.py:188} INFO - [2026-04-28T12:53:05.930+0000] {dagbag.py:540} INFO - Filling up the DagBag from /home/airflow/.local/lib/python3.8/site-packages/airflow/example_dags/example_sla_dag.py
[2026-04-28T12:53:05.952+0000] {processor.py:840} INFO - DAG(s) 'example_sla_dag' retrieved from /home/airflow/.local/lib/python3.8/site-packages/airflow/example_dags/example_sla_dag.py
[2026-04-28T12:53:06.003+0000] {logging_mixin.py:188} INFO - [2026-04-28T12:53:06.002+0000] {dag.py:3047} INFO - Sync 1 DAGs
[2026-04-28T12:53:06.115+0000] {logging_mixin.py:188} INFO - [2026-04-28T12:53:06.115+0000] {dag.py:3834} INFO - Setting next_dagrun for example_sla_dag to 2026-04-28 12:50:00+00:00, run_after=2026-04-28 12:52:00+00:00
[2026-04-28T12:53:06.144+0000] {processor.py:183} INFO - Processing /home/airflow/.local/lib/python3.8/site-packages/airflow/example_dags/example_sla_dag.py took 0.234 seconds
[2026-04-28T12:53:36.241+0000] {processor.py:161} INFO - Started process (PID=4639) to work on /home/airflow/.local/lib/python3.8/site-packages/airflow/example_dags/example_sla_dag.py
[2026-04-28T12:53:36.242+0000] {processor.py:830} INFO - Processing file /home/airflow/.local/lib/python3.8/site-packages/airflow/example_dags/example_sla_dag.py for tasks to queue
[2026-04-28T12:53:36.244+0000] {logging_mixin.py:188} INFO - [2026-04-28T12:53:36.243+0000] {dagbag.py:540} INFO - Filling up the DagBag from /home/airflow/.local/lib/python3.8/site-packages/airflow/example_dags/example_sla_dag.py
[2026-04-28T12:53:36.251+0000] {processor.py:840} INFO - DAG(s) 'example_sla_dag' retrieved from /home/airflow/.local/lib/python3.8/site-packages/airflow/example_dags/example_sla_dag.py
[2026-04-28T12:53:36.267+0000] {logging_mixin.py:188} INFO - [2026-04-28T12:53:36.267+0000] {dag.py:3047} INFO - Sync 1 DAGs
[2026-04-28T12:53:36.287+0000] {logging_mixin.py:188} INFO - [2026-04-28T12:53:36.286+0000] {dag.py:3834} INFO - Setting next_dagrun for example_sla_dag to 2026-04-28 12:50:00+00:00, run_after=2026-04-28 12:52:00+00:00
[2026-04-28T12:53:36.299+0000] {processor.py:183} INFO - Processing /home/airflow/.local/lib/python3.8/site-packages/airflow/example_dags/example_sla_dag.py took 0.061 seconds
[2026-04-28T12:54:06.395+0000] {processor.py:161} INFO - Started process (PID=4695) to work on /home/airflow/.local/lib/python3.8/site-packages/airflow/example_dags/example_sla_dag.py
[2026-04-28T12:54:06.396+0000] {processor.py:830} INFO - Processing file /home/airflow/.local/lib/python3.8/site-packages/airflow/example_dags/example_sla_dag.py for tasks to queue
[2026-04-28T12:54:06.398+0000] {logging_mixin.py:188} INFO - [2026-04-28T12:54:06.397+0000] {dagbag.py:540} INFO - Filling up the DagBag from /home/airflow/.local/lib/python3.8/site-packages/airflow/example_dags/example_sla_dag.py
[2026-04-28T12:54:06.406+0000] {processor.py:840} INFO - DAG(s) 'example_sla_dag' retrieved from /home/airflow/.local/lib/python3.8/site-packages/airflow/example_dags/example_sla_dag.py
[2026-04-28T12:54:06.424+0000] {logging_mixin.py:188} INFO - [2026-04-28T12:54:06.423+0000] {dag.py:3047} INFO - Sync 1 DAGs
[2026-04-28T12:54:06.468+0000] {logging_mixin.py:188} INFO - [2026-04-28T12:54:06.467+0000] {dag.py:3834} INFO - Setting next_dagrun for example_sla_dag to 2026-04-28 12:52:00+00:00, run_after=2026-04-28 12:54:00+00:00
[2026-04-28T12:54:06.485+0000] {processor.py:183} INFO - Processing /home/airflow/.local/lib/python3.8/site-packages/airflow/example_dags/example_sla_dag.py took 0.093 seconds
[2026-04-28T12:54:36.534+0000] {processor.py:161} INFO - Started process (PID=4751) to work on /home/airflow/.local/lib/python3.8/site-packages/airflow/example_dags/example_sla_dag.py
[2026-04-28T12:54:36.534+0000] {processor.py:830} INFO - Processing file /home/airflow/.local/lib/python3.8/site-packages/airflow/example_dags/example_sla_dag.py for tasks to queue
[2026-04-28T12:54:36.536+0000] {logging_mixin.py:188} INFO - [2026-04-28T12:54:36.536+0000] {dagbag.py:540} INFO - Filling up the DagBag from /home/airflow/.local/lib/python3.8/site-packages/airflow/example_dags/example_sla_dag.py
[2026-04-28T12:54:36.543+0000] {processor.py:840} INFO - DAG(s) 'example_sla_dag' retrieved from /home/airflow/.local/lib/python3.8/site-packages/airflow/example_dags/example_sla_dag.py
[2026-04-28T12:54:36.558+0000] {logging_mixin.py:188} INFO - [2026-04-28T12:54:36.558+0000] {dag.py:3047} INFO - Sync 1 DAGs
[2026-04-28T12:54:36.577+0000] {logging_mixin.py:188} INFO - [2026-04-28T12:54:36.577+0000] {dag.py:3834} INFO - Setting next_dagrun for example_sla_dag to 2026-04-28 12:52:00+00:00, run_after=2026-04-28 12:54:00+00:00
[2026-04-28T12:54:36.590+0000] {processor.py:183} INFO - Processing /home/airflow/.local/lib/python3.8/site-packages/airflow/example_dags/example_sla_dag.py took 0.059 seconds
[2026-04-28T12:55:07.038+0000] {processor.py:161} INFO - Started process (PID=4807) to work on /home/airflow/.local/lib/python3.8/site-packages/airflow/example_dags/example_sla_dag.py
[2026-04-28T12:55:07.039+0000] {processor.py:830} INFO - Processing file /home/airflow/.local/lib/python3.8/site-packages/airflow/example_dags/example_sla_dag.py for tasks to queue
[2026-04-28T12:55:07.041+0000] {logging_mixin.py:188} INFO - [2026-04-28T12:55:07.041+0000] {dagbag.py:540} INFO - Filling up the DagBag from /home/airflow/.local/lib/python3.8/site-packages/airflow/example_dags/example_sla_dag.py
[2026-04-28T12:55:07.051+0000] {processor.py:840} INFO - DAG(s) 'example_sla_dag' retrieved from /home/airflow/.local/lib/python3.8/site-packages/airflow/example_dags/example_sla_dag.py
[2026-04-28T12:55:07.071+0000] {logging_mixin.py:188} INFO - [2026-04-28T12:55:07.071+0000] {dag.py:3047} INFO - Sync 1 DAGs
[2026-04-28T12:55:07.099+0000] {logging_mixin.py:188} INFO - [2026-04-28T12:55:07.099+0000] {dag.py:3834} INFO - Setting next_dagrun for example_sla_dag to 2026-04-28 12:52:00+00:00, run_after=2026-04-28 12:54:00+00:00
[2026-04-28T12:55:07.119+0000] {processor.py:183} INFO - Processing /home/airflow/.local/lib/python3.8/site-packages/airflow/example_dags/example_sla_dag.py took 0.087 seconds
[2026-04-28T12:55:37.956+0000] {processor.py:161} INFO - Started process (PID=4863) to work on /home/airflow/.local/lib/python3.8/site-packages/airflow/example_dags/example_sla_dag.py
[2026-04-28T12:55:37.957+0000] {processor.py:830} INFO - Processing file /home/airflow/.local/lib/python3.8/site-packages/airflow/example_dags/example_sla_dag.py for tasks to queue
[2026-04-28T12:55:37.959+0000] {logging_mixin.py:188} INFO - [2026-04-28T12:55:37.959+0000] {dagbag.py:540} INFO - Filling up the DagBag from /home/airflow/.local/lib/python3.8/site-packages/airflow/example_dags/example_sla_dag.py
[2026-04-28T12:55:37.969+0000] {processor.py:840} INFO - DAG(s) 'example_sla_dag' retrieved from /home/airflow/.local/lib/python3.8/site-packages/airflow/example_dags/example_sla_dag.py
[2026-04-28T12:55:37.990+0000] {logging_mixin.py:188} INFO - [2026-04-28T12:55:37.990+0000] {dag.py:3047} INFO - Sync 1 DAGs
[2026-04-28T12:55:38.022+0000] {logging_mixin.py:188} INFO - [2026-04-28T12:55:38.022+0000] {dag.py:3834} INFO - Setting next_dagrun for example_sla_dag to 2026-04-28 12:52:00+00:00, run_after=2026-04-28 12:54:00+00:00
[2026-04-28T12:55:38.040+0000] {processor.py:183} INFO - Processing /home/airflow/.local/lib/python3.8/site-packages/airflow/example_dags/example_sla_dag.py took 0.088 seconds
[2026-04-28T12:56:08.858+0000] {processor.py:161} INFO - Started process (PID=4918) to work on /home/airflow/.local/lib/python3.8/site-packages/airflow/example_dags/example_sla_dag.py
[2026-04-28T12:56:08.864+0000] {processor.py:830} INFO - Processing file /home/airflow/.local/lib/python3.8/site-packages/airflow/example_dags/example_sla_dag.py for tasks to queue
[2026-04-28T12:56:08.868+0000] {logging_mixin.py:188} INFO - [2026-04-28T12:56:08.867+0000] {dagbag.py:540} INFO - Filling up the DagBag from /home/airflow/.local/lib/python3.8/site-packages/airflow/example_dags/example_sla_dag.py
[2026-04-28T12:56:08.890+0000] {processor.py:840} INFO - DAG(s) 'example_sla_dag' retrieved from /home/airflow/.local/lib/python3.8/site-packages/airflow/example_dags/example_sla_dag.py
[2026-04-28T12:56:08.950+0000] {logging_mixin.py:188} INFO - [2026-04-28T12:56:08.950+0000] {dag.py:3047} INFO - Sync 1 DAGs
[2026-04-28T12:56:09.001+0000] {logging_mixin.py:188} INFO - [2026-04-28T12:56:09.001+0000] {dag.py:3834} INFO - Setting next_dagrun for example_sla_dag to 2026-04-28 12:54:00+00:00, run_after=2026-04-28 12:56:00+00:00
[2026-04-28T12:56:09.018+0000] {processor.py:183} INFO - Processing /home/airflow/.local/lib/python3.8/site-packages/airflow/example_dags/example_sla_dag.py took 0.165 seconds
[2026-04-28T12:56:39.224+0000] {processor.py:161} INFO - Started process (PID=4974) to work on /home/airflow/.local/lib/python3.8/site-packages/airflow/example_dags/example_sla_dag.py
[2026-04-28T12:56:39.227+0000] {processor.py:830} INFO - Processing file /home/airflow/.local/lib/python3.8/site-packages/airflow/example_dags/example_sla_dag.py for tasks to queue
[2026-04-28T12:56:39.233+0000] {logging_mixin.py:188} INFO - [2026-04-28T12:56:39.229+0000] {dagbag.py:540} INFO - Filling up the DagBag from /home/airflow/.local/lib/python3.8/site-packages/airflow/example_dags/example_sla_dag.py
[2026-04-28T12:56:39.262+0000] {processor.py:840} INFO - DAG(s) 'example_sla_dag' retrieved from /home/airflow/.local/lib/python3.8/site-packages/airflow/example_dags/example_sla_dag.py
[2026-04-28T12:56:39.291+0000] {logging_mixin.py:188} INFO - [2026-04-28T12:56:39.290+0000] {dag.py:3047} INFO - Sync 1 DAGs
[2026-04-28T12:56:39.322+0000] {logging_mixin.py:188} INFO - [2026-04-28T12:56:39.322+0000] {dag.py:3834} INFO - Setting next_dagrun for example_sla_dag to 2026-04-28 12:54:00+00:00, run_after=2026-04-28 12:56:00+00:00
[2026-04-28T12:56:39.340+0000] {processor.py:183} INFO - Processing /home/airflow/.local/lib/python3.8/site-packages/airflow/example_dags/example_sla_dag.py took 0.126 seconds
[2026-04-28T12:57:10.126+0000] {processor.py:161} INFO - Started process (PID=5030) to work on /home/airflow/.local/lib/python3.8/site-packages/airflow/example_dags/example_sla_dag.py
[2026-04-28T12:57:10.129+0000] {processor.py:830} INFO - Processing file /home/airflow/.local/lib/python3.8/site-packages/airflow/example_dags/example_sla_dag.py for tasks to queue
[2026-04-28T12:57:10.131+0000] {logging_mixin.py:188} INFO - [2026-04-28T12:57:10.130+0000] {dagbag.py:540} INFO - Filling up the DagBag from /home/airflow/.local/lib/python3.8/site-packages/airflow/example_dags/example_sla_dag.py
[2026-04-28T12:57:10.141+0000] {processor.py:840} INFO - DAG(s) 'example_sla_dag' retrieved from /home/airflow/.local/lib/python3.8/site-packages/airflow/example_dags/example_sla_dag.py
[2026-04-28T12:57:10.160+0000] {logging_mixin.py:188} INFO - [2026-04-28T12:57:10.160+0000] {dag.py:3047} INFO - Sync 1 DAGs
[2026-04-28T12:57:10.189+0000] {logging_mixin.py:188} INFO - [2026-04-28T12:57:10.188+0000] {dag.py:3834} INFO - Setting next_dagrun for example_sla_dag to 2026-04-28 12:54:00+00:00, run_after=2026-04-28 12:56:00+00:00
[2026-04-28T12:57:10.205+0000] {processor.py:183} INFO - Processing /home/airflow/.local/lib/python3.8/site-packages/airflow/example_dags/example_sla_dag.py took 0.083 seconds
[2026-04-28T12:57:40.241+0000] {processor.py:161} INFO - Started process (PID=5086) to work on /home/airflow/.local/lib/python3.8/site-packages/airflow/example_dags/example_sla_dag.py
[2026-04-28T12:57:40.242+0000] {processor.py:830} INFO - Processing file /home/airflow/.local/lib/python3.8/site-packages/airflow/example_dags/example_sla_dag.py for tasks to queue
[2026-04-28T12:57:40.245+0000] {logging_mixin.py:188} INFO - [2026-04-28T12:57:40.244+0000] {dagbag.py:540} INFO - Filling up the DagBag from /home/airflow/.local/lib/python3.8/site-packages/airflow/example_dags/example_sla_dag.py
[2026-04-28T12:57:40.255+0000] {processor.py:840} INFO - DAG(s) 'example_sla_dag' retrieved from /home/airflow/.local/lib/python3.8/site-packages/airflow/example_dags/example_sla_dag.py
[2026-04-28T12:57:40.276+0000] {logging_mixin.py:188} INFO - [2026-04-28T12:57:40.276+0000] {dag.py:3047} INFO - Sync 1 DAGs
[2026-04-28T12:57:40.304+0000] {logging_mixin.py:188} INFO - [2026-04-28T12:57:40.304+0000] {dag.py:3834} INFO - Setting next_dagrun for example_sla_dag to 2026-04-28 12:54:00+00:00, run_after=2026-04-28 12:56:00+00:00
[2026-04-28T12:57:40.321+0000] {processor.py:183} INFO - Processing /home/airflow/.local/lib/python3.8/site-packages/airflow/example_dags/example_sla_dag.py took 0.084 seconds
[2026-04-28T12:58:10.426+0000] {processor.py:161} INFO - Started process (PID=5141) to work on /home/airflow/.local/lib/python3.8/site-packages/airflow/example_dags/example_sla_dag.py
[2026-04-28T12:58:10.427+0000] {processor.py:830} INFO - Processing file /home/airflow/.local/lib/python3.8/site-packages/airflow/example_dags/example_sla_dag.py for tasks to queue
[2026-04-28T12:58:10.429+0000] {logging_mixin.py:188} INFO - [2026-04-28T12:58:10.429+0000] {dagbag.py:540} INFO - Filling up the DagBag from /home/airflow/.local/lib/python3.8/site-packages/airflow/example_dags/example_sla_dag.py
[2026-04-28T12:58:10.439+0000] {processor.py:840} INFO - DAG(s) 'example_sla_dag' retrieved from /home/airflow/.local/lib/python3.8/site-packages/airflow/example_dags/example_sla_dag.py
[2026-04-28T12:58:10.460+0000] {logging_mixin.py:188} INFO - [2026-04-28T12:58:10.459+0000] {dag.py:3047} INFO - Sync 1 DAGs
[2026-04-28T12:58:10.487+0000] {logging_mixin.py:188} INFO - [2026-04-28T12:58:10.487+0000] {dag.py:3834} INFO - Setting next_dagrun for example_sla_dag to 2026-04-28 12:56:00+00:00, run_after=2026-04-28 12:58:00+00:00
[2026-04-28T12:58:10.511+0000] {processor.py:183} INFO - Processing /home/airflow/.local/lib/python3.8/site-packages/airflow/example_dags/example_sla_dag.py took 0.089 seconds
[2026-04-28T12:58:40.674+0000] {processor.py:161} INFO - Started process (PID=5197) to work on /home/airflow/.local/lib/python3.8/site-packages/airflow/example_dags/example_sla_dag.py
[2026-04-28T12:58:40.675+0000] {processor.py:830} INFO - Processing file /home/airflow/.local/lib/python3.8/site-packages/airflow/example_dags/example_sla_dag.py for tasks to queue
[2026-04-28T12:58:40.677+0000] {logging_mixin.py:188} INFO - [2026-04-28T12:58:40.677+0000] {dagbag.py:540} INFO - Filling up the DagBag from /home/airflow/.local/lib/python3.8/site-packages/airflow/example_dags/example_sla_dag.py
[2026-04-28T12:58:40.687+0000] {processor.py:840} INFO - DAG(s) 'example_sla_dag' retrieved from /home/airflow/.local/lib/python3.8/site-packages/airflow/example_dags/example_sla_dag.py
[2026-04-28T12:58:40.709+0000] {logging_mixin.py:188} INFO - [2026-04-28T12:58:40.709+0000] {dag.py:3047} INFO - Sync 1 DAGs
[2026-04-28T12:58:40.739+0000] {logging_mixin.py:188} INFO - [2026-04-28T12:58:40.738+0000] {dag.py:3834} INFO - Setting next_dagrun for example_sla_dag to 2026-04-28 12:56:00+00:00, run_after=2026-04-28 12:58:00+00:00
[2026-04-28T12:58:40.756+0000] {processor.py:183} INFO - Processing /home/airflow/.local/lib/python3.8/site-packages/airflow/example_dags/example_sla_dag.py took 0.086 seconds
[2026-04-28T12:59:10.787+0000] {processor.py:161} INFO - Started process (PID=5252) to work on /home/airflow/.local/lib/python3.8/site-packages/airflow/example_dags/example_sla_dag.py
[2026-04-28T12:59:10.788+0000] {processor.py:830} INFO - Processing file /home/airflow/.local/lib/python3.8/site-packages/airflow/example_dags/example_sla_dag.py for tasks to queue
[2026-04-28T12:59:10.789+0000] {logging_mixin.py:188} INFO - [2026-04-28T12:59:10.789+0000] {dagbag.py:540} INFO - Filling up the DagBag from /home/airflow/.local/lib/python3.8/site-packages/airflow/example_dags/example_sla_dag.py
[2026-04-28T12:59:10.796+0000] {processor.py:840} INFO - DAG(s) 'example_sla_dag' retrieved from /home/airflow/.local/lib/python3.8/site-packages/airflow/example_dags/example_sla_dag.py
[2026-04-28T12:59:10.813+0000] {logging_mixin.py:188} INFO - [2026-04-28T12:59:10.813+0000] {dag.py:3047} INFO - Sync 1 DAGs
[2026-04-28T12:59:10.832+0000] {logging_mixin.py:188} INFO - [2026-04-28T12:59:10.831+0000] {dag.py:3834} INFO - Setting next_dagrun for example_sla_dag to 2026-04-28 12:56:00+00:00, run_after=2026-04-28 12:58:00+00:00
[2026-04-28T12:59:10.845+0000] {processor.py:183} INFO - Processing /home/airflow/.local/lib/python3.8/site-packages/airflow/example_dags/example_sla_dag.py took 0.061 seconds
[2026-04-28T12:59:41.402+0000] {processor.py:161} INFO - Started process (PID=5309) to work on /home/airflow/.local/lib/python3.8/site-packages/airflow/example_dags/example_sla_dag.py
[2026-04-28T12:59:41.404+0000] {processor.py:830} INFO - Processing file /home/airflow/.local/lib/python3.8/site-packages/airflow/example_dags/example_sla_dag.py for tasks to queue
[2026-04-28T12:59:41.407+0000] {logging_mixin.py:188} INFO - [2026-04-28T12:59:41.407+0000] {dagbag.py:540} INFO - Filling up the DagBag from /home/airflow/.local/lib/python3.8/site-packages/airflow/example_dags/example_sla_dag.py
[2026-04-28T12:59:41.417+0000] {processor.py:840} INFO - DAG(s) 'example_sla_dag' retrieved from /home/airflow/.local/lib/python3.8/site-packages/airflow/example_dags/example_sla_dag.py
[2026-04-28T12:59:41.437+0000] {logging_mixin.py:188} INFO - [2026-04-28T12:59:41.437+0000] {dag.py:3047} INFO - Sync 1 DAGs
[2026-04-28T12:59:41.466+0000] {logging_mixin.py:188} INFO - [2026-04-28T12:59:41.466+0000] {dag.py:3834} INFO - Setting next_dagrun for example_sla_dag to 2026-04-28 12:56:00+00:00, run_after=2026-04-28 12:58:00+00:00
[2026-04-28T12:59:41.483+0000] {processor.py:183} INFO - Processing /home/airflow/.local/lib/python3.8/site-packages/airflow/example_dags/example_sla_dag.py took 0.087 seconds
[2026-04-28T13:00:11.946+0000] {processor.py:161} INFO - Started process (PID=5365) to work on /home/airflow/.local/lib/python3.8/site-packages/airflow/example_dags/example_sla_dag.py
[2026-04-28T13:00:11.950+0000] {processor.py:830} INFO - Processing file /home/airflow/.local/lib/python3.8/site-packages/airflow/example_dags/example_sla_dag.py for tasks to queue
[2026-04-28T13:00:11.952+0000] {logging_mixin.py:188} INFO - [2026-04-28T13:00:11.952+0000] {dagbag.py:540} INFO - Filling up the DagBag from /home/airflow/.local/lib/python3.8/site-packages/airflow/example_dags/example_sla_dag.py
[2026-04-28T13:00:11.962+0000] {processor.py:840} INFO - DAG(s) 'example_sla_dag' retrieved from /home/airflow/.local/lib/python3.8/site-packages/airflow/example_dags/example_sla_dag.py
[2026-04-28T13:00:11.982+0000] {logging_mixin.py:188} INFO - [2026-04-28T13:00:11.982+0000] {dag.py:3047} INFO - Sync 1 DAGs
[2026-04-28T13:00:12.010+0000] {logging_mixin.py:188} INFO - [2026-04-28T13:00:12.010+0000] {dag.py:3834} INFO - Setting next_dagrun for example_sla_dag to 2026-04-28 12:58:00+00:00, run_after=2026-04-28 13:00:00+00:00
[2026-04-28T13:00:12.026+0000] {processor.py:183} INFO - Processing /home/airflow/.local/lib/python3.8/site-packages/airflow/example_dags/example_sla_dag.py took 0.085 seconds
[2026-04-28T13:00:42.625+0000] {processor.py:161} INFO - Started process (PID=5420) to work on /home/airflow/.local/lib/python3.8/site-packages/airflow/example_dags/example_sla_dag.py
[2026-04-28T13:00:42.626+0000] {processor.py:830} INFO - Processing file /home/airflow/.local/lib/python3.8/site-packages/airflow/example_dags/example_sla_dag.py for tasks to queue
[2026-04-28T13:00:42.628+0000] {logging_mixin.py:188} INFO - [2026-04-28T13:00:42.628+0000] {dagbag.py:540} INFO - Filling up the DagBag from /home/airflow/.local/lib/python3.8/site-packages/airflow/example_dags/example_sla_dag.py
[2026-04-28T13:00:42.638+0000] {processor.py:840} INFO - DAG(s) 'example_sla_dag' retrieved from /home/airflow/.local/lib/python3.8/site-packages/airflow/example_dags/example_sla_dag.py
[2026-04-28T13:00:42.659+0000] {logging_mixin.py:188} INFO - [2026-04-28T13:00:42.659+0000] {dag.py:3047} INFO - Sync 1 DAGs
[2026-04-28T13:00:42.687+0000] {logging_mixin.py:188} INFO - [2026-04-28T13:00:42.687+0000] {dag.py:3834} INFO - Setting next_dagrun for example_sla_dag to 2026-04-28 12:58:00+00:00, run_after=2026-04-28 13:00:00+00:00
[2026-04-28T13:00:42.708+0000] {processor.py:183} INFO - Processing /home/airflow/.local/lib/python3.8/site-packages/airflow/example_dags/example_sla_dag.py took 0.087 seconds
[2026-04-28T13:01:12.835+0000] {processor.py:161} INFO - Started process (PID=5476) to work on /home/airflow/.local/lib/python3.8/site-packages/airflow/example_dags/example_sla_dag.py
[2026-04-28T13:01:12.836+0000] {processor.py:830} INFO - Processing file /home/airflow/.local/lib/python3.8/site-packages/airflow/example_dags/example_sla_dag.py for tasks to queue
[2026-04-28T13:01:12.838+0000] {logging_mixin.py:188} INFO - [2026-04-28T13:01:12.838+0000] {dagbag.py:540} INFO - Filling up the DagBag from /home/airflow/.local/lib/python3.8/site-packages/airflow/example_dags/example_sla_dag.py
[2026-04-28T13:01:12.848+0000] {processor.py:840} INFO - DAG(s) 'example_sla_dag' retrieved from /home/airflow/.local/lib/python3.8/site-packages/airflow/example_dags/example_sla_dag.py
[2026-04-28T13:01:12.871+0000] {logging_mixin.py:188} INFO - [2026-04-28T13:01:12.871+0000] {dag.py:3047} INFO - Sync 1 DAGs
[2026-04-28T13:01:12.899+0000] {logging_mixin.py:188} INFO - [2026-04-28T13:01:12.899+0000] {dag.py:3834} INFO - Setting next_dagrun for example_sla_dag to 2026-04-28 12:58:00+00:00, run_after=2026-04-28 13:00:00+00:00
[2026-04-28T13:01:12.916+0000] {processor.py:183} INFO - Processing /home/airflow/.local/lib/python3.8/site-packages/airflow/example_dags/example_sla_dag.py took 0.084 seconds
[2026-04-28T13:01:43.105+0000] {processor.py:161} INFO - Started process (PID=5532) to work on /home/airflow/.local/lib/python3.8/site-packages/airflow/example_dags/example_sla_dag.py
[2026-04-28T13:01:43.106+0000] {processor.py:830} INFO - Processing file /home/airflow/.local/lib/python3.8/site-packages/airflow/example_dags/example_sla_dag.py for tasks to queue
[2026-04-28T13:01:43.108+0000] {logging_mixin.py:188} INFO - [2026-04-28T13:01:43.108+0000] {dagbag.py:540} INFO - Filling up the DagBag from /home/airflow/.local/lib/python3.8/site-packages/airflow/example_dags/example_sla_dag.py
[2026-04-28T13:01:43.119+0000] {processor.py:840} INFO - DAG(s) 'example_sla_dag' retrieved from /home/airflow/.local/lib/python3.8/site-packages/airflow/example_dags/example_sla_dag.py
[2026-04-28T13:01:43.139+0000] {logging_mixin.py:188} INFO - [2026-04-28T13:01:43.139+0000] {dag.py:3047} INFO - Sync 1 DAGs
[2026-04-28T13:01:43.172+0000] {logging_mixin.py:188} INFO - [2026-04-28T13:01:43.171+0000] {dag.py:3834} INFO - Setting next_dagrun for example_sla_dag to 2026-04-28 12:58:00+00:00, run_after=2026-04-28 13:00:00+00:00
[2026-04-28T13:01:43.188+0000] {processor.py:183} INFO - Processing /home/airflow/.local/lib/python3.8/site-packages/airflow/example_dags/example_sla_dag.py took 0.087 seconds
[2026-04-28T13:02:13.355+0000] {processor.py:161} INFO - Started process (PID=5588) to work on /home/airflow/.local/lib/python3.8/site-packages/airflow/example_dags/example_sla_dag.py
[2026-04-28T13:02:13.359+0000] {processor.py:830} INFO - Processing file /home/airflow/.local/lib/python3.8/site-packages/airflow/example_dags/example_sla_dag.py for tasks to queue
[2026-04-28T13:02:13.363+0000] {logging_mixin.py:188} INFO - [2026-04-28T13:02:13.362+0000] {dagbag.py:540} INFO - Filling up the DagBag from /home/airflow/.local/lib/python3.8/site-packages/airflow/example_dags/example_sla_dag.py
[2026-04-28T13:02:13.385+0000] {processor.py:840} INFO - DAG(s) 'example_sla_dag' retrieved from /home/airflow/.local/lib/python3.8/site-packages/airflow/example_dags/example_sla_dag.py
[2026-04-28T13:02:13.440+0000] {logging_mixin.py:188} INFO - [2026-04-28T13:02:13.440+0000] {dag.py:3047} INFO - Sync 1 DAGs
[2026-04-28T13:02:13.499+0000] {logging_mixin.py:188} INFO - [2026-04-28T13:02:13.498+0000] {dag.py:3834} INFO - Setting next_dagrun for example_sla_dag to 2026-04-28 13:00:00+00:00, run_after=2026-04-28 13:02:00+00:00
[2026-04-28T13:02:13.539+0000] {processor.py:183} INFO - Processing /home/airflow/.local/lib/python3.8/site-packages/airflow/example_dags/example_sla_dag.py took 0.194 seconds
