[2026-04-28T12:11:46.646+0000] {processor.py:161} INFO - Started process (PID=66) to work on /home/airflow/.local/lib/python3.8/site-packages/airflow/example_dags/example_xcomargs.py
[2026-04-28T12:11:46.652+0000] {processor.py:830} INFO - Processing file /home/airflow/.local/lib/python3.8/site-packages/airflow/example_dags/example_xcomargs.py for tasks to queue
[2026-04-28T12:11:46.655+0000] {logging_mixin.py:188} INFO - [2026-04-28T12:11:46.654+0000] {dagbag.py:540} INFO - Filling up the DagBag from /home/airflow/.local/lib/python3.8/site-packages/airflow/example_dags/example_xcomargs.py
[2026-04-28T12:11:46.753+0000] {processor.py:840} INFO - DAG(s) 'example_xcom_args_with_operators', 'example_xcom_args' retrieved from /home/airflow/.local/lib/python3.8/site-packages/airflow/example_dags/example_xcomargs.py
[2026-04-28T12:11:47.516+0000] {logging_mixin.py:188} INFO - [2026-04-28T12:11:47.515+0000] {dag.py:3047} INFO - Sync 2 DAGs
[2026-04-28T12:11:47.578+0000] {logging_mixin.py:188} INFO - [2026-04-28T12:11:47.578+0000] {dag.py:3834} INFO - Setting next_dagrun for example_xcom_args to None, run_after=None
[2026-04-28T12:11:47.594+0000] {logging_mixin.py:188} INFO - [2026-04-28T12:11:47.594+0000] {dag.py:3834} INFO - Setting next_dagrun for example_xcom_args_with_operators to None, run_after=None
[2026-04-28T12:11:47.683+0000] {processor.py:183} INFO - Processing /home/airflow/.local/lib/python3.8/site-packages/airflow/example_dags/example_xcomargs.py took 1.054 seconds
[2026-04-28T12:12:17.954+0000] {processor.py:161} INFO - Started process (PID=121) to work on /home/airflow/.local/lib/python3.8/site-packages/airflow/example_dags/example_xcomargs.py
[2026-04-28T12:12:17.957+0000] {processor.py:830} INFO - Processing file /home/airflow/.local/lib/python3.8/site-packages/airflow/example_dags/example_xcomargs.py for tasks to queue
[2026-04-28T12:12:17.960+0000] {logging_mixin.py:188} INFO - [2026-04-28T12:12:17.959+0000] {dagbag.py:540} INFO - Filling up the DagBag from /home/airflow/.local/lib/python3.8/site-packages/airflow/example_dags/example_xcomargs.py
[2026-04-28T12:12:17.969+0000] {processor.py:840} INFO - DAG(s) 'example_xcom_args_with_operators', 'example_xcom_args' retrieved from /home/airflow/.local/lib/python3.8/site-packages/airflow/example_dags/example_xcomargs.py
[2026-04-28T12:12:17.994+0000] {logging_mixin.py:188} INFO - [2026-04-28T12:12:17.993+0000] {dag.py:3047} INFO - Sync 2 DAGs
[2026-04-28T12:12:18.008+0000] {logging_mixin.py:188} INFO - [2026-04-28T12:12:18.007+0000] {dag.py:3834} INFO - Setting next_dagrun for example_xcom_args to None, run_after=None
[2026-04-28T12:12:18.011+0000] {logging_mixin.py:188} INFO - [2026-04-28T12:12:18.011+0000] {dag.py:3834} INFO - Setting next_dagrun for example_xcom_args_with_operators to None, run_after=None
[2026-04-28T12:12:18.026+0000] {processor.py:183} INFO - Processing /home/airflow/.local/lib/python3.8/site-packages/airflow/example_dags/example_xcomargs.py took 0.078 seconds
[2026-04-28T12:12:48.130+0000] {processor.py:161} INFO - Started process (PID=176) to work on /home/airflow/.local/lib/python3.8/site-packages/airflow/example_dags/example_xcomargs.py
[2026-04-28T12:12:48.135+0000] {processor.py:830} INFO - Processing file /home/airflow/.local/lib/python3.8/site-packages/airflow/example_dags/example_xcomargs.py for tasks to queue
[2026-04-28T12:12:48.137+0000] {logging_mixin.py:188} INFO - [2026-04-28T12:12:48.136+0000] {dagbag.py:540} INFO - Filling up the DagBag from /home/airflow/.local/lib/python3.8/site-packages/airflow/example_dags/example_xcomargs.py
[2026-04-28T12:12:48.148+0000] {processor.py:840} INFO - DAG(s) 'example_xcom_args', 'example_xcom_args_with_operators' retrieved from /home/airflow/.local/lib/python3.8/site-packages/airflow/example_dags/example_xcomargs.py
[2026-04-28T12:12:48.176+0000] {logging_mixin.py:188} INFO - [2026-04-28T12:12:48.176+0000] {dag.py:3047} INFO - Sync 2 DAGs
[2026-04-28T12:12:48.190+0000] {logging_mixin.py:188} INFO - [2026-04-28T12:12:48.190+0000] {dag.py:3834} INFO - Setting next_dagrun for example_xcom_args to None, run_after=None
[2026-04-28T12:12:48.194+0000] {logging_mixin.py:188} INFO - [2026-04-28T12:12:48.194+0000] {dag.py:3834} INFO - Setting next_dagrun for example_xcom_args_with_operators to None, run_after=None
[2026-04-28T12:12:48.210+0000] {processor.py:183} INFO - Processing /home/airflow/.local/lib/python3.8/site-packages/airflow/example_dags/example_xcomargs.py took 0.083 seconds
[2026-04-28T12:13:18.577+0000] {processor.py:161} INFO - Started process (PID=231) to work on /home/airflow/.local/lib/python3.8/site-packages/airflow/example_dags/example_xcomargs.py
[2026-04-28T12:13:18.578+0000] {processor.py:830} INFO - Processing file /home/airflow/.local/lib/python3.8/site-packages/airflow/example_dags/example_xcomargs.py for tasks to queue
[2026-04-28T12:13:18.581+0000] {logging_mixin.py:188} INFO - [2026-04-28T12:13:18.580+0000] {dagbag.py:540} INFO - Filling up the DagBag from /home/airflow/.local/lib/python3.8/site-packages/airflow/example_dags/example_xcomargs.py
[2026-04-28T12:13:18.592+0000] {processor.py:840} INFO - DAG(s) 'example_xcom_args', 'example_xcom_args_with_operators' retrieved from /home/airflow/.local/lib/python3.8/site-packages/airflow/example_dags/example_xcomargs.py
[2026-04-28T12:13:18.617+0000] {logging_mixin.py:188} INFO - [2026-04-28T12:13:18.617+0000] {dag.py:3047} INFO - Sync 2 DAGs
[2026-04-28T12:13:18.631+0000] {logging_mixin.py:188} INFO - [2026-04-28T12:13:18.630+0000] {dag.py:3834} INFO - Setting next_dagrun for example_xcom_args to None, run_after=None
[2026-04-28T12:13:18.634+0000] {logging_mixin.py:188} INFO - [2026-04-28T12:13:18.634+0000] {dag.py:3834} INFO - Setting next_dagrun for example_xcom_args_with_operators to None, run_after=None
[2026-04-28T12:13:18.648+0000] {processor.py:183} INFO - Processing /home/airflow/.local/lib/python3.8/site-packages/airflow/example_dags/example_xcomargs.py took 0.077 seconds
[2026-04-28T12:13:49.145+0000] {processor.py:161} INFO - Started process (PID=286) to work on /home/airflow/.local/lib/python3.8/site-packages/airflow/example_dags/example_xcomargs.py
[2026-04-28T12:13:49.146+0000] {processor.py:830} INFO - Processing file /home/airflow/.local/lib/python3.8/site-packages/airflow/example_dags/example_xcomargs.py for tasks to queue
[2026-04-28T12:13:49.148+0000] {logging_mixin.py:188} INFO - [2026-04-28T12:13:49.147+0000] {dagbag.py:540} INFO - Filling up the DagBag from /home/airflow/.local/lib/python3.8/site-packages/airflow/example_dags/example_xcomargs.py
[2026-04-28T12:13:49.157+0000] {processor.py:840} INFO - DAG(s) 'example_xcom_args_with_operators', 'example_xcom_args' retrieved from /home/airflow/.local/lib/python3.8/site-packages/airflow/example_dags/example_xcomargs.py
[2026-04-28T12:13:49.182+0000] {logging_mixin.py:188} INFO - [2026-04-28T12:13:49.181+0000] {dag.py:3047} INFO - Sync 2 DAGs
[2026-04-28T12:13:49.196+0000] {logging_mixin.py:188} INFO - [2026-04-28T12:13:49.195+0000] {dag.py:3834} INFO - Setting next_dagrun for example_xcom_args to None, run_after=None
[2026-04-28T12:13:49.199+0000] {logging_mixin.py:188} INFO - [2026-04-28T12:13:49.199+0000] {dag.py:3834} INFO - Setting next_dagrun for example_xcom_args_with_operators to None, run_after=None
[2026-04-28T12:13:49.214+0000] {processor.py:183} INFO - Processing /home/airflow/.local/lib/python3.8/site-packages/airflow/example_dags/example_xcomargs.py took 0.074 seconds
[2026-04-28T12:14:19.680+0000] {processor.py:161} INFO - Started process (PID=341) to work on /home/airflow/.local/lib/python3.8/site-packages/airflow/example_dags/example_xcomargs.py
[2026-04-28T12:14:19.681+0000] {processor.py:830} INFO - Processing file /home/airflow/.local/lib/python3.8/site-packages/airflow/example_dags/example_xcomargs.py for tasks to queue
[2026-04-28T12:14:19.683+0000] {logging_mixin.py:188} INFO - [2026-04-28T12:14:19.682+0000] {dagbag.py:540} INFO - Filling up the DagBag from /home/airflow/.local/lib/python3.8/site-packages/airflow/example_dags/example_xcomargs.py
[2026-04-28T12:14:19.694+0000] {processor.py:840} INFO - DAG(s) 'example_xcom_args', 'example_xcom_args_with_operators' retrieved from /home/airflow/.local/lib/python3.8/site-packages/airflow/example_dags/example_xcomargs.py
[2026-04-28T12:14:19.719+0000] {logging_mixin.py:188} INFO - [2026-04-28T12:14:19.719+0000] {dag.py:3047} INFO - Sync 2 DAGs
[2026-04-28T12:14:19.734+0000] {logging_mixin.py:188} INFO - [2026-04-28T12:14:19.734+0000] {dag.py:3834} INFO - Setting next_dagrun for example_xcom_args to None, run_after=None
[2026-04-28T12:14:19.738+0000] {logging_mixin.py:188} INFO - [2026-04-28T12:14:19.737+0000] {dag.py:3834} INFO - Setting next_dagrun for example_xcom_args_with_operators to None, run_after=None
[2026-04-28T12:14:19.753+0000] {processor.py:183} INFO - Processing /home/airflow/.local/lib/python3.8/site-packages/airflow/example_dags/example_xcomargs.py took 0.078 seconds
[2026-04-28T12:14:50.387+0000] {processor.py:161} INFO - Started process (PID=396) to work on /home/airflow/.local/lib/python3.8/site-packages/airflow/example_dags/example_xcomargs.py
[2026-04-28T12:14:50.388+0000] {processor.py:830} INFO - Processing file /home/airflow/.local/lib/python3.8/site-packages/airflow/example_dags/example_xcomargs.py for tasks to queue
[2026-04-28T12:14:50.390+0000] {logging_mixin.py:188} INFO - [2026-04-28T12:14:50.389+0000] {dagbag.py:540} INFO - Filling up the DagBag from /home/airflow/.local/lib/python3.8/site-packages/airflow/example_dags/example_xcomargs.py
[2026-04-28T12:14:50.399+0000] {processor.py:840} INFO - DAG(s) 'example_xcom_args_with_operators', 'example_xcom_args' retrieved from /home/airflow/.local/lib/python3.8/site-packages/airflow/example_dags/example_xcomargs.py
[2026-04-28T12:14:50.423+0000] {logging_mixin.py:188} INFO - [2026-04-28T12:14:50.422+0000] {dag.py:3047} INFO - Sync 2 DAGs
[2026-04-28T12:14:50.436+0000] {logging_mixin.py:188} INFO - [2026-04-28T12:14:50.436+0000] {dag.py:3834} INFO - Setting next_dagrun for example_xcom_args to None, run_after=None
[2026-04-28T12:14:50.440+0000] {logging_mixin.py:188} INFO - [2026-04-28T12:14:50.440+0000] {dag.py:3834} INFO - Setting next_dagrun for example_xcom_args_with_operators to None, run_after=None
[2026-04-28T12:14:50.469+0000] {processor.py:183} INFO - Processing /home/airflow/.local/lib/python3.8/site-packages/airflow/example_dags/example_xcomargs.py took 0.086 seconds
[2026-04-28T12:15:20.545+0000] {processor.py:161} INFO - Started process (PID=451) to work on /home/airflow/.local/lib/python3.8/site-packages/airflow/example_dags/example_xcomargs.py
[2026-04-28T12:15:20.546+0000] {processor.py:830} INFO - Processing file /home/airflow/.local/lib/python3.8/site-packages/airflow/example_dags/example_xcomargs.py for tasks to queue
[2026-04-28T12:15:20.550+0000] {logging_mixin.py:188} INFO - [2026-04-28T12:15:20.550+0000] {dagbag.py:540} INFO - Filling up the DagBag from /home/airflow/.local/lib/python3.8/site-packages/airflow/example_dags/example_xcomargs.py
[2026-04-28T12:15:20.561+0000] {processor.py:840} INFO - DAG(s) 'example_xcom_args', 'example_xcom_args_with_operators' retrieved from /home/airflow/.local/lib/python3.8/site-packages/airflow/example_dags/example_xcomargs.py
[2026-04-28T12:15:20.588+0000] {logging_mixin.py:188} INFO - [2026-04-28T12:15:20.588+0000] {dag.py:3047} INFO - Sync 2 DAGs
[2026-04-28T12:15:20.603+0000] {logging_mixin.py:188} INFO - [2026-04-28T12:15:20.603+0000] {dag.py:3834} INFO - Setting next_dagrun for example_xcom_args to None, run_after=None
[2026-04-28T12:15:20.607+0000] {logging_mixin.py:188} INFO - [2026-04-28T12:15:20.607+0000] {dag.py:3834} INFO - Setting next_dagrun for example_xcom_args_with_operators to None, run_after=None
[2026-04-28T12:15:20.634+0000] {processor.py:183} INFO - Processing /home/airflow/.local/lib/python3.8/site-packages/airflow/example_dags/example_xcomargs.py took 0.098 seconds
[2026-04-28T12:15:50.912+0000] {processor.py:161} INFO - Started process (PID=504) to work on /home/airflow/.local/lib/python3.8/site-packages/airflow/example_dags/example_xcomargs.py
[2026-04-28T12:15:50.913+0000] {processor.py:830} INFO - Processing file /home/airflow/.local/lib/python3.8/site-packages/airflow/example_dags/example_xcomargs.py for tasks to queue
[2026-04-28T12:15:50.915+0000] {logging_mixin.py:188} INFO - [2026-04-28T12:15:50.915+0000] {dagbag.py:540} INFO - Filling up the DagBag from /home/airflow/.local/lib/python3.8/site-packages/airflow/example_dags/example_xcomargs.py
[2026-04-28T12:15:50.924+0000] {processor.py:840} INFO - DAG(s) 'example_xcom_args', 'example_xcom_args_with_operators' retrieved from /home/airflow/.local/lib/python3.8/site-packages/airflow/example_dags/example_xcomargs.py
[2026-04-28T12:15:50.958+0000] {logging_mixin.py:188} INFO - [2026-04-28T12:15:50.958+0000] {dag.py:3047} INFO - Sync 2 DAGs
[2026-04-28T12:15:50.981+0000] {logging_mixin.py:188} INFO - [2026-04-28T12:15:50.981+0000] {dag.py:3834} INFO - Setting next_dagrun for example_xcom_args to None, run_after=None
[2026-04-28T12:15:50.985+0000] {logging_mixin.py:188} INFO - [2026-04-28T12:15:50.985+0000] {dag.py:3834} INFO - Setting next_dagrun for example_xcom_args_with_operators to None, run_after=None
[2026-04-28T12:15:51.001+0000] {processor.py:183} INFO - Processing /home/airflow/.local/lib/python3.8/site-packages/airflow/example_dags/example_xcomargs.py took 0.093 seconds
[2026-04-28T12:16:21.448+0000] {processor.py:161} INFO - Started process (PID=560) to work on /home/airflow/.local/lib/python3.8/site-packages/airflow/example_dags/example_xcomargs.py
[2026-04-28T12:16:21.449+0000] {processor.py:830} INFO - Processing file /home/airflow/.local/lib/python3.8/site-packages/airflow/example_dags/example_xcomargs.py for tasks to queue
[2026-04-28T12:16:21.451+0000] {logging_mixin.py:188} INFO - [2026-04-28T12:16:21.451+0000] {dagbag.py:540} INFO - Filling up the DagBag from /home/airflow/.local/lib/python3.8/site-packages/airflow/example_dags/example_xcomargs.py
[2026-04-28T12:16:21.461+0000] {processor.py:840} INFO - DAG(s) 'example_xcom_args', 'example_xcom_args_with_operators' retrieved from /home/airflow/.local/lib/python3.8/site-packages/airflow/example_dags/example_xcomargs.py
[2026-04-28T12:16:21.487+0000] {logging_mixin.py:188} INFO - [2026-04-28T12:16:21.487+0000] {dag.py:3047} INFO - Sync 2 DAGs
[2026-04-28T12:16:21.501+0000] {logging_mixin.py:188} INFO - [2026-04-28T12:16:21.500+0000] {dag.py:3834} INFO - Setting next_dagrun for example_xcom_args to None, run_after=None
[2026-04-28T12:16:21.505+0000] {logging_mixin.py:188} INFO - [2026-04-28T12:16:21.504+0000] {dag.py:3834} INFO - Setting next_dagrun for example_xcom_args_with_operators to None, run_after=None
[2026-04-28T12:16:21.523+0000] {processor.py:183} INFO - Processing /home/airflow/.local/lib/python3.8/site-packages/airflow/example_dags/example_xcomargs.py took 0.079 seconds
[2026-04-28T12:16:51.718+0000] {processor.py:161} INFO - Started process (PID=615) to work on /home/airflow/.local/lib/python3.8/site-packages/airflow/example_dags/example_xcomargs.py
[2026-04-28T12:16:51.719+0000] {processor.py:830} INFO - Processing file /home/airflow/.local/lib/python3.8/site-packages/airflow/example_dags/example_xcomargs.py for tasks to queue
[2026-04-28T12:16:51.721+0000] {logging_mixin.py:188} INFO - [2026-04-28T12:16:51.721+0000] {dagbag.py:540} INFO - Filling up the DagBag from /home/airflow/.local/lib/python3.8/site-packages/airflow/example_dags/example_xcomargs.py
[2026-04-28T12:16:51.731+0000] {processor.py:840} INFO - DAG(s) 'example_xcom_args', 'example_xcom_args_with_operators' retrieved from /home/airflow/.local/lib/python3.8/site-packages/airflow/example_dags/example_xcomargs.py
[2026-04-28T12:16:51.756+0000] {logging_mixin.py:188} INFO - [2026-04-28T12:16:51.756+0000] {dag.py:3047} INFO - Sync 2 DAGs
[2026-04-28T12:16:51.770+0000] {logging_mixin.py:188} INFO - [2026-04-28T12:16:51.770+0000] {dag.py:3834} INFO - Setting next_dagrun for example_xcom_args to None, run_after=None
[2026-04-28T12:16:51.773+0000] {logging_mixin.py:188} INFO - [2026-04-28T12:16:51.773+0000] {dag.py:3834} INFO - Setting next_dagrun for example_xcom_args_with_operators to None, run_after=None
[2026-04-28T12:16:51.788+0000] {processor.py:183} INFO - Processing /home/airflow/.local/lib/python3.8/site-packages/airflow/example_dags/example_xcomargs.py took 0.074 seconds
[2026-04-28T12:17:21.861+0000] {processor.py:161} INFO - Started process (PID=670) to work on /home/airflow/.local/lib/python3.8/site-packages/airflow/example_dags/example_xcomargs.py
[2026-04-28T12:17:21.862+0000] {processor.py:830} INFO - Processing file /home/airflow/.local/lib/python3.8/site-packages/airflow/example_dags/example_xcomargs.py for tasks to queue
[2026-04-28T12:17:21.864+0000] {logging_mixin.py:188} INFO - [2026-04-28T12:17:21.864+0000] {dagbag.py:540} INFO - Filling up the DagBag from /home/airflow/.local/lib/python3.8/site-packages/airflow/example_dags/example_xcomargs.py
[2026-04-28T12:17:21.886+0000] {processor.py:840} INFO - DAG(s) 'example_xcom_args_with_operators', 'example_xcom_args' retrieved from /home/airflow/.local/lib/python3.8/site-packages/airflow/example_dags/example_xcomargs.py
[2026-04-28T12:17:21.913+0000] {logging_mixin.py:188} INFO - [2026-04-28T12:17:21.912+0000] {dag.py:3047} INFO - Sync 2 DAGs
[2026-04-28T12:17:21.926+0000] {logging_mixin.py:188} INFO - [2026-04-28T12:17:21.926+0000] {dag.py:3834} INFO - Setting next_dagrun for example_xcom_args to None, run_after=None
[2026-04-28T12:17:21.930+0000] {logging_mixin.py:188} INFO - [2026-04-28T12:17:21.930+0000] {dag.py:3834} INFO - Setting next_dagrun for example_xcom_args_with_operators to None, run_after=None
[2026-04-28T12:17:21.946+0000] {processor.py:183} INFO - Processing /home/airflow/.local/lib/python3.8/site-packages/airflow/example_dags/example_xcomargs.py took 0.089 seconds
[2026-04-28T12:17:52.032+0000] {processor.py:161} INFO - Started process (PID=725) to work on /home/airflow/.local/lib/python3.8/site-packages/airflow/example_dags/example_xcomargs.py
[2026-04-28T12:17:52.033+0000] {processor.py:830} INFO - Processing file /home/airflow/.local/lib/python3.8/site-packages/airflow/example_dags/example_xcomargs.py for tasks to queue
[2026-04-28T12:17:52.035+0000] {logging_mixin.py:188} INFO - [2026-04-28T12:17:52.035+0000] {dagbag.py:540} INFO - Filling up the DagBag from /home/airflow/.local/lib/python3.8/site-packages/airflow/example_dags/example_xcomargs.py
[2026-04-28T12:17:52.044+0000] {processor.py:840} INFO - DAG(s) 'example_xcom_args_with_operators', 'example_xcom_args' retrieved from /home/airflow/.local/lib/python3.8/site-packages/airflow/example_dags/example_xcomargs.py
[2026-04-28T12:17:52.071+0000] {logging_mixin.py:188} INFO - [2026-04-28T12:17:52.071+0000] {dag.py:3047} INFO - Sync 2 DAGs
[2026-04-28T12:17:52.085+0000] {logging_mixin.py:188} INFO - [2026-04-28T12:17:52.085+0000] {dag.py:3834} INFO - Setting next_dagrun for example_xcom_args to None, run_after=None
[2026-04-28T12:17:52.089+0000] {logging_mixin.py:188} INFO - [2026-04-28T12:17:52.089+0000] {dag.py:3834} INFO - Setting next_dagrun for example_xcom_args_with_operators to None, run_after=None
[2026-04-28T12:17:52.104+0000] {processor.py:183} INFO - Processing /home/airflow/.local/lib/python3.8/site-packages/airflow/example_dags/example_xcomargs.py took 0.076 seconds
[2026-04-28T12:18:22.347+0000] {processor.py:161} INFO - Started process (PID=780) to work on /home/airflow/.local/lib/python3.8/site-packages/airflow/example_dags/example_xcomargs.py
[2026-04-28T12:18:22.348+0000] {processor.py:830} INFO - Processing file /home/airflow/.local/lib/python3.8/site-packages/airflow/example_dags/example_xcomargs.py for tasks to queue
[2026-04-28T12:18:22.350+0000] {logging_mixin.py:188} INFO - [2026-04-28T12:18:22.349+0000] {dagbag.py:540} INFO - Filling up the DagBag from /home/airflow/.local/lib/python3.8/site-packages/airflow/example_dags/example_xcomargs.py
[2026-04-28T12:18:22.359+0000] {processor.py:840} INFO - DAG(s) 'example_xcom_args', 'example_xcom_args_with_operators' retrieved from /home/airflow/.local/lib/python3.8/site-packages/airflow/example_dags/example_xcomargs.py
[2026-04-28T12:18:22.389+0000] {logging_mixin.py:188} INFO - [2026-04-28T12:18:22.388+0000] {dag.py:3047} INFO - Sync 2 DAGs
[2026-04-28T12:18:22.402+0000] {logging_mixin.py:188} INFO - [2026-04-28T12:18:22.402+0000] {dag.py:3834} INFO - Setting next_dagrun for example_xcom_args to None, run_after=None
[2026-04-28T12:18:22.405+0000] {logging_mixin.py:188} INFO - [2026-04-28T12:18:22.405+0000] {dag.py:3834} INFO - Setting next_dagrun for example_xcom_args_with_operators to None, run_after=None
[2026-04-28T12:18:22.420+0000] {processor.py:183} INFO - Processing /home/airflow/.local/lib/python3.8/site-packages/airflow/example_dags/example_xcomargs.py took 0.077 seconds
[2026-04-28T12:18:52.771+0000] {processor.py:161} INFO - Started process (PID=835) to work on /home/airflow/.local/lib/python3.8/site-packages/airflow/example_dags/example_xcomargs.py
[2026-04-28T12:18:52.772+0000] {processor.py:830} INFO - Processing file /home/airflow/.local/lib/python3.8/site-packages/airflow/example_dags/example_xcomargs.py for tasks to queue
[2026-04-28T12:18:52.774+0000] {logging_mixin.py:188} INFO - [2026-04-28T12:18:52.773+0000] {dagbag.py:540} INFO - Filling up the DagBag from /home/airflow/.local/lib/python3.8/site-packages/airflow/example_dags/example_xcomargs.py
[2026-04-28T12:18:52.784+0000] {processor.py:840} INFO - DAG(s) 'example_xcom_args_with_operators', 'example_xcom_args' retrieved from /home/airflow/.local/lib/python3.8/site-packages/airflow/example_dags/example_xcomargs.py
[2026-04-28T12:18:52.817+0000] {logging_mixin.py:188} INFO - [2026-04-28T12:18:52.817+0000] {dag.py:3047} INFO - Sync 2 DAGs
[2026-04-28T12:18:52.831+0000] {logging_mixin.py:188} INFO - [2026-04-28T12:18:52.831+0000] {dag.py:3834} INFO - Setting next_dagrun for example_xcom_args to None, run_after=None
[2026-04-28T12:18:52.835+0000] {logging_mixin.py:188} INFO - [2026-04-28T12:18:52.834+0000] {dag.py:3834} INFO - Setting next_dagrun for example_xcom_args_with_operators to None, run_after=None
[2026-04-28T12:18:52.851+0000] {processor.py:183} INFO - Processing /home/airflow/.local/lib/python3.8/site-packages/airflow/example_dags/example_xcomargs.py took 0.084 seconds
[2026-04-28T12:19:22.961+0000] {processor.py:161} INFO - Started process (PID=890) to work on /home/airflow/.local/lib/python3.8/site-packages/airflow/example_dags/example_xcomargs.py
[2026-04-28T12:19:22.962+0000] {processor.py:830} INFO - Processing file /home/airflow/.local/lib/python3.8/site-packages/airflow/example_dags/example_xcomargs.py for tasks to queue
[2026-04-28T12:19:22.964+0000] {logging_mixin.py:188} INFO - [2026-04-28T12:19:22.963+0000] {dagbag.py:540} INFO - Filling up the DagBag from /home/airflow/.local/lib/python3.8/site-packages/airflow/example_dags/example_xcomargs.py
[2026-04-28T12:19:22.973+0000] {processor.py:840} INFO - DAG(s) 'example_xcom_args', 'example_xcom_args_with_operators' retrieved from /home/airflow/.local/lib/python3.8/site-packages/airflow/example_dags/example_xcomargs.py
[2026-04-28T12:19:22.999+0000] {logging_mixin.py:188} INFO - [2026-04-28T12:19:22.999+0000] {dag.py:3047} INFO - Sync 2 DAGs
[2026-04-28T12:19:23.014+0000] {logging_mixin.py:188} INFO - [2026-04-28T12:19:23.013+0000] {dag.py:3834} INFO - Setting next_dagrun for example_xcom_args to None, run_after=None
[2026-04-28T12:19:23.019+0000] {logging_mixin.py:188} INFO - [2026-04-28T12:19:23.019+0000] {dag.py:3834} INFO - Setting next_dagrun for example_xcom_args_with_operators to None, run_after=None
[2026-04-28T12:19:23.035+0000] {processor.py:183} INFO - Processing /home/airflow/.local/lib/python3.8/site-packages/airflow/example_dags/example_xcomargs.py took 0.079 seconds
[2026-04-28T12:19:53.560+0000] {processor.py:161} INFO - Started process (PID=945) to work on /home/airflow/.local/lib/python3.8/site-packages/airflow/example_dags/example_xcomargs.py
[2026-04-28T12:19:53.561+0000] {processor.py:830} INFO - Processing file /home/airflow/.local/lib/python3.8/site-packages/airflow/example_dags/example_xcomargs.py for tasks to queue
[2026-04-28T12:19:53.563+0000] {logging_mixin.py:188} INFO - [2026-04-28T12:19:53.563+0000] {dagbag.py:540} INFO - Filling up the DagBag from /home/airflow/.local/lib/python3.8/site-packages/airflow/example_dags/example_xcomargs.py
[2026-04-28T12:19:53.577+0000] {processor.py:840} INFO - DAG(s) 'example_xcom_args', 'example_xcom_args_with_operators' retrieved from /home/airflow/.local/lib/python3.8/site-packages/airflow/example_dags/example_xcomargs.py
[2026-04-28T12:19:53.603+0000] {logging_mixin.py:188} INFO - [2026-04-28T12:19:53.602+0000] {dag.py:3047} INFO - Sync 2 DAGs
[2026-04-28T12:19:53.617+0000] {logging_mixin.py:188} INFO - [2026-04-28T12:19:53.616+0000] {dag.py:3834} INFO - Setting next_dagrun for example_xcom_args to None, run_after=None
[2026-04-28T12:19:53.620+0000] {logging_mixin.py:188} INFO - [2026-04-28T12:19:53.620+0000] {dag.py:3834} INFO - Setting next_dagrun for example_xcom_args_with_operators to None, run_after=None
[2026-04-28T12:19:53.635+0000] {processor.py:183} INFO - Processing /home/airflow/.local/lib/python3.8/site-packages/airflow/example_dags/example_xcomargs.py took 0.079 seconds
[2026-04-28T12:20:23.910+0000] {processor.py:161} INFO - Started process (PID=999) to work on /home/airflow/.local/lib/python3.8/site-packages/airflow/example_dags/example_xcomargs.py
[2026-04-28T12:20:23.911+0000] {processor.py:830} INFO - Processing file /home/airflow/.local/lib/python3.8/site-packages/airflow/example_dags/example_xcomargs.py for tasks to queue
[2026-04-28T12:20:23.913+0000] {logging_mixin.py:188} INFO - [2026-04-28T12:20:23.913+0000] {dagbag.py:540} INFO - Filling up the DagBag from /home/airflow/.local/lib/python3.8/site-packages/airflow/example_dags/example_xcomargs.py
[2026-04-28T12:20:23.922+0000] {processor.py:840} INFO - DAG(s) 'example_xcom_args_with_operators', 'example_xcom_args' retrieved from /home/airflow/.local/lib/python3.8/site-packages/airflow/example_dags/example_xcomargs.py
[2026-04-28T12:20:23.947+0000] {logging_mixin.py:188} INFO - [2026-04-28T12:20:23.947+0000] {dag.py:3047} INFO - Sync 2 DAGs
[2026-04-28T12:20:23.960+0000] {logging_mixin.py:188} INFO - [2026-04-28T12:20:23.960+0000] {dag.py:3834} INFO - Setting next_dagrun for example_xcom_args to None, run_after=None
[2026-04-28T12:20:23.964+0000] {logging_mixin.py:188} INFO - [2026-04-28T12:20:23.964+0000] {dag.py:3834} INFO - Setting next_dagrun for example_xcom_args_with_operators to None, run_after=None
[2026-04-28T12:20:23.979+0000] {processor.py:183} INFO - Processing /home/airflow/.local/lib/python3.8/site-packages/airflow/example_dags/example_xcomargs.py took 0.073 seconds
[2026-04-28T12:20:54.483+0000] {processor.py:161} INFO - Started process (PID=1054) to work on /home/airflow/.local/lib/python3.8/site-packages/airflow/example_dags/example_xcomargs.py
[2026-04-28T12:20:54.484+0000] {processor.py:830} INFO - Processing file /home/airflow/.local/lib/python3.8/site-packages/airflow/example_dags/example_xcomargs.py for tasks to queue
[2026-04-28T12:20:54.486+0000] {logging_mixin.py:188} INFO - [2026-04-28T12:20:54.486+0000] {dagbag.py:540} INFO - Filling up the DagBag from /home/airflow/.local/lib/python3.8/site-packages/airflow/example_dags/example_xcomargs.py
[2026-04-28T12:20:54.496+0000] {processor.py:840} INFO - DAG(s) 'example_xcom_args', 'example_xcom_args_with_operators' retrieved from /home/airflow/.local/lib/python3.8/site-packages/airflow/example_dags/example_xcomargs.py
[2026-04-28T12:20:54.520+0000] {logging_mixin.py:188} INFO - [2026-04-28T12:20:54.520+0000] {dag.py:3047} INFO - Sync 2 DAGs
[2026-04-28T12:20:54.534+0000] {logging_mixin.py:188} INFO - [2026-04-28T12:20:54.533+0000] {dag.py:3834} INFO - Setting next_dagrun for example_xcom_args to None, run_after=None
[2026-04-28T12:20:54.537+0000] {logging_mixin.py:188} INFO - [2026-04-28T12:20:54.537+0000] {dag.py:3834} INFO - Setting next_dagrun for example_xcom_args_with_operators to None, run_after=None
[2026-04-28T12:20:54.552+0000] {processor.py:183} INFO - Processing /home/airflow/.local/lib/python3.8/site-packages/airflow/example_dags/example_xcomargs.py took 0.073 seconds
[2026-04-28T12:21:24.774+0000] {processor.py:161} INFO - Started process (PID=1109) to work on /home/airflow/.local/lib/python3.8/site-packages/airflow/example_dags/example_xcomargs.py
[2026-04-28T12:21:24.774+0000] {processor.py:830} INFO - Processing file /home/airflow/.local/lib/python3.8/site-packages/airflow/example_dags/example_xcomargs.py for tasks to queue
[2026-04-28T12:21:24.777+0000] {logging_mixin.py:188} INFO - [2026-04-28T12:21:24.776+0000] {dagbag.py:540} INFO - Filling up the DagBag from /home/airflow/.local/lib/python3.8/site-packages/airflow/example_dags/example_xcomargs.py
[2026-04-28T12:21:24.786+0000] {processor.py:840} INFO - DAG(s) 'example_xcom_args_with_operators', 'example_xcom_args' retrieved from /home/airflow/.local/lib/python3.8/site-packages/airflow/example_dags/example_xcomargs.py
[2026-04-28T12:21:24.812+0000] {logging_mixin.py:188} INFO - [2026-04-28T12:21:24.811+0000] {dag.py:3047} INFO - Sync 2 DAGs
[2026-04-28T12:21:24.826+0000] {logging_mixin.py:188} INFO - [2026-04-28T12:21:24.826+0000] {dag.py:3834} INFO - Setting next_dagrun for example_xcom_args to None, run_after=None
[2026-04-28T12:21:24.829+0000] {logging_mixin.py:188} INFO - [2026-04-28T12:21:24.829+0000] {dag.py:3834} INFO - Setting next_dagrun for example_xcom_args_with_operators to None, run_after=None
[2026-04-28T12:21:24.844+0000] {processor.py:183} INFO - Processing /home/airflow/.local/lib/python3.8/site-packages/airflow/example_dags/example_xcomargs.py took 0.074 seconds
[2026-04-28T12:21:55.343+0000] {processor.py:161} INFO - Started process (PID=1164) to work on /home/airflow/.local/lib/python3.8/site-packages/airflow/example_dags/example_xcomargs.py
[2026-04-28T12:21:55.344+0000] {processor.py:830} INFO - Processing file /home/airflow/.local/lib/python3.8/site-packages/airflow/example_dags/example_xcomargs.py for tasks to queue
[2026-04-28T12:21:55.347+0000] {logging_mixin.py:188} INFO - [2026-04-28T12:21:55.347+0000] {dagbag.py:540} INFO - Filling up the DagBag from /home/airflow/.local/lib/python3.8/site-packages/airflow/example_dags/example_xcomargs.py
[2026-04-28T12:21:55.363+0000] {processor.py:840} INFO - DAG(s) 'example_xcom_args_with_operators', 'example_xcom_args' retrieved from /home/airflow/.local/lib/python3.8/site-packages/airflow/example_dags/example_xcomargs.py
[2026-04-28T12:21:55.405+0000] {logging_mixin.py:188} INFO - [2026-04-28T12:21:55.404+0000] {dag.py:3047} INFO - Sync 2 DAGs
[2026-04-28T12:21:55.418+0000] {logging_mixin.py:188} INFO - [2026-04-28T12:21:55.418+0000] {dag.py:3834} INFO - Setting next_dagrun for example_xcom_args to None, run_after=None
[2026-04-28T12:21:55.422+0000] {logging_mixin.py:188} INFO - [2026-04-28T12:21:55.422+0000] {dag.py:3834} INFO - Setting next_dagrun for example_xcom_args_with_operators to None, run_after=None
[2026-04-28T12:21:55.439+0000] {processor.py:183} INFO - Processing /home/airflow/.local/lib/python3.8/site-packages/airflow/example_dags/example_xcomargs.py took 0.101 seconds
[2026-04-28T12:22:25.587+0000] {processor.py:161} INFO - Started process (PID=1219) to work on /home/airflow/.local/lib/python3.8/site-packages/airflow/example_dags/example_xcomargs.py
[2026-04-28T12:22:25.588+0000] {processor.py:830} INFO - Processing file /home/airflow/.local/lib/python3.8/site-packages/airflow/example_dags/example_xcomargs.py for tasks to queue
[2026-04-28T12:22:25.590+0000] {logging_mixin.py:188} INFO - [2026-04-28T12:22:25.589+0000] {dagbag.py:540} INFO - Filling up the DagBag from /home/airflow/.local/lib/python3.8/site-packages/airflow/example_dags/example_xcomargs.py
[2026-04-28T12:22:25.596+0000] {processor.py:840} INFO - DAG(s) 'example_xcom_args_with_operators', 'example_xcom_args' retrieved from /home/airflow/.local/lib/python3.8/site-packages/airflow/example_dags/example_xcomargs.py
[2026-04-28T12:22:25.615+0000] {logging_mixin.py:188} INFO - [2026-04-28T12:22:25.615+0000] {dag.py:3047} INFO - Sync 2 DAGs
[2026-04-28T12:22:25.624+0000] {logging_mixin.py:188} INFO - [2026-04-28T12:22:25.624+0000] {dag.py:3834} INFO - Setting next_dagrun for example_xcom_args to None, run_after=None
[2026-04-28T12:22:25.627+0000] {logging_mixin.py:188} INFO - [2026-04-28T12:22:25.627+0000] {dag.py:3834} INFO - Setting next_dagrun for example_xcom_args_with_operators to None, run_after=None
[2026-04-28T12:22:25.639+0000] {processor.py:183} INFO - Processing /home/airflow/.local/lib/python3.8/site-packages/airflow/example_dags/example_xcomargs.py took 0.055 seconds
[2026-04-28T12:22:55.941+0000] {processor.py:161} INFO - Started process (PID=1274) to work on /home/airflow/.local/lib/python3.8/site-packages/airflow/example_dags/example_xcomargs.py
[2026-04-28T12:22:55.942+0000] {processor.py:830} INFO - Processing file /home/airflow/.local/lib/python3.8/site-packages/airflow/example_dags/example_xcomargs.py for tasks to queue
[2026-04-28T12:22:55.948+0000] {logging_mixin.py:188} INFO - [2026-04-28T12:22:55.944+0000] {dagbag.py:540} INFO - Filling up the DagBag from /home/airflow/.local/lib/python3.8/site-packages/airflow/example_dags/example_xcomargs.py
[2026-04-28T12:22:56.023+0000] {processor.py:840} INFO - DAG(s) 'example_xcom_args_with_operators', 'example_xcom_args' retrieved from /home/airflow/.local/lib/python3.8/site-packages/airflow/example_dags/example_xcomargs.py
[2026-04-28T12:22:56.113+0000] {logging_mixin.py:188} INFO - [2026-04-28T12:22:56.112+0000] {dag.py:3047} INFO - Sync 2 DAGs
[2026-04-28T12:22:56.143+0000] {logging_mixin.py:188} INFO - [2026-04-28T12:22:56.142+0000] {dag.py:3834} INFO - Setting next_dagrun for example_xcom_args to None, run_after=None
[2026-04-28T12:22:56.155+0000] {logging_mixin.py:188} INFO - [2026-04-28T12:22:56.155+0000] {dag.py:3834} INFO - Setting next_dagrun for example_xcom_args_with_operators to None, run_after=None
[2026-04-28T12:22:56.257+0000] {processor.py:183} INFO - Processing /home/airflow/.local/lib/python3.8/site-packages/airflow/example_dags/example_xcomargs.py took 0.329 seconds
[2026-04-28T12:23:27.236+0000] {processor.py:161} INFO - Started process (PID=1329) to work on /home/airflow/.local/lib/python3.8/site-packages/airflow/example_dags/example_xcomargs.py
[2026-04-28T12:23:27.237+0000] {processor.py:830} INFO - Processing file /home/airflow/.local/lib/python3.8/site-packages/airflow/example_dags/example_xcomargs.py for tasks to queue
[2026-04-28T12:23:27.239+0000] {logging_mixin.py:188} INFO - [2026-04-28T12:23:27.239+0000] {dagbag.py:540} INFO - Filling up the DagBag from /home/airflow/.local/lib/python3.8/site-packages/airflow/example_dags/example_xcomargs.py
[2026-04-28T12:23:27.248+0000] {processor.py:840} INFO - DAG(s) 'example_xcom_args', 'example_xcom_args_with_operators' retrieved from /home/airflow/.local/lib/python3.8/site-packages/airflow/example_dags/example_xcomargs.py
[2026-04-28T12:23:27.283+0000] {logging_mixin.py:188} INFO - [2026-04-28T12:23:27.281+0000] {dag.py:3047} INFO - Sync 2 DAGs
[2026-04-28T12:23:27.305+0000] {logging_mixin.py:188} INFO - [2026-04-28T12:23:27.305+0000] {dag.py:3834} INFO - Setting next_dagrun for example_xcom_args to None, run_after=None
[2026-04-28T12:23:27.309+0000] {logging_mixin.py:188} INFO - [2026-04-28T12:23:27.309+0000] {dag.py:3834} INFO - Setting next_dagrun for example_xcom_args_with_operators to None, run_after=None
[2026-04-28T12:23:27.344+0000] {processor.py:183} INFO - Processing /home/airflow/.local/lib/python3.8/site-packages/airflow/example_dags/example_xcomargs.py took 0.112 seconds
[2026-04-28T12:23:58.126+0000] {processor.py:161} INFO - Started process (PID=1384) to work on /home/airflow/.local/lib/python3.8/site-packages/airflow/example_dags/example_xcomargs.py
[2026-04-28T12:23:58.127+0000] {processor.py:830} INFO - Processing file /home/airflow/.local/lib/python3.8/site-packages/airflow/example_dags/example_xcomargs.py for tasks to queue
[2026-04-28T12:23:58.129+0000] {logging_mixin.py:188} INFO - [2026-04-28T12:23:58.129+0000] {dagbag.py:540} INFO - Filling up the DagBag from /home/airflow/.local/lib/python3.8/site-packages/airflow/example_dags/example_xcomargs.py
[2026-04-28T12:23:58.138+0000] {processor.py:840} INFO - DAG(s) 'example_xcom_args_with_operators', 'example_xcom_args' retrieved from /home/airflow/.local/lib/python3.8/site-packages/airflow/example_dags/example_xcomargs.py
[2026-04-28T12:23:58.164+0000] {logging_mixin.py:188} INFO - [2026-04-28T12:23:58.164+0000] {dag.py:3047} INFO - Sync 2 DAGs
[2026-04-28T12:23:58.179+0000] {logging_mixin.py:188} INFO - [2026-04-28T12:23:58.178+0000] {dag.py:3834} INFO - Setting next_dagrun for example_xcom_args to None, run_after=None
[2026-04-28T12:23:58.183+0000] {logging_mixin.py:188} INFO - [2026-04-28T12:23:58.183+0000] {dag.py:3834} INFO - Setting next_dagrun for example_xcom_args_with_operators to None, run_after=None
[2026-04-28T12:23:58.199+0000] {processor.py:183} INFO - Processing /home/airflow/.local/lib/python3.8/site-packages/airflow/example_dags/example_xcomargs.py took 0.077 seconds
[2026-04-28T12:24:28.707+0000] {processor.py:161} INFO - Started process (PID=1439) to work on /home/airflow/.local/lib/python3.8/site-packages/airflow/example_dags/example_xcomargs.py
[2026-04-28T12:24:28.711+0000] {processor.py:830} INFO - Processing file /home/airflow/.local/lib/python3.8/site-packages/airflow/example_dags/example_xcomargs.py for tasks to queue
[2026-04-28T12:24:28.716+0000] {logging_mixin.py:188} INFO - [2026-04-28T12:24:28.715+0000] {dagbag.py:540} INFO - Filling up the DagBag from /home/airflow/.local/lib/python3.8/site-packages/airflow/example_dags/example_xcomargs.py
[2026-04-28T12:24:28.736+0000] {processor.py:840} INFO - DAG(s) 'example_xcom_args', 'example_xcom_args_with_operators' retrieved from /home/airflow/.local/lib/python3.8/site-packages/airflow/example_dags/example_xcomargs.py
[2026-04-28T12:24:28.825+0000] {logging_mixin.py:188} INFO - [2026-04-28T12:24:28.824+0000] {dag.py:3047} INFO - Sync 2 DAGs
[2026-04-28T12:24:28.848+0000] {logging_mixin.py:188} INFO - [2026-04-28T12:24:28.846+0000] {dag.py:3834} INFO - Setting next_dagrun for example_xcom_args to None, run_after=None
[2026-04-28T12:24:28.856+0000] {logging_mixin.py:188} INFO - [2026-04-28T12:24:28.855+0000] {dag.py:3834} INFO - Setting next_dagrun for example_xcom_args_with_operators to None, run_after=None
[2026-04-28T12:24:28.894+0000] {processor.py:183} INFO - Processing /home/airflow/.local/lib/python3.8/site-packages/airflow/example_dags/example_xcomargs.py took 0.193 seconds
[2026-04-28T12:24:58.990+0000] {processor.py:161} INFO - Started process (PID=1494) to work on /home/airflow/.local/lib/python3.8/site-packages/airflow/example_dags/example_xcomargs.py
[2026-04-28T12:24:58.991+0000] {processor.py:830} INFO - Processing file /home/airflow/.local/lib/python3.8/site-packages/airflow/example_dags/example_xcomargs.py for tasks to queue
[2026-04-28T12:24:58.993+0000] {logging_mixin.py:188} INFO - [2026-04-28T12:24:58.993+0000] {dagbag.py:540} INFO - Filling up the DagBag from /home/airflow/.local/lib/python3.8/site-packages/airflow/example_dags/example_xcomargs.py
[2026-04-28T12:24:59.002+0000] {processor.py:840} INFO - DAG(s) 'example_xcom_args_with_operators', 'example_xcom_args' retrieved from /home/airflow/.local/lib/python3.8/site-packages/airflow/example_dags/example_xcomargs.py
[2026-04-28T12:24:59.029+0000] {logging_mixin.py:188} INFO - [2026-04-28T12:24:59.029+0000] {dag.py:3047} INFO - Sync 2 DAGs
[2026-04-28T12:24:59.048+0000] {logging_mixin.py:188} INFO - [2026-04-28T12:24:59.048+0000] {dag.py:3834} INFO - Setting next_dagrun for example_xcom_args to None, run_after=None
[2026-04-28T12:24:59.052+0000] {logging_mixin.py:188} INFO - [2026-04-28T12:24:59.051+0000] {dag.py:3834} INFO - Setting next_dagrun for example_xcom_args_with_operators to None, run_after=None
[2026-04-28T12:24:59.067+0000] {processor.py:183} INFO - Processing /home/airflow/.local/lib/python3.8/site-packages/airflow/example_dags/example_xcomargs.py took 0.081 seconds
[2026-04-28T12:25:29.367+0000] {processor.py:161} INFO - Started process (PID=1549) to work on /home/airflow/.local/lib/python3.8/site-packages/airflow/example_dags/example_xcomargs.py
[2026-04-28T12:25:29.368+0000] {processor.py:830} INFO - Processing file /home/airflow/.local/lib/python3.8/site-packages/airflow/example_dags/example_xcomargs.py for tasks to queue
[2026-04-28T12:25:29.371+0000] {logging_mixin.py:188} INFO - [2026-04-28T12:25:29.371+0000] {dagbag.py:540} INFO - Filling up the DagBag from /home/airflow/.local/lib/python3.8/site-packages/airflow/example_dags/example_xcomargs.py
[2026-04-28T12:25:29.380+0000] {processor.py:840} INFO - DAG(s) 'example_xcom_args', 'example_xcom_args_with_operators' retrieved from /home/airflow/.local/lib/python3.8/site-packages/airflow/example_dags/example_xcomargs.py
[2026-04-28T12:25:29.406+0000] {logging_mixin.py:188} INFO - [2026-04-28T12:25:29.406+0000] {dag.py:3047} INFO - Sync 2 DAGs
[2026-04-28T12:25:29.426+0000] {logging_mixin.py:188} INFO - [2026-04-28T12:25:29.426+0000] {dag.py:3834} INFO - Setting next_dagrun for example_xcom_args to None, run_after=None
[2026-04-28T12:25:29.430+0000] {logging_mixin.py:188} INFO - [2026-04-28T12:25:29.429+0000] {dag.py:3834} INFO - Setting next_dagrun for example_xcom_args_with_operators to None, run_after=None
[2026-04-28T12:25:29.445+0000] {processor.py:183} INFO - Processing /home/airflow/.local/lib/python3.8/site-packages/airflow/example_dags/example_xcomargs.py took 0.081 seconds
[2026-04-28T12:25:59.691+0000] {processor.py:161} INFO - Started process (PID=1604) to work on /home/airflow/.local/lib/python3.8/site-packages/airflow/example_dags/example_xcomargs.py
[2026-04-28T12:25:59.692+0000] {processor.py:830} INFO - Processing file /home/airflow/.local/lib/python3.8/site-packages/airflow/example_dags/example_xcomargs.py for tasks to queue
[2026-04-28T12:25:59.694+0000] {logging_mixin.py:188} INFO - [2026-04-28T12:25:59.694+0000] {dagbag.py:540} INFO - Filling up the DagBag from /home/airflow/.local/lib/python3.8/site-packages/airflow/example_dags/example_xcomargs.py
[2026-04-28T12:25:59.703+0000] {processor.py:840} INFO - DAG(s) 'example_xcom_args_with_operators', 'example_xcom_args' retrieved from /home/airflow/.local/lib/python3.8/site-packages/airflow/example_dags/example_xcomargs.py
[2026-04-28T12:25:59.740+0000] {logging_mixin.py:188} INFO - [2026-04-28T12:25:59.740+0000] {dag.py:3047} INFO - Sync 2 DAGs
[2026-04-28T12:25:59.755+0000] {logging_mixin.py:188} INFO - [2026-04-28T12:25:59.755+0000] {dag.py:3834} INFO - Setting next_dagrun for example_xcom_args to None, run_after=None
[2026-04-28T12:25:59.759+0000] {logging_mixin.py:188} INFO - [2026-04-28T12:25:59.759+0000] {dag.py:3834} INFO - Setting next_dagrun for example_xcom_args_with_operators to None, run_after=None
[2026-04-28T12:25:59.774+0000] {processor.py:183} INFO - Processing /home/airflow/.local/lib/python3.8/site-packages/airflow/example_dags/example_xcomargs.py took 0.087 seconds
[2026-04-28T12:26:30.393+0000] {processor.py:161} INFO - Started process (PID=1659) to work on /home/airflow/.local/lib/python3.8/site-packages/airflow/example_dags/example_xcomargs.py
[2026-04-28T12:26:30.394+0000] {processor.py:830} INFO - Processing file /home/airflow/.local/lib/python3.8/site-packages/airflow/example_dags/example_xcomargs.py for tasks to queue
[2026-04-28T12:26:30.399+0000] {logging_mixin.py:188} INFO - [2026-04-28T12:26:30.397+0000] {dagbag.py:540} INFO - Filling up the DagBag from /home/airflow/.local/lib/python3.8/site-packages/airflow/example_dags/example_xcomargs.py
[2026-04-28T12:26:30.412+0000] {processor.py:840} INFO - DAG(s) 'example_xcom_args_with_operators', 'example_xcom_args' retrieved from /home/airflow/.local/lib/python3.8/site-packages/airflow/example_dags/example_xcomargs.py
[2026-04-28T12:26:30.482+0000] {logging_mixin.py:188} INFO - [2026-04-28T12:26:30.481+0000] {dag.py:3047} INFO - Sync 2 DAGs
[2026-04-28T12:26:30.521+0000] {logging_mixin.py:188} INFO - [2026-04-28T12:26:30.520+0000] {dag.py:3834} INFO - Setting next_dagrun for example_xcom_args to None, run_after=None
[2026-04-28T12:26:30.528+0000] {logging_mixin.py:188} INFO - [2026-04-28T12:26:30.528+0000] {dag.py:3834} INFO - Setting next_dagrun for example_xcom_args_with_operators to None, run_after=None
[2026-04-28T12:26:30.590+0000] {processor.py:183} INFO - Processing /home/airflow/.local/lib/python3.8/site-packages/airflow/example_dags/example_xcomargs.py took 0.202 seconds
[2026-04-28T12:27:01.331+0000] {processor.py:161} INFO - Started process (PID=1715) to work on /home/airflow/.local/lib/python3.8/site-packages/airflow/example_dags/example_xcomargs.py
[2026-04-28T12:27:01.332+0000] {processor.py:830} INFO - Processing file /home/airflow/.local/lib/python3.8/site-packages/airflow/example_dags/example_xcomargs.py for tasks to queue
[2026-04-28T12:27:01.334+0000] {logging_mixin.py:188} INFO - [2026-04-28T12:27:01.334+0000] {dagbag.py:540} INFO - Filling up the DagBag from /home/airflow/.local/lib/python3.8/site-packages/airflow/example_dags/example_xcomargs.py
[2026-04-28T12:27:01.343+0000] {processor.py:840} INFO - DAG(s) 'example_xcom_args_with_operators', 'example_xcom_args' retrieved from /home/airflow/.local/lib/python3.8/site-packages/airflow/example_dags/example_xcomargs.py
[2026-04-28T12:27:01.381+0000] {logging_mixin.py:188} INFO - [2026-04-28T12:27:01.380+0000] {dag.py:3047} INFO - Sync 2 DAGs
[2026-04-28T12:27:01.395+0000] {logging_mixin.py:188} INFO - [2026-04-28T12:27:01.395+0000] {dag.py:3834} INFO - Setting next_dagrun for example_xcom_args to None, run_after=None
[2026-04-28T12:27:01.399+0000] {logging_mixin.py:188} INFO - [2026-04-28T12:27:01.399+0000] {dag.py:3834} INFO - Setting next_dagrun for example_xcom_args_with_operators to None, run_after=None
[2026-04-28T12:27:01.414+0000] {processor.py:183} INFO - Processing /home/airflow/.local/lib/python3.8/site-packages/airflow/example_dags/example_xcomargs.py took 0.087 seconds
[2026-04-28T12:27:31.666+0000] {processor.py:161} INFO - Started process (PID=1771) to work on /home/airflow/.local/lib/python3.8/site-packages/airflow/example_dags/example_xcomargs.py
[2026-04-28T12:27:31.667+0000] {processor.py:830} INFO - Processing file /home/airflow/.local/lib/python3.8/site-packages/airflow/example_dags/example_xcomargs.py for tasks to queue
[2026-04-28T12:27:31.668+0000] {logging_mixin.py:188} INFO - [2026-04-28T12:27:31.668+0000] {dagbag.py:540} INFO - Filling up the DagBag from /home/airflow/.local/lib/python3.8/site-packages/airflow/example_dags/example_xcomargs.py
[2026-04-28T12:27:31.678+0000] {processor.py:840} INFO - DAG(s) 'example_xcom_args_with_operators', 'example_xcom_args' retrieved from /home/airflow/.local/lib/python3.8/site-packages/airflow/example_dags/example_xcomargs.py
[2026-04-28T12:27:31.774+0000] {logging_mixin.py:188} INFO - [2026-04-28T12:27:31.773+0000] {dag.py:3047} INFO - Sync 2 DAGs
[2026-04-28T12:27:31.809+0000] {logging_mixin.py:188} INFO - [2026-04-28T12:27:31.809+0000] {dag.py:3834} INFO - Setting next_dagrun for example_xcom_args to None, run_after=None
[2026-04-28T12:27:31.813+0000] {logging_mixin.py:188} INFO - [2026-04-28T12:27:31.812+0000] {dag.py:3834} INFO - Setting next_dagrun for example_xcom_args_with_operators to None, run_after=None
[2026-04-28T12:27:31.828+0000] {processor.py:183} INFO - Processing /home/airflow/.local/lib/python3.8/site-packages/airflow/example_dags/example_xcomargs.py took 0.166 seconds
[2026-04-28T12:28:01.914+0000] {processor.py:161} INFO - Started process (PID=1826) to work on /home/airflow/.local/lib/python3.8/site-packages/airflow/example_dags/example_xcomargs.py
[2026-04-28T12:28:01.915+0000] {processor.py:830} INFO - Processing file /home/airflow/.local/lib/python3.8/site-packages/airflow/example_dags/example_xcomargs.py for tasks to queue
[2026-04-28T12:28:01.917+0000] {logging_mixin.py:188} INFO - [2026-04-28T12:28:01.917+0000] {dagbag.py:540} INFO - Filling up the DagBag from /home/airflow/.local/lib/python3.8/site-packages/airflow/example_dags/example_xcomargs.py
[2026-04-28T12:28:01.926+0000] {processor.py:840} INFO - DAG(s) 'example_xcom_args_with_operators', 'example_xcom_args' retrieved from /home/airflow/.local/lib/python3.8/site-packages/airflow/example_dags/example_xcomargs.py
[2026-04-28T12:28:01.956+0000] {logging_mixin.py:188} INFO - [2026-04-28T12:28:01.956+0000] {dag.py:3047} INFO - Sync 2 DAGs
[2026-04-28T12:28:01.971+0000] {logging_mixin.py:188} INFO - [2026-04-28T12:28:01.971+0000] {dag.py:3834} INFO - Setting next_dagrun for example_xcom_args to None, run_after=None
[2026-04-28T12:28:01.975+0000] {logging_mixin.py:188} INFO - [2026-04-28T12:28:01.974+0000] {dag.py:3834} INFO - Setting next_dagrun for example_xcom_args_with_operators to None, run_after=None
[2026-04-28T12:28:01.990+0000] {processor.py:183} INFO - Processing /home/airflow/.local/lib/python3.8/site-packages/airflow/example_dags/example_xcomargs.py took 0.079 seconds
[2026-04-28T12:28:32.831+0000] {processor.py:161} INFO - Started process (PID=1888) to work on /home/airflow/.local/lib/python3.8/site-packages/airflow/example_dags/example_xcomargs.py
[2026-04-28T12:28:32.832+0000] {processor.py:830} INFO - Processing file /home/airflow/.local/lib/python3.8/site-packages/airflow/example_dags/example_xcomargs.py for tasks to queue
[2026-04-28T12:28:32.834+0000] {logging_mixin.py:188} INFO - [2026-04-28T12:28:32.833+0000] {dagbag.py:540} INFO - Filling up the DagBag from /home/airflow/.local/lib/python3.8/site-packages/airflow/example_dags/example_xcomargs.py
[2026-04-28T12:28:32.843+0000] {processor.py:840} INFO - DAG(s) 'example_xcom_args', 'example_xcom_args_with_operators' retrieved from /home/airflow/.local/lib/python3.8/site-packages/airflow/example_dags/example_xcomargs.py
[2026-04-28T12:28:32.876+0000] {logging_mixin.py:188} INFO - [2026-04-28T12:28:32.876+0000] {dag.py:3047} INFO - Sync 2 DAGs
[2026-04-28T12:28:32.893+0000] {logging_mixin.py:188} INFO - [2026-04-28T12:28:32.893+0000] {dag.py:3834} INFO - Setting next_dagrun for example_xcom_args to None, run_after=None
[2026-04-28T12:28:32.897+0000] {logging_mixin.py:188} INFO - [2026-04-28T12:28:32.897+0000] {dag.py:3834} INFO - Setting next_dagrun for example_xcom_args_with_operators to None, run_after=None
[2026-04-28T12:28:32.918+0000] {processor.py:183} INFO - Processing /home/airflow/.local/lib/python3.8/site-packages/airflow/example_dags/example_xcomargs.py took 0.090 seconds
[2026-04-28T12:29:03.481+0000] {processor.py:161} INFO - Started process (PID=1944) to work on /home/airflow/.local/lib/python3.8/site-packages/airflow/example_dags/example_xcomargs.py
[2026-04-28T12:29:03.482+0000] {processor.py:830} INFO - Processing file /home/airflow/.local/lib/python3.8/site-packages/airflow/example_dags/example_xcomargs.py for tasks to queue
[2026-04-28T12:29:03.484+0000] {logging_mixin.py:188} INFO - [2026-04-28T12:29:03.483+0000] {dagbag.py:540} INFO - Filling up the DagBag from /home/airflow/.local/lib/python3.8/site-packages/airflow/example_dags/example_xcomargs.py
[2026-04-28T12:29:03.493+0000] {processor.py:840} INFO - DAG(s) 'example_xcom_args', 'example_xcom_args_with_operators' retrieved from /home/airflow/.local/lib/python3.8/site-packages/airflow/example_dags/example_xcomargs.py
[2026-04-28T12:29:03.518+0000] {logging_mixin.py:188} INFO - [2026-04-28T12:29:03.518+0000] {dag.py:3047} INFO - Sync 2 DAGs
[2026-04-28T12:29:03.536+0000] {logging_mixin.py:188} INFO - [2026-04-28T12:29:03.536+0000] {dag.py:3834} INFO - Setting next_dagrun for example_xcom_args to None, run_after=None
[2026-04-28T12:29:03.539+0000] {logging_mixin.py:188} INFO - [2026-04-28T12:29:03.539+0000] {dag.py:3834} INFO - Setting next_dagrun for example_xcom_args_with_operators to None, run_after=None
[2026-04-28T12:29:03.555+0000] {processor.py:183} INFO - Processing /home/airflow/.local/lib/python3.8/site-packages/airflow/example_dags/example_xcomargs.py took 0.078 seconds
[2026-04-28T12:29:34.061+0000] {processor.py:161} INFO - Started process (PID=2000) to work on /home/airflow/.local/lib/python3.8/site-packages/airflow/example_dags/example_xcomargs.py
[2026-04-28T12:29:34.062+0000] {processor.py:830} INFO - Processing file /home/airflow/.local/lib/python3.8/site-packages/airflow/example_dags/example_xcomargs.py for tasks to queue
[2026-04-28T12:29:34.064+0000] {logging_mixin.py:188} INFO - [2026-04-28T12:29:34.064+0000] {dagbag.py:540} INFO - Filling up the DagBag from /home/airflow/.local/lib/python3.8/site-packages/airflow/example_dags/example_xcomargs.py
[2026-04-28T12:29:34.074+0000] {processor.py:840} INFO - DAG(s) 'example_xcom_args_with_operators', 'example_xcom_args' retrieved from /home/airflow/.local/lib/python3.8/site-packages/airflow/example_dags/example_xcomargs.py
[2026-04-28T12:29:34.100+0000] {logging_mixin.py:188} INFO - [2026-04-28T12:29:34.100+0000] {dag.py:3047} INFO - Sync 2 DAGs
[2026-04-28T12:29:34.282+0000] {logging_mixin.py:188} INFO - [2026-04-28T12:29:34.282+0000] {dag.py:3834} INFO - Setting next_dagrun for example_xcom_args to None, run_after=None
[2026-04-28T12:29:34.287+0000] {logging_mixin.py:188} INFO - [2026-04-28T12:29:34.286+0000] {dag.py:3834} INFO - Setting next_dagrun for example_xcom_args_with_operators to None, run_after=None
[2026-04-28T12:29:34.301+0000] {processor.py:183} INFO - Processing /home/airflow/.local/lib/python3.8/site-packages/airflow/example_dags/example_xcomargs.py took 0.244 seconds
[2026-04-28T12:30:04.770+0000] {processor.py:161} INFO - Started process (PID=2056) to work on /home/airflow/.local/lib/python3.8/site-packages/airflow/example_dags/example_xcomargs.py
[2026-04-28T12:30:04.771+0000] {processor.py:830} INFO - Processing file /home/airflow/.local/lib/python3.8/site-packages/airflow/example_dags/example_xcomargs.py for tasks to queue
[2026-04-28T12:30:04.773+0000] {logging_mixin.py:188} INFO - [2026-04-28T12:30:04.773+0000] {dagbag.py:540} INFO - Filling up the DagBag from /home/airflow/.local/lib/python3.8/site-packages/airflow/example_dags/example_xcomargs.py
[2026-04-28T12:30:04.782+0000] {processor.py:840} INFO - DAG(s) 'example_xcom_args_with_operators', 'example_xcom_args' retrieved from /home/airflow/.local/lib/python3.8/site-packages/airflow/example_dags/example_xcomargs.py
[2026-04-28T12:30:04.808+0000] {logging_mixin.py:188} INFO - [2026-04-28T12:30:04.808+0000] {dag.py:3047} INFO - Sync 2 DAGs
[2026-04-28T12:30:04.823+0000] {logging_mixin.py:188} INFO - [2026-04-28T12:30:04.823+0000] {dag.py:3834} INFO - Setting next_dagrun for example_xcom_args to None, run_after=None
[2026-04-28T12:30:04.827+0000] {logging_mixin.py:188} INFO - [2026-04-28T12:30:04.826+0000] {dag.py:3834} INFO - Setting next_dagrun for example_xcom_args_with_operators to None, run_after=None
[2026-04-28T12:30:04.997+0000] {processor.py:183} INFO - Processing /home/airflow/.local/lib/python3.8/site-packages/airflow/example_dags/example_xcomargs.py took 0.231 seconds
[2026-04-28T12:30:35.158+0000] {processor.py:161} INFO - Started process (PID=2112) to work on /home/airflow/.local/lib/python3.8/site-packages/airflow/example_dags/example_xcomargs.py
[2026-04-28T12:30:35.162+0000] {processor.py:830} INFO - Processing file /home/airflow/.local/lib/python3.8/site-packages/airflow/example_dags/example_xcomargs.py for tasks to queue
[2026-04-28T12:30:35.169+0000] {logging_mixin.py:188} INFO - [2026-04-28T12:30:35.167+0000] {dagbag.py:540} INFO - Filling up the DagBag from /home/airflow/.local/lib/python3.8/site-packages/airflow/example_dags/example_xcomargs.py
[2026-04-28T12:30:35.180+0000] {processor.py:840} INFO - DAG(s) 'example_xcom_args', 'example_xcom_args_with_operators' retrieved from /home/airflow/.local/lib/python3.8/site-packages/airflow/example_dags/example_xcomargs.py
[2026-04-28T12:30:35.210+0000] {logging_mixin.py:188} INFO - [2026-04-28T12:30:35.210+0000] {dag.py:3047} INFO - Sync 2 DAGs
[2026-04-28T12:30:35.224+0000] {logging_mixin.py:188} INFO - [2026-04-28T12:30:35.224+0000] {dag.py:3834} INFO - Setting next_dagrun for example_xcom_args to None, run_after=None
[2026-04-28T12:30:35.228+0000] {logging_mixin.py:188} INFO - [2026-04-28T12:30:35.228+0000] {dag.py:3834} INFO - Setting next_dagrun for example_xcom_args_with_operators to None, run_after=None
[2026-04-28T12:30:35.244+0000] {processor.py:183} INFO - Processing /home/airflow/.local/lib/python3.8/site-packages/airflow/example_dags/example_xcomargs.py took 0.090 seconds
[2026-04-28T12:31:05.797+0000] {processor.py:161} INFO - Started process (PID=2168) to work on /home/airflow/.local/lib/python3.8/site-packages/airflow/example_dags/example_xcomargs.py
[2026-04-28T12:31:05.798+0000] {processor.py:830} INFO - Processing file /home/airflow/.local/lib/python3.8/site-packages/airflow/example_dags/example_xcomargs.py for tasks to queue
[2026-04-28T12:31:05.800+0000] {logging_mixin.py:188} INFO - [2026-04-28T12:31:05.800+0000] {dagbag.py:540} INFO - Filling up the DagBag from /home/airflow/.local/lib/python3.8/site-packages/airflow/example_dags/example_xcomargs.py
[2026-04-28T12:31:05.810+0000] {processor.py:840} INFO - DAG(s) 'example_xcom_args', 'example_xcom_args_with_operators' retrieved from /home/airflow/.local/lib/python3.8/site-packages/airflow/example_dags/example_xcomargs.py
[2026-04-28T12:31:05.836+0000] {logging_mixin.py:188} INFO - [2026-04-28T12:31:05.835+0000] {dag.py:3047} INFO - Sync 2 DAGs
[2026-04-28T12:31:05.852+0000] {logging_mixin.py:188} INFO - [2026-04-28T12:31:05.852+0000] {dag.py:3834} INFO - Setting next_dagrun for example_xcom_args to None, run_after=None
[2026-04-28T12:31:05.856+0000] {logging_mixin.py:188} INFO - [2026-04-28T12:31:05.856+0000] {dag.py:3834} INFO - Setting next_dagrun for example_xcom_args_with_operators to None, run_after=None
[2026-04-28T12:31:05.878+0000] {processor.py:183} INFO - Processing /home/airflow/.local/lib/python3.8/site-packages/airflow/example_dags/example_xcomargs.py took 0.084 seconds
[2026-04-28T12:31:36.669+0000] {processor.py:161} INFO - Started process (PID=2223) to work on /home/airflow/.local/lib/python3.8/site-packages/airflow/example_dags/example_xcomargs.py
[2026-04-28T12:31:36.670+0000] {processor.py:830} INFO - Processing file /home/airflow/.local/lib/python3.8/site-packages/airflow/example_dags/example_xcomargs.py for tasks to queue
[2026-04-28T12:31:36.672+0000] {logging_mixin.py:188} INFO - [2026-04-28T12:31:36.672+0000] {dagbag.py:540} INFO - Filling up the DagBag from /home/airflow/.local/lib/python3.8/site-packages/airflow/example_dags/example_xcomargs.py
[2026-04-28T12:31:36.681+0000] {processor.py:840} INFO - DAG(s) 'example_xcom_args', 'example_xcom_args_with_operators' retrieved from /home/airflow/.local/lib/python3.8/site-packages/airflow/example_dags/example_xcomargs.py
[2026-04-28T12:31:36.708+0000] {logging_mixin.py:188} INFO - [2026-04-28T12:31:36.707+0000] {dag.py:3047} INFO - Sync 2 DAGs
[2026-04-28T12:31:36.722+0000] {logging_mixin.py:188} INFO - [2026-04-28T12:31:36.722+0000] {dag.py:3834} INFO - Setting next_dagrun for example_xcom_args to None, run_after=None
[2026-04-28T12:31:36.726+0000] {logging_mixin.py:188} INFO - [2026-04-28T12:31:36.726+0000] {dag.py:3834} INFO - Setting next_dagrun for example_xcom_args_with_operators to None, run_after=None
[2026-04-28T12:31:36.743+0000] {processor.py:183} INFO - Processing /home/airflow/.local/lib/python3.8/site-packages/airflow/example_dags/example_xcomargs.py took 0.078 seconds
[2026-04-28T12:32:07.313+0000] {processor.py:161} INFO - Started process (PID=2279) to work on /home/airflow/.local/lib/python3.8/site-packages/airflow/example_dags/example_xcomargs.py
[2026-04-28T12:32:07.314+0000] {processor.py:830} INFO - Processing file /home/airflow/.local/lib/python3.8/site-packages/airflow/example_dags/example_xcomargs.py for tasks to queue
[2026-04-28T12:32:07.316+0000] {logging_mixin.py:188} INFO - [2026-04-28T12:32:07.316+0000] {dagbag.py:540} INFO - Filling up the DagBag from /home/airflow/.local/lib/python3.8/site-packages/airflow/example_dags/example_xcomargs.py
[2026-04-28T12:32:07.325+0000] {processor.py:840} INFO - DAG(s) 'example_xcom_args_with_operators', 'example_xcom_args' retrieved from /home/airflow/.local/lib/python3.8/site-packages/airflow/example_dags/example_xcomargs.py
[2026-04-28T12:32:07.352+0000] {logging_mixin.py:188} INFO - [2026-04-28T12:32:07.352+0000] {dag.py:3047} INFO - Sync 2 DAGs
[2026-04-28T12:32:07.367+0000] {logging_mixin.py:188} INFO - [2026-04-28T12:32:07.367+0000] {dag.py:3834} INFO - Setting next_dagrun for example_xcom_args to None, run_after=None
[2026-04-28T12:32:07.371+0000] {logging_mixin.py:188} INFO - [2026-04-28T12:32:07.371+0000] {dag.py:3834} INFO - Setting next_dagrun for example_xcom_args_with_operators to None, run_after=None
[2026-04-28T12:32:07.387+0000] {processor.py:183} INFO - Processing /home/airflow/.local/lib/python3.8/site-packages/airflow/example_dags/example_xcomargs.py took 0.078 seconds
[2026-04-28T12:32:37.845+0000] {processor.py:161} INFO - Started process (PID=2335) to work on /home/airflow/.local/lib/python3.8/site-packages/airflow/example_dags/example_xcomargs.py
[2026-04-28T12:32:37.856+0000] {processor.py:830} INFO - Processing file /home/airflow/.local/lib/python3.8/site-packages/airflow/example_dags/example_xcomargs.py for tasks to queue
[2026-04-28T12:32:37.862+0000] {logging_mixin.py:188} INFO - [2026-04-28T12:32:37.861+0000] {dagbag.py:540} INFO - Filling up the DagBag from /home/airflow/.local/lib/python3.8/site-packages/airflow/example_dags/example_xcomargs.py
[2026-04-28T12:32:37.896+0000] {processor.py:840} INFO - DAG(s) 'example_xcom_args_with_operators', 'example_xcom_args' retrieved from /home/airflow/.local/lib/python3.8/site-packages/airflow/example_dags/example_xcomargs.py
[2026-04-28T12:32:37.944+0000] {logging_mixin.py:188} INFO - [2026-04-28T12:32:37.943+0000] {dag.py:3047} INFO - Sync 2 DAGs
[2026-04-28T12:32:37.970+0000] {logging_mixin.py:188} INFO - [2026-04-28T12:32:37.970+0000] {dag.py:3834} INFO - Setting next_dagrun for example_xcom_args to None, run_after=None
[2026-04-28T12:32:37.981+0000] {logging_mixin.py:188} INFO - [2026-04-28T12:32:37.981+0000] {dag.py:3834} INFO - Setting next_dagrun for example_xcom_args_with_operators to None, run_after=None
[2026-04-28T12:32:38.030+0000] {processor.py:183} INFO - Processing /home/airflow/.local/lib/python3.8/site-packages/airflow/example_dags/example_xcomargs.py took 0.197 seconds
[2026-04-28T12:33:08.069+0000] {processor.py:161} INFO - Started process (PID=2393) to work on /home/airflow/.local/lib/python3.8/site-packages/airflow/example_dags/example_xcomargs.py
[2026-04-28T12:33:08.070+0000] {processor.py:830} INFO - Processing file /home/airflow/.local/lib/python3.8/site-packages/airflow/example_dags/example_xcomargs.py for tasks to queue
[2026-04-28T12:33:08.071+0000] {logging_mixin.py:188} INFO - [2026-04-28T12:33:08.071+0000] {dagbag.py:540} INFO - Filling up the DagBag from /home/airflow/.local/lib/python3.8/site-packages/airflow/example_dags/example_xcomargs.py
[2026-04-28T12:33:08.079+0000] {processor.py:840} INFO - DAG(s) 'example_xcom_args', 'example_xcom_args_with_operators' retrieved from /home/airflow/.local/lib/python3.8/site-packages/airflow/example_dags/example_xcomargs.py
[2026-04-28T12:33:08.104+0000] {logging_mixin.py:188} INFO - [2026-04-28T12:33:08.104+0000] {dag.py:3047} INFO - Sync 2 DAGs
[2026-04-28T12:33:08.118+0000] {logging_mixin.py:188} INFO - [2026-04-28T12:33:08.118+0000] {dag.py:3834} INFO - Setting next_dagrun for example_xcom_args to None, run_after=None
[2026-04-28T12:33:08.122+0000] {logging_mixin.py:188} INFO - [2026-04-28T12:33:08.122+0000] {dag.py:3834} INFO - Setting next_dagrun for example_xcom_args_with_operators to None, run_after=None
[2026-04-28T12:33:08.147+0000] {processor.py:183} INFO - Processing /home/airflow/.local/lib/python3.8/site-packages/airflow/example_dags/example_xcomargs.py took 0.082 seconds
[2026-04-28T12:33:38.235+0000] {processor.py:161} INFO - Started process (PID=2449) to work on /home/airflow/.local/lib/python3.8/site-packages/airflow/example_dags/example_xcomargs.py
[2026-04-28T12:33:38.236+0000] {processor.py:830} INFO - Processing file /home/airflow/.local/lib/python3.8/site-packages/airflow/example_dags/example_xcomargs.py for tasks to queue
[2026-04-28T12:33:38.238+0000] {logging_mixin.py:188} INFO - [2026-04-28T12:33:38.237+0000] {dagbag.py:540} INFO - Filling up the DagBag from /home/airflow/.local/lib/python3.8/site-packages/airflow/example_dags/example_xcomargs.py
[2026-04-28T12:33:38.255+0000] {processor.py:840} INFO - DAG(s) 'example_xcom_args_with_operators', 'example_xcom_args' retrieved from /home/airflow/.local/lib/python3.8/site-packages/airflow/example_dags/example_xcomargs.py
[2026-04-28T12:33:38.307+0000] {logging_mixin.py:188} INFO - [2026-04-28T12:33:38.306+0000] {dag.py:3047} INFO - Sync 2 DAGs
[2026-04-28T12:33:38.321+0000] {logging_mixin.py:188} INFO - [2026-04-28T12:33:38.321+0000] {dag.py:3834} INFO - Setting next_dagrun for example_xcom_args to None, run_after=None
[2026-04-28T12:33:38.325+0000] {logging_mixin.py:188} INFO - [2026-04-28T12:33:38.325+0000] {dag.py:3834} INFO - Setting next_dagrun for example_xcom_args_with_operators to None, run_after=None
[2026-04-28T12:33:38.340+0000] {processor.py:183} INFO - Processing /home/airflow/.local/lib/python3.8/site-packages/airflow/example_dags/example_xcomargs.py took 0.108 seconds
[2026-04-28T12:34:08.423+0000] {processor.py:161} INFO - Started process (PID=2505) to work on /home/airflow/.local/lib/python3.8/site-packages/airflow/example_dags/example_xcomargs.py
[2026-04-28T12:34:08.437+0000] {processor.py:830} INFO - Processing file /home/airflow/.local/lib/python3.8/site-packages/airflow/example_dags/example_xcomargs.py for tasks to queue
[2026-04-28T12:34:08.442+0000] {logging_mixin.py:188} INFO - [2026-04-28T12:34:08.439+0000] {dagbag.py:540} INFO - Filling up the DagBag from /home/airflow/.local/lib/python3.8/site-packages/airflow/example_dags/example_xcomargs.py
[2026-04-28T12:34:08.472+0000] {processor.py:840} INFO - DAG(s) 'example_xcom_args', 'example_xcom_args_with_operators' retrieved from /home/airflow/.local/lib/python3.8/site-packages/airflow/example_dags/example_xcomargs.py
[2026-04-28T12:34:08.567+0000] {logging_mixin.py:188} INFO - [2026-04-28T12:34:08.567+0000] {dag.py:3047} INFO - Sync 2 DAGs
[2026-04-28T12:34:08.600+0000] {logging_mixin.py:188} INFO - [2026-04-28T12:34:08.600+0000] {dag.py:3834} INFO - Setting next_dagrun for example_xcom_args to None, run_after=None
[2026-04-28T12:34:08.609+0000] {logging_mixin.py:188} INFO - [2026-04-28T12:34:08.609+0000] {dag.py:3834} INFO - Setting next_dagrun for example_xcom_args_with_operators to None, run_after=None
[2026-04-28T12:34:08.667+0000] {processor.py:183} INFO - Processing /home/airflow/.local/lib/python3.8/site-packages/airflow/example_dags/example_xcomargs.py took 0.256 seconds
[2026-04-28T12:34:39.030+0000] {processor.py:161} INFO - Started process (PID=2559) to work on /home/airflow/.local/lib/python3.8/site-packages/airflow/example_dags/example_xcomargs.py
[2026-04-28T12:34:39.032+0000] {processor.py:830} INFO - Processing file /home/airflow/.local/lib/python3.8/site-packages/airflow/example_dags/example_xcomargs.py for tasks to queue
[2026-04-28T12:34:39.036+0000] {logging_mixin.py:188} INFO - [2026-04-28T12:34:39.036+0000] {dagbag.py:540} INFO - Filling up the DagBag from /home/airflow/.local/lib/python3.8/site-packages/airflow/example_dags/example_xcomargs.py
[2026-04-28T12:34:39.059+0000] {processor.py:840} INFO - DAG(s) 'example_xcom_args_with_operators', 'example_xcom_args' retrieved from /home/airflow/.local/lib/python3.8/site-packages/airflow/example_dags/example_xcomargs.py
[2026-04-28T12:34:39.147+0000] {logging_mixin.py:188} INFO - [2026-04-28T12:34:39.146+0000] {dag.py:3047} INFO - Sync 2 DAGs
[2026-04-28T12:34:39.175+0000] {logging_mixin.py:188} INFO - [2026-04-28T12:34:39.175+0000] {dag.py:3834} INFO - Setting next_dagrun for example_xcom_args to None, run_after=None
[2026-04-28T12:34:39.183+0000] {logging_mixin.py:188} INFO - [2026-04-28T12:34:39.183+0000] {dag.py:3834} INFO - Setting next_dagrun for example_xcom_args_with_operators to None, run_after=None
[2026-04-28T12:34:39.231+0000] {processor.py:183} INFO - Processing /home/airflow/.local/lib/python3.8/site-packages/airflow/example_dags/example_xcomargs.py took 0.206 seconds
[2026-04-28T12:35:10.134+0000] {processor.py:161} INFO - Started process (PID=2615) to work on /home/airflow/.local/lib/python3.8/site-packages/airflow/example_dags/example_xcomargs.py
[2026-04-28T12:35:10.135+0000] {processor.py:830} INFO - Processing file /home/airflow/.local/lib/python3.8/site-packages/airflow/example_dags/example_xcomargs.py for tasks to queue
[2026-04-28T12:35:10.138+0000] {logging_mixin.py:188} INFO - [2026-04-28T12:35:10.137+0000] {dagbag.py:540} INFO - Filling up the DagBag from /home/airflow/.local/lib/python3.8/site-packages/airflow/example_dags/example_xcomargs.py
[2026-04-28T12:35:10.147+0000] {processor.py:840} INFO - DAG(s) 'example_xcom_args', 'example_xcom_args_with_operators' retrieved from /home/airflow/.local/lib/python3.8/site-packages/airflow/example_dags/example_xcomargs.py
[2026-04-28T12:35:10.173+0000] {logging_mixin.py:188} INFO - [2026-04-28T12:35:10.173+0000] {dag.py:3047} INFO - Sync 2 DAGs
[2026-04-28T12:35:10.188+0000] {logging_mixin.py:188} INFO - [2026-04-28T12:35:10.187+0000] {dag.py:3834} INFO - Setting next_dagrun for example_xcom_args to None, run_after=None
[2026-04-28T12:35:10.191+0000] {logging_mixin.py:188} INFO - [2026-04-28T12:35:10.191+0000] {dag.py:3834} INFO - Setting next_dagrun for example_xcom_args_with_operators to None, run_after=None
[2026-04-28T12:35:10.209+0000] {processor.py:183} INFO - Processing /home/airflow/.local/lib/python3.8/site-packages/airflow/example_dags/example_xcomargs.py took 0.079 seconds
[2026-04-28T12:35:40.787+0000] {processor.py:161} INFO - Started process (PID=2670) to work on /home/airflow/.local/lib/python3.8/site-packages/airflow/example_dags/example_xcomargs.py
[2026-04-28T12:35:40.788+0000] {processor.py:830} INFO - Processing file /home/airflow/.local/lib/python3.8/site-packages/airflow/example_dags/example_xcomargs.py for tasks to queue
[2026-04-28T12:35:40.790+0000] {logging_mixin.py:188} INFO - [2026-04-28T12:35:40.790+0000] {dagbag.py:540} INFO - Filling up the DagBag from /home/airflow/.local/lib/python3.8/site-packages/airflow/example_dags/example_xcomargs.py
[2026-04-28T12:35:40.800+0000] {processor.py:840} INFO - DAG(s) 'example_xcom_args_with_operators', 'example_xcom_args' retrieved from /home/airflow/.local/lib/python3.8/site-packages/airflow/example_dags/example_xcomargs.py
[2026-04-28T12:35:40.838+0000] {logging_mixin.py:188} INFO - [2026-04-28T12:35:40.837+0000] {dag.py:3047} INFO - Sync 2 DAGs
[2026-04-28T12:35:40.882+0000] {logging_mixin.py:188} INFO - [2026-04-28T12:35:40.881+0000] {dag.py:3834} INFO - Setting next_dagrun for example_xcom_args to None, run_after=None
[2026-04-28T12:35:40.888+0000] {logging_mixin.py:188} INFO - [2026-04-28T12:35:40.888+0000] {dag.py:3834} INFO - Setting next_dagrun for example_xcom_args_with_operators to None, run_after=None
[2026-04-28T12:35:40.911+0000] {processor.py:183} INFO - Processing /home/airflow/.local/lib/python3.8/site-packages/airflow/example_dags/example_xcomargs.py took 0.131 seconds
[2026-04-28T12:36:11.186+0000] {processor.py:161} INFO - Started process (PID=2726) to work on /home/airflow/.local/lib/python3.8/site-packages/airflow/example_dags/example_xcomargs.py
[2026-04-28T12:36:11.187+0000] {processor.py:830} INFO - Processing file /home/airflow/.local/lib/python3.8/site-packages/airflow/example_dags/example_xcomargs.py for tasks to queue
[2026-04-28T12:36:11.189+0000] {logging_mixin.py:188} INFO - [2026-04-28T12:36:11.189+0000] {dagbag.py:540} INFO - Filling up the DagBag from /home/airflow/.local/lib/python3.8/site-packages/airflow/example_dags/example_xcomargs.py
[2026-04-28T12:36:11.208+0000] {processor.py:840} INFO - DAG(s) 'example_xcom_args', 'example_xcom_args_with_operators' retrieved from /home/airflow/.local/lib/python3.8/site-packages/airflow/example_dags/example_xcomargs.py
[2026-04-28T12:36:11.263+0000] {logging_mixin.py:188} INFO - [2026-04-28T12:36:11.263+0000] {dag.py:3047} INFO - Sync 2 DAGs
[2026-04-28T12:36:11.277+0000] {logging_mixin.py:188} INFO - [2026-04-28T12:36:11.277+0000] {dag.py:3834} INFO - Setting next_dagrun for example_xcom_args to None, run_after=None
[2026-04-28T12:36:11.281+0000] {logging_mixin.py:188} INFO - [2026-04-28T12:36:11.281+0000] {dag.py:3834} INFO - Setting next_dagrun for example_xcom_args_with_operators to None, run_after=None
[2026-04-28T12:36:11.296+0000] {processor.py:183} INFO - Processing /home/airflow/.local/lib/python3.8/site-packages/airflow/example_dags/example_xcomargs.py took 0.114 seconds
[2026-04-28T12:36:41.857+0000] {processor.py:161} INFO - Started process (PID=2782) to work on /home/airflow/.local/lib/python3.8/site-packages/airflow/example_dags/example_xcomargs.py
[2026-04-28T12:36:41.858+0000] {processor.py:830} INFO - Processing file /home/airflow/.local/lib/python3.8/site-packages/airflow/example_dags/example_xcomargs.py for tasks to queue
[2026-04-28T12:36:41.860+0000] {logging_mixin.py:188} INFO - [2026-04-28T12:36:41.860+0000] {dagbag.py:540} INFO - Filling up the DagBag from /home/airflow/.local/lib/python3.8/site-packages/airflow/example_dags/example_xcomargs.py
[2026-04-28T12:36:41.870+0000] {processor.py:840} INFO - DAG(s) 'example_xcom_args_with_operators', 'example_xcom_args' retrieved from /home/airflow/.local/lib/python3.8/site-packages/airflow/example_dags/example_xcomargs.py
[2026-04-28T12:36:41.896+0000] {logging_mixin.py:188} INFO - [2026-04-28T12:36:41.896+0000] {dag.py:3047} INFO - Sync 2 DAGs
[2026-04-28T12:36:41.911+0000] {logging_mixin.py:188} INFO - [2026-04-28T12:36:41.910+0000] {dag.py:3834} INFO - Setting next_dagrun for example_xcom_args to None, run_after=None
[2026-04-28T12:36:41.914+0000] {logging_mixin.py:188} INFO - [2026-04-28T12:36:41.914+0000] {dag.py:3834} INFO - Setting next_dagrun for example_xcom_args_with_operators to None, run_after=None
[2026-04-28T12:36:41.945+0000] {processor.py:183} INFO - Processing /home/airflow/.local/lib/python3.8/site-packages/airflow/example_dags/example_xcomargs.py took 0.111 seconds
[2026-04-28T12:37:12.421+0000] {processor.py:161} INFO - Started process (PID=2838) to work on /home/airflow/.local/lib/python3.8/site-packages/airflow/example_dags/example_xcomargs.py
[2026-04-28T12:37:12.422+0000] {processor.py:830} INFO - Processing file /home/airflow/.local/lib/python3.8/site-packages/airflow/example_dags/example_xcomargs.py for tasks to queue
[2026-04-28T12:37:12.424+0000] {logging_mixin.py:188} INFO - [2026-04-28T12:37:12.423+0000] {dagbag.py:540} INFO - Filling up the DagBag from /home/airflow/.local/lib/python3.8/site-packages/airflow/example_dags/example_xcomargs.py
[2026-04-28T12:37:12.433+0000] {processor.py:840} INFO - DAG(s) 'example_xcom_args', 'example_xcom_args_with_operators' retrieved from /home/airflow/.local/lib/python3.8/site-packages/airflow/example_dags/example_xcomargs.py
[2026-04-28T12:37:12.458+0000] {logging_mixin.py:188} INFO - [2026-04-28T12:37:12.458+0000] {dag.py:3047} INFO - Sync 2 DAGs
[2026-04-28T12:37:12.473+0000] {logging_mixin.py:188} INFO - [2026-04-28T12:37:12.473+0000] {dag.py:3834} INFO - Setting next_dagrun for example_xcom_args to None, run_after=None
[2026-04-28T12:37:12.477+0000] {logging_mixin.py:188} INFO - [2026-04-28T12:37:12.477+0000] {dag.py:3834} INFO - Setting next_dagrun for example_xcom_args_with_operators to None, run_after=None
[2026-04-28T12:37:12.493+0000] {processor.py:183} INFO - Processing /home/airflow/.local/lib/python3.8/site-packages/airflow/example_dags/example_xcomargs.py took 0.076 seconds
[2026-04-28T12:37:43.293+0000] {processor.py:161} INFO - Started process (PID=2894) to work on /home/airflow/.local/lib/python3.8/site-packages/airflow/example_dags/example_xcomargs.py
[2026-04-28T12:37:43.294+0000] {processor.py:830} INFO - Processing file /home/airflow/.local/lib/python3.8/site-packages/airflow/example_dags/example_xcomargs.py for tasks to queue
[2026-04-28T12:37:43.296+0000] {logging_mixin.py:188} INFO - [2026-04-28T12:37:43.295+0000] {dagbag.py:540} INFO - Filling up the DagBag from /home/airflow/.local/lib/python3.8/site-packages/airflow/example_dags/example_xcomargs.py
[2026-04-28T12:37:43.305+0000] {processor.py:840} INFO - DAG(s) 'example_xcom_args_with_operators', 'example_xcom_args' retrieved from /home/airflow/.local/lib/python3.8/site-packages/airflow/example_dags/example_xcomargs.py
[2026-04-28T12:37:43.332+0000] {logging_mixin.py:188} INFO - [2026-04-28T12:37:43.332+0000] {dag.py:3047} INFO - Sync 2 DAGs
[2026-04-28T12:37:43.348+0000] {logging_mixin.py:188} INFO - [2026-04-28T12:37:43.347+0000] {dag.py:3834} INFO - Setting next_dagrun for example_xcom_args to None, run_after=None
[2026-04-28T12:37:43.351+0000] {logging_mixin.py:188} INFO - [2026-04-28T12:37:43.351+0000] {dag.py:3834} INFO - Setting next_dagrun for example_xcom_args_with_operators to None, run_after=None
[2026-04-28T12:37:43.367+0000] {processor.py:183} INFO - Processing /home/airflow/.local/lib/python3.8/site-packages/airflow/example_dags/example_xcomargs.py took 0.079 seconds
[2026-04-28T12:38:13.897+0000] {processor.py:161} INFO - Started process (PID=2950) to work on /home/airflow/.local/lib/python3.8/site-packages/airflow/example_dags/example_xcomargs.py
[2026-04-28T12:38:13.899+0000] {processor.py:830} INFO - Processing file /home/airflow/.local/lib/python3.8/site-packages/airflow/example_dags/example_xcomargs.py for tasks to queue
[2026-04-28T12:38:13.907+0000] {logging_mixin.py:188} INFO - [2026-04-28T12:38:13.903+0000] {dagbag.py:540} INFO - Filling up the DagBag from /home/airflow/.local/lib/python3.8/site-packages/airflow/example_dags/example_xcomargs.py
[2026-04-28T12:38:13.947+0000] {processor.py:840} INFO - DAG(s) 'example_xcom_args', 'example_xcom_args_with_operators' retrieved from /home/airflow/.local/lib/python3.8/site-packages/airflow/example_dags/example_xcomargs.py
[2026-04-28T12:38:13.980+0000] {logging_mixin.py:188} INFO - [2026-04-28T12:38:13.980+0000] {dag.py:3047} INFO - Sync 2 DAGs
[2026-04-28T12:38:13.998+0000] {logging_mixin.py:188} INFO - [2026-04-28T12:38:13.998+0000] {dag.py:3834} INFO - Setting next_dagrun for example_xcom_args to None, run_after=None
[2026-04-28T12:38:14.002+0000] {logging_mixin.py:188} INFO - [2026-04-28T12:38:14.002+0000] {dag.py:3834} INFO - Setting next_dagrun for example_xcom_args_with_operators to None, run_after=None
[2026-04-28T12:38:14.031+0000] {processor.py:183} INFO - Processing /home/airflow/.local/lib/python3.8/site-packages/airflow/example_dags/example_xcomargs.py took 0.149 seconds
[2026-04-28T12:38:44.489+0000] {processor.py:161} INFO - Started process (PID=3006) to work on /home/airflow/.local/lib/python3.8/site-packages/airflow/example_dags/example_xcomargs.py
[2026-04-28T12:38:44.490+0000] {processor.py:830} INFO - Processing file /home/airflow/.local/lib/python3.8/site-packages/airflow/example_dags/example_xcomargs.py for tasks to queue
[2026-04-28T12:38:44.492+0000] {logging_mixin.py:188} INFO - [2026-04-28T12:38:44.492+0000] {dagbag.py:540} INFO - Filling up the DagBag from /home/airflow/.local/lib/python3.8/site-packages/airflow/example_dags/example_xcomargs.py
[2026-04-28T12:38:44.502+0000] {processor.py:840} INFO - DAG(s) 'example_xcom_args_with_operators', 'example_xcom_args' retrieved from /home/airflow/.local/lib/python3.8/site-packages/airflow/example_dags/example_xcomargs.py
[2026-04-28T12:38:44.532+0000] {logging_mixin.py:188} INFO - [2026-04-28T12:38:44.531+0000] {dag.py:3047} INFO - Sync 2 DAGs
[2026-04-28T12:38:44.547+0000] {logging_mixin.py:188} INFO - [2026-04-28T12:38:44.546+0000] {dag.py:3834} INFO - Setting next_dagrun for example_xcom_args to None, run_after=None
[2026-04-28T12:38:44.550+0000] {logging_mixin.py:188} INFO - [2026-04-28T12:38:44.550+0000] {dag.py:3834} INFO - Setting next_dagrun for example_xcom_args_with_operators to None, run_after=None
[2026-04-28T12:38:44.566+0000] {processor.py:183} INFO - Processing /home/airflow/.local/lib/python3.8/site-packages/airflow/example_dags/example_xcomargs.py took 0.080 seconds
[2026-04-28T12:39:14.853+0000] {processor.py:161} INFO - Started process (PID=3062) to work on /home/airflow/.local/lib/python3.8/site-packages/airflow/example_dags/example_xcomargs.py
[2026-04-28T12:39:14.854+0000] {processor.py:830} INFO - Processing file /home/airflow/.local/lib/python3.8/site-packages/airflow/example_dags/example_xcomargs.py for tasks to queue
[2026-04-28T12:39:14.856+0000] {logging_mixin.py:188} INFO - [2026-04-28T12:39:14.855+0000] {dagbag.py:540} INFO - Filling up the DagBag from /home/airflow/.local/lib/python3.8/site-packages/airflow/example_dags/example_xcomargs.py
[2026-04-28T12:39:14.865+0000] {processor.py:840} INFO - DAG(s) 'example_xcom_args', 'example_xcom_args_with_operators' retrieved from /home/airflow/.local/lib/python3.8/site-packages/airflow/example_dags/example_xcomargs.py
[2026-04-28T12:39:14.892+0000] {logging_mixin.py:188} INFO - [2026-04-28T12:39:14.892+0000] {dag.py:3047} INFO - Sync 2 DAGs
[2026-04-28T12:39:14.907+0000] {logging_mixin.py:188} INFO - [2026-04-28T12:39:14.907+0000] {dag.py:3834} INFO - Setting next_dagrun for example_xcom_args to None, run_after=None
[2026-04-28T12:39:14.911+0000] {logging_mixin.py:188} INFO - [2026-04-28T12:39:14.910+0000] {dag.py:3834} INFO - Setting next_dagrun for example_xcom_args_with_operators to None, run_after=None
[2026-04-28T12:39:14.926+0000] {processor.py:183} INFO - Processing /home/airflow/.local/lib/python3.8/site-packages/airflow/example_dags/example_xcomargs.py took 0.077 seconds
[2026-04-28T12:39:45.390+0000] {processor.py:161} INFO - Started process (PID=3118) to work on /home/airflow/.local/lib/python3.8/site-packages/airflow/example_dags/example_xcomargs.py
[2026-04-28T12:39:45.391+0000] {processor.py:830} INFO - Processing file /home/airflow/.local/lib/python3.8/site-packages/airflow/example_dags/example_xcomargs.py for tasks to queue
[2026-04-28T12:39:45.393+0000] {logging_mixin.py:188} INFO - [2026-04-28T12:39:45.392+0000] {dagbag.py:540} INFO - Filling up the DagBag from /home/airflow/.local/lib/python3.8/site-packages/airflow/example_dags/example_xcomargs.py
[2026-04-28T12:39:45.402+0000] {processor.py:840} INFO - DAG(s) 'example_xcom_args_with_operators', 'example_xcom_args' retrieved from /home/airflow/.local/lib/python3.8/site-packages/airflow/example_dags/example_xcomargs.py
[2026-04-28T12:39:45.429+0000] {logging_mixin.py:188} INFO - [2026-04-28T12:39:45.429+0000] {dag.py:3047} INFO - Sync 2 DAGs
[2026-04-28T12:39:45.444+0000] {logging_mixin.py:188} INFO - [2026-04-28T12:39:45.443+0000] {dag.py:3834} INFO - Setting next_dagrun for example_xcom_args to None, run_after=None
[2026-04-28T12:39:45.447+0000] {logging_mixin.py:188} INFO - [2026-04-28T12:39:45.447+0000] {dag.py:3834} INFO - Setting next_dagrun for example_xcom_args_with_operators to None, run_after=None
[2026-04-28T12:39:45.463+0000] {processor.py:183} INFO - Processing /home/airflow/.local/lib/python3.8/site-packages/airflow/example_dags/example_xcomargs.py took 0.077 seconds
[2026-04-28T12:40:15.947+0000] {processor.py:161} INFO - Started process (PID=3174) to work on /home/airflow/.local/lib/python3.8/site-packages/airflow/example_dags/example_xcomargs.py
[2026-04-28T12:40:15.948+0000] {processor.py:830} INFO - Processing file /home/airflow/.local/lib/python3.8/site-packages/airflow/example_dags/example_xcomargs.py for tasks to queue
[2026-04-28T12:40:15.950+0000] {logging_mixin.py:188} INFO - [2026-04-28T12:40:15.950+0000] {dagbag.py:540} INFO - Filling up the DagBag from /home/airflow/.local/lib/python3.8/site-packages/airflow/example_dags/example_xcomargs.py
[2026-04-28T12:40:15.960+0000] {processor.py:840} INFO - DAG(s) 'example_xcom_args', 'example_xcom_args_with_operators' retrieved from /home/airflow/.local/lib/python3.8/site-packages/airflow/example_dags/example_xcomargs.py
[2026-04-28T12:40:16.033+0000] {logging_mixin.py:188} INFO - [2026-04-28T12:40:16.032+0000] {dag.py:3047} INFO - Sync 2 DAGs
[2026-04-28T12:40:16.047+0000] {logging_mixin.py:188} INFO - [2026-04-28T12:40:16.047+0000] {dag.py:3834} INFO - Setting next_dagrun for example_xcom_args to None, run_after=None
[2026-04-28T12:40:16.051+0000] {logging_mixin.py:188} INFO - [2026-04-28T12:40:16.051+0000] {dag.py:3834} INFO - Setting next_dagrun for example_xcom_args_with_operators to None, run_after=None
[2026-04-28T12:40:16.067+0000] {processor.py:183} INFO - Processing /home/airflow/.local/lib/python3.8/site-packages/airflow/example_dags/example_xcomargs.py took 0.123 seconds
[2026-04-28T12:40:46.878+0000] {processor.py:161} INFO - Started process (PID=3230) to work on /home/airflow/.local/lib/python3.8/site-packages/airflow/example_dags/example_xcomargs.py
[2026-04-28T12:40:46.879+0000] {processor.py:830} INFO - Processing file /home/airflow/.local/lib/python3.8/site-packages/airflow/example_dags/example_xcomargs.py for tasks to queue
[2026-04-28T12:40:46.885+0000] {logging_mixin.py:188} INFO - [2026-04-28T12:40:46.884+0000] {dagbag.py:540} INFO - Filling up the DagBag from /home/airflow/.local/lib/python3.8/site-packages/airflow/example_dags/example_xcomargs.py
[2026-04-28T12:40:46.905+0000] {processor.py:840} INFO - DAG(s) 'example_xcom_args_with_operators', 'example_xcom_args' retrieved from /home/airflow/.local/lib/python3.8/site-packages/airflow/example_dags/example_xcomargs.py
[2026-04-28T12:40:46.931+0000] {logging_mixin.py:188} INFO - [2026-04-28T12:40:46.931+0000] {dag.py:3047} INFO - Sync 2 DAGs
[2026-04-28T12:40:46.946+0000] {logging_mixin.py:188} INFO - [2026-04-28T12:40:46.946+0000] {dag.py:3834} INFO - Setting next_dagrun for example_xcom_args to None, run_after=None
[2026-04-28T12:40:46.950+0000] {logging_mixin.py:188} INFO - [2026-04-28T12:40:46.950+0000] {dag.py:3834} INFO - Setting next_dagrun for example_xcom_args_with_operators to None, run_after=None
[2026-04-28T12:40:46.967+0000] {processor.py:183} INFO - Processing /home/airflow/.local/lib/python3.8/site-packages/airflow/example_dags/example_xcomargs.py took 0.100 seconds
[2026-04-28T12:41:17.746+0000] {processor.py:161} INFO - Started process (PID=3286) to work on /home/airflow/.local/lib/python3.8/site-packages/airflow/example_dags/example_xcomargs.py
[2026-04-28T12:41:17.750+0000] {processor.py:830} INFO - Processing file /home/airflow/.local/lib/python3.8/site-packages/airflow/example_dags/example_xcomargs.py for tasks to queue
[2026-04-28T12:41:17.752+0000] {logging_mixin.py:188} INFO - [2026-04-28T12:41:17.751+0000] {dagbag.py:540} INFO - Filling up the DagBag from /home/airflow/.local/lib/python3.8/site-packages/airflow/example_dags/example_xcomargs.py
[2026-04-28T12:41:17.767+0000] {processor.py:840} INFO - DAG(s) 'example_xcom_args', 'example_xcom_args_with_operators' retrieved from /home/airflow/.local/lib/python3.8/site-packages/airflow/example_dags/example_xcomargs.py
[2026-04-28T12:41:17.823+0000] {logging_mixin.py:188} INFO - [2026-04-28T12:41:17.822+0000] {dag.py:3047} INFO - Sync 2 DAGs
[2026-04-28T12:41:17.841+0000] {logging_mixin.py:188} INFO - [2026-04-28T12:41:17.841+0000] {dag.py:3834} INFO - Setting next_dagrun for example_xcom_args to None, run_after=None
[2026-04-28T12:41:17.845+0000] {logging_mixin.py:188} INFO - [2026-04-28T12:41:17.845+0000] {dag.py:3834} INFO - Setting next_dagrun for example_xcom_args_with_operators to None, run_after=None
[2026-04-28T12:41:17.865+0000] {processor.py:183} INFO - Processing /home/airflow/.local/lib/python3.8/site-packages/airflow/example_dags/example_xcomargs.py took 0.127 seconds
[2026-04-28T12:41:48.079+0000] {processor.py:161} INFO - Started process (PID=3342) to work on /home/airflow/.local/lib/python3.8/site-packages/airflow/example_dags/example_xcomargs.py
[2026-04-28T12:41:48.080+0000] {processor.py:830} INFO - Processing file /home/airflow/.local/lib/python3.8/site-packages/airflow/example_dags/example_xcomargs.py for tasks to queue
[2026-04-28T12:41:48.082+0000] {logging_mixin.py:188} INFO - [2026-04-28T12:41:48.082+0000] {dagbag.py:540} INFO - Filling up the DagBag from /home/airflow/.local/lib/python3.8/site-packages/airflow/example_dags/example_xcomargs.py
[2026-04-28T12:41:48.092+0000] {processor.py:840} INFO - DAG(s) 'example_xcom_args_with_operators', 'example_xcom_args' retrieved from /home/airflow/.local/lib/python3.8/site-packages/airflow/example_dags/example_xcomargs.py
[2026-04-28T12:41:48.119+0000] {logging_mixin.py:188} INFO - [2026-04-28T12:41:48.118+0000] {dag.py:3047} INFO - Sync 2 DAGs
[2026-04-28T12:41:48.133+0000] {logging_mixin.py:188} INFO - [2026-04-28T12:41:48.132+0000] {dag.py:3834} INFO - Setting next_dagrun for example_xcom_args to None, run_after=None
[2026-04-28T12:41:48.136+0000] {logging_mixin.py:188} INFO - [2026-04-28T12:41:48.136+0000] {dag.py:3834} INFO - Setting next_dagrun for example_xcom_args_with_operators to None, run_after=None
[2026-04-28T12:41:48.152+0000] {processor.py:183} INFO - Processing /home/airflow/.local/lib/python3.8/site-packages/airflow/example_dags/example_xcomargs.py took 0.076 seconds
[2026-04-28T12:42:18.413+0000] {processor.py:161} INFO - Started process (PID=3398) to work on /home/airflow/.local/lib/python3.8/site-packages/airflow/example_dags/example_xcomargs.py
[2026-04-28T12:42:18.414+0000] {processor.py:830} INFO - Processing file /home/airflow/.local/lib/python3.8/site-packages/airflow/example_dags/example_xcomargs.py for tasks to queue
[2026-04-28T12:42:18.416+0000] {logging_mixin.py:188} INFO - [2026-04-28T12:42:18.415+0000] {dagbag.py:540} INFO - Filling up the DagBag from /home/airflow/.local/lib/python3.8/site-packages/airflow/example_dags/example_xcomargs.py
[2026-04-28T12:42:18.432+0000] {processor.py:840} INFO - DAG(s) 'example_xcom_args_with_operators', 'example_xcom_args' retrieved from /home/airflow/.local/lib/python3.8/site-packages/airflow/example_dags/example_xcomargs.py
[2026-04-28T12:42:18.479+0000] {logging_mixin.py:188} INFO - [2026-04-28T12:42:18.478+0000] {dag.py:3047} INFO - Sync 2 DAGs
[2026-04-28T12:42:18.497+0000] {logging_mixin.py:188} INFO - [2026-04-28T12:42:18.497+0000] {dag.py:3834} INFO - Setting next_dagrun for example_xcom_args to None, run_after=None
[2026-04-28T12:42:18.501+0000] {logging_mixin.py:188} INFO - [2026-04-28T12:42:18.500+0000] {dag.py:3834} INFO - Setting next_dagrun for example_xcom_args_with_operators to None, run_after=None
[2026-04-28T12:42:18.516+0000] {processor.py:183} INFO - Processing /home/airflow/.local/lib/python3.8/site-packages/airflow/example_dags/example_xcomargs.py took 0.107 seconds
[2026-04-28T12:42:48.722+0000] {processor.py:161} INFO - Started process (PID=3454) to work on /home/airflow/.local/lib/python3.8/site-packages/airflow/example_dags/example_xcomargs.py
[2026-04-28T12:42:48.723+0000] {processor.py:830} INFO - Processing file /home/airflow/.local/lib/python3.8/site-packages/airflow/example_dags/example_xcomargs.py for tasks to queue
[2026-04-28T12:42:48.727+0000] {logging_mixin.py:188} INFO - [2026-04-28T12:42:48.726+0000] {dagbag.py:540} INFO - Filling up the DagBag from /home/airflow/.local/lib/python3.8/site-packages/airflow/example_dags/example_xcomargs.py
[2026-04-28T12:42:48.736+0000] {processor.py:840} INFO - DAG(s) 'example_xcom_args', 'example_xcom_args_with_operators' retrieved from /home/airflow/.local/lib/python3.8/site-packages/airflow/example_dags/example_xcomargs.py
[2026-04-28T12:42:48.769+0000] {logging_mixin.py:188} INFO - [2026-04-28T12:42:48.768+0000] {dag.py:3047} INFO - Sync 2 DAGs
[2026-04-28T12:42:48.783+0000] {logging_mixin.py:188} INFO - [2026-04-28T12:42:48.783+0000] {dag.py:3834} INFO - Setting next_dagrun for example_xcom_args to None, run_after=None
[2026-04-28T12:42:48.786+0000] {logging_mixin.py:188} INFO - [2026-04-28T12:42:48.786+0000] {dag.py:3834} INFO - Setting next_dagrun for example_xcom_args_with_operators to None, run_after=None
[2026-04-28T12:42:48.803+0000] {processor.py:183} INFO - Processing /home/airflow/.local/lib/python3.8/site-packages/airflow/example_dags/example_xcomargs.py took 0.092 seconds
[2026-04-28T12:43:19.104+0000] {processor.py:161} INFO - Started process (PID=3510) to work on /home/airflow/.local/lib/python3.8/site-packages/airflow/example_dags/example_xcomargs.py
[2026-04-28T12:43:19.104+0000] {processor.py:830} INFO - Processing file /home/airflow/.local/lib/python3.8/site-packages/airflow/example_dags/example_xcomargs.py for tasks to queue
[2026-04-28T12:43:19.112+0000] {logging_mixin.py:188} INFO - [2026-04-28T12:43:19.111+0000] {dagbag.py:540} INFO - Filling up the DagBag from /home/airflow/.local/lib/python3.8/site-packages/airflow/example_dags/example_xcomargs.py
[2026-04-28T12:43:19.125+0000] {processor.py:840} INFO - DAG(s) 'example_xcom_args_with_operators', 'example_xcom_args' retrieved from /home/airflow/.local/lib/python3.8/site-packages/airflow/example_dags/example_xcomargs.py
[2026-04-28T12:43:19.161+0000] {logging_mixin.py:188} INFO - [2026-04-28T12:43:19.161+0000] {dag.py:3047} INFO - Sync 2 DAGs
[2026-04-28T12:43:19.176+0000] {logging_mixin.py:188} INFO - [2026-04-28T12:43:19.176+0000] {dag.py:3834} INFO - Setting next_dagrun for example_xcom_args to None, run_after=None
[2026-04-28T12:43:19.183+0000] {logging_mixin.py:188} INFO - [2026-04-28T12:43:19.183+0000] {dag.py:3834} INFO - Setting next_dagrun for example_xcom_args_with_operators to None, run_after=None
[2026-04-28T12:43:19.223+0000] {processor.py:183} INFO - Processing /home/airflow/.local/lib/python3.8/site-packages/airflow/example_dags/example_xcomargs.py took 0.123 seconds
[2026-04-28T12:43:49.262+0000] {processor.py:161} INFO - Started process (PID=3565) to work on /home/airflow/.local/lib/python3.8/site-packages/airflow/example_dags/example_xcomargs.py
[2026-04-28T12:43:49.262+0000] {processor.py:830} INFO - Processing file /home/airflow/.local/lib/python3.8/site-packages/airflow/example_dags/example_xcomargs.py for tasks to queue
[2026-04-28T12:43:49.264+0000] {logging_mixin.py:188} INFO - [2026-04-28T12:43:49.264+0000] {dagbag.py:540} INFO - Filling up the DagBag from /home/airflow/.local/lib/python3.8/site-packages/airflow/example_dags/example_xcomargs.py
[2026-04-28T12:43:49.272+0000] {processor.py:840} INFO - DAG(s) 'example_xcom_args_with_operators', 'example_xcom_args' retrieved from /home/airflow/.local/lib/python3.8/site-packages/airflow/example_dags/example_xcomargs.py
[2026-04-28T12:43:49.290+0000] {logging_mixin.py:188} INFO - [2026-04-28T12:43:49.290+0000] {dag.py:3047} INFO - Sync 2 DAGs
[2026-04-28T12:43:49.300+0000] {logging_mixin.py:188} INFO - [2026-04-28T12:43:49.300+0000] {dag.py:3834} INFO - Setting next_dagrun for example_xcom_args to None, run_after=None
[2026-04-28T12:43:49.303+0000] {logging_mixin.py:188} INFO - [2026-04-28T12:43:49.302+0000] {dag.py:3834} INFO - Setting next_dagrun for example_xcom_args_with_operators to None, run_after=None
[2026-04-28T12:43:49.314+0000] {processor.py:183} INFO - Processing /home/airflow/.local/lib/python3.8/site-packages/airflow/example_dags/example_xcomargs.py took 0.056 seconds
[2026-04-28T12:44:19.467+0000] {processor.py:161} INFO - Started process (PID=3621) to work on /home/airflow/.local/lib/python3.8/site-packages/airflow/example_dags/example_xcomargs.py
[2026-04-28T12:44:19.469+0000] {processor.py:830} INFO - Processing file /home/airflow/.local/lib/python3.8/site-packages/airflow/example_dags/example_xcomargs.py for tasks to queue
[2026-04-28T12:44:19.471+0000] {logging_mixin.py:188} INFO - [2026-04-28T12:44:19.471+0000] {dagbag.py:540} INFO - Filling up the DagBag from /home/airflow/.local/lib/python3.8/site-packages/airflow/example_dags/example_xcomargs.py
[2026-04-28T12:44:19.482+0000] {processor.py:840} INFO - DAG(s) 'example_xcom_args_with_operators', 'example_xcom_args' retrieved from /home/airflow/.local/lib/python3.8/site-packages/airflow/example_dags/example_xcomargs.py
[2026-04-28T12:44:19.524+0000] {logging_mixin.py:188} INFO - [2026-04-28T12:44:19.524+0000] {dag.py:3047} INFO - Sync 2 DAGs
[2026-04-28T12:44:19.539+0000] {logging_mixin.py:188} INFO - [2026-04-28T12:44:19.539+0000] {dag.py:3834} INFO - Setting next_dagrun for example_xcom_args to None, run_after=None
[2026-04-28T12:44:19.547+0000] {logging_mixin.py:188} INFO - [2026-04-28T12:44:19.547+0000] {dag.py:3834} INFO - Setting next_dagrun for example_xcom_args_with_operators to None, run_after=None
[2026-04-28T12:44:19.573+0000] {processor.py:183} INFO - Processing /home/airflow/.local/lib/python3.8/site-packages/airflow/example_dags/example_xcomargs.py took 0.110 seconds
[2026-04-28T12:44:50.170+0000] {processor.py:161} INFO - Started process (PID=3677) to work on /home/airflow/.local/lib/python3.8/site-packages/airflow/example_dags/example_xcomargs.py
[2026-04-28T12:44:50.171+0000] {processor.py:830} INFO - Processing file /home/airflow/.local/lib/python3.8/site-packages/airflow/example_dags/example_xcomargs.py for tasks to queue
[2026-04-28T12:44:50.173+0000] {logging_mixin.py:188} INFO - [2026-04-28T12:44:50.172+0000] {dagbag.py:540} INFO - Filling up the DagBag from /home/airflow/.local/lib/python3.8/site-packages/airflow/example_dags/example_xcomargs.py
[2026-04-28T12:44:50.182+0000] {processor.py:840} INFO - DAG(s) 'example_xcom_args_with_operators', 'example_xcom_args' retrieved from /home/airflow/.local/lib/python3.8/site-packages/airflow/example_dags/example_xcomargs.py
[2026-04-28T12:44:50.209+0000] {logging_mixin.py:188} INFO - [2026-04-28T12:44:50.208+0000] {dag.py:3047} INFO - Sync 2 DAGs
[2026-04-28T12:44:50.237+0000] {logging_mixin.py:188} INFO - [2026-04-28T12:44:50.237+0000] {dag.py:3834} INFO - Setting next_dagrun for example_xcom_args to None, run_after=None
[2026-04-28T12:44:50.242+0000] {logging_mixin.py:188} INFO - [2026-04-28T12:44:50.242+0000] {dag.py:3834} INFO - Setting next_dagrun for example_xcom_args_with_operators to None, run_after=None
[2026-04-28T12:44:50.258+0000] {processor.py:183} INFO - Processing /home/airflow/.local/lib/python3.8/site-packages/airflow/example_dags/example_xcomargs.py took 0.093 seconds
[2026-04-28T12:45:21.024+0000] {processor.py:161} INFO - Started process (PID=3732) to work on /home/airflow/.local/lib/python3.8/site-packages/airflow/example_dags/example_xcomargs.py
[2026-04-28T12:45:21.025+0000] {processor.py:830} INFO - Processing file /home/airflow/.local/lib/python3.8/site-packages/airflow/example_dags/example_xcomargs.py for tasks to queue
[2026-04-28T12:45:21.027+0000] {logging_mixin.py:188} INFO - [2026-04-28T12:45:21.026+0000] {dagbag.py:540} INFO - Filling up the DagBag from /home/airflow/.local/lib/python3.8/site-packages/airflow/example_dags/example_xcomargs.py
[2026-04-28T12:45:21.036+0000] {processor.py:840} INFO - DAG(s) 'example_xcom_args', 'example_xcom_args_with_operators' retrieved from /home/airflow/.local/lib/python3.8/site-packages/airflow/example_dags/example_xcomargs.py
[2026-04-28T12:45:21.064+0000] {logging_mixin.py:188} INFO - [2026-04-28T12:45:21.063+0000] {dag.py:3047} INFO - Sync 2 DAGs
[2026-04-28T12:45:21.079+0000] {logging_mixin.py:188} INFO - [2026-04-28T12:45:21.079+0000] {dag.py:3834} INFO - Setting next_dagrun for example_xcom_args to None, run_after=None
[2026-04-28T12:45:21.083+0000] {logging_mixin.py:188} INFO - [2026-04-28T12:45:21.082+0000] {dag.py:3834} INFO - Setting next_dagrun for example_xcom_args_with_operators to None, run_after=None
[2026-04-28T12:45:21.098+0000] {processor.py:183} INFO - Processing /home/airflow/.local/lib/python3.8/site-packages/airflow/example_dags/example_xcomargs.py took 0.078 seconds
[2026-04-28T12:45:52.009+0000] {processor.py:161} INFO - Started process (PID=3788) to work on /home/airflow/.local/lib/python3.8/site-packages/airflow/example_dags/example_xcomargs.py
[2026-04-28T12:45:52.010+0000] {processor.py:830} INFO - Processing file /home/airflow/.local/lib/python3.8/site-packages/airflow/example_dags/example_xcomargs.py for tasks to queue
[2026-04-28T12:45:52.014+0000] {logging_mixin.py:188} INFO - [2026-04-28T12:45:52.014+0000] {dagbag.py:540} INFO - Filling up the DagBag from /home/airflow/.local/lib/python3.8/site-packages/airflow/example_dags/example_xcomargs.py
[2026-04-28T12:45:52.030+0000] {processor.py:840} INFO - DAG(s) 'example_xcom_args', 'example_xcom_args_with_operators' retrieved from /home/airflow/.local/lib/python3.8/site-packages/airflow/example_dags/example_xcomargs.py
[2026-04-28T12:45:52.058+0000] {logging_mixin.py:188} INFO - [2026-04-28T12:45:52.058+0000] {dag.py:3047} INFO - Sync 2 DAGs
[2026-04-28T12:45:52.073+0000] {logging_mixin.py:188} INFO - [2026-04-28T12:45:52.073+0000] {dag.py:3834} INFO - Setting next_dagrun for example_xcom_args to None, run_after=None
[2026-04-28T12:45:52.077+0000] {logging_mixin.py:188} INFO - [2026-04-28T12:45:52.077+0000] {dag.py:3834} INFO - Setting next_dagrun for example_xcom_args_with_operators to None, run_after=None
[2026-04-28T12:45:52.105+0000] {processor.py:183} INFO - Processing /home/airflow/.local/lib/python3.8/site-packages/airflow/example_dags/example_xcomargs.py took 0.107 seconds
[2026-04-28T12:46:22.236+0000] {processor.py:161} INFO - Started process (PID=3844) to work on /home/airflow/.local/lib/python3.8/site-packages/airflow/example_dags/example_xcomargs.py
[2026-04-28T12:46:22.237+0000] {processor.py:830} INFO - Processing file /home/airflow/.local/lib/python3.8/site-packages/airflow/example_dags/example_xcomargs.py for tasks to queue
[2026-04-28T12:46:22.239+0000] {logging_mixin.py:188} INFO - [2026-04-28T12:46:22.239+0000] {dagbag.py:540} INFO - Filling up the DagBag from /home/airflow/.local/lib/python3.8/site-packages/airflow/example_dags/example_xcomargs.py
[2026-04-28T12:46:22.249+0000] {processor.py:840} INFO - DAG(s) 'example_xcom_args', 'example_xcom_args_with_operators' retrieved from /home/airflow/.local/lib/python3.8/site-packages/airflow/example_dags/example_xcomargs.py
[2026-04-28T12:46:22.277+0000] {logging_mixin.py:188} INFO - [2026-04-28T12:46:22.277+0000] {dag.py:3047} INFO - Sync 2 DAGs
[2026-04-28T12:46:22.293+0000] {logging_mixin.py:188} INFO - [2026-04-28T12:46:22.292+0000] {dag.py:3834} INFO - Setting next_dagrun for example_xcom_args to None, run_after=None
[2026-04-28T12:46:22.296+0000] {logging_mixin.py:188} INFO - [2026-04-28T12:46:22.296+0000] {dag.py:3834} INFO - Setting next_dagrun for example_xcom_args_with_operators to None, run_after=None
[2026-04-28T12:46:22.312+0000] {processor.py:183} INFO - Processing /home/airflow/.local/lib/python3.8/site-packages/airflow/example_dags/example_xcomargs.py took 0.079 seconds
[2026-04-28T12:46:52.631+0000] {processor.py:161} INFO - Started process (PID=3900) to work on /home/airflow/.local/lib/python3.8/site-packages/airflow/example_dags/example_xcomargs.py
[2026-04-28T12:46:52.632+0000] {processor.py:830} INFO - Processing file /home/airflow/.local/lib/python3.8/site-packages/airflow/example_dags/example_xcomargs.py for tasks to queue
[2026-04-28T12:46:52.634+0000] {logging_mixin.py:188} INFO - [2026-04-28T12:46:52.634+0000] {dagbag.py:540} INFO - Filling up the DagBag from /home/airflow/.local/lib/python3.8/site-packages/airflow/example_dags/example_xcomargs.py
[2026-04-28T12:46:52.644+0000] {processor.py:840} INFO - DAG(s) 'example_xcom_args_with_operators', 'example_xcom_args' retrieved from /home/airflow/.local/lib/python3.8/site-packages/airflow/example_dags/example_xcomargs.py
[2026-04-28T12:46:52.674+0000] {logging_mixin.py:188} INFO - [2026-04-28T12:46:52.674+0000] {dag.py:3047} INFO - Sync 2 DAGs
[2026-04-28T12:46:52.690+0000] {logging_mixin.py:188} INFO - [2026-04-28T12:46:52.689+0000] {dag.py:3834} INFO - Setting next_dagrun for example_xcom_args to None, run_after=None
[2026-04-28T12:46:52.710+0000] {logging_mixin.py:188} INFO - [2026-04-28T12:46:52.699+0000] {dag.py:3834} INFO - Setting next_dagrun for example_xcom_args_with_operators to None, run_after=None
[2026-04-28T12:46:52.769+0000] {processor.py:183} INFO - Processing /home/airflow/.local/lib/python3.8/site-packages/airflow/example_dags/example_xcomargs.py took 0.142 seconds
[2026-04-28T12:47:23.507+0000] {processor.py:161} INFO - Started process (PID=3956) to work on /home/airflow/.local/lib/python3.8/site-packages/airflow/example_dags/example_xcomargs.py
[2026-04-28T12:47:23.508+0000] {processor.py:830} INFO - Processing file /home/airflow/.local/lib/python3.8/site-packages/airflow/example_dags/example_xcomargs.py for tasks to queue
[2026-04-28T12:47:23.510+0000] {logging_mixin.py:188} INFO - [2026-04-28T12:47:23.510+0000] {dagbag.py:540} INFO - Filling up the DagBag from /home/airflow/.local/lib/python3.8/site-packages/airflow/example_dags/example_xcomargs.py
[2026-04-28T12:47:23.520+0000] {processor.py:840} INFO - DAG(s) 'example_xcom_args_with_operators', 'example_xcom_args' retrieved from /home/airflow/.local/lib/python3.8/site-packages/airflow/example_dags/example_xcomargs.py
[2026-04-28T12:47:23.545+0000] {logging_mixin.py:188} INFO - [2026-04-28T12:47:23.545+0000] {dag.py:3047} INFO - Sync 2 DAGs
[2026-04-28T12:47:23.560+0000] {logging_mixin.py:188} INFO - [2026-04-28T12:47:23.560+0000] {dag.py:3834} INFO - Setting next_dagrun for example_xcom_args to None, run_after=None
[2026-04-28T12:47:23.564+0000] {logging_mixin.py:188} INFO - [2026-04-28T12:47:23.564+0000] {dag.py:3834} INFO - Setting next_dagrun for example_xcom_args_with_operators to None, run_after=None
[2026-04-28T12:47:23.580+0000] {processor.py:183} INFO - Processing /home/airflow/.local/lib/python3.8/site-packages/airflow/example_dags/example_xcomargs.py took 0.076 seconds
[2026-04-28T12:47:53.861+0000] {processor.py:161} INFO - Started process (PID=4012) to work on /home/airflow/.local/lib/python3.8/site-packages/airflow/example_dags/example_xcomargs.py
[2026-04-28T12:47:53.862+0000] {processor.py:830} INFO - Processing file /home/airflow/.local/lib/python3.8/site-packages/airflow/example_dags/example_xcomargs.py for tasks to queue
[2026-04-28T12:47:53.864+0000] {logging_mixin.py:188} INFO - [2026-04-28T12:47:53.864+0000] {dagbag.py:540} INFO - Filling up the DagBag from /home/airflow/.local/lib/python3.8/site-packages/airflow/example_dags/example_xcomargs.py
[2026-04-28T12:47:53.873+0000] {processor.py:840} INFO - DAG(s) 'example_xcom_args_with_operators', 'example_xcom_args' retrieved from /home/airflow/.local/lib/python3.8/site-packages/airflow/example_dags/example_xcomargs.py
[2026-04-28T12:47:53.902+0000] {logging_mixin.py:188} INFO - [2026-04-28T12:47:53.902+0000] {dag.py:3047} INFO - Sync 2 DAGs
[2026-04-28T12:47:53.918+0000] {logging_mixin.py:188} INFO - [2026-04-28T12:47:53.917+0000] {dag.py:3834} INFO - Setting next_dagrun for example_xcom_args to None, run_after=None
[2026-04-28T12:47:53.921+0000] {logging_mixin.py:188} INFO - [2026-04-28T12:47:53.921+0000] {dag.py:3834} INFO - Setting next_dagrun for example_xcom_args_with_operators to None, run_after=None
[2026-04-28T12:47:53.937+0000] {processor.py:183} INFO - Processing /home/airflow/.local/lib/python3.8/site-packages/airflow/example_dags/example_xcomargs.py took 0.080 seconds
[2026-04-28T12:48:24.791+0000] {processor.py:161} INFO - Started process (PID=4068) to work on /home/airflow/.local/lib/python3.8/site-packages/airflow/example_dags/example_xcomargs.py
[2026-04-28T12:48:24.792+0000] {processor.py:830} INFO - Processing file /home/airflow/.local/lib/python3.8/site-packages/airflow/example_dags/example_xcomargs.py for tasks to queue
[2026-04-28T12:48:24.794+0000] {logging_mixin.py:188} INFO - [2026-04-28T12:48:24.793+0000] {dagbag.py:540} INFO - Filling up the DagBag from /home/airflow/.local/lib/python3.8/site-packages/airflow/example_dags/example_xcomargs.py
[2026-04-28T12:48:24.803+0000] {processor.py:840} INFO - DAG(s) 'example_xcom_args_with_operators', 'example_xcom_args' retrieved from /home/airflow/.local/lib/python3.8/site-packages/airflow/example_dags/example_xcomargs.py
[2026-04-28T12:48:24.836+0000] {logging_mixin.py:188} INFO - [2026-04-28T12:48:24.836+0000] {dag.py:3047} INFO - Sync 2 DAGs
[2026-04-28T12:48:24.851+0000] {logging_mixin.py:188} INFO - [2026-04-28T12:48:24.851+0000] {dag.py:3834} INFO - Setting next_dagrun for example_xcom_args to None, run_after=None
[2026-04-28T12:48:24.855+0000] {logging_mixin.py:188} INFO - [2026-04-28T12:48:24.854+0000] {dag.py:3834} INFO - Setting next_dagrun for example_xcom_args_with_operators to None, run_after=None
[2026-04-28T12:48:24.870+0000] {processor.py:183} INFO - Processing /home/airflow/.local/lib/python3.8/site-packages/airflow/example_dags/example_xcomargs.py took 0.083 seconds
[2026-04-28T12:48:55.070+0000] {processor.py:161} INFO - Started process (PID=4124) to work on /home/airflow/.local/lib/python3.8/site-packages/airflow/example_dags/example_xcomargs.py
[2026-04-28T12:48:55.071+0000] {processor.py:830} INFO - Processing file /home/airflow/.local/lib/python3.8/site-packages/airflow/example_dags/example_xcomargs.py for tasks to queue
[2026-04-28T12:48:55.073+0000] {logging_mixin.py:188} INFO - [2026-04-28T12:48:55.072+0000] {dagbag.py:540} INFO - Filling up the DagBag from /home/airflow/.local/lib/python3.8/site-packages/airflow/example_dags/example_xcomargs.py
[2026-04-28T12:48:55.082+0000] {processor.py:840} INFO - DAG(s) 'example_xcom_args_with_operators', 'example_xcom_args' retrieved from /home/airflow/.local/lib/python3.8/site-packages/airflow/example_dags/example_xcomargs.py
[2026-04-28T12:48:55.109+0000] {logging_mixin.py:188} INFO - [2026-04-28T12:48:55.109+0000] {dag.py:3047} INFO - Sync 2 DAGs
[2026-04-28T12:48:55.124+0000] {logging_mixin.py:188} INFO - [2026-04-28T12:48:55.124+0000] {dag.py:3834} INFO - Setting next_dagrun for example_xcom_args to None, run_after=None
[2026-04-28T12:48:55.128+0000] {logging_mixin.py:188} INFO - [2026-04-28T12:48:55.128+0000] {dag.py:3834} INFO - Setting next_dagrun for example_xcom_args_with_operators to None, run_after=None
[2026-04-28T12:48:55.146+0000] {processor.py:183} INFO - Processing /home/airflow/.local/lib/python3.8/site-packages/airflow/example_dags/example_xcomargs.py took 0.081 seconds
[2026-04-28T12:49:25.646+0000] {processor.py:161} INFO - Started process (PID=4180) to work on /home/airflow/.local/lib/python3.8/site-packages/airflow/example_dags/example_xcomargs.py
[2026-04-28T12:49:25.647+0000] {processor.py:830} INFO - Processing file /home/airflow/.local/lib/python3.8/site-packages/airflow/example_dags/example_xcomargs.py for tasks to queue
[2026-04-28T12:49:25.649+0000] {logging_mixin.py:188} INFO - [2026-04-28T12:49:25.649+0000] {dagbag.py:540} INFO - Filling up the DagBag from /home/airflow/.local/lib/python3.8/site-packages/airflow/example_dags/example_xcomargs.py
[2026-04-28T12:49:25.659+0000] {processor.py:840} INFO - DAG(s) 'example_xcom_args', 'example_xcom_args_with_operators' retrieved from /home/airflow/.local/lib/python3.8/site-packages/airflow/example_dags/example_xcomargs.py
[2026-04-28T12:49:25.686+0000] {logging_mixin.py:188} INFO - [2026-04-28T12:49:25.686+0000] {dag.py:3047} INFO - Sync 2 DAGs
[2026-04-28T12:49:25.700+0000] {logging_mixin.py:188} INFO - [2026-04-28T12:49:25.700+0000] {dag.py:3834} INFO - Setting next_dagrun for example_xcom_args to None, run_after=None
[2026-04-28T12:49:25.704+0000] {logging_mixin.py:188} INFO - [2026-04-28T12:49:25.704+0000] {dag.py:3834} INFO - Setting next_dagrun for example_xcom_args_with_operators to None, run_after=None
[2026-04-28T12:49:25.720+0000] {processor.py:183} INFO - Processing /home/airflow/.local/lib/python3.8/site-packages/airflow/example_dags/example_xcomargs.py took 0.077 seconds
[2026-04-28T12:49:55.912+0000] {processor.py:161} INFO - Started process (PID=4236) to work on /home/airflow/.local/lib/python3.8/site-packages/airflow/example_dags/example_xcomargs.py
[2026-04-28T12:49:55.913+0000] {processor.py:830} INFO - Processing file /home/airflow/.local/lib/python3.8/site-packages/airflow/example_dags/example_xcomargs.py for tasks to queue
[2026-04-28T12:49:55.915+0000] {logging_mixin.py:188} INFO - [2026-04-28T12:49:55.915+0000] {dagbag.py:540} INFO - Filling up the DagBag from /home/airflow/.local/lib/python3.8/site-packages/airflow/example_dags/example_xcomargs.py
[2026-04-28T12:49:55.925+0000] {processor.py:840} INFO - DAG(s) 'example_xcom_args_with_operators', 'example_xcom_args' retrieved from /home/airflow/.local/lib/python3.8/site-packages/airflow/example_dags/example_xcomargs.py
[2026-04-28T12:49:55.952+0000] {logging_mixin.py:188} INFO - [2026-04-28T12:49:55.952+0000] {dag.py:3047} INFO - Sync 2 DAGs
[2026-04-28T12:49:55.967+0000] {logging_mixin.py:188} INFO - [2026-04-28T12:49:55.967+0000] {dag.py:3834} INFO - Setting next_dagrun for example_xcom_args to None, run_after=None
[2026-04-28T12:49:55.971+0000] {logging_mixin.py:188} INFO - [2026-04-28T12:49:55.971+0000] {dag.py:3834} INFO - Setting next_dagrun for example_xcom_args_with_operators to None, run_after=None
[2026-04-28T12:49:55.987+0000] {processor.py:183} INFO - Processing /home/airflow/.local/lib/python3.8/site-packages/airflow/example_dags/example_xcomargs.py took 0.078 seconds
[2026-04-28T12:50:26.816+0000] {processor.py:161} INFO - Started process (PID=4292) to work on /home/airflow/.local/lib/python3.8/site-packages/airflow/example_dags/example_xcomargs.py
[2026-04-28T12:50:26.818+0000] {processor.py:830} INFO - Processing file /home/airflow/.local/lib/python3.8/site-packages/airflow/example_dags/example_xcomargs.py for tasks to queue
[2026-04-28T12:50:26.822+0000] {logging_mixin.py:188} INFO - [2026-04-28T12:50:26.821+0000] {dagbag.py:540} INFO - Filling up the DagBag from /home/airflow/.local/lib/python3.8/site-packages/airflow/example_dags/example_xcomargs.py
[2026-04-28T12:50:26.853+0000] {processor.py:840} INFO - DAG(s) 'example_xcom_args', 'example_xcom_args_with_operators' retrieved from /home/airflow/.local/lib/python3.8/site-packages/airflow/example_dags/example_xcomargs.py
[2026-04-28T12:50:26.907+0000] {logging_mixin.py:188} INFO - [2026-04-28T12:50:26.906+0000] {dag.py:3047} INFO - Sync 2 DAGs
[2026-04-28T12:50:26.933+0000] {logging_mixin.py:188} INFO - [2026-04-28T12:50:26.933+0000] {dag.py:3834} INFO - Setting next_dagrun for example_xcom_args to None, run_after=None
[2026-04-28T12:50:26.943+0000] {logging_mixin.py:188} INFO - [2026-04-28T12:50:26.943+0000] {dag.py:3834} INFO - Setting next_dagrun for example_xcom_args_with_operators to None, run_after=None
[2026-04-28T12:50:26.993+0000] {processor.py:183} INFO - Processing /home/airflow/.local/lib/python3.8/site-packages/airflow/example_dags/example_xcomargs.py took 0.185 seconds
[2026-04-28T12:50:57.108+0000] {processor.py:161} INFO - Started process (PID=4348) to work on /home/airflow/.local/lib/python3.8/site-packages/airflow/example_dags/example_xcomargs.py
[2026-04-28T12:50:57.109+0000] {processor.py:830} INFO - Processing file /home/airflow/.local/lib/python3.8/site-packages/airflow/example_dags/example_xcomargs.py for tasks to queue
[2026-04-28T12:50:57.111+0000] {logging_mixin.py:188} INFO - [2026-04-28T12:50:57.111+0000] {dagbag.py:540} INFO - Filling up the DagBag from /home/airflow/.local/lib/python3.8/site-packages/airflow/example_dags/example_xcomargs.py
[2026-04-28T12:50:57.128+0000] {processor.py:840} INFO - DAG(s) 'example_xcom_args_with_operators', 'example_xcom_args' retrieved from /home/airflow/.local/lib/python3.8/site-packages/airflow/example_dags/example_xcomargs.py
[2026-04-28T12:50:57.186+0000] {logging_mixin.py:188} INFO - [2026-04-28T12:50:57.186+0000] {dag.py:3047} INFO - Sync 2 DAGs
[2026-04-28T12:50:57.228+0000] {logging_mixin.py:188} INFO - [2026-04-28T12:50:57.228+0000] {dag.py:3834} INFO - Setting next_dagrun for example_xcom_args to None, run_after=None
[2026-04-28T12:50:57.240+0000] {logging_mixin.py:188} INFO - [2026-04-28T12:50:57.240+0000] {dag.py:3834} INFO - Setting next_dagrun for example_xcom_args_with_operators to None, run_after=None
[2026-04-28T12:50:57.281+0000] {processor.py:183} INFO - Processing /home/airflow/.local/lib/python3.8/site-packages/airflow/example_dags/example_xcomargs.py took 0.177 seconds
[2026-04-28T12:51:28.148+0000] {processor.py:161} INFO - Started process (PID=4404) to work on /home/airflow/.local/lib/python3.8/site-packages/airflow/example_dags/example_xcomargs.py
[2026-04-28T12:51:28.149+0000] {processor.py:830} INFO - Processing file /home/airflow/.local/lib/python3.8/site-packages/airflow/example_dags/example_xcomargs.py for tasks to queue
[2026-04-28T12:51:28.152+0000] {logging_mixin.py:188} INFO - [2026-04-28T12:51:28.151+0000] {dagbag.py:540} INFO - Filling up the DagBag from /home/airflow/.local/lib/python3.8/site-packages/airflow/example_dags/example_xcomargs.py
[2026-04-28T12:51:28.162+0000] {processor.py:840} INFO - DAG(s) 'example_xcom_args_with_operators', 'example_xcom_args' retrieved from /home/airflow/.local/lib/python3.8/site-packages/airflow/example_dags/example_xcomargs.py
[2026-04-28T12:51:28.189+0000] {logging_mixin.py:188} INFO - [2026-04-28T12:51:28.189+0000] {dag.py:3047} INFO - Sync 2 DAGs
[2026-04-28T12:51:28.204+0000] {logging_mixin.py:188} INFO - [2026-04-28T12:51:28.204+0000] {dag.py:3834} INFO - Setting next_dagrun for example_xcom_args to None, run_after=None
[2026-04-28T12:51:28.208+0000] {logging_mixin.py:188} INFO - [2026-04-28T12:51:28.208+0000] {dag.py:3834} INFO - Setting next_dagrun for example_xcom_args_with_operators to None, run_after=None
[2026-04-28T12:51:28.224+0000] {processor.py:183} INFO - Processing /home/airflow/.local/lib/python3.8/site-packages/airflow/example_dags/example_xcomargs.py took 0.079 seconds
[2026-04-28T12:51:58.994+0000] {processor.py:161} INFO - Started process (PID=4460) to work on /home/airflow/.local/lib/python3.8/site-packages/airflow/example_dags/example_xcomargs.py
[2026-04-28T12:51:58.995+0000] {processor.py:830} INFO - Processing file /home/airflow/.local/lib/python3.8/site-packages/airflow/example_dags/example_xcomargs.py for tasks to queue
[2026-04-28T12:51:58.997+0000] {logging_mixin.py:188} INFO - [2026-04-28T12:51:58.996+0000] {dagbag.py:540} INFO - Filling up the DagBag from /home/airflow/.local/lib/python3.8/site-packages/airflow/example_dags/example_xcomargs.py
[2026-04-28T12:51:59.008+0000] {processor.py:840} INFO - DAG(s) 'example_xcom_args', 'example_xcom_args_with_operators' retrieved from /home/airflow/.local/lib/python3.8/site-packages/airflow/example_dags/example_xcomargs.py
[2026-04-28T12:51:59.034+0000] {logging_mixin.py:188} INFO - [2026-04-28T12:51:59.034+0000] {dag.py:3047} INFO - Sync 2 DAGs
[2026-04-28T12:51:59.050+0000] {logging_mixin.py:188} INFO - [2026-04-28T12:51:59.050+0000] {dag.py:3834} INFO - Setting next_dagrun for example_xcom_args to None, run_after=None
[2026-04-28T12:51:59.054+0000] {logging_mixin.py:188} INFO - [2026-04-28T12:51:59.053+0000] {dag.py:3834} INFO - Setting next_dagrun for example_xcom_args_with_operators to None, run_after=None
[2026-04-28T12:51:59.069+0000] {processor.py:183} INFO - Processing /home/airflow/.local/lib/python3.8/site-packages/airflow/example_dags/example_xcomargs.py took 0.079 seconds
[2026-04-28T12:52:29.702+0000] {processor.py:161} INFO - Started process (PID=4516) to work on /home/airflow/.local/lib/python3.8/site-packages/airflow/example_dags/example_xcomargs.py
[2026-04-28T12:52:29.703+0000] {processor.py:830} INFO - Processing file /home/airflow/.local/lib/python3.8/site-packages/airflow/example_dags/example_xcomargs.py for tasks to queue
[2026-04-28T12:52:29.705+0000] {logging_mixin.py:188} INFO - [2026-04-28T12:52:29.704+0000] {dagbag.py:540} INFO - Filling up the DagBag from /home/airflow/.local/lib/python3.8/site-packages/airflow/example_dags/example_xcomargs.py
[2026-04-28T12:52:29.714+0000] {processor.py:840} INFO - DAG(s) 'example_xcom_args', 'example_xcom_args_with_operators' retrieved from /home/airflow/.local/lib/python3.8/site-packages/airflow/example_dags/example_xcomargs.py
[2026-04-28T12:52:29.741+0000] {logging_mixin.py:188} INFO - [2026-04-28T12:52:29.740+0000] {dag.py:3047} INFO - Sync 2 DAGs
[2026-04-28T12:52:29.763+0000] {logging_mixin.py:188} INFO - [2026-04-28T12:52:29.763+0000] {dag.py:3834} INFO - Setting next_dagrun for example_xcom_args to None, run_after=None
[2026-04-28T12:52:29.773+0000] {logging_mixin.py:188} INFO - [2026-04-28T12:52:29.773+0000] {dag.py:3834} INFO - Setting next_dagrun for example_xcom_args_with_operators to None, run_after=None
[2026-04-28T12:52:29.800+0000] {processor.py:183} INFO - Processing /home/airflow/.local/lib/python3.8/site-packages/airflow/example_dags/example_xcomargs.py took 0.102 seconds
[2026-04-28T12:53:00.589+0000] {processor.py:161} INFO - Started process (PID=4572) to work on /home/airflow/.local/lib/python3.8/site-packages/airflow/example_dags/example_xcomargs.py
[2026-04-28T12:53:00.590+0000] {processor.py:830} INFO - Processing file /home/airflow/.local/lib/python3.8/site-packages/airflow/example_dags/example_xcomargs.py for tasks to queue
[2026-04-28T12:53:00.592+0000] {logging_mixin.py:188} INFO - [2026-04-28T12:53:00.592+0000] {dagbag.py:540} INFO - Filling up the DagBag from /home/airflow/.local/lib/python3.8/site-packages/airflow/example_dags/example_xcomargs.py
[2026-04-28T12:53:00.601+0000] {processor.py:840} INFO - DAG(s) 'example_xcom_args', 'example_xcom_args_with_operators' retrieved from /home/airflow/.local/lib/python3.8/site-packages/airflow/example_dags/example_xcomargs.py
[2026-04-28T12:53:00.629+0000] {logging_mixin.py:188} INFO - [2026-04-28T12:53:00.629+0000] {dag.py:3047} INFO - Sync 2 DAGs
[2026-04-28T12:53:00.643+0000] {logging_mixin.py:188} INFO - [2026-04-28T12:53:00.643+0000] {dag.py:3834} INFO - Setting next_dagrun for example_xcom_args to None, run_after=None
[2026-04-28T12:53:00.647+0000] {logging_mixin.py:188} INFO - [2026-04-28T12:53:00.647+0000] {dag.py:3834} INFO - Setting next_dagrun for example_xcom_args_with_operators to None, run_after=None
[2026-04-28T12:53:00.667+0000] {processor.py:183} INFO - Processing /home/airflow/.local/lib/python3.8/site-packages/airflow/example_dags/example_xcomargs.py took 0.081 seconds
[2026-04-28T12:53:30.918+0000] {processor.py:161} INFO - Started process (PID=4628) to work on /home/airflow/.local/lib/python3.8/site-packages/airflow/example_dags/example_xcomargs.py
[2026-04-28T12:53:30.919+0000] {processor.py:830} INFO - Processing file /home/airflow/.local/lib/python3.8/site-packages/airflow/example_dags/example_xcomargs.py for tasks to queue
[2026-04-28T12:53:30.921+0000] {logging_mixin.py:188} INFO - [2026-04-28T12:53:30.921+0000] {dagbag.py:540} INFO - Filling up the DagBag from /home/airflow/.local/lib/python3.8/site-packages/airflow/example_dags/example_xcomargs.py
[2026-04-28T12:53:30.930+0000] {processor.py:840} INFO - DAG(s) 'example_xcom_args_with_operators', 'example_xcom_args' retrieved from /home/airflow/.local/lib/python3.8/site-packages/airflow/example_dags/example_xcomargs.py
[2026-04-28T12:53:30.957+0000] {logging_mixin.py:188} INFO - [2026-04-28T12:53:30.957+0000] {dag.py:3047} INFO - Sync 2 DAGs
[2026-04-28T12:53:30.972+0000] {logging_mixin.py:188} INFO - [2026-04-28T12:53:30.971+0000] {dag.py:3834} INFO - Setting next_dagrun for example_xcom_args to None, run_after=None
[2026-04-28T12:53:30.975+0000] {logging_mixin.py:188} INFO - [2026-04-28T12:53:30.975+0000] {dag.py:3834} INFO - Setting next_dagrun for example_xcom_args_with_operators to None, run_after=None
[2026-04-28T12:53:30.991+0000] {processor.py:183} INFO - Processing /home/airflow/.local/lib/python3.8/site-packages/airflow/example_dags/example_xcomargs.py took 0.079 seconds
[2026-04-28T12:54:01.038+0000] {processor.py:161} INFO - Started process (PID=4684) to work on /home/airflow/.local/lib/python3.8/site-packages/airflow/example_dags/example_xcomargs.py
[2026-04-28T12:54:01.039+0000] {processor.py:830} INFO - Processing file /home/airflow/.local/lib/python3.8/site-packages/airflow/example_dags/example_xcomargs.py for tasks to queue
[2026-04-28T12:54:01.041+0000] {logging_mixin.py:188} INFO - [2026-04-28T12:54:01.041+0000] {dagbag.py:540} INFO - Filling up the DagBag from /home/airflow/.local/lib/python3.8/site-packages/airflow/example_dags/example_xcomargs.py
[2026-04-28T12:54:01.051+0000] {processor.py:840} INFO - DAG(s) 'example_xcom_args_with_operators', 'example_xcom_args' retrieved from /home/airflow/.local/lib/python3.8/site-packages/airflow/example_dags/example_xcomargs.py
[2026-04-28T12:54:01.078+0000] {logging_mixin.py:188} INFO - [2026-04-28T12:54:01.078+0000] {dag.py:3047} INFO - Sync 2 DAGs
[2026-04-28T12:54:01.093+0000] {logging_mixin.py:188} INFO - [2026-04-28T12:54:01.093+0000] {dag.py:3834} INFO - Setting next_dagrun for example_xcom_args to None, run_after=None
[2026-04-28T12:54:01.097+0000] {logging_mixin.py:188} INFO - [2026-04-28T12:54:01.097+0000] {dag.py:3834} INFO - Setting next_dagrun for example_xcom_args_with_operators to None, run_after=None
[2026-04-28T12:54:01.113+0000] {processor.py:183} INFO - Processing /home/airflow/.local/lib/python3.8/site-packages/airflow/example_dags/example_xcomargs.py took 0.079 seconds
[2026-04-28T12:54:31.165+0000] {processor.py:161} INFO - Started process (PID=4740) to work on /home/airflow/.local/lib/python3.8/site-packages/airflow/example_dags/example_xcomargs.py
[2026-04-28T12:54:31.166+0000] {processor.py:830} INFO - Processing file /home/airflow/.local/lib/python3.8/site-packages/airflow/example_dags/example_xcomargs.py for tasks to queue
[2026-04-28T12:54:31.168+0000] {logging_mixin.py:188} INFO - [2026-04-28T12:54:31.168+0000] {dagbag.py:540} INFO - Filling up the DagBag from /home/airflow/.local/lib/python3.8/site-packages/airflow/example_dags/example_xcomargs.py
[2026-04-28T12:54:31.178+0000] {processor.py:840} INFO - DAG(s) 'example_xcom_args', 'example_xcom_args_with_operators' retrieved from /home/airflow/.local/lib/python3.8/site-packages/airflow/example_dags/example_xcomargs.py
[2026-04-28T12:54:31.206+0000] {logging_mixin.py:188} INFO - [2026-04-28T12:54:31.205+0000] {dag.py:3047} INFO - Sync 2 DAGs
[2026-04-28T12:54:31.220+0000] {logging_mixin.py:188} INFO - [2026-04-28T12:54:31.220+0000] {dag.py:3834} INFO - Setting next_dagrun for example_xcom_args to None, run_after=None
[2026-04-28T12:54:31.223+0000] {logging_mixin.py:188} INFO - [2026-04-28T12:54:31.223+0000] {dag.py:3834} INFO - Setting next_dagrun for example_xcom_args_with_operators to None, run_after=None
[2026-04-28T12:54:31.239+0000] {processor.py:183} INFO - Processing /home/airflow/.local/lib/python3.8/site-packages/airflow/example_dags/example_xcomargs.py took 0.078 seconds
[2026-04-28T12:55:01.670+0000] {processor.py:161} INFO - Started process (PID=4795) to work on /home/airflow/.local/lib/python3.8/site-packages/airflow/example_dags/example_xcomargs.py
[2026-04-28T12:55:01.670+0000] {processor.py:830} INFO - Processing file /home/airflow/.local/lib/python3.8/site-packages/airflow/example_dags/example_xcomargs.py for tasks to queue
[2026-04-28T12:55:01.672+0000] {logging_mixin.py:188} INFO - [2026-04-28T12:55:01.672+0000] {dagbag.py:540} INFO - Filling up the DagBag from /home/airflow/.local/lib/python3.8/site-packages/airflow/example_dags/example_xcomargs.py
[2026-04-28T12:55:01.682+0000] {processor.py:840} INFO - DAG(s) 'example_xcom_args_with_operators', 'example_xcom_args' retrieved from /home/airflow/.local/lib/python3.8/site-packages/airflow/example_dags/example_xcomargs.py
[2026-04-28T12:55:01.709+0000] {logging_mixin.py:188} INFO - [2026-04-28T12:55:01.709+0000] {dag.py:3047} INFO - Sync 2 DAGs
[2026-04-28T12:55:01.724+0000] {logging_mixin.py:188} INFO - [2026-04-28T12:55:01.724+0000] {dag.py:3834} INFO - Setting next_dagrun for example_xcom_args to None, run_after=None
[2026-04-28T12:55:01.728+0000] {logging_mixin.py:188} INFO - [2026-04-28T12:55:01.728+0000] {dag.py:3834} INFO - Setting next_dagrun for example_xcom_args_with_operators to None, run_after=None
[2026-04-28T12:55:01.745+0000] {processor.py:183} INFO - Processing /home/airflow/.local/lib/python3.8/site-packages/airflow/example_dags/example_xcomargs.py took 0.079 seconds
[2026-04-28T12:55:32.505+0000] {processor.py:161} INFO - Started process (PID=4851) to work on /home/airflow/.local/lib/python3.8/site-packages/airflow/example_dags/example_xcomargs.py
[2026-04-28T12:55:32.506+0000] {processor.py:830} INFO - Processing file /home/airflow/.local/lib/python3.8/site-packages/airflow/example_dags/example_xcomargs.py for tasks to queue
[2026-04-28T12:55:32.508+0000] {logging_mixin.py:188} INFO - [2026-04-28T12:55:32.507+0000] {dagbag.py:540} INFO - Filling up the DagBag from /home/airflow/.local/lib/python3.8/site-packages/airflow/example_dags/example_xcomargs.py
[2026-04-28T12:55:32.517+0000] {processor.py:840} INFO - DAG(s) 'example_xcom_args', 'example_xcom_args_with_operators' retrieved from /home/airflow/.local/lib/python3.8/site-packages/airflow/example_dags/example_xcomargs.py
[2026-04-28T12:55:32.544+0000] {logging_mixin.py:188} INFO - [2026-04-28T12:55:32.544+0000] {dag.py:3047} INFO - Sync 2 DAGs
[2026-04-28T12:55:32.558+0000] {logging_mixin.py:188} INFO - [2026-04-28T12:55:32.558+0000] {dag.py:3834} INFO - Setting next_dagrun for example_xcom_args to None, run_after=None
[2026-04-28T12:55:32.562+0000] {logging_mixin.py:188} INFO - [2026-04-28T12:55:32.562+0000] {dag.py:3834} INFO - Setting next_dagrun for example_xcom_args_with_operators to None, run_after=None
[2026-04-28T12:55:32.578+0000] {processor.py:183} INFO - Processing /home/airflow/.local/lib/python3.8/site-packages/airflow/example_dags/example_xcomargs.py took 0.077 seconds
[2026-04-28T12:56:03.387+0000] {processor.py:161} INFO - Started process (PID=4907) to work on /home/airflow/.local/lib/python3.8/site-packages/airflow/example_dags/example_xcomargs.py
[2026-04-28T12:56:03.388+0000] {processor.py:830} INFO - Processing file /home/airflow/.local/lib/python3.8/site-packages/airflow/example_dags/example_xcomargs.py for tasks to queue
[2026-04-28T12:56:03.390+0000] {logging_mixin.py:188} INFO - [2026-04-28T12:56:03.390+0000] {dagbag.py:540} INFO - Filling up the DagBag from /home/airflow/.local/lib/python3.8/site-packages/airflow/example_dags/example_xcomargs.py
[2026-04-28T12:56:03.405+0000] {processor.py:840} INFO - DAG(s) 'example_xcom_args', 'example_xcom_args_with_operators' retrieved from /home/airflow/.local/lib/python3.8/site-packages/airflow/example_dags/example_xcomargs.py
[2026-04-28T12:56:03.459+0000] {logging_mixin.py:188} INFO - [2026-04-28T12:56:03.459+0000] {dag.py:3047} INFO - Sync 2 DAGs
[2026-04-28T12:56:03.489+0000] {logging_mixin.py:188} INFO - [2026-04-28T12:56:03.489+0000] {dag.py:3834} INFO - Setting next_dagrun for example_xcom_args to None, run_after=None
[2026-04-28T12:56:03.493+0000] {logging_mixin.py:188} INFO - [2026-04-28T12:56:03.493+0000] {dag.py:3834} INFO - Setting next_dagrun for example_xcom_args_with_operators to None, run_after=None
[2026-04-28T12:56:03.509+0000] {processor.py:183} INFO - Processing /home/airflow/.local/lib/python3.8/site-packages/airflow/example_dags/example_xcomargs.py took 0.126 seconds
[2026-04-28T12:56:33.934+0000] {processor.py:161} INFO - Started process (PID=4962) to work on /home/airflow/.local/lib/python3.8/site-packages/airflow/example_dags/example_xcomargs.py
[2026-04-28T12:56:33.935+0000] {processor.py:830} INFO - Processing file /home/airflow/.local/lib/python3.8/site-packages/airflow/example_dags/example_xcomargs.py for tasks to queue
[2026-04-28T12:56:33.937+0000] {logging_mixin.py:188} INFO - [2026-04-28T12:56:33.937+0000] {dagbag.py:540} INFO - Filling up the DagBag from /home/airflow/.local/lib/python3.8/site-packages/airflow/example_dags/example_xcomargs.py
[2026-04-28T12:56:33.946+0000] {processor.py:840} INFO - DAG(s) 'example_xcom_args_with_operators', 'example_xcom_args' retrieved from /home/airflow/.local/lib/python3.8/site-packages/airflow/example_dags/example_xcomargs.py
[2026-04-28T12:56:33.972+0000] {logging_mixin.py:188} INFO - [2026-04-28T12:56:33.972+0000] {dag.py:3047} INFO - Sync 2 DAGs
[2026-04-28T12:56:33.987+0000] {logging_mixin.py:188} INFO - [2026-04-28T12:56:33.986+0000] {dag.py:3834} INFO - Setting next_dagrun for example_xcom_args to None, run_after=None
[2026-04-28T12:56:33.990+0000] {logging_mixin.py:188} INFO - [2026-04-28T12:56:33.990+0000] {dag.py:3834} INFO - Setting next_dagrun for example_xcom_args_with_operators to None, run_after=None
[2026-04-28T12:56:34.006+0000] {processor.py:183} INFO - Processing /home/airflow/.local/lib/python3.8/site-packages/airflow/example_dags/example_xcomargs.py took 0.075 seconds
[2026-04-28T12:57:04.787+0000] {processor.py:161} INFO - Started process (PID=5018) to work on /home/airflow/.local/lib/python3.8/site-packages/airflow/example_dags/example_xcomargs.py
[2026-04-28T12:57:04.788+0000] {processor.py:830} INFO - Processing file /home/airflow/.local/lib/python3.8/site-packages/airflow/example_dags/example_xcomargs.py for tasks to queue
[2026-04-28T12:57:04.790+0000] {logging_mixin.py:188} INFO - [2026-04-28T12:57:04.790+0000] {dagbag.py:540} INFO - Filling up the DagBag from /home/airflow/.local/lib/python3.8/site-packages/airflow/example_dags/example_xcomargs.py
[2026-04-28T12:57:04.800+0000] {processor.py:840} INFO - DAG(s) 'example_xcom_args', 'example_xcom_args_with_operators' retrieved from /home/airflow/.local/lib/python3.8/site-packages/airflow/example_dags/example_xcomargs.py
[2026-04-28T12:57:04.827+0000] {logging_mixin.py:188} INFO - [2026-04-28T12:57:04.827+0000] {dag.py:3047} INFO - Sync 2 DAGs
[2026-04-28T12:57:04.841+0000] {logging_mixin.py:188} INFO - [2026-04-28T12:57:04.841+0000] {dag.py:3834} INFO - Setting next_dagrun for example_xcom_args to None, run_after=None
[2026-04-28T12:57:04.845+0000] {logging_mixin.py:188} INFO - [2026-04-28T12:57:04.844+0000] {dag.py:3834} INFO - Setting next_dagrun for example_xcom_args_with_operators to None, run_after=None
[2026-04-28T12:57:04.860+0000] {processor.py:183} INFO - Processing /home/airflow/.local/lib/python3.8/site-packages/airflow/example_dags/example_xcomargs.py took 0.077 seconds
[2026-04-28T12:57:34.960+0000] {processor.py:161} INFO - Started process (PID=5074) to work on /home/airflow/.local/lib/python3.8/site-packages/airflow/example_dags/example_xcomargs.py
[2026-04-28T12:57:34.961+0000] {processor.py:830} INFO - Processing file /home/airflow/.local/lib/python3.8/site-packages/airflow/example_dags/example_xcomargs.py for tasks to queue
[2026-04-28T12:57:34.963+0000] {logging_mixin.py:188} INFO - [2026-04-28T12:57:34.962+0000] {dagbag.py:540} INFO - Filling up the DagBag from /home/airflow/.local/lib/python3.8/site-packages/airflow/example_dags/example_xcomargs.py
[2026-04-28T12:57:34.972+0000] {processor.py:840} INFO - DAG(s) 'example_xcom_args_with_operators', 'example_xcom_args' retrieved from /home/airflow/.local/lib/python3.8/site-packages/airflow/example_dags/example_xcomargs.py
[2026-04-28T12:57:35.004+0000] {logging_mixin.py:188} INFO - [2026-04-28T12:57:35.003+0000] {dag.py:3047} INFO - Sync 2 DAGs
[2026-04-28T12:57:35.018+0000] {logging_mixin.py:188} INFO - [2026-04-28T12:57:35.018+0000] {dag.py:3834} INFO - Setting next_dagrun for example_xcom_args to None, run_after=None
[2026-04-28T12:57:35.022+0000] {logging_mixin.py:188} INFO - [2026-04-28T12:57:35.021+0000] {dag.py:3834} INFO - Setting next_dagrun for example_xcom_args_with_operators to None, run_after=None
[2026-04-28T12:57:35.038+0000] {processor.py:183} INFO - Processing /home/airflow/.local/lib/python3.8/site-packages/airflow/example_dags/example_xcomargs.py took 0.082 seconds
[2026-04-28T12:58:05.241+0000] {processor.py:161} INFO - Started process (PID=5130) to work on /home/airflow/.local/lib/python3.8/site-packages/airflow/example_dags/example_xcomargs.py
[2026-04-28T12:58:05.242+0000] {processor.py:830} INFO - Processing file /home/airflow/.local/lib/python3.8/site-packages/airflow/example_dags/example_xcomargs.py for tasks to queue
[2026-04-28T12:58:05.244+0000] {logging_mixin.py:188} INFO - [2026-04-28T12:58:05.244+0000] {dagbag.py:540} INFO - Filling up the DagBag from /home/airflow/.local/lib/python3.8/site-packages/airflow/example_dags/example_xcomargs.py
[2026-04-28T12:58:05.261+0000] {processor.py:840} INFO - DAG(s) 'example_xcom_args', 'example_xcom_args_with_operators' retrieved from /home/airflow/.local/lib/python3.8/site-packages/airflow/example_dags/example_xcomargs.py
[2026-04-28T12:58:05.296+0000] {logging_mixin.py:188} INFO - [2026-04-28T12:58:05.296+0000] {dag.py:3047} INFO - Sync 2 DAGs
[2026-04-28T12:58:05.310+0000] {logging_mixin.py:188} INFO - [2026-04-28T12:58:05.310+0000] {dag.py:3834} INFO - Setting next_dagrun for example_xcom_args to None, run_after=None
[2026-04-28T12:58:05.314+0000] {logging_mixin.py:188} INFO - [2026-04-28T12:58:05.314+0000] {dag.py:3834} INFO - Setting next_dagrun for example_xcom_args_with_operators to None, run_after=None
[2026-04-28T12:58:05.339+0000] {processor.py:183} INFO - Processing /home/airflow/.local/lib/python3.8/site-packages/airflow/example_dags/example_xcomargs.py took 0.101 seconds
[2026-04-28T12:58:35.501+0000] {processor.py:161} INFO - Started process (PID=5185) to work on /home/airflow/.local/lib/python3.8/site-packages/airflow/example_dags/example_xcomargs.py
[2026-04-28T12:58:35.502+0000] {processor.py:830} INFO - Processing file /home/airflow/.local/lib/python3.8/site-packages/airflow/example_dags/example_xcomargs.py for tasks to queue
[2026-04-28T12:58:35.506+0000] {logging_mixin.py:188} INFO - [2026-04-28T12:58:35.504+0000] {dagbag.py:540} INFO - Filling up the DagBag from /home/airflow/.local/lib/python3.8/site-packages/airflow/example_dags/example_xcomargs.py
[2026-04-28T12:58:35.515+0000] {processor.py:840} INFO - DAG(s) 'example_xcom_args', 'example_xcom_args_with_operators' retrieved from /home/airflow/.local/lib/python3.8/site-packages/airflow/example_dags/example_xcomargs.py
[2026-04-28T12:58:35.541+0000] {logging_mixin.py:188} INFO - [2026-04-28T12:58:35.541+0000] {dag.py:3047} INFO - Sync 2 DAGs
[2026-04-28T12:58:35.556+0000] {logging_mixin.py:188} INFO - [2026-04-28T12:58:35.556+0000] {dag.py:3834} INFO - Setting next_dagrun for example_xcom_args to None, run_after=None
[2026-04-28T12:58:35.560+0000] {logging_mixin.py:188} INFO - [2026-04-28T12:58:35.560+0000] {dag.py:3834} INFO - Setting next_dagrun for example_xcom_args_with_operators to None, run_after=None
[2026-04-28T12:58:35.575+0000] {processor.py:183} INFO - Processing /home/airflow/.local/lib/python3.8/site-packages/airflow/example_dags/example_xcomargs.py took 0.078 seconds
[2026-04-28T12:59:06.468+0000] {processor.py:161} INFO - Started process (PID=5241) to work on /home/airflow/.local/lib/python3.8/site-packages/airflow/example_dags/example_xcomargs.py
[2026-04-28T12:59:06.469+0000] {processor.py:830} INFO - Processing file /home/airflow/.local/lib/python3.8/site-packages/airflow/example_dags/example_xcomargs.py for tasks to queue
[2026-04-28T12:59:06.471+0000] {logging_mixin.py:188} INFO - [2026-04-28T12:59:06.471+0000] {dagbag.py:540} INFO - Filling up the DagBag from /home/airflow/.local/lib/python3.8/site-packages/airflow/example_dags/example_xcomargs.py
[2026-04-28T12:59:06.480+0000] {processor.py:840} INFO - DAG(s) 'example_xcom_args_with_operators', 'example_xcom_args' retrieved from /home/airflow/.local/lib/python3.8/site-packages/airflow/example_dags/example_xcomargs.py
[2026-04-28T12:59:06.525+0000] {logging_mixin.py:188} INFO - [2026-04-28T12:59:06.525+0000] {dag.py:3047} INFO - Sync 2 DAGs
[2026-04-28T12:59:06.554+0000] {logging_mixin.py:188} INFO - [2026-04-28T12:59:06.554+0000] {dag.py:3834} INFO - Setting next_dagrun for example_xcom_args to None, run_after=None
[2026-04-28T12:59:06.565+0000] {logging_mixin.py:188} INFO - [2026-04-28T12:59:06.565+0000] {dag.py:3834} INFO - Setting next_dagrun for example_xcom_args_with_operators to None, run_after=None
[2026-04-28T12:59:06.602+0000] {processor.py:183} INFO - Processing /home/airflow/.local/lib/python3.8/site-packages/airflow/example_dags/example_xcomargs.py took 0.137 seconds
[2026-04-28T12:59:37.134+0000] {processor.py:161} INFO - Started process (PID=5303) to work on /home/airflow/.local/lib/python3.8/site-packages/airflow/example_dags/example_xcomargs.py
[2026-04-28T12:59:37.135+0000] {processor.py:830} INFO - Processing file /home/airflow/.local/lib/python3.8/site-packages/airflow/example_dags/example_xcomargs.py for tasks to queue
[2026-04-28T12:59:37.137+0000] {logging_mixin.py:188} INFO - [2026-04-28T12:59:37.136+0000] {dagbag.py:540} INFO - Filling up the DagBag from /home/airflow/.local/lib/python3.8/site-packages/airflow/example_dags/example_xcomargs.py
[2026-04-28T12:59:37.146+0000] {processor.py:840} INFO - DAG(s) 'example_xcom_args', 'example_xcom_args_with_operators' retrieved from /home/airflow/.local/lib/python3.8/site-packages/airflow/example_dags/example_xcomargs.py
[2026-04-28T12:59:37.173+0000] {logging_mixin.py:188} INFO - [2026-04-28T12:59:37.172+0000] {dag.py:3047} INFO - Sync 2 DAGs
[2026-04-28T12:59:37.187+0000] {logging_mixin.py:188} INFO - [2026-04-28T12:59:37.187+0000] {dag.py:3834} INFO - Setting next_dagrun for example_xcom_args to None, run_after=None
[2026-04-28T12:59:37.190+0000] {logging_mixin.py:188} INFO - [2026-04-28T12:59:37.190+0000] {dag.py:3834} INFO - Setting next_dagrun for example_xcom_args_with_operators to None, run_after=None
[2026-04-28T12:59:37.206+0000] {processor.py:183} INFO - Processing /home/airflow/.local/lib/python3.8/site-packages/airflow/example_dags/example_xcomargs.py took 0.076 seconds
[2026-04-28T13:00:07.684+0000] {processor.py:161} INFO - Started process (PID=5359) to work on /home/airflow/.local/lib/python3.8/site-packages/airflow/example_dags/example_xcomargs.py
[2026-04-28T13:00:07.685+0000] {processor.py:830} INFO - Processing file /home/airflow/.local/lib/python3.8/site-packages/airflow/example_dags/example_xcomargs.py for tasks to queue
[2026-04-28T13:00:07.687+0000] {logging_mixin.py:188} INFO - [2026-04-28T13:00:07.687+0000] {dagbag.py:540} INFO - Filling up the DagBag from /home/airflow/.local/lib/python3.8/site-packages/airflow/example_dags/example_xcomargs.py
[2026-04-28T13:00:07.697+0000] {processor.py:840} INFO - DAG(s) 'example_xcom_args_with_operators', 'example_xcom_args' retrieved from /home/airflow/.local/lib/python3.8/site-packages/airflow/example_dags/example_xcomargs.py
[2026-04-28T13:00:07.724+0000] {logging_mixin.py:188} INFO - [2026-04-28T13:00:07.724+0000] {dag.py:3047} INFO - Sync 2 DAGs
[2026-04-28T13:00:07.739+0000] {logging_mixin.py:188} INFO - [2026-04-28T13:00:07.739+0000] {dag.py:3834} INFO - Setting next_dagrun for example_xcom_args to None, run_after=None
[2026-04-28T13:00:07.743+0000] {logging_mixin.py:188} INFO - [2026-04-28T13:00:07.742+0000] {dag.py:3834} INFO - Setting next_dagrun for example_xcom_args_with_operators to None, run_after=None
[2026-04-28T13:00:07.758+0000] {processor.py:183} INFO - Processing /home/airflow/.local/lib/python3.8/site-packages/airflow/example_dags/example_xcomargs.py took 0.078 seconds
[2026-04-28T13:00:38.449+0000] {processor.py:161} INFO - Started process (PID=5414) to work on /home/airflow/.local/lib/python3.8/site-packages/airflow/example_dags/example_xcomargs.py
[2026-04-28T13:00:38.455+0000] {processor.py:830} INFO - Processing file /home/airflow/.local/lib/python3.8/site-packages/airflow/example_dags/example_xcomargs.py for tasks to queue
[2026-04-28T13:00:38.462+0000] {logging_mixin.py:188} INFO - [2026-04-28T13:00:38.460+0000] {dagbag.py:540} INFO - Filling up the DagBag from /home/airflow/.local/lib/python3.8/site-packages/airflow/example_dags/example_xcomargs.py
[2026-04-28T13:00:38.476+0000] {processor.py:840} INFO - DAG(s) 'example_xcom_args_with_operators', 'example_xcom_args' retrieved from /home/airflow/.local/lib/python3.8/site-packages/airflow/example_dags/example_xcomargs.py
[2026-04-28T13:00:38.502+0000] {logging_mixin.py:188} INFO - [2026-04-28T13:00:38.501+0000] {dag.py:3047} INFO - Sync 2 DAGs
[2026-04-28T13:00:38.516+0000] {logging_mixin.py:188} INFO - [2026-04-28T13:00:38.516+0000] {dag.py:3834} INFO - Setting next_dagrun for example_xcom_args to None, run_after=None
[2026-04-28T13:00:38.520+0000] {logging_mixin.py:188} INFO - [2026-04-28T13:00:38.520+0000] {dag.py:3834} INFO - Setting next_dagrun for example_xcom_args_with_operators to None, run_after=None
[2026-04-28T13:00:38.536+0000] {processor.py:183} INFO - Processing /home/airflow/.local/lib/python3.8/site-packages/airflow/example_dags/example_xcomargs.py took 0.094 seconds
[2026-04-28T13:01:08.582+0000] {processor.py:161} INFO - Started process (PID=5470) to work on /home/airflow/.local/lib/python3.8/site-packages/airflow/example_dags/example_xcomargs.py
[2026-04-28T13:01:08.584+0000] {processor.py:830} INFO - Processing file /home/airflow/.local/lib/python3.8/site-packages/airflow/example_dags/example_xcomargs.py for tasks to queue
[2026-04-28T13:01:08.587+0000] {logging_mixin.py:188} INFO - [2026-04-28T13:01:08.586+0000] {dagbag.py:540} INFO - Filling up the DagBag from /home/airflow/.local/lib/python3.8/site-packages/airflow/example_dags/example_xcomargs.py
[2026-04-28T13:01:08.606+0000] {processor.py:840} INFO - DAG(s) 'example_xcom_args', 'example_xcom_args_with_operators' retrieved from /home/airflow/.local/lib/python3.8/site-packages/airflow/example_dags/example_xcomargs.py
[2026-04-28T13:01:08.657+0000] {logging_mixin.py:188} INFO - [2026-04-28T13:01:08.656+0000] {dag.py:3047} INFO - Sync 2 DAGs
[2026-04-28T13:01:08.698+0000] {logging_mixin.py:188} INFO - [2026-04-28T13:01:08.698+0000] {dag.py:3834} INFO - Setting next_dagrun for example_xcom_args to None, run_after=None
[2026-04-28T13:01:08.710+0000] {logging_mixin.py:188} INFO - [2026-04-28T13:01:08.709+0000] {dag.py:3834} INFO - Setting next_dagrun for example_xcom_args_with_operators to None, run_after=None
[2026-04-28T13:01:08.756+0000] {processor.py:183} INFO - Processing /home/airflow/.local/lib/python3.8/site-packages/airflow/example_dags/example_xcomargs.py took 0.181 seconds
[2026-04-28T13:01:39.615+0000] {processor.py:161} INFO - Started process (PID=5526) to work on /home/airflow/.local/lib/python3.8/site-packages/airflow/example_dags/example_xcomargs.py
[2026-04-28T13:01:39.616+0000] {processor.py:830} INFO - Processing file /home/airflow/.local/lib/python3.8/site-packages/airflow/example_dags/example_xcomargs.py for tasks to queue
[2026-04-28T13:01:39.618+0000] {logging_mixin.py:188} INFO - [2026-04-28T13:01:39.618+0000] {dagbag.py:540} INFO - Filling up the DagBag from /home/airflow/.local/lib/python3.8/site-packages/airflow/example_dags/example_xcomargs.py
[2026-04-28T13:01:39.627+0000] {processor.py:840} INFO - DAG(s) 'example_xcom_args_with_operators', 'example_xcom_args' retrieved from /home/airflow/.local/lib/python3.8/site-packages/airflow/example_dags/example_xcomargs.py
[2026-04-28T13:01:39.652+0000] {logging_mixin.py:188} INFO - [2026-04-28T13:01:39.652+0000] {dag.py:3047} INFO - Sync 2 DAGs
[2026-04-28T13:01:39.666+0000] {logging_mixin.py:188} INFO - [2026-04-28T13:01:39.666+0000] {dag.py:3834} INFO - Setting next_dagrun for example_xcom_args to None, run_after=None
[2026-04-28T13:01:39.669+0000] {logging_mixin.py:188} INFO - [2026-04-28T13:01:39.669+0000] {dag.py:3834} INFO - Setting next_dagrun for example_xcom_args_with_operators to None, run_after=None
[2026-04-28T13:01:39.685+0000] {processor.py:183} INFO - Processing /home/airflow/.local/lib/python3.8/site-packages/airflow/example_dags/example_xcomargs.py took 0.074 seconds
[2026-04-28T13:02:10.059+0000] {processor.py:161} INFO - Started process (PID=5582) to work on /home/airflow/.local/lib/python3.8/site-packages/airflow/example_dags/example_xcomargs.py
[2026-04-28T13:02:10.060+0000] {processor.py:830} INFO - Processing file /home/airflow/.local/lib/python3.8/site-packages/airflow/example_dags/example_xcomargs.py for tasks to queue
[2026-04-28T13:02:10.062+0000] {logging_mixin.py:188} INFO - [2026-04-28T13:02:10.062+0000] {dagbag.py:540} INFO - Filling up the DagBag from /home/airflow/.local/lib/python3.8/site-packages/airflow/example_dags/example_xcomargs.py
[2026-04-28T13:02:10.072+0000] {processor.py:840} INFO - DAG(s) 'example_xcom_args_with_operators', 'example_xcom_args' retrieved from /home/airflow/.local/lib/python3.8/site-packages/airflow/example_dags/example_xcomargs.py
[2026-04-28T13:02:10.097+0000] {logging_mixin.py:188} INFO - [2026-04-28T13:02:10.096+0000] {dag.py:3047} INFO - Sync 2 DAGs
[2026-04-28T13:02:10.111+0000] {logging_mixin.py:188} INFO - [2026-04-28T13:02:10.111+0000] {dag.py:3834} INFO - Setting next_dagrun for example_xcom_args to None, run_after=None
[2026-04-28T13:02:10.115+0000] {logging_mixin.py:188} INFO - [2026-04-28T13:02:10.115+0000] {dag.py:3834} INFO - Setting next_dagrun for example_xcom_args_with_operators to None, run_after=None
[2026-04-28T13:02:10.130+0000] {processor.py:183} INFO - Processing /home/airflow/.local/lib/python3.8/site-packages/airflow/example_dags/example_xcomargs.py took 0.075 seconds
