[2026-04-28T12:11:50.461+0000] {processor.py:161} INFO - Started process (PID=76) to work on /home/airflow/.local/lib/python3.8/site-packages/airflow/example_dags/example_time_delta_sensor_async.py
[2026-04-28T12:11:50.466+0000] {processor.py:830} INFO - Processing file /home/airflow/.local/lib/python3.8/site-packages/airflow/example_dags/example_time_delta_sensor_async.py for tasks to queue
[2026-04-28T12:11:50.491+0000] {logging_mixin.py:188} INFO - [2026-04-28T12:11:50.484+0000] {dagbag.py:540} INFO - Filling up the DagBag from /home/airflow/.local/lib/python3.8/site-packages/airflow/example_dags/example_time_delta_sensor_async.py
[2026-04-28T12:11:50.536+0000] {processor.py:840} INFO - DAG(s) 'example_time_delta_sensor_async' retrieved from /home/airflow/.local/lib/python3.8/site-packages/airflow/example_dags/example_time_delta_sensor_async.py
[2026-04-28T12:11:51.106+0000] {logging_mixin.py:188} INFO - [2026-04-28T12:11:51.106+0000] {dag.py:3047} INFO - Sync 1 DAGs
[2026-04-28T12:11:51.168+0000] {logging_mixin.py:188} INFO - [2026-04-28T12:11:51.163+0000] {dag.py:3834} INFO - Setting next_dagrun for example_time_delta_sensor_async to None, run_after=None
[2026-04-28T12:11:51.234+0000] {processor.py:183} INFO - Processing /home/airflow/.local/lib/python3.8/site-packages/airflow/example_dags/example_time_delta_sensor_async.py took 0.796 seconds
[2026-04-28T12:12:21.456+0000] {processor.py:161} INFO - Started process (PID=131) to work on /home/airflow/.local/lib/python3.8/site-packages/airflow/example_dags/example_time_delta_sensor_async.py
[2026-04-28T12:12:21.457+0000] {processor.py:830} INFO - Processing file /home/airflow/.local/lib/python3.8/site-packages/airflow/example_dags/example_time_delta_sensor_async.py for tasks to queue
[2026-04-28T12:12:21.459+0000] {logging_mixin.py:188} INFO - [2026-04-28T12:12:21.459+0000] {dagbag.py:540} INFO - Filling up the DagBag from /home/airflow/.local/lib/python3.8/site-packages/airflow/example_dags/example_time_delta_sensor_async.py
[2026-04-28T12:12:21.465+0000] {processor.py:840} INFO - DAG(s) 'example_time_delta_sensor_async' retrieved from /home/airflow/.local/lib/python3.8/site-packages/airflow/example_dags/example_time_delta_sensor_async.py
[2026-04-28T12:12:21.481+0000] {logging_mixin.py:188} INFO - [2026-04-28T12:12:21.481+0000] {dag.py:3047} INFO - Sync 1 DAGs
[2026-04-28T12:12:21.490+0000] {logging_mixin.py:188} INFO - [2026-04-28T12:12:21.490+0000] {dag.py:3834} INFO - Setting next_dagrun for example_time_delta_sensor_async to None, run_after=None
[2026-04-28T12:12:21.503+0000] {processor.py:183} INFO - Processing /home/airflow/.local/lib/python3.8/site-packages/airflow/example_dags/example_time_delta_sensor_async.py took 0.051 seconds
[2026-04-28T12:12:51.670+0000] {processor.py:161} INFO - Started process (PID=186) to work on /home/airflow/.local/lib/python3.8/site-packages/airflow/example_dags/example_time_delta_sensor_async.py
[2026-04-28T12:12:51.671+0000] {processor.py:830} INFO - Processing file /home/airflow/.local/lib/python3.8/site-packages/airflow/example_dags/example_time_delta_sensor_async.py for tasks to queue
[2026-04-28T12:12:51.673+0000] {logging_mixin.py:188} INFO - [2026-04-28T12:12:51.673+0000] {dagbag.py:540} INFO - Filling up the DagBag from /home/airflow/.local/lib/python3.8/site-packages/airflow/example_dags/example_time_delta_sensor_async.py
[2026-04-28T12:12:51.678+0000] {processor.py:840} INFO - DAG(s) 'example_time_delta_sensor_async' retrieved from /home/airflow/.local/lib/python3.8/site-packages/airflow/example_dags/example_time_delta_sensor_async.py
[2026-04-28T12:12:51.699+0000] {logging_mixin.py:188} INFO - [2026-04-28T12:12:51.698+0000] {dag.py:3047} INFO - Sync 1 DAGs
[2026-04-28T12:12:51.713+0000] {logging_mixin.py:188} INFO - [2026-04-28T12:12:51.712+0000] {dag.py:3834} INFO - Setting next_dagrun for example_time_delta_sensor_async to None, run_after=None
[2026-04-28T12:12:51.730+0000] {processor.py:183} INFO - Processing /home/airflow/.local/lib/python3.8/site-packages/airflow/example_dags/example_time_delta_sensor_async.py took 0.064 seconds
[2026-04-28T12:13:22.128+0000] {processor.py:161} INFO - Started process (PID=241) to work on /home/airflow/.local/lib/python3.8/site-packages/airflow/example_dags/example_time_delta_sensor_async.py
[2026-04-28T12:13:22.129+0000] {processor.py:830} INFO - Processing file /home/airflow/.local/lib/python3.8/site-packages/airflow/example_dags/example_time_delta_sensor_async.py for tasks to queue
[2026-04-28T12:13:22.131+0000] {logging_mixin.py:188} INFO - [2026-04-28T12:13:22.130+0000] {dagbag.py:540} INFO - Filling up the DagBag from /home/airflow/.local/lib/python3.8/site-packages/airflow/example_dags/example_time_delta_sensor_async.py
[2026-04-28T12:13:22.136+0000] {processor.py:840} INFO - DAG(s) 'example_time_delta_sensor_async' retrieved from /home/airflow/.local/lib/python3.8/site-packages/airflow/example_dags/example_time_delta_sensor_async.py
[2026-04-28T12:13:22.157+0000] {logging_mixin.py:188} INFO - [2026-04-28T12:13:22.157+0000] {dag.py:3047} INFO - Sync 1 DAGs
[2026-04-28T12:13:22.171+0000] {logging_mixin.py:188} INFO - [2026-04-28T12:13:22.171+0000] {dag.py:3834} INFO - Setting next_dagrun for example_time_delta_sensor_async to None, run_after=None
[2026-04-28T12:13:22.188+0000] {processor.py:183} INFO - Processing /home/airflow/.local/lib/python3.8/site-packages/airflow/example_dags/example_time_delta_sensor_async.py took 0.064 seconds
[2026-04-28T12:13:52.627+0000] {processor.py:161} INFO - Started process (PID=296) to work on /home/airflow/.local/lib/python3.8/site-packages/airflow/example_dags/example_time_delta_sensor_async.py
[2026-04-28T12:13:52.628+0000] {processor.py:830} INFO - Processing file /home/airflow/.local/lib/python3.8/site-packages/airflow/example_dags/example_time_delta_sensor_async.py for tasks to queue
[2026-04-28T12:13:52.630+0000] {logging_mixin.py:188} INFO - [2026-04-28T12:13:52.630+0000] {dagbag.py:540} INFO - Filling up the DagBag from /home/airflow/.local/lib/python3.8/site-packages/airflow/example_dags/example_time_delta_sensor_async.py
[2026-04-28T12:13:52.637+0000] {processor.py:840} INFO - DAG(s) 'example_time_delta_sensor_async' retrieved from /home/airflow/.local/lib/python3.8/site-packages/airflow/example_dags/example_time_delta_sensor_async.py
[2026-04-28T12:13:52.661+0000] {logging_mixin.py:188} INFO - [2026-04-28T12:13:52.661+0000] {dag.py:3047} INFO - Sync 1 DAGs
[2026-04-28T12:13:52.675+0000] {logging_mixin.py:188} INFO - [2026-04-28T12:13:52.674+0000] {dag.py:3834} INFO - Setting next_dagrun for example_time_delta_sensor_async to None, run_after=None
[2026-04-28T12:13:52.693+0000] {processor.py:183} INFO - Processing /home/airflow/.local/lib/python3.8/site-packages/airflow/example_dags/example_time_delta_sensor_async.py took 0.069 seconds
[2026-04-28T12:14:23.187+0000] {processor.py:161} INFO - Started process (PID=351) to work on /home/airflow/.local/lib/python3.8/site-packages/airflow/example_dags/example_time_delta_sensor_async.py
[2026-04-28T12:14:23.188+0000] {processor.py:830} INFO - Processing file /home/airflow/.local/lib/python3.8/site-packages/airflow/example_dags/example_time_delta_sensor_async.py for tasks to queue
[2026-04-28T12:14:23.190+0000] {logging_mixin.py:188} INFO - [2026-04-28T12:14:23.190+0000] {dagbag.py:540} INFO - Filling up the DagBag from /home/airflow/.local/lib/python3.8/site-packages/airflow/example_dags/example_time_delta_sensor_async.py
[2026-04-28T12:14:23.194+0000] {processor.py:840} INFO - DAG(s) 'example_time_delta_sensor_async' retrieved from /home/airflow/.local/lib/python3.8/site-packages/airflow/example_dags/example_time_delta_sensor_async.py
[2026-04-28T12:14:23.209+0000] {logging_mixin.py:188} INFO - [2026-04-28T12:14:23.209+0000] {dag.py:3047} INFO - Sync 1 DAGs
[2026-04-28T12:14:23.219+0000] {logging_mixin.py:188} INFO - [2026-04-28T12:14:23.218+0000] {dag.py:3834} INFO - Setting next_dagrun for example_time_delta_sensor_async to None, run_after=None
[2026-04-28T12:14:23.233+0000] {processor.py:183} INFO - Processing /home/airflow/.local/lib/python3.8/site-packages/airflow/example_dags/example_time_delta_sensor_async.py took 0.048 seconds
[2026-04-28T12:14:53.952+0000] {processor.py:161} INFO - Started process (PID=406) to work on /home/airflow/.local/lib/python3.8/site-packages/airflow/example_dags/example_time_delta_sensor_async.py
[2026-04-28T12:14:53.953+0000] {processor.py:830} INFO - Processing file /home/airflow/.local/lib/python3.8/site-packages/airflow/example_dags/example_time_delta_sensor_async.py for tasks to queue
[2026-04-28T12:14:53.955+0000] {logging_mixin.py:188} INFO - [2026-04-28T12:14:53.955+0000] {dagbag.py:540} INFO - Filling up the DagBag from /home/airflow/.local/lib/python3.8/site-packages/airflow/example_dags/example_time_delta_sensor_async.py
[2026-04-28T12:14:53.961+0000] {processor.py:840} INFO - DAG(s) 'example_time_delta_sensor_async' retrieved from /home/airflow/.local/lib/python3.8/site-packages/airflow/example_dags/example_time_delta_sensor_async.py
[2026-04-28T12:14:53.987+0000] {logging_mixin.py:188} INFO - [2026-04-28T12:14:53.987+0000] {dag.py:3047} INFO - Sync 1 DAGs
[2026-04-28T12:14:54.006+0000] {logging_mixin.py:188} INFO - [2026-04-28T12:14:54.006+0000] {dag.py:3834} INFO - Setting next_dagrun for example_time_delta_sensor_async to None, run_after=None
[2026-04-28T12:14:54.023+0000] {processor.py:183} INFO - Processing /home/airflow/.local/lib/python3.8/site-packages/airflow/example_dags/example_time_delta_sensor_async.py took 0.076 seconds
[2026-04-28T12:15:24.528+0000] {processor.py:161} INFO - Started process (PID=461) to work on /home/airflow/.local/lib/python3.8/site-packages/airflow/example_dags/example_time_delta_sensor_async.py
[2026-04-28T12:15:24.529+0000] {processor.py:830} INFO - Processing file /home/airflow/.local/lib/python3.8/site-packages/airflow/example_dags/example_time_delta_sensor_async.py for tasks to queue
[2026-04-28T12:15:24.531+0000] {logging_mixin.py:188} INFO - [2026-04-28T12:15:24.530+0000] {dagbag.py:540} INFO - Filling up the DagBag from /home/airflow/.local/lib/python3.8/site-packages/airflow/example_dags/example_time_delta_sensor_async.py
[2026-04-28T12:15:24.535+0000] {processor.py:840} INFO - DAG(s) 'example_time_delta_sensor_async' retrieved from /home/airflow/.local/lib/python3.8/site-packages/airflow/example_dags/example_time_delta_sensor_async.py
[2026-04-28T12:15:24.553+0000] {logging_mixin.py:188} INFO - [2026-04-28T12:15:24.553+0000] {dag.py:3047} INFO - Sync 1 DAGs
[2026-04-28T12:15:24.563+0000] {logging_mixin.py:188} INFO - [2026-04-28T12:15:24.563+0000] {dag.py:3834} INFO - Setting next_dagrun for example_time_delta_sensor_async to None, run_after=None
[2026-04-28T12:15:24.576+0000] {processor.py:183} INFO - Processing /home/airflow/.local/lib/python3.8/site-packages/airflow/example_dags/example_time_delta_sensor_async.py took 0.051 seconds
[2026-04-28T12:15:55.142+0000] {processor.py:161} INFO - Started process (PID=515) to work on /home/airflow/.local/lib/python3.8/site-packages/airflow/example_dags/example_time_delta_sensor_async.py
[2026-04-28T12:15:55.144+0000] {processor.py:830} INFO - Processing file /home/airflow/.local/lib/python3.8/site-packages/airflow/example_dags/example_time_delta_sensor_async.py for tasks to queue
[2026-04-28T12:15:55.146+0000] {logging_mixin.py:188} INFO - [2026-04-28T12:15:55.145+0000] {dagbag.py:540} INFO - Filling up the DagBag from /home/airflow/.local/lib/python3.8/site-packages/airflow/example_dags/example_time_delta_sensor_async.py
[2026-04-28T12:15:55.151+0000] {processor.py:840} INFO - DAG(s) 'example_time_delta_sensor_async' retrieved from /home/airflow/.local/lib/python3.8/site-packages/airflow/example_dags/example_time_delta_sensor_async.py
[2026-04-28T12:15:55.172+0000] {logging_mixin.py:188} INFO - [2026-04-28T12:15:55.171+0000] {dag.py:3047} INFO - Sync 1 DAGs
[2026-04-28T12:15:55.185+0000] {logging_mixin.py:188} INFO - [2026-04-28T12:15:55.185+0000] {dag.py:3834} INFO - Setting next_dagrun for example_time_delta_sensor_async to None, run_after=None
[2026-04-28T12:15:55.203+0000] {processor.py:183} INFO - Processing /home/airflow/.local/lib/python3.8/site-packages/airflow/example_dags/example_time_delta_sensor_async.py took 0.065 seconds
[2026-04-28T12:16:26.050+0000] {processor.py:161} INFO - Started process (PID=570) to work on /home/airflow/.local/lib/python3.8/site-packages/airflow/example_dags/example_time_delta_sensor_async.py
[2026-04-28T12:16:26.055+0000] {processor.py:830} INFO - Processing file /home/airflow/.local/lib/python3.8/site-packages/airflow/example_dags/example_time_delta_sensor_async.py for tasks to queue
[2026-04-28T12:16:26.060+0000] {logging_mixin.py:188} INFO - [2026-04-28T12:16:26.059+0000] {dagbag.py:540} INFO - Filling up the DagBag from /home/airflow/.local/lib/python3.8/site-packages/airflow/example_dags/example_time_delta_sensor_async.py
[2026-04-28T12:16:26.075+0000] {processor.py:840} INFO - DAG(s) 'example_time_delta_sensor_async' retrieved from /home/airflow/.local/lib/python3.8/site-packages/airflow/example_dags/example_time_delta_sensor_async.py
[2026-04-28T12:16:26.129+0000] {logging_mixin.py:188} INFO - [2026-04-28T12:16:26.128+0000] {dag.py:3047} INFO - Sync 1 DAGs
[2026-04-28T12:16:26.165+0000] {logging_mixin.py:188} INFO - [2026-04-28T12:16:26.165+0000] {dag.py:3834} INFO - Setting next_dagrun for example_time_delta_sensor_async to None, run_after=None
[2026-04-28T12:16:26.213+0000] {processor.py:183} INFO - Processing /home/airflow/.local/lib/python3.8/site-packages/airflow/example_dags/example_time_delta_sensor_async.py took 0.172 seconds
[2026-04-28T12:16:56.256+0000] {processor.py:161} INFO - Started process (PID=625) to work on /home/airflow/.local/lib/python3.8/site-packages/airflow/example_dags/example_time_delta_sensor_async.py
[2026-04-28T12:16:56.257+0000] {processor.py:830} INFO - Processing file /home/airflow/.local/lib/python3.8/site-packages/airflow/example_dags/example_time_delta_sensor_async.py for tasks to queue
[2026-04-28T12:16:56.259+0000] {logging_mixin.py:188} INFO - [2026-04-28T12:16:56.259+0000] {dagbag.py:540} INFO - Filling up the DagBag from /home/airflow/.local/lib/python3.8/site-packages/airflow/example_dags/example_time_delta_sensor_async.py
[2026-04-28T12:16:56.263+0000] {processor.py:840} INFO - DAG(s) 'example_time_delta_sensor_async' retrieved from /home/airflow/.local/lib/python3.8/site-packages/airflow/example_dags/example_time_delta_sensor_async.py
[2026-04-28T12:16:56.279+0000] {logging_mixin.py:188} INFO - [2026-04-28T12:16:56.279+0000] {dag.py:3047} INFO - Sync 1 DAGs
[2026-04-28T12:16:56.288+0000] {logging_mixin.py:188} INFO - [2026-04-28T12:16:56.288+0000] {dag.py:3834} INFO - Setting next_dagrun for example_time_delta_sensor_async to None, run_after=None
[2026-04-28T12:16:56.302+0000] {processor.py:183} INFO - Processing /home/airflow/.local/lib/python3.8/site-packages/airflow/example_dags/example_time_delta_sensor_async.py took 0.048 seconds
[2026-04-28T12:17:26.507+0000] {processor.py:161} INFO - Started process (PID=680) to work on /home/airflow/.local/lib/python3.8/site-packages/airflow/example_dags/example_time_delta_sensor_async.py
[2026-04-28T12:17:26.508+0000] {processor.py:830} INFO - Processing file /home/airflow/.local/lib/python3.8/site-packages/airflow/example_dags/example_time_delta_sensor_async.py for tasks to queue
[2026-04-28T12:17:26.510+0000] {logging_mixin.py:188} INFO - [2026-04-28T12:17:26.510+0000] {dagbag.py:540} INFO - Filling up the DagBag from /home/airflow/.local/lib/python3.8/site-packages/airflow/example_dags/example_time_delta_sensor_async.py
[2026-04-28T12:17:26.515+0000] {processor.py:840} INFO - DAG(s) 'example_time_delta_sensor_async' retrieved from /home/airflow/.local/lib/python3.8/site-packages/airflow/example_dags/example_time_delta_sensor_async.py
[2026-04-28T12:17:26.533+0000] {logging_mixin.py:188} INFO - [2026-04-28T12:17:26.532+0000] {dag.py:3047} INFO - Sync 1 DAGs
[2026-04-28T12:17:26.542+0000] {logging_mixin.py:188} INFO - [2026-04-28T12:17:26.542+0000] {dag.py:3834} INFO - Setting next_dagrun for example_time_delta_sensor_async to None, run_after=None
[2026-04-28T12:17:26.555+0000] {processor.py:183} INFO - Processing /home/airflow/.local/lib/python3.8/site-packages/airflow/example_dags/example_time_delta_sensor_async.py took 0.051 seconds
[2026-04-28T12:17:56.665+0000] {processor.py:161} INFO - Started process (PID=735) to work on /home/airflow/.local/lib/python3.8/site-packages/airflow/example_dags/example_time_delta_sensor_async.py
[2026-04-28T12:17:56.666+0000] {processor.py:830} INFO - Processing file /home/airflow/.local/lib/python3.8/site-packages/airflow/example_dags/example_time_delta_sensor_async.py for tasks to queue
[2026-04-28T12:17:56.668+0000] {logging_mixin.py:188} INFO - [2026-04-28T12:17:56.668+0000] {dagbag.py:540} INFO - Filling up the DagBag from /home/airflow/.local/lib/python3.8/site-packages/airflow/example_dags/example_time_delta_sensor_async.py
[2026-04-28T12:17:56.672+0000] {processor.py:840} INFO - DAG(s) 'example_time_delta_sensor_async' retrieved from /home/airflow/.local/lib/python3.8/site-packages/airflow/example_dags/example_time_delta_sensor_async.py
[2026-04-28T12:17:56.687+0000] {logging_mixin.py:188} INFO - [2026-04-28T12:17:56.686+0000] {dag.py:3047} INFO - Sync 1 DAGs
[2026-04-28T12:17:56.696+0000] {logging_mixin.py:188} INFO - [2026-04-28T12:17:56.696+0000] {dag.py:3834} INFO - Setting next_dagrun for example_time_delta_sensor_async to None, run_after=None
[2026-04-28T12:17:56.709+0000] {processor.py:183} INFO - Processing /home/airflow/.local/lib/python3.8/site-packages/airflow/example_dags/example_time_delta_sensor_async.py took 0.048 seconds
[2026-04-28T12:18:26.842+0000] {processor.py:161} INFO - Started process (PID=790) to work on /home/airflow/.local/lib/python3.8/site-packages/airflow/example_dags/example_time_delta_sensor_async.py
[2026-04-28T12:18:26.843+0000] {processor.py:830} INFO - Processing file /home/airflow/.local/lib/python3.8/site-packages/airflow/example_dags/example_time_delta_sensor_async.py for tasks to queue
[2026-04-28T12:18:26.845+0000] {logging_mixin.py:188} INFO - [2026-04-28T12:18:26.845+0000] {dagbag.py:540} INFO - Filling up the DagBag from /home/airflow/.local/lib/python3.8/site-packages/airflow/example_dags/example_time_delta_sensor_async.py
[2026-04-28T12:18:26.851+0000] {processor.py:840} INFO - DAG(s) 'example_time_delta_sensor_async' retrieved from /home/airflow/.local/lib/python3.8/site-packages/airflow/example_dags/example_time_delta_sensor_async.py
[2026-04-28T12:18:26.874+0000] {logging_mixin.py:188} INFO - [2026-04-28T12:18:26.874+0000] {dag.py:3047} INFO - Sync 1 DAGs
[2026-04-28T12:18:26.888+0000] {logging_mixin.py:188} INFO - [2026-04-28T12:18:26.888+0000] {dag.py:3834} INFO - Setting next_dagrun for example_time_delta_sensor_async to None, run_after=None
[2026-04-28T12:18:26.907+0000] {processor.py:183} INFO - Processing /home/airflow/.local/lib/python3.8/site-packages/airflow/example_dags/example_time_delta_sensor_async.py took 0.069 seconds
[2026-04-28T12:18:57.376+0000] {processor.py:161} INFO - Started process (PID=845) to work on /home/airflow/.local/lib/python3.8/site-packages/airflow/example_dags/example_time_delta_sensor_async.py
[2026-04-28T12:18:57.377+0000] {processor.py:830} INFO - Processing file /home/airflow/.local/lib/python3.8/site-packages/airflow/example_dags/example_time_delta_sensor_async.py for tasks to queue
[2026-04-28T12:18:57.380+0000] {logging_mixin.py:188} INFO - [2026-04-28T12:18:57.379+0000] {dagbag.py:540} INFO - Filling up the DagBag from /home/airflow/.local/lib/python3.8/site-packages/airflow/example_dags/example_time_delta_sensor_async.py
[2026-04-28T12:18:57.384+0000] {processor.py:840} INFO - DAG(s) 'example_time_delta_sensor_async' retrieved from /home/airflow/.local/lib/python3.8/site-packages/airflow/example_dags/example_time_delta_sensor_async.py
[2026-04-28T12:18:57.399+0000] {logging_mixin.py:188} INFO - [2026-04-28T12:18:57.399+0000] {dag.py:3047} INFO - Sync 1 DAGs
[2026-04-28T12:18:57.408+0000] {logging_mixin.py:188} INFO - [2026-04-28T12:18:57.408+0000] {dag.py:3834} INFO - Setting next_dagrun for example_time_delta_sensor_async to None, run_after=None
[2026-04-28T12:18:57.422+0000] {processor.py:183} INFO - Processing /home/airflow/.local/lib/python3.8/site-packages/airflow/example_dags/example_time_delta_sensor_async.py took 0.049 seconds
[2026-04-28T12:19:27.592+0000] {processor.py:161} INFO - Started process (PID=900) to work on /home/airflow/.local/lib/python3.8/site-packages/airflow/example_dags/example_time_delta_sensor_async.py
[2026-04-28T12:19:27.593+0000] {processor.py:830} INFO - Processing file /home/airflow/.local/lib/python3.8/site-packages/airflow/example_dags/example_time_delta_sensor_async.py for tasks to queue
[2026-04-28T12:19:27.595+0000] {logging_mixin.py:188} INFO - [2026-04-28T12:19:27.595+0000] {dagbag.py:540} INFO - Filling up the DagBag from /home/airflow/.local/lib/python3.8/site-packages/airflow/example_dags/example_time_delta_sensor_async.py
[2026-04-28T12:19:27.599+0000] {processor.py:840} INFO - DAG(s) 'example_time_delta_sensor_async' retrieved from /home/airflow/.local/lib/python3.8/site-packages/airflow/example_dags/example_time_delta_sensor_async.py
[2026-04-28T12:19:27.614+0000] {logging_mixin.py:188} INFO - [2026-04-28T12:19:27.613+0000] {dag.py:3047} INFO - Sync 1 DAGs
[2026-04-28T12:19:27.623+0000] {logging_mixin.py:188} INFO - [2026-04-28T12:19:27.623+0000] {dag.py:3834} INFO - Setting next_dagrun for example_time_delta_sensor_async to None, run_after=None
[2026-04-28T12:19:27.636+0000] {processor.py:183} INFO - Processing /home/airflow/.local/lib/python3.8/site-packages/airflow/example_dags/example_time_delta_sensor_async.py took 0.047 seconds
[2026-04-28T12:19:58.129+0000] {processor.py:161} INFO - Started process (PID=955) to work on /home/airflow/.local/lib/python3.8/site-packages/airflow/example_dags/example_time_delta_sensor_async.py
[2026-04-28T12:19:58.130+0000] {processor.py:830} INFO - Processing file /home/airflow/.local/lib/python3.8/site-packages/airflow/example_dags/example_time_delta_sensor_async.py for tasks to queue
[2026-04-28T12:19:58.132+0000] {logging_mixin.py:188} INFO - [2026-04-28T12:19:58.132+0000] {dagbag.py:540} INFO - Filling up the DagBag from /home/airflow/.local/lib/python3.8/site-packages/airflow/example_dags/example_time_delta_sensor_async.py
[2026-04-28T12:19:58.137+0000] {processor.py:840} INFO - DAG(s) 'example_time_delta_sensor_async' retrieved from /home/airflow/.local/lib/python3.8/site-packages/airflow/example_dags/example_time_delta_sensor_async.py
[2026-04-28T12:19:58.158+0000] {logging_mixin.py:188} INFO - [2026-04-28T12:19:58.158+0000] {dag.py:3047} INFO - Sync 1 DAGs
[2026-04-28T12:19:58.171+0000] {logging_mixin.py:188} INFO - [2026-04-28T12:19:58.171+0000] {dag.py:3834} INFO - Setting next_dagrun for example_time_delta_sensor_async to None, run_after=None
[2026-04-28T12:19:58.189+0000] {processor.py:183} INFO - Processing /home/airflow/.local/lib/python3.8/site-packages/airflow/example_dags/example_time_delta_sensor_async.py took 0.064 seconds
[2026-04-28T12:20:28.463+0000] {processor.py:161} INFO - Started process (PID=1009) to work on /home/airflow/.local/lib/python3.8/site-packages/airflow/example_dags/example_time_delta_sensor_async.py
[2026-04-28T12:20:28.464+0000] {processor.py:830} INFO - Processing file /home/airflow/.local/lib/python3.8/site-packages/airflow/example_dags/example_time_delta_sensor_async.py for tasks to queue
[2026-04-28T12:20:28.465+0000] {logging_mixin.py:188} INFO - [2026-04-28T12:20:28.465+0000] {dagbag.py:540} INFO - Filling up the DagBag from /home/airflow/.local/lib/python3.8/site-packages/airflow/example_dags/example_time_delta_sensor_async.py
[2026-04-28T12:20:28.469+0000] {processor.py:840} INFO - DAG(s) 'example_time_delta_sensor_async' retrieved from /home/airflow/.local/lib/python3.8/site-packages/airflow/example_dags/example_time_delta_sensor_async.py
[2026-04-28T12:20:28.485+0000] {logging_mixin.py:188} INFO - [2026-04-28T12:20:28.485+0000] {dag.py:3047} INFO - Sync 1 DAGs
[2026-04-28T12:20:28.495+0000] {logging_mixin.py:188} INFO - [2026-04-28T12:20:28.494+0000] {dag.py:3834} INFO - Setting next_dagrun for example_time_delta_sensor_async to None, run_after=None
[2026-04-28T12:20:28.507+0000] {processor.py:183} INFO - Processing /home/airflow/.local/lib/python3.8/site-packages/airflow/example_dags/example_time_delta_sensor_async.py took 0.047 seconds
[2026-04-28T12:20:59.051+0000] {processor.py:161} INFO - Started process (PID=1064) to work on /home/airflow/.local/lib/python3.8/site-packages/airflow/example_dags/example_time_delta_sensor_async.py
[2026-04-28T12:20:59.052+0000] {processor.py:830} INFO - Processing file /home/airflow/.local/lib/python3.8/site-packages/airflow/example_dags/example_time_delta_sensor_async.py for tasks to queue
[2026-04-28T12:20:59.053+0000] {logging_mixin.py:188} INFO - [2026-04-28T12:20:59.053+0000] {dagbag.py:540} INFO - Filling up the DagBag from /home/airflow/.local/lib/python3.8/site-packages/airflow/example_dags/example_time_delta_sensor_async.py
[2026-04-28T12:20:59.057+0000] {processor.py:840} INFO - DAG(s) 'example_time_delta_sensor_async' retrieved from /home/airflow/.local/lib/python3.8/site-packages/airflow/example_dags/example_time_delta_sensor_async.py
[2026-04-28T12:20:59.073+0000] {logging_mixin.py:188} INFO - [2026-04-28T12:20:59.073+0000] {dag.py:3047} INFO - Sync 1 DAGs
[2026-04-28T12:20:59.083+0000] {logging_mixin.py:188} INFO - [2026-04-28T12:20:59.083+0000] {dag.py:3834} INFO - Setting next_dagrun for example_time_delta_sensor_async to None, run_after=None
[2026-04-28T12:20:59.096+0000] {processor.py:183} INFO - Processing /home/airflow/.local/lib/python3.8/site-packages/airflow/example_dags/example_time_delta_sensor_async.py took 0.048 seconds
[2026-04-28T12:21:29.315+0000] {processor.py:161} INFO - Started process (PID=1119) to work on /home/airflow/.local/lib/python3.8/site-packages/airflow/example_dags/example_time_delta_sensor_async.py
[2026-04-28T12:21:29.316+0000] {processor.py:830} INFO - Processing file /home/airflow/.local/lib/python3.8/site-packages/airflow/example_dags/example_time_delta_sensor_async.py for tasks to queue
[2026-04-28T12:21:29.317+0000] {logging_mixin.py:188} INFO - [2026-04-28T12:21:29.317+0000] {dagbag.py:540} INFO - Filling up the DagBag from /home/airflow/.local/lib/python3.8/site-packages/airflow/example_dags/example_time_delta_sensor_async.py
[2026-04-28T12:21:29.321+0000] {processor.py:840} INFO - DAG(s) 'example_time_delta_sensor_async' retrieved from /home/airflow/.local/lib/python3.8/site-packages/airflow/example_dags/example_time_delta_sensor_async.py
[2026-04-28T12:21:29.336+0000] {logging_mixin.py:188} INFO - [2026-04-28T12:21:29.336+0000] {dag.py:3047} INFO - Sync 1 DAGs
[2026-04-28T12:21:29.345+0000] {logging_mixin.py:188} INFO - [2026-04-28T12:21:29.345+0000] {dag.py:3834} INFO - Setting next_dagrun for example_time_delta_sensor_async to None, run_after=None
[2026-04-28T12:21:29.358+0000] {processor.py:183} INFO - Processing /home/airflow/.local/lib/python3.8/site-packages/airflow/example_dags/example_time_delta_sensor_async.py took 0.046 seconds
[2026-04-28T12:21:59.949+0000] {processor.py:161} INFO - Started process (PID=1174) to work on /home/airflow/.local/lib/python3.8/site-packages/airflow/example_dags/example_time_delta_sensor_async.py
[2026-04-28T12:21:59.950+0000] {processor.py:830} INFO - Processing file /home/airflow/.local/lib/python3.8/site-packages/airflow/example_dags/example_time_delta_sensor_async.py for tasks to queue
[2026-04-28T12:21:59.961+0000] {logging_mixin.py:188} INFO - [2026-04-28T12:21:59.960+0000] {dagbag.py:540} INFO - Filling up the DagBag from /home/airflow/.local/lib/python3.8/site-packages/airflow/example_dags/example_time_delta_sensor_async.py
[2026-04-28T12:21:59.973+0000] {processor.py:840} INFO - DAG(s) 'example_time_delta_sensor_async' retrieved from /home/airflow/.local/lib/python3.8/site-packages/airflow/example_dags/example_time_delta_sensor_async.py
[2026-04-28T12:22:00.006+0000] {logging_mixin.py:188} INFO - [2026-04-28T12:22:00.005+0000] {dag.py:3047} INFO - Sync 1 DAGs
[2026-04-28T12:22:00.022+0000] {logging_mixin.py:188} INFO - [2026-04-28T12:22:00.021+0000] {dag.py:3834} INFO - Setting next_dagrun for example_time_delta_sensor_async to None, run_after=None
[2026-04-28T12:22:00.041+0000] {processor.py:183} INFO - Processing /home/airflow/.local/lib/python3.8/site-packages/airflow/example_dags/example_time_delta_sensor_async.py took 0.099 seconds
[2026-04-28T12:22:30.145+0000] {processor.py:161} INFO - Started process (PID=1229) to work on /home/airflow/.local/lib/python3.8/site-packages/airflow/example_dags/example_time_delta_sensor_async.py
[2026-04-28T12:22:30.146+0000] {processor.py:830} INFO - Processing file /home/airflow/.local/lib/python3.8/site-packages/airflow/example_dags/example_time_delta_sensor_async.py for tasks to queue
[2026-04-28T12:22:30.148+0000] {logging_mixin.py:188} INFO - [2026-04-28T12:22:30.148+0000] {dagbag.py:540} INFO - Filling up the DagBag from /home/airflow/.local/lib/python3.8/site-packages/airflow/example_dags/example_time_delta_sensor_async.py
[2026-04-28T12:22:30.154+0000] {processor.py:840} INFO - DAG(s) 'example_time_delta_sensor_async' retrieved from /home/airflow/.local/lib/python3.8/site-packages/airflow/example_dags/example_time_delta_sensor_async.py
[2026-04-28T12:22:30.177+0000] {logging_mixin.py:188} INFO - [2026-04-28T12:22:30.176+0000] {dag.py:3047} INFO - Sync 1 DAGs
[2026-04-28T12:22:30.196+0000] {logging_mixin.py:188} INFO - [2026-04-28T12:22:30.195+0000] {dag.py:3834} INFO - Setting next_dagrun for example_time_delta_sensor_async to None, run_after=None
[2026-04-28T12:22:30.223+0000] {processor.py:183} INFO - Processing /home/airflow/.local/lib/python3.8/site-packages/airflow/example_dags/example_time_delta_sensor_async.py took 0.082 seconds
[2026-04-28T12:23:00.845+0000] {processor.py:161} INFO - Started process (PID=1284) to work on /home/airflow/.local/lib/python3.8/site-packages/airflow/example_dags/example_time_delta_sensor_async.py
[2026-04-28T12:23:00.846+0000] {processor.py:830} INFO - Processing file /home/airflow/.local/lib/python3.8/site-packages/airflow/example_dags/example_time_delta_sensor_async.py for tasks to queue
[2026-04-28T12:23:00.848+0000] {logging_mixin.py:188} INFO - [2026-04-28T12:23:00.848+0000] {dagbag.py:540} INFO - Filling up the DagBag from /home/airflow/.local/lib/python3.8/site-packages/airflow/example_dags/example_time_delta_sensor_async.py
[2026-04-28T12:23:00.853+0000] {processor.py:840} INFO - DAG(s) 'example_time_delta_sensor_async' retrieved from /home/airflow/.local/lib/python3.8/site-packages/airflow/example_dags/example_time_delta_sensor_async.py
[2026-04-28T12:23:00.875+0000] {logging_mixin.py:188} INFO - [2026-04-28T12:23:00.875+0000] {dag.py:3047} INFO - Sync 1 DAGs
[2026-04-28T12:23:00.889+0000] {logging_mixin.py:188} INFO - [2026-04-28T12:23:00.888+0000] {dag.py:3834} INFO - Setting next_dagrun for example_time_delta_sensor_async to None, run_after=None
[2026-04-28T12:23:00.903+0000] {processor.py:183} INFO - Processing /home/airflow/.local/lib/python3.8/site-packages/airflow/example_dags/example_time_delta_sensor_async.py took 0.062 seconds
[2026-04-28T12:23:31.076+0000] {processor.py:161} INFO - Started process (PID=1339) to work on /home/airflow/.local/lib/python3.8/site-packages/airflow/example_dags/example_time_delta_sensor_async.py
[2026-04-28T12:23:31.077+0000] {processor.py:830} INFO - Processing file /home/airflow/.local/lib/python3.8/site-packages/airflow/example_dags/example_time_delta_sensor_async.py for tasks to queue
[2026-04-28T12:23:31.078+0000] {logging_mixin.py:188} INFO - [2026-04-28T12:23:31.078+0000] {dagbag.py:540} INFO - Filling up the DagBag from /home/airflow/.local/lib/python3.8/site-packages/airflow/example_dags/example_time_delta_sensor_async.py
[2026-04-28T12:23:31.082+0000] {processor.py:840} INFO - DAG(s) 'example_time_delta_sensor_async' retrieved from /home/airflow/.local/lib/python3.8/site-packages/airflow/example_dags/example_time_delta_sensor_async.py
[2026-04-28T12:23:31.099+0000] {logging_mixin.py:188} INFO - [2026-04-28T12:23:31.099+0000] {dag.py:3047} INFO - Sync 1 DAGs
[2026-04-28T12:23:31.108+0000] {logging_mixin.py:188} INFO - [2026-04-28T12:23:31.108+0000] {dag.py:3834} INFO - Setting next_dagrun for example_time_delta_sensor_async to None, run_after=None
[2026-04-28T12:23:31.122+0000] {processor.py:183} INFO - Processing /home/airflow/.local/lib/python3.8/site-packages/airflow/example_dags/example_time_delta_sensor_async.py took 0.049 seconds
[2026-04-28T12:24:01.904+0000] {processor.py:161} INFO - Started process (PID=1394) to work on /home/airflow/.local/lib/python3.8/site-packages/airflow/example_dags/example_time_delta_sensor_async.py
[2026-04-28T12:24:01.906+0000] {processor.py:830} INFO - Processing file /home/airflow/.local/lib/python3.8/site-packages/airflow/example_dags/example_time_delta_sensor_async.py for tasks to queue
[2026-04-28T12:24:01.912+0000] {logging_mixin.py:188} INFO - [2026-04-28T12:24:01.911+0000] {dagbag.py:540} INFO - Filling up the DagBag from /home/airflow/.local/lib/python3.8/site-packages/airflow/example_dags/example_time_delta_sensor_async.py
[2026-04-28T12:24:01.936+0000] {processor.py:840} INFO - DAG(s) 'example_time_delta_sensor_async' retrieved from /home/airflow/.local/lib/python3.8/site-packages/airflow/example_dags/example_time_delta_sensor_async.py
[2026-04-28T12:24:01.970+0000] {logging_mixin.py:188} INFO - [2026-04-28T12:24:01.970+0000] {dag.py:3047} INFO - Sync 1 DAGs
[2026-04-28T12:24:01.983+0000] {logging_mixin.py:188} INFO - [2026-04-28T12:24:01.983+0000] {dag.py:3834} INFO - Setting next_dagrun for example_time_delta_sensor_async to None, run_after=None
[2026-04-28T12:24:02.001+0000] {processor.py:183} INFO - Processing /home/airflow/.local/lib/python3.8/site-packages/airflow/example_dags/example_time_delta_sensor_async.py took 0.104 seconds
[2026-04-28T12:24:32.745+0000] {processor.py:161} INFO - Started process (PID=1455) to work on /home/airflow/.local/lib/python3.8/site-packages/airflow/example_dags/example_time_delta_sensor_async.py
[2026-04-28T12:24:32.746+0000] {processor.py:830} INFO - Processing file /home/airflow/.local/lib/python3.8/site-packages/airflow/example_dags/example_time_delta_sensor_async.py for tasks to queue
[2026-04-28T12:24:32.748+0000] {logging_mixin.py:188} INFO - [2026-04-28T12:24:32.748+0000] {dagbag.py:540} INFO - Filling up the DagBag from /home/airflow/.local/lib/python3.8/site-packages/airflow/example_dags/example_time_delta_sensor_async.py
[2026-04-28T12:24:32.754+0000] {processor.py:840} INFO - DAG(s) 'example_time_delta_sensor_async' retrieved from /home/airflow/.local/lib/python3.8/site-packages/airflow/example_dags/example_time_delta_sensor_async.py
[2026-04-28T12:24:32.792+0000] {logging_mixin.py:188} INFO - [2026-04-28T12:24:32.792+0000] {dag.py:3047} INFO - Sync 1 DAGs
[2026-04-28T12:24:32.809+0000] {logging_mixin.py:188} INFO - [2026-04-28T12:24:32.808+0000] {dag.py:3834} INFO - Setting next_dagrun for example_time_delta_sensor_async to None, run_after=None
[2026-04-28T12:24:32.826+0000] {processor.py:183} INFO - Processing /home/airflow/.local/lib/python3.8/site-packages/airflow/example_dags/example_time_delta_sensor_async.py took 0.085 seconds
[2026-04-28T12:25:03.812+0000] {processor.py:161} INFO - Started process (PID=1510) to work on /home/airflow/.local/lib/python3.8/site-packages/airflow/example_dags/example_time_delta_sensor_async.py
[2026-04-28T12:25:03.813+0000] {processor.py:830} INFO - Processing file /home/airflow/.local/lib/python3.8/site-packages/airflow/example_dags/example_time_delta_sensor_async.py for tasks to queue
[2026-04-28T12:25:03.815+0000] {logging_mixin.py:188} INFO - [2026-04-28T12:25:03.814+0000] {dagbag.py:540} INFO - Filling up the DagBag from /home/airflow/.local/lib/python3.8/site-packages/airflow/example_dags/example_time_delta_sensor_async.py
[2026-04-28T12:25:03.818+0000] {processor.py:840} INFO - DAG(s) 'example_time_delta_sensor_async' retrieved from /home/airflow/.local/lib/python3.8/site-packages/airflow/example_dags/example_time_delta_sensor_async.py
[2026-04-28T12:25:03.834+0000] {logging_mixin.py:188} INFO - [2026-04-28T12:25:03.834+0000] {dag.py:3047} INFO - Sync 1 DAGs
[2026-04-28T12:25:03.844+0000] {logging_mixin.py:188} INFO - [2026-04-28T12:25:03.844+0000] {dag.py:3834} INFO - Setting next_dagrun for example_time_delta_sensor_async to None, run_after=None
[2026-04-28T12:25:03.857+0000] {processor.py:183} INFO - Processing /home/airflow/.local/lib/python3.8/site-packages/airflow/example_dags/example_time_delta_sensor_async.py took 0.048 seconds
[2026-04-28T12:25:34.066+0000] {processor.py:161} INFO - Started process (PID=1565) to work on /home/airflow/.local/lib/python3.8/site-packages/airflow/example_dags/example_time_delta_sensor_async.py
[2026-04-28T12:25:34.067+0000] {processor.py:830} INFO - Processing file /home/airflow/.local/lib/python3.8/site-packages/airflow/example_dags/example_time_delta_sensor_async.py for tasks to queue
[2026-04-28T12:25:34.068+0000] {logging_mixin.py:188} INFO - [2026-04-28T12:25:34.068+0000] {dagbag.py:540} INFO - Filling up the DagBag from /home/airflow/.local/lib/python3.8/site-packages/airflow/example_dags/example_time_delta_sensor_async.py
[2026-04-28T12:25:34.072+0000] {processor.py:840} INFO - DAG(s) 'example_time_delta_sensor_async' retrieved from /home/airflow/.local/lib/python3.8/site-packages/airflow/example_dags/example_time_delta_sensor_async.py
[2026-04-28T12:25:34.087+0000] {logging_mixin.py:188} INFO - [2026-04-28T12:25:34.087+0000] {dag.py:3047} INFO - Sync 1 DAGs
[2026-04-28T12:25:34.097+0000] {logging_mixin.py:188} INFO - [2026-04-28T12:25:34.096+0000] {dag.py:3834} INFO - Setting next_dagrun for example_time_delta_sensor_async to None, run_after=None
[2026-04-28T12:25:34.109+0000] {processor.py:183} INFO - Processing /home/airflow/.local/lib/python3.8/site-packages/airflow/example_dags/example_time_delta_sensor_async.py took 0.047 seconds
[2026-04-28T12:26:04.292+0000] {processor.py:161} INFO - Started process (PID=1620) to work on /home/airflow/.local/lib/python3.8/site-packages/airflow/example_dags/example_time_delta_sensor_async.py
[2026-04-28T12:26:04.293+0000] {processor.py:830} INFO - Processing file /home/airflow/.local/lib/python3.8/site-packages/airflow/example_dags/example_time_delta_sensor_async.py for tasks to queue
[2026-04-28T12:26:04.295+0000] {logging_mixin.py:188} INFO - [2026-04-28T12:26:04.294+0000] {dagbag.py:540} INFO - Filling up the DagBag from /home/airflow/.local/lib/python3.8/site-packages/airflow/example_dags/example_time_delta_sensor_async.py
[2026-04-28T12:26:04.300+0000] {processor.py:840} INFO - DAG(s) 'example_time_delta_sensor_async' retrieved from /home/airflow/.local/lib/python3.8/site-packages/airflow/example_dags/example_time_delta_sensor_async.py
[2026-04-28T12:26:04.321+0000] {logging_mixin.py:188} INFO - [2026-04-28T12:26:04.321+0000] {dag.py:3047} INFO - Sync 1 DAGs
[2026-04-28T12:26:04.336+0000] {logging_mixin.py:188} INFO - [2026-04-28T12:26:04.335+0000] {dag.py:3834} INFO - Setting next_dagrun for example_time_delta_sensor_async to None, run_after=None
[2026-04-28T12:26:04.358+0000] {processor.py:183} INFO - Processing /home/airflow/.local/lib/python3.8/site-packages/airflow/example_dags/example_time_delta_sensor_async.py took 0.070 seconds
[2026-04-28T12:26:35.006+0000] {processor.py:161} INFO - Started process (PID=1675) to work on /home/airflow/.local/lib/python3.8/site-packages/airflow/example_dags/example_time_delta_sensor_async.py
[2026-04-28T12:26:35.007+0000] {processor.py:830} INFO - Processing file /home/airflow/.local/lib/python3.8/site-packages/airflow/example_dags/example_time_delta_sensor_async.py for tasks to queue
[2026-04-28T12:26:35.010+0000] {logging_mixin.py:188} INFO - [2026-04-28T12:26:35.009+0000] {dagbag.py:540} INFO - Filling up the DagBag from /home/airflow/.local/lib/python3.8/site-packages/airflow/example_dags/example_time_delta_sensor_async.py
[2026-04-28T12:26:35.014+0000] {processor.py:840} INFO - DAG(s) 'example_time_delta_sensor_async' retrieved from /home/airflow/.local/lib/python3.8/site-packages/airflow/example_dags/example_time_delta_sensor_async.py
[2026-04-28T12:26:35.033+0000] {logging_mixin.py:188} INFO - [2026-04-28T12:26:35.033+0000] {dag.py:3047} INFO - Sync 1 DAGs
[2026-04-28T12:26:35.043+0000] {logging_mixin.py:188} INFO - [2026-04-28T12:26:35.043+0000] {dag.py:3834} INFO - Setting next_dagrun for example_time_delta_sensor_async to None, run_after=None
[2026-04-28T12:26:35.056+0000] {processor.py:183} INFO - Processing /home/airflow/.local/lib/python3.8/site-packages/airflow/example_dags/example_time_delta_sensor_async.py took 0.053 seconds
[2026-04-28T12:27:05.891+0000] {processor.py:161} INFO - Started process (PID=1731) to work on /home/airflow/.local/lib/python3.8/site-packages/airflow/example_dags/example_time_delta_sensor_async.py
[2026-04-28T12:27:05.892+0000] {processor.py:830} INFO - Processing file /home/airflow/.local/lib/python3.8/site-packages/airflow/example_dags/example_time_delta_sensor_async.py for tasks to queue
[2026-04-28T12:27:05.893+0000] {logging_mixin.py:188} INFO - [2026-04-28T12:27:05.893+0000] {dagbag.py:540} INFO - Filling up the DagBag from /home/airflow/.local/lib/python3.8/site-packages/airflow/example_dags/example_time_delta_sensor_async.py
[2026-04-28T12:27:05.898+0000] {processor.py:840} INFO - DAG(s) 'example_time_delta_sensor_async' retrieved from /home/airflow/.local/lib/python3.8/site-packages/airflow/example_dags/example_time_delta_sensor_async.py
[2026-04-28T12:27:05.913+0000] {logging_mixin.py:188} INFO - [2026-04-28T12:27:05.913+0000] {dag.py:3047} INFO - Sync 1 DAGs
[2026-04-28T12:27:05.923+0000] {logging_mixin.py:188} INFO - [2026-04-28T12:27:05.923+0000] {dag.py:3834} INFO - Setting next_dagrun for example_time_delta_sensor_async to None, run_after=None
[2026-04-28T12:27:05.936+0000] {processor.py:183} INFO - Processing /home/airflow/.local/lib/python3.8/site-packages/airflow/example_dags/example_time_delta_sensor_async.py took 0.048 seconds
[2026-04-28T12:27:36.296+0000] {processor.py:161} INFO - Started process (PID=1786) to work on /home/airflow/.local/lib/python3.8/site-packages/airflow/example_dags/example_time_delta_sensor_async.py
[2026-04-28T12:27:36.297+0000] {processor.py:830} INFO - Processing file /home/airflow/.local/lib/python3.8/site-packages/airflow/example_dags/example_time_delta_sensor_async.py for tasks to queue
[2026-04-28T12:27:36.299+0000] {logging_mixin.py:188} INFO - [2026-04-28T12:27:36.299+0000] {dagbag.py:540} INFO - Filling up the DagBag from /home/airflow/.local/lib/python3.8/site-packages/airflow/example_dags/example_time_delta_sensor_async.py
[2026-04-28T12:27:36.304+0000] {processor.py:840} INFO - DAG(s) 'example_time_delta_sensor_async' retrieved from /home/airflow/.local/lib/python3.8/site-packages/airflow/example_dags/example_time_delta_sensor_async.py
[2026-04-28T12:27:36.318+0000] {logging_mixin.py:188} INFO - [2026-04-28T12:27:36.318+0000] {dag.py:3047} INFO - Sync 1 DAGs
[2026-04-28T12:27:36.328+0000] {logging_mixin.py:188} INFO - [2026-04-28T12:27:36.328+0000] {dag.py:3834} INFO - Setting next_dagrun for example_time_delta_sensor_async to None, run_after=None
[2026-04-28T12:27:36.341+0000] {processor.py:183} INFO - Processing /home/airflow/.local/lib/python3.8/site-packages/airflow/example_dags/example_time_delta_sensor_async.py took 0.048 seconds
[2026-04-28T12:28:06.455+0000] {processor.py:161} INFO - Started process (PID=1842) to work on /home/airflow/.local/lib/python3.8/site-packages/airflow/example_dags/example_time_delta_sensor_async.py
[2026-04-28T12:28:06.456+0000] {processor.py:830} INFO - Processing file /home/airflow/.local/lib/python3.8/site-packages/airflow/example_dags/example_time_delta_sensor_async.py for tasks to queue
[2026-04-28T12:28:06.458+0000] {logging_mixin.py:188} INFO - [2026-04-28T12:28:06.458+0000] {dagbag.py:540} INFO - Filling up the DagBag from /home/airflow/.local/lib/python3.8/site-packages/airflow/example_dags/example_time_delta_sensor_async.py
[2026-04-28T12:28:06.462+0000] {processor.py:840} INFO - DAG(s) 'example_time_delta_sensor_async' retrieved from /home/airflow/.local/lib/python3.8/site-packages/airflow/example_dags/example_time_delta_sensor_async.py
[2026-04-28T12:28:06.478+0000] {logging_mixin.py:188} INFO - [2026-04-28T12:28:06.478+0000] {dag.py:3047} INFO - Sync 1 DAGs
[2026-04-28T12:28:06.488+0000] {logging_mixin.py:188} INFO - [2026-04-28T12:28:06.487+0000] {dag.py:3834} INFO - Setting next_dagrun for example_time_delta_sensor_async to None, run_after=None
[2026-04-28T12:28:06.501+0000] {processor.py:183} INFO - Processing /home/airflow/.local/lib/python3.8/site-packages/airflow/example_dags/example_time_delta_sensor_async.py took 0.048 seconds
[2026-04-28T12:28:37.301+0000] {processor.py:161} INFO - Started process (PID=1898) to work on /home/airflow/.local/lib/python3.8/site-packages/airflow/example_dags/example_time_delta_sensor_async.py
[2026-04-28T12:28:37.302+0000] {processor.py:830} INFO - Processing file /home/airflow/.local/lib/python3.8/site-packages/airflow/example_dags/example_time_delta_sensor_async.py for tasks to queue
[2026-04-28T12:28:37.303+0000] {logging_mixin.py:188} INFO - [2026-04-28T12:28:37.303+0000] {dagbag.py:540} INFO - Filling up the DagBag from /home/airflow/.local/lib/python3.8/site-packages/airflow/example_dags/example_time_delta_sensor_async.py
[2026-04-28T12:28:37.307+0000] {processor.py:840} INFO - DAG(s) 'example_time_delta_sensor_async' retrieved from /home/airflow/.local/lib/python3.8/site-packages/airflow/example_dags/example_time_delta_sensor_async.py
[2026-04-28T12:28:37.323+0000] {logging_mixin.py:188} INFO - [2026-04-28T12:28:37.323+0000] {dag.py:3047} INFO - Sync 1 DAGs
[2026-04-28T12:28:37.332+0000] {logging_mixin.py:188} INFO - [2026-04-28T12:28:37.332+0000] {dag.py:3834} INFO - Setting next_dagrun for example_time_delta_sensor_async to None, run_after=None
[2026-04-28T12:28:37.345+0000] {processor.py:183} INFO - Processing /home/airflow/.local/lib/python3.8/site-packages/airflow/example_dags/example_time_delta_sensor_async.py took 0.047 seconds
[2026-04-28T12:29:07.972+0000] {processor.py:161} INFO - Started process (PID=1954) to work on /home/airflow/.local/lib/python3.8/site-packages/airflow/example_dags/example_time_delta_sensor_async.py
[2026-04-28T12:29:07.973+0000] {processor.py:830} INFO - Processing file /home/airflow/.local/lib/python3.8/site-packages/airflow/example_dags/example_time_delta_sensor_async.py for tasks to queue
[2026-04-28T12:29:07.975+0000] {logging_mixin.py:188} INFO - [2026-04-28T12:29:07.974+0000] {dagbag.py:540} INFO - Filling up the DagBag from /home/airflow/.local/lib/python3.8/site-packages/airflow/example_dags/example_time_delta_sensor_async.py
[2026-04-28T12:29:07.978+0000] {processor.py:840} INFO - DAG(s) 'example_time_delta_sensor_async' retrieved from /home/airflow/.local/lib/python3.8/site-packages/airflow/example_dags/example_time_delta_sensor_async.py
[2026-04-28T12:29:07.993+0000] {logging_mixin.py:188} INFO - [2026-04-28T12:29:07.992+0000] {dag.py:3047} INFO - Sync 1 DAGs
[2026-04-28T12:29:08.002+0000] {logging_mixin.py:188} INFO - [2026-04-28T12:29:08.001+0000] {dag.py:3834} INFO - Setting next_dagrun for example_time_delta_sensor_async to None, run_after=None
[2026-04-28T12:29:08.015+0000] {processor.py:183} INFO - Processing /home/airflow/.local/lib/python3.8/site-packages/airflow/example_dags/example_time_delta_sensor_async.py took 0.046 seconds
[2026-04-28T12:29:38.306+0000] {processor.py:161} INFO - Started process (PID=2010) to work on /home/airflow/.local/lib/python3.8/site-packages/airflow/example_dags/example_time_delta_sensor_async.py
[2026-04-28T12:29:38.307+0000] {processor.py:830} INFO - Processing file /home/airflow/.local/lib/python3.8/site-packages/airflow/example_dags/example_time_delta_sensor_async.py for tasks to queue
[2026-04-28T12:29:38.309+0000] {logging_mixin.py:188} INFO - [2026-04-28T12:29:38.309+0000] {dagbag.py:540} INFO - Filling up the DagBag from /home/airflow/.local/lib/python3.8/site-packages/airflow/example_dags/example_time_delta_sensor_async.py
[2026-04-28T12:29:38.314+0000] {processor.py:840} INFO - DAG(s) 'example_time_delta_sensor_async' retrieved from /home/airflow/.local/lib/python3.8/site-packages/airflow/example_dags/example_time_delta_sensor_async.py
[2026-04-28T12:29:38.328+0000] {logging_mixin.py:188} INFO - [2026-04-28T12:29:38.328+0000] {dag.py:3047} INFO - Sync 1 DAGs
[2026-04-28T12:29:38.454+0000] {logging_mixin.py:188} INFO - [2026-04-28T12:29:38.454+0000] {dag.py:3834} INFO - Setting next_dagrun for example_time_delta_sensor_async to None, run_after=None
[2026-04-28T12:29:38.467+0000] {processor.py:183} INFO - Processing /home/airflow/.local/lib/python3.8/site-packages/airflow/example_dags/example_time_delta_sensor_async.py took 0.164 seconds
[2026-04-28T12:30:09.259+0000] {processor.py:161} INFO - Started process (PID=2066) to work on /home/airflow/.local/lib/python3.8/site-packages/airflow/example_dags/example_time_delta_sensor_async.py
[2026-04-28T12:30:09.259+0000] {processor.py:830} INFO - Processing file /home/airflow/.local/lib/python3.8/site-packages/airflow/example_dags/example_time_delta_sensor_async.py for tasks to queue
[2026-04-28T12:30:09.261+0000] {logging_mixin.py:188} INFO - [2026-04-28T12:30:09.261+0000] {dagbag.py:540} INFO - Filling up the DagBag from /home/airflow/.local/lib/python3.8/site-packages/airflow/example_dags/example_time_delta_sensor_async.py
[2026-04-28T12:30:09.265+0000] {processor.py:840} INFO - DAG(s) 'example_time_delta_sensor_async' retrieved from /home/airflow/.local/lib/python3.8/site-packages/airflow/example_dags/example_time_delta_sensor_async.py
[2026-04-28T12:30:09.280+0000] {logging_mixin.py:188} INFO - [2026-04-28T12:30:09.280+0000] {dag.py:3047} INFO - Sync 1 DAGs
[2026-04-28T12:30:09.398+0000] {logging_mixin.py:188} INFO - [2026-04-28T12:30:09.398+0000] {dag.py:3834} INFO - Setting next_dagrun for example_time_delta_sensor_async to None, run_after=None
[2026-04-28T12:30:09.411+0000] {processor.py:183} INFO - Processing /home/airflow/.local/lib/python3.8/site-packages/airflow/example_dags/example_time_delta_sensor_async.py took 0.155 seconds
[2026-04-28T12:30:39.776+0000] {processor.py:161} INFO - Started process (PID=2122) to work on /home/airflow/.local/lib/python3.8/site-packages/airflow/example_dags/example_time_delta_sensor_async.py
[2026-04-28T12:30:39.777+0000] {processor.py:830} INFO - Processing file /home/airflow/.local/lib/python3.8/site-packages/airflow/example_dags/example_time_delta_sensor_async.py for tasks to queue
[2026-04-28T12:30:39.779+0000] {logging_mixin.py:188} INFO - [2026-04-28T12:30:39.778+0000] {dagbag.py:540} INFO - Filling up the DagBag from /home/airflow/.local/lib/python3.8/site-packages/airflow/example_dags/example_time_delta_sensor_async.py
[2026-04-28T12:30:39.784+0000] {processor.py:840} INFO - DAG(s) 'example_time_delta_sensor_async' retrieved from /home/airflow/.local/lib/python3.8/site-packages/airflow/example_dags/example_time_delta_sensor_async.py
[2026-04-28T12:30:39.807+0000] {logging_mixin.py:188} INFO - [2026-04-28T12:30:39.807+0000] {dag.py:3047} INFO - Sync 1 DAGs
[2026-04-28T12:30:39.821+0000] {logging_mixin.py:188} INFO - [2026-04-28T12:30:39.821+0000] {dag.py:3834} INFO - Setting next_dagrun for example_time_delta_sensor_async to None, run_after=None
[2026-04-28T12:30:40.003+0000] {processor.py:183} INFO - Processing /home/airflow/.local/lib/python3.8/site-packages/airflow/example_dags/example_time_delta_sensor_async.py took 0.231 seconds
[2026-04-28T12:31:10.154+0000] {processor.py:161} INFO - Started process (PID=2178) to work on /home/airflow/.local/lib/python3.8/site-packages/airflow/example_dags/example_time_delta_sensor_async.py
[2026-04-28T12:31:10.155+0000] {processor.py:830} INFO - Processing file /home/airflow/.local/lib/python3.8/site-packages/airflow/example_dags/example_time_delta_sensor_async.py for tasks to queue
[2026-04-28T12:31:10.157+0000] {logging_mixin.py:188} INFO - [2026-04-28T12:31:10.156+0000] {dagbag.py:540} INFO - Filling up the DagBag from /home/airflow/.local/lib/python3.8/site-packages/airflow/example_dags/example_time_delta_sensor_async.py
[2026-04-28T12:31:10.162+0000] {processor.py:840} INFO - DAG(s) 'example_time_delta_sensor_async' retrieved from /home/airflow/.local/lib/python3.8/site-packages/airflow/example_dags/example_time_delta_sensor_async.py
[2026-04-28T12:31:10.185+0000] {logging_mixin.py:188} INFO - [2026-04-28T12:31:10.184+0000] {dag.py:3047} INFO - Sync 1 DAGs
[2026-04-28T12:31:10.199+0000] {logging_mixin.py:188} INFO - [2026-04-28T12:31:10.198+0000] {dag.py:3834} INFO - Setting next_dagrun for example_time_delta_sensor_async to None, run_after=None
[2026-04-28T12:31:10.380+0000] {processor.py:183} INFO - Processing /home/airflow/.local/lib/python3.8/site-packages/airflow/example_dags/example_time_delta_sensor_async.py took 0.231 seconds
[2026-04-28T12:31:41.180+0000] {processor.py:161} INFO - Started process (PID=2233) to work on /home/airflow/.local/lib/python3.8/site-packages/airflow/example_dags/example_time_delta_sensor_async.py
[2026-04-28T12:31:41.181+0000] {processor.py:830} INFO - Processing file /home/airflow/.local/lib/python3.8/site-packages/airflow/example_dags/example_time_delta_sensor_async.py for tasks to queue
[2026-04-28T12:31:41.183+0000] {logging_mixin.py:188} INFO - [2026-04-28T12:31:41.182+0000] {dagbag.py:540} INFO - Filling up the DagBag from /home/airflow/.local/lib/python3.8/site-packages/airflow/example_dags/example_time_delta_sensor_async.py
[2026-04-28T12:31:41.188+0000] {processor.py:840} INFO - DAG(s) 'example_time_delta_sensor_async' retrieved from /home/airflow/.local/lib/python3.8/site-packages/airflow/example_dags/example_time_delta_sensor_async.py
[2026-04-28T12:31:41.211+0000] {logging_mixin.py:188} INFO - [2026-04-28T12:31:41.211+0000] {dag.py:3047} INFO - Sync 1 DAGs
[2026-04-28T12:31:41.224+0000] {logging_mixin.py:188} INFO - [2026-04-28T12:31:41.224+0000] {dag.py:3834} INFO - Setting next_dagrun for example_time_delta_sensor_async to None, run_after=None
[2026-04-28T12:31:41.244+0000] {processor.py:183} INFO - Processing /home/airflow/.local/lib/python3.8/site-packages/airflow/example_dags/example_time_delta_sensor_async.py took 0.069 seconds
[2026-04-28T12:32:11.858+0000] {processor.py:161} INFO - Started process (PID=2289) to work on /home/airflow/.local/lib/python3.8/site-packages/airflow/example_dags/example_time_delta_sensor_async.py
[2026-04-28T12:32:11.859+0000] {processor.py:830} INFO - Processing file /home/airflow/.local/lib/python3.8/site-packages/airflow/example_dags/example_time_delta_sensor_async.py for tasks to queue
[2026-04-28T12:32:11.861+0000] {logging_mixin.py:188} INFO - [2026-04-28T12:32:11.861+0000] {dagbag.py:540} INFO - Filling up the DagBag from /home/airflow/.local/lib/python3.8/site-packages/airflow/example_dags/example_time_delta_sensor_async.py
[2026-04-28T12:32:11.866+0000] {processor.py:840} INFO - DAG(s) 'example_time_delta_sensor_async' retrieved from /home/airflow/.local/lib/python3.8/site-packages/airflow/example_dags/example_time_delta_sensor_async.py
[2026-04-28T12:32:11.893+0000] {logging_mixin.py:188} INFO - [2026-04-28T12:32:11.893+0000] {dag.py:3047} INFO - Sync 1 DAGs
[2026-04-28T12:32:11.927+0000] {logging_mixin.py:188} INFO - [2026-04-28T12:32:11.927+0000] {dag.py:3834} INFO - Setting next_dagrun for example_time_delta_sensor_async to None, run_after=None
[2026-04-28T12:32:11.961+0000] {processor.py:183} INFO - Processing /home/airflow/.local/lib/python3.8/site-packages/airflow/example_dags/example_time_delta_sensor_async.py took 0.107 seconds
[2026-04-28T12:32:42.759+0000] {processor.py:161} INFO - Started process (PID=2347) to work on /home/airflow/.local/lib/python3.8/site-packages/airflow/example_dags/example_time_delta_sensor_async.py
[2026-04-28T12:32:42.760+0000] {processor.py:830} INFO - Processing file /home/airflow/.local/lib/python3.8/site-packages/airflow/example_dags/example_time_delta_sensor_async.py for tasks to queue
[2026-04-28T12:32:42.763+0000] {logging_mixin.py:188} INFO - [2026-04-28T12:32:42.762+0000] {dagbag.py:540} INFO - Filling up the DagBag from /home/airflow/.local/lib/python3.8/site-packages/airflow/example_dags/example_time_delta_sensor_async.py
[2026-04-28T12:32:42.770+0000] {processor.py:840} INFO - DAG(s) 'example_time_delta_sensor_async' retrieved from /home/airflow/.local/lib/python3.8/site-packages/airflow/example_dags/example_time_delta_sensor_async.py
[2026-04-28T12:32:42.792+0000] {logging_mixin.py:188} INFO - [2026-04-28T12:32:42.792+0000] {dag.py:3047} INFO - Sync 1 DAGs
[2026-04-28T12:32:42.806+0000] {logging_mixin.py:188} INFO - [2026-04-28T12:32:42.806+0000] {dag.py:3834} INFO - Setting next_dagrun for example_time_delta_sensor_async to None, run_after=None
[2026-04-28T12:32:42.826+0000] {processor.py:183} INFO - Processing /home/airflow/.local/lib/python3.8/site-packages/airflow/example_dags/example_time_delta_sensor_async.py took 0.071 seconds
[2026-04-28T12:33:12.983+0000] {processor.py:161} INFO - Started process (PID=2403) to work on /home/airflow/.local/lib/python3.8/site-packages/airflow/example_dags/example_time_delta_sensor_async.py
[2026-04-28T12:33:12.984+0000] {processor.py:830} INFO - Processing file /home/airflow/.local/lib/python3.8/site-packages/airflow/example_dags/example_time_delta_sensor_async.py for tasks to queue
[2026-04-28T12:33:12.986+0000] {logging_mixin.py:188} INFO - [2026-04-28T12:33:12.985+0000] {dagbag.py:540} INFO - Filling up the DagBag from /home/airflow/.local/lib/python3.8/site-packages/airflow/example_dags/example_time_delta_sensor_async.py
[2026-04-28T12:33:12.991+0000] {processor.py:840} INFO - DAG(s) 'example_time_delta_sensor_async' retrieved from /home/airflow/.local/lib/python3.8/site-packages/airflow/example_dags/example_time_delta_sensor_async.py
[2026-04-28T12:33:13.015+0000] {logging_mixin.py:188} INFO - [2026-04-28T12:33:13.015+0000] {dag.py:3047} INFO - Sync 1 DAGs
[2026-04-28T12:33:13.029+0000] {logging_mixin.py:188} INFO - [2026-04-28T12:33:13.028+0000] {dag.py:3834} INFO - Setting next_dagrun for example_time_delta_sensor_async to None, run_after=None
[2026-04-28T12:33:13.047+0000] {processor.py:183} INFO - Processing /home/airflow/.local/lib/python3.8/site-packages/airflow/example_dags/example_time_delta_sensor_async.py took 0.068 seconds
[2026-04-28T12:33:43.997+0000] {processor.py:161} INFO - Started process (PID=2459) to work on /home/airflow/.local/lib/python3.8/site-packages/airflow/example_dags/example_time_delta_sensor_async.py
[2026-04-28T12:33:44.009+0000] {processor.py:830} INFO - Processing file /home/airflow/.local/lib/python3.8/site-packages/airflow/example_dags/example_time_delta_sensor_async.py for tasks to queue
[2026-04-28T12:33:44.019+0000] {logging_mixin.py:188} INFO - [2026-04-28T12:33:44.016+0000] {dagbag.py:540} INFO - Filling up the DagBag from /home/airflow/.local/lib/python3.8/site-packages/airflow/example_dags/example_time_delta_sensor_async.py
[2026-04-28T12:33:44.037+0000] {processor.py:840} INFO - DAG(s) 'example_time_delta_sensor_async' retrieved from /home/airflow/.local/lib/python3.8/site-packages/airflow/example_dags/example_time_delta_sensor_async.py
[2026-04-28T12:33:44.090+0000] {logging_mixin.py:188} INFO - [2026-04-28T12:33:44.089+0000] {dag.py:3047} INFO - Sync 1 DAGs
[2026-04-28T12:33:44.119+0000] {logging_mixin.py:188} INFO - [2026-04-28T12:33:44.116+0000] {dag.py:3834} INFO - Setting next_dagrun for example_time_delta_sensor_async to None, run_after=None
[2026-04-28T12:33:44.169+0000] {processor.py:183} INFO - Processing /home/airflow/.local/lib/python3.8/site-packages/airflow/example_dags/example_time_delta_sensor_async.py took 0.185 seconds
[2026-04-28T12:34:14.723+0000] {processor.py:161} INFO - Started process (PID=2515) to work on /home/airflow/.local/lib/python3.8/site-packages/airflow/example_dags/example_time_delta_sensor_async.py
[2026-04-28T12:34:14.728+0000] {processor.py:830} INFO - Processing file /home/airflow/.local/lib/python3.8/site-packages/airflow/example_dags/example_time_delta_sensor_async.py for tasks to queue
[2026-04-28T12:34:14.732+0000] {logging_mixin.py:188} INFO - [2026-04-28T12:34:14.732+0000] {dagbag.py:540} INFO - Filling up the DagBag from /home/airflow/.local/lib/python3.8/site-packages/airflow/example_dags/example_time_delta_sensor_async.py
[2026-04-28T12:34:14.749+0000] {processor.py:840} INFO - DAG(s) 'example_time_delta_sensor_async' retrieved from /home/airflow/.local/lib/python3.8/site-packages/airflow/example_dags/example_time_delta_sensor_async.py
[2026-04-28T12:34:14.803+0000] {logging_mixin.py:188} INFO - [2026-04-28T12:34:14.802+0000] {dag.py:3047} INFO - Sync 1 DAGs
[2026-04-28T12:34:14.849+0000] {logging_mixin.py:188} INFO - [2026-04-28T12:34:14.848+0000] {dag.py:3834} INFO - Setting next_dagrun for example_time_delta_sensor_async to None, run_after=None
[2026-04-28T12:34:14.897+0000] {processor.py:183} INFO - Processing /home/airflow/.local/lib/python3.8/site-packages/airflow/example_dags/example_time_delta_sensor_async.py took 0.183 seconds
[2026-04-28T12:34:45.086+0000] {processor.py:161} INFO - Started process (PID=2571) to work on /home/airflow/.local/lib/python3.8/site-packages/airflow/example_dags/example_time_delta_sensor_async.py
[2026-04-28T12:34:45.090+0000] {processor.py:830} INFO - Processing file /home/airflow/.local/lib/python3.8/site-packages/airflow/example_dags/example_time_delta_sensor_async.py for tasks to queue
[2026-04-28T12:34:45.097+0000] {logging_mixin.py:188} INFO - [2026-04-28T12:34:45.096+0000] {dagbag.py:540} INFO - Filling up the DagBag from /home/airflow/.local/lib/python3.8/site-packages/airflow/example_dags/example_time_delta_sensor_async.py
[2026-04-28T12:34:45.107+0000] {processor.py:840} INFO - DAG(s) 'example_time_delta_sensor_async' retrieved from /home/airflow/.local/lib/python3.8/site-packages/airflow/example_dags/example_time_delta_sensor_async.py
[2026-04-28T12:34:45.163+0000] {logging_mixin.py:188} INFO - [2026-04-28T12:34:45.163+0000] {dag.py:3047} INFO - Sync 1 DAGs
[2026-04-28T12:34:45.202+0000] {logging_mixin.py:188} INFO - [2026-04-28T12:34:45.202+0000] {dag.py:3834} INFO - Setting next_dagrun for example_time_delta_sensor_async to None, run_after=None
[2026-04-28T12:34:45.252+0000] {processor.py:183} INFO - Processing /home/airflow/.local/lib/python3.8/site-packages/airflow/example_dags/example_time_delta_sensor_async.py took 0.177 seconds
[2026-04-28T12:35:15.713+0000] {processor.py:161} INFO - Started process (PID=2627) to work on /home/airflow/.local/lib/python3.8/site-packages/airflow/example_dags/example_time_delta_sensor_async.py
[2026-04-28T12:35:15.714+0000] {processor.py:830} INFO - Processing file /home/airflow/.local/lib/python3.8/site-packages/airflow/example_dags/example_time_delta_sensor_async.py for tasks to queue
[2026-04-28T12:35:15.716+0000] {logging_mixin.py:188} INFO - [2026-04-28T12:35:15.715+0000] {dagbag.py:540} INFO - Filling up the DagBag from /home/airflow/.local/lib/python3.8/site-packages/airflow/example_dags/example_time_delta_sensor_async.py
[2026-04-28T12:35:15.722+0000] {processor.py:840} INFO - DAG(s) 'example_time_delta_sensor_async' retrieved from /home/airflow/.local/lib/python3.8/site-packages/airflow/example_dags/example_time_delta_sensor_async.py
[2026-04-28T12:35:15.750+0000] {logging_mixin.py:188} INFO - [2026-04-28T12:35:15.749+0000] {dag.py:3047} INFO - Sync 1 DAGs
[2026-04-28T12:35:15.771+0000] {logging_mixin.py:188} INFO - [2026-04-28T12:35:15.771+0000] {dag.py:3834} INFO - Setting next_dagrun for example_time_delta_sensor_async to None, run_after=None
[2026-04-28T12:35:15.791+0000] {processor.py:183} INFO - Processing /home/airflow/.local/lib/python3.8/site-packages/airflow/example_dags/example_time_delta_sensor_async.py took 0.082 seconds
[2026-04-28T12:35:46.339+0000] {processor.py:161} INFO - Started process (PID=2682) to work on /home/airflow/.local/lib/python3.8/site-packages/airflow/example_dags/example_time_delta_sensor_async.py
[2026-04-28T12:35:46.340+0000] {processor.py:830} INFO - Processing file /home/airflow/.local/lib/python3.8/site-packages/airflow/example_dags/example_time_delta_sensor_async.py for tasks to queue
[2026-04-28T12:35:46.342+0000] {logging_mixin.py:188} INFO - [2026-04-28T12:35:46.341+0000] {dagbag.py:540} INFO - Filling up the DagBag from /home/airflow/.local/lib/python3.8/site-packages/airflow/example_dags/example_time_delta_sensor_async.py
[2026-04-28T12:35:46.347+0000] {processor.py:840} INFO - DAG(s) 'example_time_delta_sensor_async' retrieved from /home/airflow/.local/lib/python3.8/site-packages/airflow/example_dags/example_time_delta_sensor_async.py
[2026-04-28T12:35:46.368+0000] {logging_mixin.py:188} INFO - [2026-04-28T12:35:46.368+0000] {dag.py:3047} INFO - Sync 1 DAGs
[2026-04-28T12:35:46.385+0000] {logging_mixin.py:188} INFO - [2026-04-28T12:35:46.385+0000] {dag.py:3834} INFO - Setting next_dagrun for example_time_delta_sensor_async to None, run_after=None
[2026-04-28T12:35:46.429+0000] {processor.py:183} INFO - Processing /home/airflow/.local/lib/python3.8/site-packages/airflow/example_dags/example_time_delta_sensor_async.py took 0.095 seconds
[2026-04-28T12:36:16.700+0000] {processor.py:161} INFO - Started process (PID=2738) to work on /home/airflow/.local/lib/python3.8/site-packages/airflow/example_dags/example_time_delta_sensor_async.py
[2026-04-28T12:36:16.701+0000] {processor.py:830} INFO - Processing file /home/airflow/.local/lib/python3.8/site-packages/airflow/example_dags/example_time_delta_sensor_async.py for tasks to queue
[2026-04-28T12:36:16.704+0000] {logging_mixin.py:188} INFO - [2026-04-28T12:36:16.703+0000] {dagbag.py:540} INFO - Filling up the DagBag from /home/airflow/.local/lib/python3.8/site-packages/airflow/example_dags/example_time_delta_sensor_async.py
[2026-04-28T12:36:16.709+0000] {processor.py:840} INFO - DAG(s) 'example_time_delta_sensor_async' retrieved from /home/airflow/.local/lib/python3.8/site-packages/airflow/example_dags/example_time_delta_sensor_async.py
[2026-04-28T12:36:16.731+0000] {logging_mixin.py:188} INFO - [2026-04-28T12:36:16.730+0000] {dag.py:3047} INFO - Sync 1 DAGs
[2026-04-28T12:36:16.776+0000] {logging_mixin.py:188} INFO - [2026-04-28T12:36:16.776+0000] {dag.py:3834} INFO - Setting next_dagrun for example_time_delta_sensor_async to None, run_after=None
[2026-04-28T12:36:16.814+0000] {processor.py:183} INFO - Processing /home/airflow/.local/lib/python3.8/site-packages/airflow/example_dags/example_time_delta_sensor_async.py took 0.117 seconds
[2026-04-28T12:36:47.397+0000] {processor.py:161} INFO - Started process (PID=2794) to work on /home/airflow/.local/lib/python3.8/site-packages/airflow/example_dags/example_time_delta_sensor_async.py
[2026-04-28T12:36:47.398+0000] {processor.py:830} INFO - Processing file /home/airflow/.local/lib/python3.8/site-packages/airflow/example_dags/example_time_delta_sensor_async.py for tasks to queue
[2026-04-28T12:36:47.400+0000] {logging_mixin.py:188} INFO - [2026-04-28T12:36:47.400+0000] {dagbag.py:540} INFO - Filling up the DagBag from /home/airflow/.local/lib/python3.8/site-packages/airflow/example_dags/example_time_delta_sensor_async.py
[2026-04-28T12:36:47.406+0000] {processor.py:840} INFO - DAG(s) 'example_time_delta_sensor_async' retrieved from /home/airflow/.local/lib/python3.8/site-packages/airflow/example_dags/example_time_delta_sensor_async.py
[2026-04-28T12:36:47.426+0000] {logging_mixin.py:188} INFO - [2026-04-28T12:36:47.426+0000] {dag.py:3047} INFO - Sync 1 DAGs
[2026-04-28T12:36:47.476+0000] {logging_mixin.py:188} INFO - [2026-04-28T12:36:47.472+0000] {dag.py:3834} INFO - Setting next_dagrun for example_time_delta_sensor_async to None, run_after=None
[2026-04-28T12:36:47.517+0000] {processor.py:183} INFO - Processing /home/airflow/.local/lib/python3.8/site-packages/airflow/example_dags/example_time_delta_sensor_async.py took 0.126 seconds
[2026-04-28T12:37:17.897+0000] {processor.py:161} INFO - Started process (PID=2850) to work on /home/airflow/.local/lib/python3.8/site-packages/airflow/example_dags/example_time_delta_sensor_async.py
[2026-04-28T12:37:17.900+0000] {processor.py:830} INFO - Processing file /home/airflow/.local/lib/python3.8/site-packages/airflow/example_dags/example_time_delta_sensor_async.py for tasks to queue
[2026-04-28T12:37:17.903+0000] {logging_mixin.py:188} INFO - [2026-04-28T12:37:17.902+0000] {dagbag.py:540} INFO - Filling up the DagBag from /home/airflow/.local/lib/python3.8/site-packages/airflow/example_dags/example_time_delta_sensor_async.py
[2026-04-28T12:37:17.908+0000] {processor.py:840} INFO - DAG(s) 'example_time_delta_sensor_async' retrieved from /home/airflow/.local/lib/python3.8/site-packages/airflow/example_dags/example_time_delta_sensor_async.py
[2026-04-28T12:37:17.930+0000] {logging_mixin.py:188} INFO - [2026-04-28T12:37:17.929+0000] {dag.py:3047} INFO - Sync 1 DAGs
[2026-04-28T12:37:17.943+0000] {logging_mixin.py:188} INFO - [2026-04-28T12:37:17.943+0000] {dag.py:3834} INFO - Setting next_dagrun for example_time_delta_sensor_async to None, run_after=None
[2026-04-28T12:37:17.960+0000] {processor.py:183} INFO - Processing /home/airflow/.local/lib/python3.8/site-packages/airflow/example_dags/example_time_delta_sensor_async.py took 0.070 seconds
[2026-04-28T12:37:48.808+0000] {processor.py:161} INFO - Started process (PID=2906) to work on /home/airflow/.local/lib/python3.8/site-packages/airflow/example_dags/example_time_delta_sensor_async.py
[2026-04-28T12:37:48.809+0000] {processor.py:830} INFO - Processing file /home/airflow/.local/lib/python3.8/site-packages/airflow/example_dags/example_time_delta_sensor_async.py for tasks to queue
[2026-04-28T12:37:48.812+0000] {logging_mixin.py:188} INFO - [2026-04-28T12:37:48.811+0000] {dagbag.py:540} INFO - Filling up the DagBag from /home/airflow/.local/lib/python3.8/site-packages/airflow/example_dags/example_time_delta_sensor_async.py
[2026-04-28T12:37:48.818+0000] {processor.py:840} INFO - DAG(s) 'example_time_delta_sensor_async' retrieved from /home/airflow/.local/lib/python3.8/site-packages/airflow/example_dags/example_time_delta_sensor_async.py
[2026-04-28T12:37:48.839+0000] {logging_mixin.py:188} INFO - [2026-04-28T12:37:48.839+0000] {dag.py:3047} INFO - Sync 1 DAGs
[2026-04-28T12:37:48.857+0000] {logging_mixin.py:188} INFO - [2026-04-28T12:37:48.857+0000] {dag.py:3834} INFO - Setting next_dagrun for example_time_delta_sensor_async to None, run_after=None
[2026-04-28T12:37:48.874+0000] {processor.py:183} INFO - Processing /home/airflow/.local/lib/python3.8/site-packages/airflow/example_dags/example_time_delta_sensor_async.py took 0.072 seconds
[2026-04-28T12:38:19.471+0000] {processor.py:161} INFO - Started process (PID=2962) to work on /home/airflow/.local/lib/python3.8/site-packages/airflow/example_dags/example_time_delta_sensor_async.py
[2026-04-28T12:38:19.472+0000] {processor.py:830} INFO - Processing file /home/airflow/.local/lib/python3.8/site-packages/airflow/example_dags/example_time_delta_sensor_async.py for tasks to queue
[2026-04-28T12:38:19.474+0000] {logging_mixin.py:188} INFO - [2026-04-28T12:38:19.473+0000] {dagbag.py:540} INFO - Filling up the DagBag from /home/airflow/.local/lib/python3.8/site-packages/airflow/example_dags/example_time_delta_sensor_async.py
[2026-04-28T12:38:19.479+0000] {processor.py:840} INFO - DAG(s) 'example_time_delta_sensor_async' retrieved from /home/airflow/.local/lib/python3.8/site-packages/airflow/example_dags/example_time_delta_sensor_async.py
[2026-04-28T12:38:19.501+0000] {logging_mixin.py:188} INFO - [2026-04-28T12:38:19.501+0000] {dag.py:3047} INFO - Sync 1 DAGs
[2026-04-28T12:38:19.516+0000] {logging_mixin.py:188} INFO - [2026-04-28T12:38:19.515+0000] {dag.py:3834} INFO - Setting next_dagrun for example_time_delta_sensor_async to None, run_after=None
[2026-04-28T12:38:19.533+0000] {processor.py:183} INFO - Processing /home/airflow/.local/lib/python3.8/site-packages/airflow/example_dags/example_time_delta_sensor_async.py took 0.066 seconds
[2026-04-28T12:38:50.068+0000] {processor.py:161} INFO - Started process (PID=3018) to work on /home/airflow/.local/lib/python3.8/site-packages/airflow/example_dags/example_time_delta_sensor_async.py
[2026-04-28T12:38:50.071+0000] {processor.py:830} INFO - Processing file /home/airflow/.local/lib/python3.8/site-packages/airflow/example_dags/example_time_delta_sensor_async.py for tasks to queue
[2026-04-28T12:38:50.078+0000] {logging_mixin.py:188} INFO - [2026-04-28T12:38:50.077+0000] {dagbag.py:540} INFO - Filling up the DagBag from /home/airflow/.local/lib/python3.8/site-packages/airflow/example_dags/example_time_delta_sensor_async.py
[2026-04-28T12:38:50.087+0000] {processor.py:840} INFO - DAG(s) 'example_time_delta_sensor_async' retrieved from /home/airflow/.local/lib/python3.8/site-packages/airflow/example_dags/example_time_delta_sensor_async.py
[2026-04-28T12:38:50.120+0000] {logging_mixin.py:188} INFO - [2026-04-28T12:38:50.120+0000] {dag.py:3047} INFO - Sync 1 DAGs
[2026-04-28T12:38:50.134+0000] {logging_mixin.py:188} INFO - [2026-04-28T12:38:50.134+0000] {dag.py:3834} INFO - Setting next_dagrun for example_time_delta_sensor_async to None, run_after=None
[2026-04-28T12:38:50.152+0000] {processor.py:183} INFO - Processing /home/airflow/.local/lib/python3.8/site-packages/airflow/example_dags/example_time_delta_sensor_async.py took 0.088 seconds
[2026-04-28T12:39:20.465+0000] {processor.py:161} INFO - Started process (PID=3074) to work on /home/airflow/.local/lib/python3.8/site-packages/airflow/example_dags/example_time_delta_sensor_async.py
[2026-04-28T12:39:20.466+0000] {processor.py:830} INFO - Processing file /home/airflow/.local/lib/python3.8/site-packages/airflow/example_dags/example_time_delta_sensor_async.py for tasks to queue
[2026-04-28T12:39:20.468+0000] {logging_mixin.py:188} INFO - [2026-04-28T12:39:20.467+0000] {dagbag.py:540} INFO - Filling up the DagBag from /home/airflow/.local/lib/python3.8/site-packages/airflow/example_dags/example_time_delta_sensor_async.py
[2026-04-28T12:39:20.475+0000] {processor.py:840} INFO - DAG(s) 'example_time_delta_sensor_async' retrieved from /home/airflow/.local/lib/python3.8/site-packages/airflow/example_dags/example_time_delta_sensor_async.py
[2026-04-28T12:39:20.496+0000] {logging_mixin.py:188} INFO - [2026-04-28T12:39:20.496+0000] {dag.py:3047} INFO - Sync 1 DAGs
[2026-04-28T12:39:20.510+0000] {logging_mixin.py:188} INFO - [2026-04-28T12:39:20.509+0000] {dag.py:3834} INFO - Setting next_dagrun for example_time_delta_sensor_async to None, run_after=None
[2026-04-28T12:39:20.539+0000] {processor.py:183} INFO - Processing /home/airflow/.local/lib/python3.8/site-packages/airflow/example_dags/example_time_delta_sensor_async.py took 0.078 seconds
[2026-04-28T12:39:51.080+0000] {processor.py:161} INFO - Started process (PID=3130) to work on /home/airflow/.local/lib/python3.8/site-packages/airflow/example_dags/example_time_delta_sensor_async.py
[2026-04-28T12:39:51.081+0000] {processor.py:830} INFO - Processing file /home/airflow/.local/lib/python3.8/site-packages/airflow/example_dags/example_time_delta_sensor_async.py for tasks to queue
[2026-04-28T12:39:51.084+0000] {logging_mixin.py:188} INFO - [2026-04-28T12:39:51.083+0000] {dagbag.py:540} INFO - Filling up the DagBag from /home/airflow/.local/lib/python3.8/site-packages/airflow/example_dags/example_time_delta_sensor_async.py
[2026-04-28T12:39:51.089+0000] {processor.py:840} INFO - DAG(s) 'example_time_delta_sensor_async' retrieved from /home/airflow/.local/lib/python3.8/site-packages/airflow/example_dags/example_time_delta_sensor_async.py
[2026-04-28T12:39:51.110+0000] {logging_mixin.py:188} INFO - [2026-04-28T12:39:51.109+0000] {dag.py:3047} INFO - Sync 1 DAGs
[2026-04-28T12:39:51.124+0000] {logging_mixin.py:188} INFO - [2026-04-28T12:39:51.123+0000] {dag.py:3834} INFO - Setting next_dagrun for example_time_delta_sensor_async to None, run_after=None
[2026-04-28T12:39:51.141+0000] {processor.py:183} INFO - Processing /home/airflow/.local/lib/python3.8/site-packages/airflow/example_dags/example_time_delta_sensor_async.py took 0.068 seconds
[2026-04-28T12:40:21.483+0000] {processor.py:161} INFO - Started process (PID=3186) to work on /home/airflow/.local/lib/python3.8/site-packages/airflow/example_dags/example_time_delta_sensor_async.py
[2026-04-28T12:40:21.486+0000] {processor.py:830} INFO - Processing file /home/airflow/.local/lib/python3.8/site-packages/airflow/example_dags/example_time_delta_sensor_async.py for tasks to queue
[2026-04-28T12:40:21.489+0000] {logging_mixin.py:188} INFO - [2026-04-28T12:40:21.489+0000] {dagbag.py:540} INFO - Filling up the DagBag from /home/airflow/.local/lib/python3.8/site-packages/airflow/example_dags/example_time_delta_sensor_async.py
[2026-04-28T12:40:21.494+0000] {processor.py:840} INFO - DAG(s) 'example_time_delta_sensor_async' retrieved from /home/airflow/.local/lib/python3.8/site-packages/airflow/example_dags/example_time_delta_sensor_async.py
[2026-04-28T12:40:21.515+0000] {logging_mixin.py:188} INFO - [2026-04-28T12:40:21.515+0000] {dag.py:3047} INFO - Sync 1 DAGs
[2026-04-28T12:40:21.529+0000] {logging_mixin.py:188} INFO - [2026-04-28T12:40:21.528+0000] {dag.py:3834} INFO - Setting next_dagrun for example_time_delta_sensor_async to None, run_after=None
[2026-04-28T12:40:21.546+0000] {processor.py:183} INFO - Processing /home/airflow/.local/lib/python3.8/site-packages/airflow/example_dags/example_time_delta_sensor_async.py took 0.069 seconds
[2026-04-28T12:40:52.407+0000] {processor.py:161} INFO - Started process (PID=3242) to work on /home/airflow/.local/lib/python3.8/site-packages/airflow/example_dags/example_time_delta_sensor_async.py
[2026-04-28T12:40:52.408+0000] {processor.py:830} INFO - Processing file /home/airflow/.local/lib/python3.8/site-packages/airflow/example_dags/example_time_delta_sensor_async.py for tasks to queue
[2026-04-28T12:40:52.410+0000] {logging_mixin.py:188} INFO - [2026-04-28T12:40:52.410+0000] {dagbag.py:540} INFO - Filling up the DagBag from /home/airflow/.local/lib/python3.8/site-packages/airflow/example_dags/example_time_delta_sensor_async.py
[2026-04-28T12:40:52.420+0000] {processor.py:840} INFO - DAG(s) 'example_time_delta_sensor_async' retrieved from /home/airflow/.local/lib/python3.8/site-packages/airflow/example_dags/example_time_delta_sensor_async.py
[2026-04-28T12:40:52.444+0000] {logging_mixin.py:188} INFO - [2026-04-28T12:40:52.444+0000] {dag.py:3047} INFO - Sync 1 DAGs
[2026-04-28T12:40:52.460+0000] {logging_mixin.py:188} INFO - [2026-04-28T12:40:52.458+0000] {dag.py:3834} INFO - Setting next_dagrun for example_time_delta_sensor_async to None, run_after=None
[2026-04-28T12:40:52.491+0000] {processor.py:183} INFO - Processing /home/airflow/.local/lib/python3.8/site-packages/airflow/example_dags/example_time_delta_sensor_async.py took 0.089 seconds
[2026-04-28T12:41:22.757+0000] {processor.py:161} INFO - Started process (PID=3298) to work on /home/airflow/.local/lib/python3.8/site-packages/airflow/example_dags/example_time_delta_sensor_async.py
[2026-04-28T12:41:22.760+0000] {processor.py:830} INFO - Processing file /home/airflow/.local/lib/python3.8/site-packages/airflow/example_dags/example_time_delta_sensor_async.py for tasks to queue
[2026-04-28T12:41:22.767+0000] {logging_mixin.py:188} INFO - [2026-04-28T12:41:22.764+0000] {dagbag.py:540} INFO - Filling up the DagBag from /home/airflow/.local/lib/python3.8/site-packages/airflow/example_dags/example_time_delta_sensor_async.py
[2026-04-28T12:41:22.775+0000] {processor.py:840} INFO - DAG(s) 'example_time_delta_sensor_async' retrieved from /home/airflow/.local/lib/python3.8/site-packages/airflow/example_dags/example_time_delta_sensor_async.py
[2026-04-28T12:41:22.807+0000] {logging_mixin.py:188} INFO - [2026-04-28T12:41:22.807+0000] {dag.py:3047} INFO - Sync 1 DAGs
[2026-04-28T12:41:22.825+0000] {logging_mixin.py:188} INFO - [2026-04-28T12:41:22.825+0000] {dag.py:3834} INFO - Setting next_dagrun for example_time_delta_sensor_async to None, run_after=None
[2026-04-28T12:41:22.843+0000] {processor.py:183} INFO - Processing /home/airflow/.local/lib/python3.8/site-packages/airflow/example_dags/example_time_delta_sensor_async.py took 0.095 seconds
[2026-04-28T12:41:53.221+0000] {processor.py:161} INFO - Started process (PID=3354) to work on /home/airflow/.local/lib/python3.8/site-packages/airflow/example_dags/example_time_delta_sensor_async.py
[2026-04-28T12:41:53.222+0000] {processor.py:830} INFO - Processing file /home/airflow/.local/lib/python3.8/site-packages/airflow/example_dags/example_time_delta_sensor_async.py for tasks to queue
[2026-04-28T12:41:53.224+0000] {logging_mixin.py:188} INFO - [2026-04-28T12:41:53.224+0000] {dagbag.py:540} INFO - Filling up the DagBag from /home/airflow/.local/lib/python3.8/site-packages/airflow/example_dags/example_time_delta_sensor_async.py
[2026-04-28T12:41:53.229+0000] {processor.py:840} INFO - DAG(s) 'example_time_delta_sensor_async' retrieved from /home/airflow/.local/lib/python3.8/site-packages/airflow/example_dags/example_time_delta_sensor_async.py
[2026-04-28T12:41:53.254+0000] {logging_mixin.py:188} INFO - [2026-04-28T12:41:53.254+0000] {dag.py:3047} INFO - Sync 1 DAGs
[2026-04-28T12:41:53.267+0000] {logging_mixin.py:188} INFO - [2026-04-28T12:41:53.267+0000] {dag.py:3834} INFO - Setting next_dagrun for example_time_delta_sensor_async to None, run_after=None
[2026-04-28T12:41:53.285+0000] {processor.py:183} INFO - Processing /home/airflow/.local/lib/python3.8/site-packages/airflow/example_dags/example_time_delta_sensor_async.py took 0.068 seconds
[2026-04-28T12:42:23.559+0000] {processor.py:161} INFO - Started process (PID=3410) to work on /home/airflow/.local/lib/python3.8/site-packages/airflow/example_dags/example_time_delta_sensor_async.py
[2026-04-28T12:42:23.561+0000] {processor.py:830} INFO - Processing file /home/airflow/.local/lib/python3.8/site-packages/airflow/example_dags/example_time_delta_sensor_async.py for tasks to queue
[2026-04-28T12:42:23.565+0000] {logging_mixin.py:188} INFO - [2026-04-28T12:42:23.565+0000] {dagbag.py:540} INFO - Filling up the DagBag from /home/airflow/.local/lib/python3.8/site-packages/airflow/example_dags/example_time_delta_sensor_async.py
[2026-04-28T12:42:23.572+0000] {processor.py:840} INFO - DAG(s) 'example_time_delta_sensor_async' retrieved from /home/airflow/.local/lib/python3.8/site-packages/airflow/example_dags/example_time_delta_sensor_async.py
[2026-04-28T12:42:23.594+0000] {logging_mixin.py:188} INFO - [2026-04-28T12:42:23.593+0000] {dag.py:3047} INFO - Sync 1 DAGs
[2026-04-28T12:42:23.609+0000] {logging_mixin.py:188} INFO - [2026-04-28T12:42:23.609+0000] {dag.py:3834} INFO - Setting next_dagrun for example_time_delta_sensor_async to None, run_after=None
[2026-04-28T12:42:23.627+0000] {processor.py:183} INFO - Processing /home/airflow/.local/lib/python3.8/site-packages/airflow/example_dags/example_time_delta_sensor_async.py took 0.073 seconds
[2026-04-28T12:42:54.500+0000] {processor.py:161} INFO - Started process (PID=3466) to work on /home/airflow/.local/lib/python3.8/site-packages/airflow/example_dags/example_time_delta_sensor_async.py
[2026-04-28T12:42:54.501+0000] {processor.py:830} INFO - Processing file /home/airflow/.local/lib/python3.8/site-packages/airflow/example_dags/example_time_delta_sensor_async.py for tasks to queue
[2026-04-28T12:42:54.507+0000] {logging_mixin.py:188} INFO - [2026-04-28T12:42:54.506+0000] {dagbag.py:540} INFO - Filling up the DagBag from /home/airflow/.local/lib/python3.8/site-packages/airflow/example_dags/example_time_delta_sensor_async.py
[2026-04-28T12:42:54.525+0000] {processor.py:840} INFO - DAG(s) 'example_time_delta_sensor_async' retrieved from /home/airflow/.local/lib/python3.8/site-packages/airflow/example_dags/example_time_delta_sensor_async.py
[2026-04-28T12:42:54.573+0000] {logging_mixin.py:188} INFO - [2026-04-28T12:42:54.573+0000] {dag.py:3047} INFO - Sync 1 DAGs
[2026-04-28T12:42:54.591+0000] {logging_mixin.py:188} INFO - [2026-04-28T12:42:54.591+0000] {dag.py:3834} INFO - Setting next_dagrun for example_time_delta_sensor_async to None, run_after=None
[2026-04-28T12:42:54.610+0000] {processor.py:183} INFO - Processing /home/airflow/.local/lib/python3.8/site-packages/airflow/example_dags/example_time_delta_sensor_async.py took 0.123 seconds
[2026-04-28T12:43:24.689+0000] {processor.py:161} INFO - Started process (PID=3522) to work on /home/airflow/.local/lib/python3.8/site-packages/airflow/example_dags/example_time_delta_sensor_async.py
[2026-04-28T12:43:24.690+0000] {processor.py:830} INFO - Processing file /home/airflow/.local/lib/python3.8/site-packages/airflow/example_dags/example_time_delta_sensor_async.py for tasks to queue
[2026-04-28T12:43:24.693+0000] {logging_mixin.py:188} INFO - [2026-04-28T12:43:24.692+0000] {dagbag.py:540} INFO - Filling up the DagBag from /home/airflow/.local/lib/python3.8/site-packages/airflow/example_dags/example_time_delta_sensor_async.py
[2026-04-28T12:43:24.698+0000] {processor.py:840} INFO - DAG(s) 'example_time_delta_sensor_async' retrieved from /home/airflow/.local/lib/python3.8/site-packages/airflow/example_dags/example_time_delta_sensor_async.py
[2026-04-28T12:43:24.719+0000] {logging_mixin.py:188} INFO - [2026-04-28T12:43:24.719+0000] {dag.py:3047} INFO - Sync 1 DAGs
[2026-04-28T12:43:24.733+0000] {logging_mixin.py:188} INFO - [2026-04-28T12:43:24.732+0000] {dag.py:3834} INFO - Setting next_dagrun for example_time_delta_sensor_async to None, run_after=None
[2026-04-28T12:43:24.750+0000] {processor.py:183} INFO - Processing /home/airflow/.local/lib/python3.8/site-packages/airflow/example_dags/example_time_delta_sensor_async.py took 0.065 seconds
[2026-04-28T12:43:55.230+0000] {processor.py:161} INFO - Started process (PID=3577) to work on /home/airflow/.local/lib/python3.8/site-packages/airflow/example_dags/example_time_delta_sensor_async.py
[2026-04-28T12:43:55.230+0000] {processor.py:830} INFO - Processing file /home/airflow/.local/lib/python3.8/site-packages/airflow/example_dags/example_time_delta_sensor_async.py for tasks to queue
[2026-04-28T12:43:55.232+0000] {logging_mixin.py:188} INFO - [2026-04-28T12:43:55.232+0000] {dagbag.py:540} INFO - Filling up the DagBag from /home/airflow/.local/lib/python3.8/site-packages/airflow/example_dags/example_time_delta_sensor_async.py
[2026-04-28T12:43:55.236+0000] {processor.py:840} INFO - DAG(s) 'example_time_delta_sensor_async' retrieved from /home/airflow/.local/lib/python3.8/site-packages/airflow/example_dags/example_time_delta_sensor_async.py
[2026-04-28T12:43:55.252+0000] {logging_mixin.py:188} INFO - [2026-04-28T12:43:55.251+0000] {dag.py:3047} INFO - Sync 1 DAGs
[2026-04-28T12:43:55.261+0000] {logging_mixin.py:188} INFO - [2026-04-28T12:43:55.261+0000] {dag.py:3834} INFO - Setting next_dagrun for example_time_delta_sensor_async to None, run_after=None
[2026-04-28T12:43:55.274+0000] {processor.py:183} INFO - Processing /home/airflow/.local/lib/python3.8/site-packages/airflow/example_dags/example_time_delta_sensor_async.py took 0.048 seconds
[2026-04-28T12:44:26.043+0000] {processor.py:161} INFO - Started process (PID=3633) to work on /home/airflow/.local/lib/python3.8/site-packages/airflow/example_dags/example_time_delta_sensor_async.py
[2026-04-28T12:44:26.047+0000] {processor.py:830} INFO - Processing file /home/airflow/.local/lib/python3.8/site-packages/airflow/example_dags/example_time_delta_sensor_async.py for tasks to queue
[2026-04-28T12:44:26.049+0000] {logging_mixin.py:188} INFO - [2026-04-28T12:44:26.049+0000] {dagbag.py:540} INFO - Filling up the DagBag from /home/airflow/.local/lib/python3.8/site-packages/airflow/example_dags/example_time_delta_sensor_async.py
[2026-04-28T12:44:26.061+0000] {processor.py:840} INFO - DAG(s) 'example_time_delta_sensor_async' retrieved from /home/airflow/.local/lib/python3.8/site-packages/airflow/example_dags/example_time_delta_sensor_async.py
[2026-04-28T12:44:26.080+0000] {logging_mixin.py:188} INFO - [2026-04-28T12:44:26.080+0000] {dag.py:3047} INFO - Sync 1 DAGs
[2026-04-28T12:44:26.090+0000] {logging_mixin.py:188} INFO - [2026-04-28T12:44:26.089+0000] {dag.py:3834} INFO - Setting next_dagrun for example_time_delta_sensor_async to None, run_after=None
[2026-04-28T12:44:26.103+0000] {processor.py:183} INFO - Processing /home/airflow/.local/lib/python3.8/site-packages/airflow/example_dags/example_time_delta_sensor_async.py took 0.066 seconds
[2026-04-28T12:44:57.085+0000] {processor.py:161} INFO - Started process (PID=3689) to work on /home/airflow/.local/lib/python3.8/site-packages/airflow/example_dags/example_time_delta_sensor_async.py
[2026-04-28T12:44:57.088+0000] {processor.py:830} INFO - Processing file /home/airflow/.local/lib/python3.8/site-packages/airflow/example_dags/example_time_delta_sensor_async.py for tasks to queue
[2026-04-28T12:44:57.091+0000] {logging_mixin.py:188} INFO - [2026-04-28T12:44:57.091+0000] {dagbag.py:540} INFO - Filling up the DagBag from /home/airflow/.local/lib/python3.8/site-packages/airflow/example_dags/example_time_delta_sensor_async.py
[2026-04-28T12:44:57.102+0000] {processor.py:840} INFO - DAG(s) 'example_time_delta_sensor_async' retrieved from /home/airflow/.local/lib/python3.8/site-packages/airflow/example_dags/example_time_delta_sensor_async.py
[2026-04-28T12:44:57.154+0000] {logging_mixin.py:188} INFO - [2026-04-28T12:44:57.154+0000] {dag.py:3047} INFO - Sync 1 DAGs
[2026-04-28T12:44:57.174+0000] {logging_mixin.py:188} INFO - [2026-04-28T12:44:57.174+0000] {dag.py:3834} INFO - Setting next_dagrun for example_time_delta_sensor_async to None, run_after=None
[2026-04-28T12:44:57.191+0000] {processor.py:183} INFO - Processing /home/airflow/.local/lib/python3.8/site-packages/airflow/example_dags/example_time_delta_sensor_async.py took 0.110 seconds
[2026-04-28T12:45:27.535+0000] {processor.py:161} INFO - Started process (PID=3744) to work on /home/airflow/.local/lib/python3.8/site-packages/airflow/example_dags/example_time_delta_sensor_async.py
[2026-04-28T12:45:27.536+0000] {processor.py:830} INFO - Processing file /home/airflow/.local/lib/python3.8/site-packages/airflow/example_dags/example_time_delta_sensor_async.py for tasks to queue
[2026-04-28T12:45:27.538+0000] {logging_mixin.py:188} INFO - [2026-04-28T12:45:27.537+0000] {dagbag.py:540} INFO - Filling up the DagBag from /home/airflow/.local/lib/python3.8/site-packages/airflow/example_dags/example_time_delta_sensor_async.py
[2026-04-28T12:45:27.543+0000] {processor.py:840} INFO - DAG(s) 'example_time_delta_sensor_async' retrieved from /home/airflow/.local/lib/python3.8/site-packages/airflow/example_dags/example_time_delta_sensor_async.py
[2026-04-28T12:45:27.565+0000] {logging_mixin.py:188} INFO - [2026-04-28T12:45:27.565+0000] {dag.py:3047} INFO - Sync 1 DAGs
[2026-04-28T12:45:27.578+0000] {logging_mixin.py:188} INFO - [2026-04-28T12:45:27.578+0000] {dag.py:3834} INFO - Setting next_dagrun for example_time_delta_sensor_async to None, run_after=None
[2026-04-28T12:45:27.596+0000] {processor.py:183} INFO - Processing /home/airflow/.local/lib/python3.8/site-packages/airflow/example_dags/example_time_delta_sensor_async.py took 0.065 seconds
[2026-04-28T12:45:57.863+0000] {processor.py:161} INFO - Started process (PID=3800) to work on /home/airflow/.local/lib/python3.8/site-packages/airflow/example_dags/example_time_delta_sensor_async.py
[2026-04-28T12:45:57.864+0000] {processor.py:830} INFO - Processing file /home/airflow/.local/lib/python3.8/site-packages/airflow/example_dags/example_time_delta_sensor_async.py for tasks to queue
[2026-04-28T12:45:57.866+0000] {logging_mixin.py:188} INFO - [2026-04-28T12:45:57.866+0000] {dagbag.py:540} INFO - Filling up the DagBag from /home/airflow/.local/lib/python3.8/site-packages/airflow/example_dags/example_time_delta_sensor_async.py
[2026-04-28T12:45:57.872+0000] {processor.py:840} INFO - DAG(s) 'example_time_delta_sensor_async' retrieved from /home/airflow/.local/lib/python3.8/site-packages/airflow/example_dags/example_time_delta_sensor_async.py
[2026-04-28T12:45:57.893+0000] {logging_mixin.py:188} INFO - [2026-04-28T12:45:57.892+0000] {dag.py:3047} INFO - Sync 1 DAGs
[2026-04-28T12:45:57.907+0000] {logging_mixin.py:188} INFO - [2026-04-28T12:45:57.907+0000] {dag.py:3834} INFO - Setting next_dagrun for example_time_delta_sensor_async to None, run_after=None
[2026-04-28T12:45:57.931+0000] {processor.py:183} INFO - Processing /home/airflow/.local/lib/python3.8/site-packages/airflow/example_dags/example_time_delta_sensor_async.py took 0.072 seconds
[2026-04-28T12:46:28.748+0000] {processor.py:161} INFO - Started process (PID=3854) to work on /home/airflow/.local/lib/python3.8/site-packages/airflow/example_dags/example_time_delta_sensor_async.py
[2026-04-28T12:46:28.749+0000] {processor.py:830} INFO - Processing file /home/airflow/.local/lib/python3.8/site-packages/airflow/example_dags/example_time_delta_sensor_async.py for tasks to queue
[2026-04-28T12:46:28.750+0000] {logging_mixin.py:188} INFO - [2026-04-28T12:46:28.750+0000] {dagbag.py:540} INFO - Filling up the DagBag from /home/airflow/.local/lib/python3.8/site-packages/airflow/example_dags/example_time_delta_sensor_async.py
[2026-04-28T12:46:28.754+0000] {processor.py:840} INFO - DAG(s) 'example_time_delta_sensor_async' retrieved from /home/airflow/.local/lib/python3.8/site-packages/airflow/example_dags/example_time_delta_sensor_async.py
[2026-04-28T12:46:28.770+0000] {logging_mixin.py:188} INFO - [2026-04-28T12:46:28.770+0000] {dag.py:3047} INFO - Sync 1 DAGs
[2026-04-28T12:46:28.780+0000] {logging_mixin.py:188} INFO - [2026-04-28T12:46:28.780+0000] {dag.py:3834} INFO - Setting next_dagrun for example_time_delta_sensor_async to None, run_after=None
[2026-04-28T12:46:28.795+0000] {processor.py:183} INFO - Processing /home/airflow/.local/lib/python3.8/site-packages/airflow/example_dags/example_time_delta_sensor_async.py took 0.050 seconds
[2026-04-28T12:46:59.123+0000] {processor.py:161} INFO - Started process (PID=3910) to work on /home/airflow/.local/lib/python3.8/site-packages/airflow/example_dags/example_time_delta_sensor_async.py
[2026-04-28T12:46:59.124+0000] {processor.py:830} INFO - Processing file /home/airflow/.local/lib/python3.8/site-packages/airflow/example_dags/example_time_delta_sensor_async.py for tasks to queue
[2026-04-28T12:46:59.126+0000] {logging_mixin.py:188} INFO - [2026-04-28T12:46:59.126+0000] {dagbag.py:540} INFO - Filling up the DagBag from /home/airflow/.local/lib/python3.8/site-packages/airflow/example_dags/example_time_delta_sensor_async.py
[2026-04-28T12:46:59.130+0000] {processor.py:840} INFO - DAG(s) 'example_time_delta_sensor_async' retrieved from /home/airflow/.local/lib/python3.8/site-packages/airflow/example_dags/example_time_delta_sensor_async.py
[2026-04-28T12:46:59.147+0000] {logging_mixin.py:188} INFO - [2026-04-28T12:46:59.147+0000] {dag.py:3047} INFO - Sync 1 DAGs
[2026-04-28T12:46:59.156+0000] {logging_mixin.py:188} INFO - [2026-04-28T12:46:59.156+0000] {dag.py:3834} INFO - Setting next_dagrun for example_time_delta_sensor_async to None, run_after=None
[2026-04-28T12:46:59.170+0000] {processor.py:183} INFO - Processing /home/airflow/.local/lib/python3.8/site-packages/airflow/example_dags/example_time_delta_sensor_async.py took 0.050 seconds
[2026-04-28T12:47:30.007+0000] {processor.py:161} INFO - Started process (PID=3966) to work on /home/airflow/.local/lib/python3.8/site-packages/airflow/example_dags/example_time_delta_sensor_async.py
[2026-04-28T12:47:30.007+0000] {processor.py:830} INFO - Processing file /home/airflow/.local/lib/python3.8/site-packages/airflow/example_dags/example_time_delta_sensor_async.py for tasks to queue
[2026-04-28T12:47:30.009+0000] {logging_mixin.py:188} INFO - [2026-04-28T12:47:30.009+0000] {dagbag.py:540} INFO - Filling up the DagBag from /home/airflow/.local/lib/python3.8/site-packages/airflow/example_dags/example_time_delta_sensor_async.py
[2026-04-28T12:47:30.013+0000] {processor.py:840} INFO - DAG(s) 'example_time_delta_sensor_async' retrieved from /home/airflow/.local/lib/python3.8/site-packages/airflow/example_dags/example_time_delta_sensor_async.py
[2026-04-28T12:47:30.029+0000] {logging_mixin.py:188} INFO - [2026-04-28T12:47:30.029+0000] {dag.py:3047} INFO - Sync 1 DAGs
[2026-04-28T12:47:30.039+0000] {logging_mixin.py:188} INFO - [2026-04-28T12:47:30.038+0000] {dag.py:3834} INFO - Setting next_dagrun for example_time_delta_sensor_async to None, run_after=None
[2026-04-28T12:47:30.052+0000] {processor.py:183} INFO - Processing /home/airflow/.local/lib/python3.8/site-packages/airflow/example_dags/example_time_delta_sensor_async.py took 0.048 seconds
[2026-04-28T12:48:00.327+0000] {processor.py:161} INFO - Started process (PID=4022) to work on /home/airflow/.local/lib/python3.8/site-packages/airflow/example_dags/example_time_delta_sensor_async.py
[2026-04-28T12:48:00.328+0000] {processor.py:830} INFO - Processing file /home/airflow/.local/lib/python3.8/site-packages/airflow/example_dags/example_time_delta_sensor_async.py for tasks to queue
[2026-04-28T12:48:00.330+0000] {logging_mixin.py:188} INFO - [2026-04-28T12:48:00.330+0000] {dagbag.py:540} INFO - Filling up the DagBag from /home/airflow/.local/lib/python3.8/site-packages/airflow/example_dags/example_time_delta_sensor_async.py
[2026-04-28T12:48:00.335+0000] {processor.py:840} INFO - DAG(s) 'example_time_delta_sensor_async' retrieved from /home/airflow/.local/lib/python3.8/site-packages/airflow/example_dags/example_time_delta_sensor_async.py
[2026-04-28T12:48:00.356+0000] {logging_mixin.py:188} INFO - [2026-04-28T12:48:00.356+0000] {dag.py:3047} INFO - Sync 1 DAGs
[2026-04-28T12:48:00.370+0000] {logging_mixin.py:188} INFO - [2026-04-28T12:48:00.370+0000] {dag.py:3834} INFO - Setting next_dagrun for example_time_delta_sensor_async to None, run_after=None
[2026-04-28T12:48:00.388+0000] {processor.py:183} INFO - Processing /home/airflow/.local/lib/python3.8/site-packages/airflow/example_dags/example_time_delta_sensor_async.py took 0.065 seconds
[2026-04-28T12:48:31.271+0000] {processor.py:161} INFO - Started process (PID=4078) to work on /home/airflow/.local/lib/python3.8/site-packages/airflow/example_dags/example_time_delta_sensor_async.py
[2026-04-28T12:48:31.272+0000] {processor.py:830} INFO - Processing file /home/airflow/.local/lib/python3.8/site-packages/airflow/example_dags/example_time_delta_sensor_async.py for tasks to queue
[2026-04-28T12:48:31.273+0000] {logging_mixin.py:188} INFO - [2026-04-28T12:48:31.273+0000] {dagbag.py:540} INFO - Filling up the DagBag from /home/airflow/.local/lib/python3.8/site-packages/airflow/example_dags/example_time_delta_sensor_async.py
[2026-04-28T12:48:31.277+0000] {processor.py:840} INFO - DAG(s) 'example_time_delta_sensor_async' retrieved from /home/airflow/.local/lib/python3.8/site-packages/airflow/example_dags/example_time_delta_sensor_async.py
[2026-04-28T12:48:31.295+0000] {logging_mixin.py:188} INFO - [2026-04-28T12:48:31.295+0000] {dag.py:3047} INFO - Sync 1 DAGs
[2026-04-28T12:48:31.305+0000] {logging_mixin.py:188} INFO - [2026-04-28T12:48:31.305+0000] {dag.py:3834} INFO - Setting next_dagrun for example_time_delta_sensor_async to None, run_after=None
[2026-04-28T12:48:31.318+0000] {processor.py:183} INFO - Processing /home/airflow/.local/lib/python3.8/site-packages/airflow/example_dags/example_time_delta_sensor_async.py took 0.050 seconds
[2026-04-28T12:49:01.562+0000] {processor.py:161} INFO - Started process (PID=4134) to work on /home/airflow/.local/lib/python3.8/site-packages/airflow/example_dags/example_time_delta_sensor_async.py
[2026-04-28T12:49:01.563+0000] {processor.py:830} INFO - Processing file /home/airflow/.local/lib/python3.8/site-packages/airflow/example_dags/example_time_delta_sensor_async.py for tasks to queue
[2026-04-28T12:49:01.564+0000] {logging_mixin.py:188} INFO - [2026-04-28T12:49:01.564+0000] {dagbag.py:540} INFO - Filling up the DagBag from /home/airflow/.local/lib/python3.8/site-packages/airflow/example_dags/example_time_delta_sensor_async.py
[2026-04-28T12:49:01.568+0000] {processor.py:840} INFO - DAG(s) 'example_time_delta_sensor_async' retrieved from /home/airflow/.local/lib/python3.8/site-packages/airflow/example_dags/example_time_delta_sensor_async.py
[2026-04-28T12:49:01.585+0000] {logging_mixin.py:188} INFO - [2026-04-28T12:49:01.584+0000] {dag.py:3047} INFO - Sync 1 DAGs
[2026-04-28T12:49:01.594+0000] {logging_mixin.py:188} INFO - [2026-04-28T12:49:01.594+0000] {dag.py:3834} INFO - Setting next_dagrun for example_time_delta_sensor_async to None, run_after=None
[2026-04-28T12:49:01.607+0000] {processor.py:183} INFO - Processing /home/airflow/.local/lib/python3.8/site-packages/airflow/example_dags/example_time_delta_sensor_async.py took 0.048 seconds
[2026-04-28T12:49:32.153+0000] {processor.py:161} INFO - Started process (PID=4190) to work on /home/airflow/.local/lib/python3.8/site-packages/airflow/example_dags/example_time_delta_sensor_async.py
[2026-04-28T12:49:32.153+0000] {processor.py:830} INFO - Processing file /home/airflow/.local/lib/python3.8/site-packages/airflow/example_dags/example_time_delta_sensor_async.py for tasks to queue
[2026-04-28T12:49:32.155+0000] {logging_mixin.py:188} INFO - [2026-04-28T12:49:32.155+0000] {dagbag.py:540} INFO - Filling up the DagBag from /home/airflow/.local/lib/python3.8/site-packages/airflow/example_dags/example_time_delta_sensor_async.py
[2026-04-28T12:49:32.159+0000] {processor.py:840} INFO - DAG(s) 'example_time_delta_sensor_async' retrieved from /home/airflow/.local/lib/python3.8/site-packages/airflow/example_dags/example_time_delta_sensor_async.py
[2026-04-28T12:49:32.176+0000] {logging_mixin.py:188} INFO - [2026-04-28T12:49:32.176+0000] {dag.py:3047} INFO - Sync 1 DAGs
[2026-04-28T12:49:32.186+0000] {logging_mixin.py:188} INFO - [2026-04-28T12:49:32.186+0000] {dag.py:3834} INFO - Setting next_dagrun for example_time_delta_sensor_async to None, run_after=None
[2026-04-28T12:49:32.199+0000] {processor.py:183} INFO - Processing /home/airflow/.local/lib/python3.8/site-packages/airflow/example_dags/example_time_delta_sensor_async.py took 0.049 seconds
[2026-04-28T12:50:02.582+0000] {processor.py:161} INFO - Started process (PID=4246) to work on /home/airflow/.local/lib/python3.8/site-packages/airflow/example_dags/example_time_delta_sensor_async.py
[2026-04-28T12:50:02.583+0000] {processor.py:830} INFO - Processing file /home/airflow/.local/lib/python3.8/site-packages/airflow/example_dags/example_time_delta_sensor_async.py for tasks to queue
[2026-04-28T12:50:02.585+0000] {logging_mixin.py:188} INFO - [2026-04-28T12:50:02.585+0000] {dagbag.py:540} INFO - Filling up the DagBag from /home/airflow/.local/lib/python3.8/site-packages/airflow/example_dags/example_time_delta_sensor_async.py
[2026-04-28T12:50:02.590+0000] {processor.py:840} INFO - DAG(s) 'example_time_delta_sensor_async' retrieved from /home/airflow/.local/lib/python3.8/site-packages/airflow/example_dags/example_time_delta_sensor_async.py
[2026-04-28T12:50:02.613+0000] {logging_mixin.py:188} INFO - [2026-04-28T12:50:02.613+0000] {dag.py:3047} INFO - Sync 1 DAGs
[2026-04-28T12:50:02.627+0000] {logging_mixin.py:188} INFO - [2026-04-28T12:50:02.626+0000] {dag.py:3834} INFO - Setting next_dagrun for example_time_delta_sensor_async to None, run_after=None
[2026-04-28T12:50:02.645+0000] {processor.py:183} INFO - Processing /home/airflow/.local/lib/python3.8/site-packages/airflow/example_dags/example_time_delta_sensor_async.py took 0.067 seconds
[2026-04-28T12:50:33.505+0000] {processor.py:161} INFO - Started process (PID=4302) to work on /home/airflow/.local/lib/python3.8/site-packages/airflow/example_dags/example_time_delta_sensor_async.py
[2026-04-28T12:50:33.506+0000] {processor.py:830} INFO - Processing file /home/airflow/.local/lib/python3.8/site-packages/airflow/example_dags/example_time_delta_sensor_async.py for tasks to queue
[2026-04-28T12:50:33.508+0000] {logging_mixin.py:188} INFO - [2026-04-28T12:50:33.507+0000] {dagbag.py:540} INFO - Filling up the DagBag from /home/airflow/.local/lib/python3.8/site-packages/airflow/example_dags/example_time_delta_sensor_async.py
[2026-04-28T12:50:33.513+0000] {processor.py:840} INFO - DAG(s) 'example_time_delta_sensor_async' retrieved from /home/airflow/.local/lib/python3.8/site-packages/airflow/example_dags/example_time_delta_sensor_async.py
[2026-04-28T12:50:33.535+0000] {logging_mixin.py:188} INFO - [2026-04-28T12:50:33.535+0000] {dag.py:3047} INFO - Sync 1 DAGs
[2026-04-28T12:50:33.551+0000] {logging_mixin.py:188} INFO - [2026-04-28T12:50:33.551+0000] {dag.py:3834} INFO - Setting next_dagrun for example_time_delta_sensor_async to None, run_after=None
[2026-04-28T12:50:33.572+0000] {processor.py:183} INFO - Processing /home/airflow/.local/lib/python3.8/site-packages/airflow/example_dags/example_time_delta_sensor_async.py took 0.071 seconds
[2026-04-28T12:51:03.698+0000] {processor.py:161} INFO - Started process (PID=4358) to work on /home/airflow/.local/lib/python3.8/site-packages/airflow/example_dags/example_time_delta_sensor_async.py
[2026-04-28T12:51:03.699+0000] {processor.py:830} INFO - Processing file /home/airflow/.local/lib/python3.8/site-packages/airflow/example_dags/example_time_delta_sensor_async.py for tasks to queue
[2026-04-28T12:51:03.701+0000] {logging_mixin.py:188} INFO - [2026-04-28T12:51:03.701+0000] {dagbag.py:540} INFO - Filling up the DagBag from /home/airflow/.local/lib/python3.8/site-packages/airflow/example_dags/example_time_delta_sensor_async.py
[2026-04-28T12:51:03.707+0000] {processor.py:840} INFO - DAG(s) 'example_time_delta_sensor_async' retrieved from /home/airflow/.local/lib/python3.8/site-packages/airflow/example_dags/example_time_delta_sensor_async.py
[2026-04-28T12:51:03.732+0000] {logging_mixin.py:188} INFO - [2026-04-28T12:51:03.732+0000] {dag.py:3047} INFO - Sync 1 DAGs
[2026-04-28T12:51:03.752+0000] {logging_mixin.py:188} INFO - [2026-04-28T12:51:03.752+0000] {dag.py:3834} INFO - Setting next_dagrun for example_time_delta_sensor_async to None, run_after=None
[2026-04-28T12:51:03.777+0000] {processor.py:183} INFO - Processing /home/airflow/.local/lib/python3.8/site-packages/airflow/example_dags/example_time_delta_sensor_async.py took 0.087 seconds
[2026-04-28T12:51:34.677+0000] {processor.py:161} INFO - Started process (PID=4414) to work on /home/airflow/.local/lib/python3.8/site-packages/airflow/example_dags/example_time_delta_sensor_async.py
[2026-04-28T12:51:34.678+0000] {processor.py:830} INFO - Processing file /home/airflow/.local/lib/python3.8/site-packages/airflow/example_dags/example_time_delta_sensor_async.py for tasks to queue
[2026-04-28T12:51:34.681+0000] {logging_mixin.py:188} INFO - [2026-04-28T12:51:34.680+0000] {dagbag.py:540} INFO - Filling up the DagBag from /home/airflow/.local/lib/python3.8/site-packages/airflow/example_dags/example_time_delta_sensor_async.py
[2026-04-28T12:51:34.686+0000] {processor.py:840} INFO - DAG(s) 'example_time_delta_sensor_async' retrieved from /home/airflow/.local/lib/python3.8/site-packages/airflow/example_dags/example_time_delta_sensor_async.py
[2026-04-28T12:51:34.708+0000] {logging_mixin.py:188} INFO - [2026-04-28T12:51:34.708+0000] {dag.py:3047} INFO - Sync 1 DAGs
[2026-04-28T12:51:34.722+0000] {logging_mixin.py:188} INFO - [2026-04-28T12:51:34.722+0000] {dag.py:3834} INFO - Setting next_dagrun for example_time_delta_sensor_async to None, run_after=None
[2026-04-28T12:51:34.740+0000] {processor.py:183} INFO - Processing /home/airflow/.local/lib/python3.8/site-packages/airflow/example_dags/example_time_delta_sensor_async.py took 0.067 seconds
[2026-04-28T12:52:05.508+0000] {processor.py:161} INFO - Started process (PID=4470) to work on /home/airflow/.local/lib/python3.8/site-packages/airflow/example_dags/example_time_delta_sensor_async.py
[2026-04-28T12:52:05.508+0000] {processor.py:830} INFO - Processing file /home/airflow/.local/lib/python3.8/site-packages/airflow/example_dags/example_time_delta_sensor_async.py for tasks to queue
[2026-04-28T12:52:05.510+0000] {logging_mixin.py:188} INFO - [2026-04-28T12:52:05.510+0000] {dagbag.py:540} INFO - Filling up the DagBag from /home/airflow/.local/lib/python3.8/site-packages/airflow/example_dags/example_time_delta_sensor_async.py
[2026-04-28T12:52:05.514+0000] {processor.py:840} INFO - DAG(s) 'example_time_delta_sensor_async' retrieved from /home/airflow/.local/lib/python3.8/site-packages/airflow/example_dags/example_time_delta_sensor_async.py
[2026-04-28T12:52:05.530+0000] {logging_mixin.py:188} INFO - [2026-04-28T12:52:05.529+0000] {dag.py:3047} INFO - Sync 1 DAGs
[2026-04-28T12:52:05.539+0000] {logging_mixin.py:188} INFO - [2026-04-28T12:52:05.539+0000] {dag.py:3834} INFO - Setting next_dagrun for example_time_delta_sensor_async to None, run_after=None
[2026-04-28T12:52:05.552+0000] {processor.py:183} INFO - Processing /home/airflow/.local/lib/python3.8/site-packages/airflow/example_dags/example_time_delta_sensor_async.py took 0.047 seconds
[2026-04-28T12:52:36.461+0000] {processor.py:161} INFO - Started process (PID=4532) to work on /home/airflow/.local/lib/python3.8/site-packages/airflow/example_dags/example_time_delta_sensor_async.py
[2026-04-28T12:52:36.462+0000] {processor.py:830} INFO - Processing file /home/airflow/.local/lib/python3.8/site-packages/airflow/example_dags/example_time_delta_sensor_async.py for tasks to queue
[2026-04-28T12:52:36.464+0000] {logging_mixin.py:188} INFO - [2026-04-28T12:52:36.464+0000] {dagbag.py:540} INFO - Filling up the DagBag from /home/airflow/.local/lib/python3.8/site-packages/airflow/example_dags/example_time_delta_sensor_async.py
[2026-04-28T12:52:36.468+0000] {processor.py:840} INFO - DAG(s) 'example_time_delta_sensor_async' retrieved from /home/airflow/.local/lib/python3.8/site-packages/airflow/example_dags/example_time_delta_sensor_async.py
[2026-04-28T12:52:36.485+0000] {logging_mixin.py:188} INFO - [2026-04-28T12:52:36.484+0000] {dag.py:3047} INFO - Sync 1 DAGs
[2026-04-28T12:52:36.494+0000] {logging_mixin.py:188} INFO - [2026-04-28T12:52:36.494+0000] {dag.py:3834} INFO - Setting next_dagrun for example_time_delta_sensor_async to None, run_after=None
[2026-04-28T12:52:36.507+0000] {processor.py:183} INFO - Processing /home/airflow/.local/lib/python3.8/site-packages/airflow/example_dags/example_time_delta_sensor_async.py took 0.049 seconds
[2026-04-28T12:53:07.491+0000] {processor.py:161} INFO - Started process (PID=4588) to work on /home/airflow/.local/lib/python3.8/site-packages/airflow/example_dags/example_time_delta_sensor_async.py
[2026-04-28T12:53:07.492+0000] {processor.py:830} INFO - Processing file /home/airflow/.local/lib/python3.8/site-packages/airflow/example_dags/example_time_delta_sensor_async.py for tasks to queue
[2026-04-28T12:53:07.494+0000] {logging_mixin.py:188} INFO - [2026-04-28T12:53:07.494+0000] {dagbag.py:540} INFO - Filling up the DagBag from /home/airflow/.local/lib/python3.8/site-packages/airflow/example_dags/example_time_delta_sensor_async.py
[2026-04-28T12:53:07.500+0000] {processor.py:840} INFO - DAG(s) 'example_time_delta_sensor_async' retrieved from /home/airflow/.local/lib/python3.8/site-packages/airflow/example_dags/example_time_delta_sensor_async.py
[2026-04-28T12:53:07.520+0000] {logging_mixin.py:188} INFO - [2026-04-28T12:53:07.520+0000] {dag.py:3047} INFO - Sync 1 DAGs
[2026-04-28T12:53:07.534+0000] {logging_mixin.py:188} INFO - [2026-04-28T12:53:07.534+0000] {dag.py:3834} INFO - Setting next_dagrun for example_time_delta_sensor_async to None, run_after=None
[2026-04-28T12:53:07.552+0000] {processor.py:183} INFO - Processing /home/airflow/.local/lib/python3.8/site-packages/airflow/example_dags/example_time_delta_sensor_async.py took 0.064 seconds
[2026-04-28T12:53:38.800+0000] {processor.py:161} INFO - Started process (PID=4644) to work on /home/airflow/.local/lib/python3.8/site-packages/airflow/example_dags/example_time_delta_sensor_async.py
[2026-04-28T12:53:38.801+0000] {processor.py:830} INFO - Processing file /home/airflow/.local/lib/python3.8/site-packages/airflow/example_dags/example_time_delta_sensor_async.py for tasks to queue
[2026-04-28T12:53:38.803+0000] {logging_mixin.py:188} INFO - [2026-04-28T12:53:38.803+0000] {dagbag.py:540} INFO - Filling up the DagBag from /home/airflow/.local/lib/python3.8/site-packages/airflow/example_dags/example_time_delta_sensor_async.py
[2026-04-28T12:53:38.808+0000] {processor.py:840} INFO - DAG(s) 'example_time_delta_sensor_async' retrieved from /home/airflow/.local/lib/python3.8/site-packages/airflow/example_dags/example_time_delta_sensor_async.py
[2026-04-28T12:53:38.883+0000] {logging_mixin.py:188} INFO - [2026-04-28T12:53:38.883+0000] {dag.py:3047} INFO - Sync 1 DAGs
[2026-04-28T12:53:38.909+0000] {logging_mixin.py:188} INFO - [2026-04-28T12:53:38.909+0000] {dag.py:3834} INFO - Setting next_dagrun for example_time_delta_sensor_async to None, run_after=None
[2026-04-28T12:53:38.956+0000] {processor.py:183} INFO - Processing /home/airflow/.local/lib/python3.8/site-packages/airflow/example_dags/example_time_delta_sensor_async.py took 0.160 seconds
[2026-04-28T12:54:09.727+0000] {processor.py:161} INFO - Started process (PID=4700) to work on /home/airflow/.local/lib/python3.8/site-packages/airflow/example_dags/example_time_delta_sensor_async.py
[2026-04-28T12:54:09.728+0000] {processor.py:830} INFO - Processing file /home/airflow/.local/lib/python3.8/site-packages/airflow/example_dags/example_time_delta_sensor_async.py for tasks to queue
[2026-04-28T12:54:09.730+0000] {logging_mixin.py:188} INFO - [2026-04-28T12:54:09.730+0000] {dagbag.py:540} INFO - Filling up the DagBag from /home/airflow/.local/lib/python3.8/site-packages/airflow/example_dags/example_time_delta_sensor_async.py
[2026-04-28T12:54:09.735+0000] {processor.py:840} INFO - DAG(s) 'example_time_delta_sensor_async' retrieved from /home/airflow/.local/lib/python3.8/site-packages/airflow/example_dags/example_time_delta_sensor_async.py
[2026-04-28T12:54:09.756+0000] {logging_mixin.py:188} INFO - [2026-04-28T12:54:09.755+0000] {dag.py:3047} INFO - Sync 1 DAGs
[2026-04-28T12:54:09.769+0000] {logging_mixin.py:188} INFO - [2026-04-28T12:54:09.769+0000] {dag.py:3834} INFO - Setting next_dagrun for example_time_delta_sensor_async to None, run_after=None
[2026-04-28T12:54:09.787+0000] {processor.py:183} INFO - Processing /home/airflow/.local/lib/python3.8/site-packages/airflow/example_dags/example_time_delta_sensor_async.py took 0.064 seconds
[2026-04-28T12:54:39.890+0000] {processor.py:161} INFO - Started process (PID=4756) to work on /home/airflow/.local/lib/python3.8/site-packages/airflow/example_dags/example_time_delta_sensor_async.py
[2026-04-28T12:54:39.892+0000] {processor.py:830} INFO - Processing file /home/airflow/.local/lib/python3.8/site-packages/airflow/example_dags/example_time_delta_sensor_async.py for tasks to queue
[2026-04-28T12:54:39.896+0000] {logging_mixin.py:188} INFO - [2026-04-28T12:54:39.895+0000] {dagbag.py:540} INFO - Filling up the DagBag from /home/airflow/.local/lib/python3.8/site-packages/airflow/example_dags/example_time_delta_sensor_async.py
[2026-04-28T12:54:39.906+0000] {processor.py:840} INFO - DAG(s) 'example_time_delta_sensor_async' retrieved from /home/airflow/.local/lib/python3.8/site-packages/airflow/example_dags/example_time_delta_sensor_async.py
[2026-04-28T12:54:39.933+0000] {logging_mixin.py:188} INFO - [2026-04-28T12:54:39.933+0000] {dag.py:3047} INFO - Sync 1 DAGs
[2026-04-28T12:54:39.947+0000] {logging_mixin.py:188} INFO - [2026-04-28T12:54:39.947+0000] {dag.py:3834} INFO - Setting next_dagrun for example_time_delta_sensor_async to None, run_after=None
[2026-04-28T12:54:39.965+0000] {processor.py:183} INFO - Processing /home/airflow/.local/lib/python3.8/site-packages/airflow/example_dags/example_time_delta_sensor_async.py took 0.080 seconds
[2026-04-28T12:55:10.285+0000] {processor.py:161} INFO - Started process (PID=4812) to work on /home/airflow/.local/lib/python3.8/site-packages/airflow/example_dags/example_time_delta_sensor_async.py
[2026-04-28T12:55:10.286+0000] {processor.py:830} INFO - Processing file /home/airflow/.local/lib/python3.8/site-packages/airflow/example_dags/example_time_delta_sensor_async.py for tasks to queue
[2026-04-28T12:55:10.288+0000] {logging_mixin.py:188} INFO - [2026-04-28T12:55:10.287+0000] {dagbag.py:540} INFO - Filling up the DagBag from /home/airflow/.local/lib/python3.8/site-packages/airflow/example_dags/example_time_delta_sensor_async.py
[2026-04-28T12:55:10.294+0000] {processor.py:840} INFO - DAG(s) 'example_time_delta_sensor_async' retrieved from /home/airflow/.local/lib/python3.8/site-packages/airflow/example_dags/example_time_delta_sensor_async.py
[2026-04-28T12:55:10.314+0000] {logging_mixin.py:188} INFO - [2026-04-28T12:55:10.314+0000] {dag.py:3047} INFO - Sync 1 DAGs
[2026-04-28T12:55:10.329+0000] {logging_mixin.py:188} INFO - [2026-04-28T12:55:10.329+0000] {dag.py:3834} INFO - Setting next_dagrun for example_time_delta_sensor_async to None, run_after=None
[2026-04-28T12:55:10.347+0000] {processor.py:183} INFO - Processing /home/airflow/.local/lib/python3.8/site-packages/airflow/example_dags/example_time_delta_sensor_async.py took 0.065 seconds
[2026-04-28T12:55:41.315+0000] {processor.py:161} INFO - Started process (PID=4869) to work on /home/airflow/.local/lib/python3.8/site-packages/airflow/example_dags/example_time_delta_sensor_async.py
[2026-04-28T12:55:41.316+0000] {processor.py:830} INFO - Processing file /home/airflow/.local/lib/python3.8/site-packages/airflow/example_dags/example_time_delta_sensor_async.py for tasks to queue
[2026-04-28T12:55:41.319+0000] {logging_mixin.py:188} INFO - [2026-04-28T12:55:41.318+0000] {dagbag.py:540} INFO - Filling up the DagBag from /home/airflow/.local/lib/python3.8/site-packages/airflow/example_dags/example_time_delta_sensor_async.py
[2026-04-28T12:55:41.325+0000] {processor.py:840} INFO - DAG(s) 'example_time_delta_sensor_async' retrieved from /home/airflow/.local/lib/python3.8/site-packages/airflow/example_dags/example_time_delta_sensor_async.py
[2026-04-28T12:55:41.346+0000] {logging_mixin.py:188} INFO - [2026-04-28T12:55:41.346+0000] {dag.py:3047} INFO - Sync 1 DAGs
[2026-04-28T12:55:41.362+0000] {logging_mixin.py:188} INFO - [2026-04-28T12:55:41.362+0000] {dag.py:3834} INFO - Setting next_dagrun for example_time_delta_sensor_async to None, run_after=None
[2026-04-28T12:55:41.380+0000] {processor.py:183} INFO - Processing /home/airflow/.local/lib/python3.8/site-packages/airflow/example_dags/example_time_delta_sensor_async.py took 0.069 seconds
[2026-04-28T12:56:11.446+0000] {processor.py:161} INFO - Started process (PID=4924) to work on /home/airflow/.local/lib/python3.8/site-packages/airflow/example_dags/example_time_delta_sensor_async.py
[2026-04-28T12:56:11.447+0000] {processor.py:830} INFO - Processing file /home/airflow/.local/lib/python3.8/site-packages/airflow/example_dags/example_time_delta_sensor_async.py for tasks to queue
[2026-04-28T12:56:11.449+0000] {logging_mixin.py:188} INFO - [2026-04-28T12:56:11.449+0000] {dagbag.py:540} INFO - Filling up the DagBag from /home/airflow/.local/lib/python3.8/site-packages/airflow/example_dags/example_time_delta_sensor_async.py
[2026-04-28T12:56:11.456+0000] {processor.py:840} INFO - DAG(s) 'example_time_delta_sensor_async' retrieved from /home/airflow/.local/lib/python3.8/site-packages/airflow/example_dags/example_time_delta_sensor_async.py
[2026-04-28T12:56:11.483+0000] {logging_mixin.py:188} INFO - [2026-04-28T12:56:11.482+0000] {dag.py:3047} INFO - Sync 1 DAGs
[2026-04-28T12:56:11.496+0000] {logging_mixin.py:188} INFO - [2026-04-28T12:56:11.496+0000] {dag.py:3834} INFO - Setting next_dagrun for example_time_delta_sensor_async to None, run_after=None
[2026-04-28T12:56:11.514+0000] {processor.py:183} INFO - Processing /home/airflow/.local/lib/python3.8/site-packages/airflow/example_dags/example_time_delta_sensor_async.py took 0.071 seconds
[2026-04-28T12:56:41.793+0000] {processor.py:161} INFO - Started process (PID=4980) to work on /home/airflow/.local/lib/python3.8/site-packages/airflow/example_dags/example_time_delta_sensor_async.py
[2026-04-28T12:56:41.794+0000] {processor.py:830} INFO - Processing file /home/airflow/.local/lib/python3.8/site-packages/airflow/example_dags/example_time_delta_sensor_async.py for tasks to queue
[2026-04-28T12:56:41.804+0000] {logging_mixin.py:188} INFO - [2026-04-28T12:56:41.803+0000] {dagbag.py:540} INFO - Filling up the DagBag from /home/airflow/.local/lib/python3.8/site-packages/airflow/example_dags/example_time_delta_sensor_async.py
[2026-04-28T12:56:41.812+0000] {processor.py:840} INFO - DAG(s) 'example_time_delta_sensor_async' retrieved from /home/airflow/.local/lib/python3.8/site-packages/airflow/example_dags/example_time_delta_sensor_async.py
[2026-04-28T12:56:41.877+0000] {logging_mixin.py:188} INFO - [2026-04-28T12:56:41.877+0000] {dag.py:3047} INFO - Sync 1 DAGs
[2026-04-28T12:56:41.914+0000] {logging_mixin.py:188} INFO - [2026-04-28T12:56:41.914+0000] {dag.py:3834} INFO - Setting next_dagrun for example_time_delta_sensor_async to None, run_after=None
[2026-04-28T12:56:41.942+0000] {processor.py:183} INFO - Processing /home/airflow/.local/lib/python3.8/site-packages/airflow/example_dags/example_time_delta_sensor_async.py took 0.163 seconds
[2026-04-28T12:57:12.889+0000] {processor.py:161} INFO - Started process (PID=5036) to work on /home/airflow/.local/lib/python3.8/site-packages/airflow/example_dags/example_time_delta_sensor_async.py
[2026-04-28T12:57:12.892+0000] {processor.py:830} INFO - Processing file /home/airflow/.local/lib/python3.8/site-packages/airflow/example_dags/example_time_delta_sensor_async.py for tasks to queue
[2026-04-28T12:57:12.894+0000] {logging_mixin.py:188} INFO - [2026-04-28T12:57:12.894+0000] {dagbag.py:540} INFO - Filling up the DagBag from /home/airflow/.local/lib/python3.8/site-packages/airflow/example_dags/example_time_delta_sensor_async.py
[2026-04-28T12:57:12.905+0000] {processor.py:840} INFO - DAG(s) 'example_time_delta_sensor_async' retrieved from /home/airflow/.local/lib/python3.8/site-packages/airflow/example_dags/example_time_delta_sensor_async.py
[2026-04-28T12:57:12.947+0000] {logging_mixin.py:188} INFO - [2026-04-28T12:57:12.947+0000] {dag.py:3047} INFO - Sync 1 DAGs
[2026-04-28T12:57:12.974+0000] {logging_mixin.py:188} INFO - [2026-04-28T12:57:12.974+0000] {dag.py:3834} INFO - Setting next_dagrun for example_time_delta_sensor_async to None, run_after=None
[2026-04-28T12:57:13.016+0000] {processor.py:183} INFO - Processing /home/airflow/.local/lib/python3.8/site-packages/airflow/example_dags/example_time_delta_sensor_async.py took 0.134 seconds
[2026-04-28T12:57:43.587+0000] {processor.py:161} INFO - Started process (PID=5092) to work on /home/airflow/.local/lib/python3.8/site-packages/airflow/example_dags/example_time_delta_sensor_async.py
[2026-04-28T12:57:43.590+0000] {processor.py:830} INFO - Processing file /home/airflow/.local/lib/python3.8/site-packages/airflow/example_dags/example_time_delta_sensor_async.py for tasks to queue
[2026-04-28T12:57:43.592+0000] {logging_mixin.py:188} INFO - [2026-04-28T12:57:43.592+0000] {dagbag.py:540} INFO - Filling up the DagBag from /home/airflow/.local/lib/python3.8/site-packages/airflow/example_dags/example_time_delta_sensor_async.py
[2026-04-28T12:57:43.602+0000] {processor.py:840} INFO - DAG(s) 'example_time_delta_sensor_async' retrieved from /home/airflow/.local/lib/python3.8/site-packages/airflow/example_dags/example_time_delta_sensor_async.py
[2026-04-28T12:57:43.646+0000] {logging_mixin.py:188} INFO - [2026-04-28T12:57:43.646+0000] {dag.py:3047} INFO - Sync 1 DAGs
[2026-04-28T12:57:43.678+0000] {logging_mixin.py:188} INFO - [2026-04-28T12:57:43.677+0000] {dag.py:3834} INFO - Setting next_dagrun for example_time_delta_sensor_async to None, run_after=None
[2026-04-28T12:57:43.712+0000] {processor.py:183} INFO - Processing /home/airflow/.local/lib/python3.8/site-packages/airflow/example_dags/example_time_delta_sensor_async.py took 0.131 seconds
[2026-04-28T12:58:13.848+0000] {processor.py:161} INFO - Started process (PID=5147) to work on /home/airflow/.local/lib/python3.8/site-packages/airflow/example_dags/example_time_delta_sensor_async.py
[2026-04-28T12:58:13.850+0000] {processor.py:830} INFO - Processing file /home/airflow/.local/lib/python3.8/site-packages/airflow/example_dags/example_time_delta_sensor_async.py for tasks to queue
[2026-04-28T12:58:13.853+0000] {logging_mixin.py:188} INFO - [2026-04-28T12:58:13.853+0000] {dagbag.py:540} INFO - Filling up the DagBag from /home/airflow/.local/lib/python3.8/site-packages/airflow/example_dags/example_time_delta_sensor_async.py
[2026-04-28T12:58:13.860+0000] {processor.py:840} INFO - DAG(s) 'example_time_delta_sensor_async' retrieved from /home/airflow/.local/lib/python3.8/site-packages/airflow/example_dags/example_time_delta_sensor_async.py
[2026-04-28T12:58:13.884+0000] {logging_mixin.py:188} INFO - [2026-04-28T12:58:13.882+0000] {dag.py:3047} INFO - Sync 1 DAGs
[2026-04-28T12:58:13.898+0000] {logging_mixin.py:188} INFO - [2026-04-28T12:58:13.898+0000] {dag.py:3834} INFO - Setting next_dagrun for example_time_delta_sensor_async to None, run_after=None
[2026-04-28T12:58:13.920+0000] {processor.py:183} INFO - Processing /home/airflow/.local/lib/python3.8/site-packages/airflow/example_dags/example_time_delta_sensor_async.py took 0.075 seconds
[2026-04-28T12:58:44.244+0000] {processor.py:161} INFO - Started process (PID=5203) to work on /home/airflow/.local/lib/python3.8/site-packages/airflow/example_dags/example_time_delta_sensor_async.py
[2026-04-28T12:58:44.245+0000] {processor.py:830} INFO - Processing file /home/airflow/.local/lib/python3.8/site-packages/airflow/example_dags/example_time_delta_sensor_async.py for tasks to queue
[2026-04-28T12:58:44.247+0000] {logging_mixin.py:188} INFO - [2026-04-28T12:58:44.247+0000] {dagbag.py:540} INFO - Filling up the DagBag from /home/airflow/.local/lib/python3.8/site-packages/airflow/example_dags/example_time_delta_sensor_async.py
[2026-04-28T12:58:44.253+0000] {processor.py:840} INFO - DAG(s) 'example_time_delta_sensor_async' retrieved from /home/airflow/.local/lib/python3.8/site-packages/airflow/example_dags/example_time_delta_sensor_async.py
[2026-04-28T12:58:44.274+0000] {logging_mixin.py:188} INFO - [2026-04-28T12:58:44.274+0000] {dag.py:3047} INFO - Sync 1 DAGs
[2026-04-28T12:58:44.288+0000] {logging_mixin.py:188} INFO - [2026-04-28T12:58:44.288+0000] {dag.py:3834} INFO - Setting next_dagrun for example_time_delta_sensor_async to None, run_after=None
[2026-04-28T12:58:44.305+0000] {processor.py:183} INFO - Processing /home/airflow/.local/lib/python3.8/site-packages/airflow/example_dags/example_time_delta_sensor_async.py took 0.065 seconds
[2026-04-28T12:59:15.233+0000] {processor.py:161} INFO - Started process (PID=5259) to work on /home/airflow/.local/lib/python3.8/site-packages/airflow/example_dags/example_time_delta_sensor_async.py
[2026-04-28T12:59:15.234+0000] {processor.py:830} INFO - Processing file /home/airflow/.local/lib/python3.8/site-packages/airflow/example_dags/example_time_delta_sensor_async.py for tasks to queue
[2026-04-28T12:59:15.236+0000] {logging_mixin.py:188} INFO - [2026-04-28T12:59:15.235+0000] {dagbag.py:540} INFO - Filling up the DagBag from /home/airflow/.local/lib/python3.8/site-packages/airflow/example_dags/example_time_delta_sensor_async.py
[2026-04-28T12:59:15.241+0000] {processor.py:840} INFO - DAG(s) 'example_time_delta_sensor_async' retrieved from /home/airflow/.local/lib/python3.8/site-packages/airflow/example_dags/example_time_delta_sensor_async.py
[2026-04-28T12:59:15.261+0000] {logging_mixin.py:188} INFO - [2026-04-28T12:59:15.261+0000] {dag.py:3047} INFO - Sync 1 DAGs
[2026-04-28T12:59:15.276+0000] {logging_mixin.py:188} INFO - [2026-04-28T12:59:15.275+0000] {dag.py:3834} INFO - Setting next_dagrun for example_time_delta_sensor_async to None, run_after=None
[2026-04-28T12:59:15.293+0000] {processor.py:183} INFO - Processing /home/airflow/.local/lib/python3.8/site-packages/airflow/example_dags/example_time_delta_sensor_async.py took 0.065 seconds
[2026-04-28T12:59:45.700+0000] {processor.py:161} INFO - Started process (PID=5315) to work on /home/airflow/.local/lib/python3.8/site-packages/airflow/example_dags/example_time_delta_sensor_async.py
[2026-04-28T12:59:45.701+0000] {processor.py:830} INFO - Processing file /home/airflow/.local/lib/python3.8/site-packages/airflow/example_dags/example_time_delta_sensor_async.py for tasks to queue
[2026-04-28T12:59:45.703+0000] {logging_mixin.py:188} INFO - [2026-04-28T12:59:45.703+0000] {dagbag.py:540} INFO - Filling up the DagBag from /home/airflow/.local/lib/python3.8/site-packages/airflow/example_dags/example_time_delta_sensor_async.py
[2026-04-28T12:59:45.708+0000] {processor.py:840} INFO - DAG(s) 'example_time_delta_sensor_async' retrieved from /home/airflow/.local/lib/python3.8/site-packages/airflow/example_dags/example_time_delta_sensor_async.py
[2026-04-28T12:59:45.730+0000] {logging_mixin.py:188} INFO - [2026-04-28T12:59:45.730+0000] {dag.py:3047} INFO - Sync 1 DAGs
[2026-04-28T12:59:45.743+0000] {logging_mixin.py:188} INFO - [2026-04-28T12:59:45.743+0000] {dag.py:3834} INFO - Setting next_dagrun for example_time_delta_sensor_async to None, run_after=None
[2026-04-28T12:59:45.760+0000] {processor.py:183} INFO - Processing /home/airflow/.local/lib/python3.8/site-packages/airflow/example_dags/example_time_delta_sensor_async.py took 0.064 seconds
[2026-04-28T13:00:16.235+0000] {processor.py:161} INFO - Started process (PID=5371) to work on /home/airflow/.local/lib/python3.8/site-packages/airflow/example_dags/example_time_delta_sensor_async.py
[2026-04-28T13:00:16.236+0000] {processor.py:830} INFO - Processing file /home/airflow/.local/lib/python3.8/site-packages/airflow/example_dags/example_time_delta_sensor_async.py for tasks to queue
[2026-04-28T13:00:16.239+0000] {logging_mixin.py:188} INFO - [2026-04-28T13:00:16.238+0000] {dagbag.py:540} INFO - Filling up the DagBag from /home/airflow/.local/lib/python3.8/site-packages/airflow/example_dags/example_time_delta_sensor_async.py
[2026-04-28T13:00:16.244+0000] {processor.py:840} INFO - DAG(s) 'example_time_delta_sensor_async' retrieved from /home/airflow/.local/lib/python3.8/site-packages/airflow/example_dags/example_time_delta_sensor_async.py
[2026-04-28T13:00:16.265+0000] {logging_mixin.py:188} INFO - [2026-04-28T13:00:16.265+0000] {dag.py:3047} INFO - Sync 1 DAGs
[2026-04-28T13:00:16.278+0000] {logging_mixin.py:188} INFO - [2026-04-28T13:00:16.278+0000] {dag.py:3834} INFO - Setting next_dagrun for example_time_delta_sensor_async to None, run_after=None
[2026-04-28T13:00:16.296+0000] {processor.py:183} INFO - Processing /home/airflow/.local/lib/python3.8/site-packages/airflow/example_dags/example_time_delta_sensor_async.py took 0.064 seconds
[2026-04-28T13:00:47.016+0000] {processor.py:161} INFO - Started process (PID=5426) to work on /home/airflow/.local/lib/python3.8/site-packages/airflow/example_dags/example_time_delta_sensor_async.py
[2026-04-28T13:00:47.017+0000] {processor.py:830} INFO - Processing file /home/airflow/.local/lib/python3.8/site-packages/airflow/example_dags/example_time_delta_sensor_async.py for tasks to queue
[2026-04-28T13:00:47.019+0000] {logging_mixin.py:188} INFO - [2026-04-28T13:00:47.019+0000] {dagbag.py:540} INFO - Filling up the DagBag from /home/airflow/.local/lib/python3.8/site-packages/airflow/example_dags/example_time_delta_sensor_async.py
[2026-04-28T13:00:47.024+0000] {processor.py:840} INFO - DAG(s) 'example_time_delta_sensor_async' retrieved from /home/airflow/.local/lib/python3.8/site-packages/airflow/example_dags/example_time_delta_sensor_async.py
[2026-04-28T13:00:47.046+0000] {logging_mixin.py:188} INFO - [2026-04-28T13:00:47.046+0000] {dag.py:3047} INFO - Sync 1 DAGs
[2026-04-28T13:00:47.059+0000] {logging_mixin.py:188} INFO - [2026-04-28T13:00:47.059+0000] {dag.py:3834} INFO - Setting next_dagrun for example_time_delta_sensor_async to None, run_after=None
[2026-04-28T13:00:47.077+0000] {processor.py:183} INFO - Processing /home/airflow/.local/lib/python3.8/site-packages/airflow/example_dags/example_time_delta_sensor_async.py took 0.064 seconds
[2026-04-28T13:01:17.223+0000] {processor.py:161} INFO - Started process (PID=5482) to work on /home/airflow/.local/lib/python3.8/site-packages/airflow/example_dags/example_time_delta_sensor_async.py
[2026-04-28T13:01:17.224+0000] {processor.py:830} INFO - Processing file /home/airflow/.local/lib/python3.8/site-packages/airflow/example_dags/example_time_delta_sensor_async.py for tasks to queue
[2026-04-28T13:01:17.226+0000] {logging_mixin.py:188} INFO - [2026-04-28T13:01:17.226+0000] {dagbag.py:540} INFO - Filling up the DagBag from /home/airflow/.local/lib/python3.8/site-packages/airflow/example_dags/example_time_delta_sensor_async.py
[2026-04-28T13:01:17.231+0000] {processor.py:840} INFO - DAG(s) 'example_time_delta_sensor_async' retrieved from /home/airflow/.local/lib/python3.8/site-packages/airflow/example_dags/example_time_delta_sensor_async.py
[2026-04-28T13:01:17.253+0000] {logging_mixin.py:188} INFO - [2026-04-28T13:01:17.252+0000] {dag.py:3047} INFO - Sync 1 DAGs
[2026-04-28T13:01:17.266+0000] {logging_mixin.py:188} INFO - [2026-04-28T13:01:17.266+0000] {dag.py:3834} INFO - Setting next_dagrun for example_time_delta_sensor_async to None, run_after=None
[2026-04-28T13:01:17.284+0000] {processor.py:183} INFO - Processing /home/airflow/.local/lib/python3.8/site-packages/airflow/example_dags/example_time_delta_sensor_async.py took 0.065 seconds
[2026-04-28T13:01:47.457+0000] {processor.py:161} INFO - Started process (PID=5538) to work on /home/airflow/.local/lib/python3.8/site-packages/airflow/example_dags/example_time_delta_sensor_async.py
[2026-04-28T13:01:47.458+0000] {processor.py:830} INFO - Processing file /home/airflow/.local/lib/python3.8/site-packages/airflow/example_dags/example_time_delta_sensor_async.py for tasks to queue
[2026-04-28T13:01:47.460+0000] {logging_mixin.py:188} INFO - [2026-04-28T13:01:47.460+0000] {dagbag.py:540} INFO - Filling up the DagBag from /home/airflow/.local/lib/python3.8/site-packages/airflow/example_dags/example_time_delta_sensor_async.py
[2026-04-28T13:01:47.465+0000] {processor.py:840} INFO - DAG(s) 'example_time_delta_sensor_async' retrieved from /home/airflow/.local/lib/python3.8/site-packages/airflow/example_dags/example_time_delta_sensor_async.py
[2026-04-28T13:01:47.488+0000] {logging_mixin.py:188} INFO - [2026-04-28T13:01:47.488+0000] {dag.py:3047} INFO - Sync 1 DAGs
[2026-04-28T13:01:47.501+0000] {logging_mixin.py:188} INFO - [2026-04-28T13:01:47.500+0000] {dag.py:3834} INFO - Setting next_dagrun for example_time_delta_sensor_async to None, run_after=None
[2026-04-28T13:01:47.517+0000] {processor.py:183} INFO - Processing /home/airflow/.local/lib/python3.8/site-packages/airflow/example_dags/example_time_delta_sensor_async.py took 0.064 seconds
[2026-04-28T13:02:17.826+0000] {processor.py:161} INFO - Started process (PID=5594) to work on /home/airflow/.local/lib/python3.8/site-packages/airflow/example_dags/example_time_delta_sensor_async.py
[2026-04-28T13:02:17.827+0000] {processor.py:830} INFO - Processing file /home/airflow/.local/lib/python3.8/site-packages/airflow/example_dags/example_time_delta_sensor_async.py for tasks to queue
[2026-04-28T13:02:17.829+0000] {logging_mixin.py:188} INFO - [2026-04-28T13:02:17.829+0000] {dagbag.py:540} INFO - Filling up the DagBag from /home/airflow/.local/lib/python3.8/site-packages/airflow/example_dags/example_time_delta_sensor_async.py
[2026-04-28T13:02:17.835+0000] {processor.py:840} INFO - DAG(s) 'example_time_delta_sensor_async' retrieved from /home/airflow/.local/lib/python3.8/site-packages/airflow/example_dags/example_time_delta_sensor_async.py
[2026-04-28T13:02:17.856+0000] {logging_mixin.py:188} INFO - [2026-04-28T13:02:17.856+0000] {dag.py:3047} INFO - Sync 1 DAGs
[2026-04-28T13:02:17.882+0000] {logging_mixin.py:188} INFO - [2026-04-28T13:02:17.882+0000] {dag.py:3834} INFO - Setting next_dagrun for example_time_delta_sensor_async to None, run_after=None
[2026-04-28T13:02:17.900+0000] {processor.py:183} INFO - Processing /home/airflow/.local/lib/python3.8/site-packages/airflow/example_dags/example_time_delta_sensor_async.py took 0.078 seconds
