[2026-04-28T12:11:53.305+0000] {processor.py:161} INFO - Started process (PID=85) to work on /home/airflow/.local/lib/python3.8/site-packages/airflow/example_dags/example_sensors.py
[2026-04-28T12:11:53.315+0000] {processor.py:830} INFO - Processing file /home/airflow/.local/lib/python3.8/site-packages/airflow/example_dags/example_sensors.py for tasks to queue
[2026-04-28T12:11:53.323+0000] {logging_mixin.py:188} INFO - [2026-04-28T12:11:53.322+0000] {dagbag.py:540} INFO - Filling up the DagBag from /home/airflow/.local/lib/python3.8/site-packages/airflow/example_dags/example_sensors.py
[2026-04-28T12:11:53.371+0000] {processor.py:840} INFO - DAG(s) 'example_sensors' retrieved from /home/airflow/.local/lib/python3.8/site-packages/airflow/example_dags/example_sensors.py
[2026-04-28T12:11:53.782+0000] {logging_mixin.py:188} INFO - [2026-04-28T12:11:53.779+0000] {dag.py:3047} INFO - Sync 1 DAGs
[2026-04-28T12:11:53.818+0000] {logging_mixin.py:188} INFO - [2026-04-28T12:11:53.818+0000] {dag.py:3834} INFO - Setting next_dagrun for example_sensors to None, run_after=None
[2026-04-28T12:11:53.903+0000] {processor.py:183} INFO - Processing /home/airflow/.local/lib/python3.8/site-packages/airflow/example_dags/example_sensors.py took 0.616 seconds
[2026-04-28T12:12:24.014+0000] {processor.py:161} INFO - Started process (PID=141) to work on /home/airflow/.local/lib/python3.8/site-packages/airflow/example_dags/example_sensors.py
[2026-04-28T12:12:24.019+0000] {processor.py:830} INFO - Processing file /home/airflow/.local/lib/python3.8/site-packages/airflow/example_dags/example_sensors.py for tasks to queue
[2026-04-28T12:12:24.027+0000] {logging_mixin.py:188} INFO - [2026-04-28T12:12:24.025+0000] {dagbag.py:540} INFO - Filling up the DagBag from /home/airflow/.local/lib/python3.8/site-packages/airflow/example_dags/example_sensors.py
[2026-04-28T12:12:24.053+0000] {processor.py:840} INFO - DAG(s) 'example_sensors' retrieved from /home/airflow/.local/lib/python3.8/site-packages/airflow/example_dags/example_sensors.py
[2026-04-28T12:12:24.100+0000] {logging_mixin.py:188} INFO - [2026-04-28T12:12:24.100+0000] {dag.py:3047} INFO - Sync 1 DAGs
[2026-04-28T12:12:24.110+0000] {logging_mixin.py:188} INFO - [2026-04-28T12:12:24.110+0000] {dag.py:3834} INFO - Setting next_dagrun for example_sensors to None, run_after=None
[2026-04-28T12:12:24.123+0000] {processor.py:183} INFO - Processing /home/airflow/.local/lib/python3.8/site-packages/airflow/example_dags/example_sensors.py took 0.118 seconds
[2026-04-28T12:12:54.139+0000] {processor.py:161} INFO - Started process (PID=195) to work on /home/airflow/.local/lib/python3.8/site-packages/airflow/example_dags/example_sensors.py
[2026-04-28T12:12:54.140+0000] {processor.py:830} INFO - Processing file /home/airflow/.local/lib/python3.8/site-packages/airflow/example_dags/example_sensors.py for tasks to queue
[2026-04-28T12:12:54.142+0000] {logging_mixin.py:188} INFO - [2026-04-28T12:12:54.142+0000] {dagbag.py:540} INFO - Filling up the DagBag from /home/airflow/.local/lib/python3.8/site-packages/airflow/example_dags/example_sensors.py
[2026-04-28T12:12:54.153+0000] {processor.py:840} INFO - DAG(s) 'example_sensors' retrieved from /home/airflow/.local/lib/python3.8/site-packages/airflow/example_dags/example_sensors.py
[2026-04-28T12:12:54.182+0000] {logging_mixin.py:188} INFO - [2026-04-28T12:12:54.182+0000] {dag.py:3047} INFO - Sync 1 DAGs
[2026-04-28T12:12:54.197+0000] {logging_mixin.py:188} INFO - [2026-04-28T12:12:54.196+0000] {dag.py:3834} INFO - Setting next_dagrun for example_sensors to None, run_after=None
[2026-04-28T12:12:54.220+0000] {processor.py:183} INFO - Processing /home/airflow/.local/lib/python3.8/site-packages/airflow/example_dags/example_sensors.py took 0.084 seconds
[2026-04-28T12:13:24.648+0000] {processor.py:161} INFO - Started process (PID=250) to work on /home/airflow/.local/lib/python3.8/site-packages/airflow/example_dags/example_sensors.py
[2026-04-28T12:13:24.649+0000] {processor.py:830} INFO - Processing file /home/airflow/.local/lib/python3.8/site-packages/airflow/example_dags/example_sensors.py for tasks to queue
[2026-04-28T12:13:24.651+0000] {logging_mixin.py:188} INFO - [2026-04-28T12:13:24.650+0000] {dagbag.py:540} INFO - Filling up the DagBag from /home/airflow/.local/lib/python3.8/site-packages/airflow/example_dags/example_sensors.py
[2026-04-28T12:13:24.661+0000] {processor.py:840} INFO - DAG(s) 'example_sensors' retrieved from /home/airflow/.local/lib/python3.8/site-packages/airflow/example_dags/example_sensors.py
[2026-04-28T12:13:24.689+0000] {logging_mixin.py:188} INFO - [2026-04-28T12:13:24.688+0000] {dag.py:3047} INFO - Sync 1 DAGs
[2026-04-28T12:13:24.702+0000] {logging_mixin.py:188} INFO - [2026-04-28T12:13:24.702+0000] {dag.py:3834} INFO - Setting next_dagrun for example_sensors to None, run_after=None
[2026-04-28T12:13:24.722+0000] {processor.py:183} INFO - Processing /home/airflow/.local/lib/python3.8/site-packages/airflow/example_dags/example_sensors.py took 0.078 seconds
[2026-04-28T12:13:55.133+0000] {processor.py:161} INFO - Started process (PID=305) to work on /home/airflow/.local/lib/python3.8/site-packages/airflow/example_dags/example_sensors.py
[2026-04-28T12:13:55.134+0000] {processor.py:830} INFO - Processing file /home/airflow/.local/lib/python3.8/site-packages/airflow/example_dags/example_sensors.py for tasks to queue
[2026-04-28T12:13:55.136+0000] {logging_mixin.py:188} INFO - [2026-04-28T12:13:55.135+0000] {dagbag.py:540} INFO - Filling up the DagBag from /home/airflow/.local/lib/python3.8/site-packages/airflow/example_dags/example_sensors.py
[2026-04-28T12:13:55.146+0000] {processor.py:840} INFO - DAG(s) 'example_sensors' retrieved from /home/airflow/.local/lib/python3.8/site-packages/airflow/example_dags/example_sensors.py
[2026-04-28T12:13:55.174+0000] {logging_mixin.py:188} INFO - [2026-04-28T12:13:55.174+0000] {dag.py:3047} INFO - Sync 1 DAGs
[2026-04-28T12:13:55.188+0000] {logging_mixin.py:188} INFO - [2026-04-28T12:13:55.187+0000] {dag.py:3834} INFO - Setting next_dagrun for example_sensors to None, run_after=None
[2026-04-28T12:13:55.205+0000] {processor.py:183} INFO - Processing /home/airflow/.local/lib/python3.8/site-packages/airflow/example_dags/example_sensors.py took 0.082 seconds
[2026-04-28T12:14:25.627+0000] {processor.py:161} INFO - Started process (PID=360) to work on /home/airflow/.local/lib/python3.8/site-packages/airflow/example_dags/example_sensors.py
[2026-04-28T12:14:25.628+0000] {processor.py:830} INFO - Processing file /home/airflow/.local/lib/python3.8/site-packages/airflow/example_dags/example_sensors.py for tasks to queue
[2026-04-28T12:14:25.630+0000] {logging_mixin.py:188} INFO - [2026-04-28T12:14:25.630+0000] {dagbag.py:540} INFO - Filling up the DagBag from /home/airflow/.local/lib/python3.8/site-packages/airflow/example_dags/example_sensors.py
[2026-04-28T12:14:25.640+0000] {processor.py:840} INFO - DAG(s) 'example_sensors' retrieved from /home/airflow/.local/lib/python3.8/site-packages/airflow/example_dags/example_sensors.py
[2026-04-28T12:14:25.670+0000] {logging_mixin.py:188} INFO - [2026-04-28T12:14:25.669+0000] {dag.py:3047} INFO - Sync 1 DAGs
[2026-04-28T12:14:25.683+0000] {logging_mixin.py:188} INFO - [2026-04-28T12:14:25.683+0000] {dag.py:3834} INFO - Setting next_dagrun for example_sensors to None, run_after=None
[2026-04-28T12:14:25.711+0000] {processor.py:183} INFO - Processing /home/airflow/.local/lib/python3.8/site-packages/airflow/example_dags/example_sensors.py took 0.088 seconds
[2026-04-28T12:14:56.314+0000] {processor.py:161} INFO - Started process (PID=415) to work on /home/airflow/.local/lib/python3.8/site-packages/airflow/example_dags/example_sensors.py
[2026-04-28T12:14:56.315+0000] {processor.py:830} INFO - Processing file /home/airflow/.local/lib/python3.8/site-packages/airflow/example_dags/example_sensors.py for tasks to queue
[2026-04-28T12:14:56.317+0000] {logging_mixin.py:188} INFO - [2026-04-28T12:14:56.317+0000] {dagbag.py:540} INFO - Filling up the DagBag from /home/airflow/.local/lib/python3.8/site-packages/airflow/example_dags/example_sensors.py
[2026-04-28T12:14:56.327+0000] {processor.py:840} INFO - DAG(s) 'example_sensors' retrieved from /home/airflow/.local/lib/python3.8/site-packages/airflow/example_dags/example_sensors.py
[2026-04-28T12:14:56.355+0000] {logging_mixin.py:188} INFO - [2026-04-28T12:14:56.355+0000] {dag.py:3047} INFO - Sync 1 DAGs
[2026-04-28T12:14:56.369+0000] {logging_mixin.py:188} INFO - [2026-04-28T12:14:56.369+0000] {dag.py:3834} INFO - Setting next_dagrun for example_sensors to None, run_after=None
[2026-04-28T12:14:56.386+0000] {processor.py:183} INFO - Processing /home/airflow/.local/lib/python3.8/site-packages/airflow/example_dags/example_sensors.py took 0.076 seconds
[2026-04-28T12:15:26.923+0000] {processor.py:161} INFO - Started process (PID=470) to work on /home/airflow/.local/lib/python3.8/site-packages/airflow/example_dags/example_sensors.py
[2026-04-28T12:15:26.925+0000] {processor.py:830} INFO - Processing file /home/airflow/.local/lib/python3.8/site-packages/airflow/example_dags/example_sensors.py for tasks to queue
[2026-04-28T12:15:26.927+0000] {logging_mixin.py:188} INFO - [2026-04-28T12:15:26.927+0000] {dagbag.py:540} INFO - Filling up the DagBag from /home/airflow/.local/lib/python3.8/site-packages/airflow/example_dags/example_sensors.py
[2026-04-28T12:15:26.937+0000] {processor.py:840} INFO - DAG(s) 'example_sensors' retrieved from /home/airflow/.local/lib/python3.8/site-packages/airflow/example_dags/example_sensors.py
[2026-04-28T12:15:26.966+0000] {logging_mixin.py:188} INFO - [2026-04-28T12:15:26.966+0000] {dag.py:3047} INFO - Sync 1 DAGs
[2026-04-28T12:15:26.987+0000] {logging_mixin.py:188} INFO - [2026-04-28T12:15:26.986+0000] {dag.py:3834} INFO - Setting next_dagrun for example_sensors to None, run_after=None
[2026-04-28T12:15:27.012+0000] {processor.py:183} INFO - Processing /home/airflow/.local/lib/python3.8/site-packages/airflow/example_dags/example_sensors.py took 0.092 seconds
[2026-04-28T12:15:57.633+0000] {processor.py:161} INFO - Started process (PID=524) to work on /home/airflow/.local/lib/python3.8/site-packages/airflow/example_dags/example_sensors.py
[2026-04-28T12:15:57.635+0000] {processor.py:830} INFO - Processing file /home/airflow/.local/lib/python3.8/site-packages/airflow/example_dags/example_sensors.py for tasks to queue
[2026-04-28T12:15:57.637+0000] {logging_mixin.py:188} INFO - [2026-04-28T12:15:57.637+0000] {dagbag.py:540} INFO - Filling up the DagBag from /home/airflow/.local/lib/python3.8/site-packages/airflow/example_dags/example_sensors.py
[2026-04-28T12:15:57.647+0000] {processor.py:840} INFO - DAG(s) 'example_sensors' retrieved from /home/airflow/.local/lib/python3.8/site-packages/airflow/example_dags/example_sensors.py
[2026-04-28T12:15:57.676+0000] {logging_mixin.py:188} INFO - [2026-04-28T12:15:57.676+0000] {dag.py:3047} INFO - Sync 1 DAGs
[2026-04-28T12:15:57.690+0000] {logging_mixin.py:188} INFO - [2026-04-28T12:15:57.690+0000] {dag.py:3834} INFO - Setting next_dagrun for example_sensors to None, run_after=None
[2026-04-28T12:15:57.725+0000] {processor.py:183} INFO - Processing /home/airflow/.local/lib/python3.8/site-packages/airflow/example_dags/example_sensors.py took 0.096 seconds
[2026-04-28T12:16:28.854+0000] {processor.py:161} INFO - Started process (PID=579) to work on /home/airflow/.local/lib/python3.8/site-packages/airflow/example_dags/example_sensors.py
[2026-04-28T12:16:28.855+0000] {processor.py:830} INFO - Processing file /home/airflow/.local/lib/python3.8/site-packages/airflow/example_dags/example_sensors.py for tasks to queue
[2026-04-28T12:16:28.857+0000] {logging_mixin.py:188} INFO - [2026-04-28T12:16:28.857+0000] {dagbag.py:540} INFO - Filling up the DagBag from /home/airflow/.local/lib/python3.8/site-packages/airflow/example_dags/example_sensors.py
[2026-04-28T12:16:28.868+0000] {processor.py:840} INFO - DAG(s) 'example_sensors' retrieved from /home/airflow/.local/lib/python3.8/site-packages/airflow/example_dags/example_sensors.py
[2026-04-28T12:16:28.897+0000] {logging_mixin.py:188} INFO - [2026-04-28T12:16:28.897+0000] {dag.py:3047} INFO - Sync 1 DAGs
[2026-04-28T12:16:28.918+0000] {logging_mixin.py:188} INFO - [2026-04-28T12:16:28.918+0000] {dag.py:3834} INFO - Setting next_dagrun for example_sensors to None, run_after=None
[2026-04-28T12:16:28.954+0000] {processor.py:183} INFO - Processing /home/airflow/.local/lib/python3.8/site-packages/airflow/example_dags/example_sensors.py took 0.105 seconds
[2026-04-28T12:16:59.114+0000] {processor.py:161} INFO - Started process (PID=634) to work on /home/airflow/.local/lib/python3.8/site-packages/airflow/example_dags/example_sensors.py
[2026-04-28T12:16:59.115+0000] {processor.py:830} INFO - Processing file /home/airflow/.local/lib/python3.8/site-packages/airflow/example_dags/example_sensors.py for tasks to queue
[2026-04-28T12:16:59.117+0000] {logging_mixin.py:188} INFO - [2026-04-28T12:16:59.117+0000] {dagbag.py:540} INFO - Filling up the DagBag from /home/airflow/.local/lib/python3.8/site-packages/airflow/example_dags/example_sensors.py
[2026-04-28T12:16:59.128+0000] {processor.py:840} INFO - DAG(s) 'example_sensors' retrieved from /home/airflow/.local/lib/python3.8/site-packages/airflow/example_dags/example_sensors.py
[2026-04-28T12:16:59.157+0000] {logging_mixin.py:188} INFO - [2026-04-28T12:16:59.157+0000] {dag.py:3047} INFO - Sync 1 DAGs
[2026-04-28T12:16:59.170+0000] {logging_mixin.py:188} INFO - [2026-04-28T12:16:59.170+0000] {dag.py:3834} INFO - Setting next_dagrun for example_sensors to None, run_after=None
[2026-04-28T12:16:59.203+0000] {processor.py:183} INFO - Processing /home/airflow/.local/lib/python3.8/site-packages/airflow/example_dags/example_sensors.py took 0.093 seconds
[2026-04-28T12:17:29.964+0000] {processor.py:161} INFO - Started process (PID=689) to work on /home/airflow/.local/lib/python3.8/site-packages/airflow/example_dags/example_sensors.py
[2026-04-28T12:17:29.965+0000] {processor.py:830} INFO - Processing file /home/airflow/.local/lib/python3.8/site-packages/airflow/example_dags/example_sensors.py for tasks to queue
[2026-04-28T12:17:29.967+0000] {logging_mixin.py:188} INFO - [2026-04-28T12:17:29.966+0000] {dagbag.py:540} INFO - Filling up the DagBag from /home/airflow/.local/lib/python3.8/site-packages/airflow/example_dags/example_sensors.py
[2026-04-28T12:17:29.976+0000] {processor.py:840} INFO - DAG(s) 'example_sensors' retrieved from /home/airflow/.local/lib/python3.8/site-packages/airflow/example_dags/example_sensors.py
[2026-04-28T12:17:30.011+0000] {logging_mixin.py:188} INFO - [2026-04-28T12:17:30.011+0000] {dag.py:3047} INFO - Sync 1 DAGs
[2026-04-28T12:17:30.025+0000] {logging_mixin.py:188} INFO - [2026-04-28T12:17:30.024+0000] {dag.py:3834} INFO - Setting next_dagrun for example_sensors to None, run_after=None
[2026-04-28T12:17:30.044+0000] {processor.py:183} INFO - Processing /home/airflow/.local/lib/python3.8/site-packages/airflow/example_dags/example_sensors.py took 0.083 seconds
[2026-04-28T12:18:00.092+0000] {processor.py:161} INFO - Started process (PID=744) to work on /home/airflow/.local/lib/python3.8/site-packages/airflow/example_dags/example_sensors.py
[2026-04-28T12:18:00.093+0000] {processor.py:830} INFO - Processing file /home/airflow/.local/lib/python3.8/site-packages/airflow/example_dags/example_sensors.py for tasks to queue
[2026-04-28T12:18:00.095+0000] {logging_mixin.py:188} INFO - [2026-04-28T12:18:00.095+0000] {dagbag.py:540} INFO - Filling up the DagBag from /home/airflow/.local/lib/python3.8/site-packages/airflow/example_dags/example_sensors.py
[2026-04-28T12:18:00.102+0000] {processor.py:840} INFO - DAG(s) 'example_sensors' retrieved from /home/airflow/.local/lib/python3.8/site-packages/airflow/example_dags/example_sensors.py
[2026-04-28T12:18:00.121+0000] {logging_mixin.py:188} INFO - [2026-04-28T12:18:00.120+0000] {dag.py:3047} INFO - Sync 1 DAGs
[2026-04-28T12:18:00.130+0000] {logging_mixin.py:188} INFO - [2026-04-28T12:18:00.130+0000] {dag.py:3834} INFO - Setting next_dagrun for example_sensors to None, run_after=None
[2026-04-28T12:18:00.146+0000] {processor.py:183} INFO - Processing /home/airflow/.local/lib/python3.8/site-packages/airflow/example_dags/example_sensors.py took 0.058 seconds
[2026-04-28T12:18:30.410+0000] {processor.py:161} INFO - Started process (PID=799) to work on /home/airflow/.local/lib/python3.8/site-packages/airflow/example_dags/example_sensors.py
[2026-04-28T12:18:30.411+0000] {processor.py:830} INFO - Processing file /home/airflow/.local/lib/python3.8/site-packages/airflow/example_dags/example_sensors.py for tasks to queue
[2026-04-28T12:18:30.412+0000] {logging_mixin.py:188} INFO - [2026-04-28T12:18:30.412+0000] {dagbag.py:540} INFO - Filling up the DagBag from /home/airflow/.local/lib/python3.8/site-packages/airflow/example_dags/example_sensors.py
[2026-04-28T12:18:30.422+0000] {processor.py:840} INFO - DAG(s) 'example_sensors' retrieved from /home/airflow/.local/lib/python3.8/site-packages/airflow/example_dags/example_sensors.py
[2026-04-28T12:18:30.450+0000] {logging_mixin.py:188} INFO - [2026-04-28T12:18:30.449+0000] {dag.py:3047} INFO - Sync 1 DAGs
[2026-04-28T12:18:30.464+0000] {logging_mixin.py:188} INFO - [2026-04-28T12:18:30.463+0000] {dag.py:3834} INFO - Setting next_dagrun for example_sensors to None, run_after=None
[2026-04-28T12:18:30.483+0000] {processor.py:183} INFO - Processing /home/airflow/.local/lib/python3.8/site-packages/airflow/example_dags/example_sensors.py took 0.077 seconds
[2026-04-28T12:19:00.843+0000] {processor.py:161} INFO - Started process (PID=854) to work on /home/airflow/.local/lib/python3.8/site-packages/airflow/example_dags/example_sensors.py
[2026-04-28T12:19:00.844+0000] {processor.py:830} INFO - Processing file /home/airflow/.local/lib/python3.8/site-packages/airflow/example_dags/example_sensors.py for tasks to queue
[2026-04-28T12:19:00.846+0000] {logging_mixin.py:188} INFO - [2026-04-28T12:19:00.846+0000] {dagbag.py:540} INFO - Filling up the DagBag from /home/airflow/.local/lib/python3.8/site-packages/airflow/example_dags/example_sensors.py
[2026-04-28T12:19:00.857+0000] {processor.py:840} INFO - DAG(s) 'example_sensors' retrieved from /home/airflow/.local/lib/python3.8/site-packages/airflow/example_dags/example_sensors.py
[2026-04-28T12:19:00.885+0000] {logging_mixin.py:188} INFO - [2026-04-28T12:19:00.885+0000] {dag.py:3047} INFO - Sync 1 DAGs
[2026-04-28T12:19:00.900+0000] {logging_mixin.py:188} INFO - [2026-04-28T12:19:00.899+0000] {dag.py:3834} INFO - Setting next_dagrun for example_sensors to None, run_after=None
[2026-04-28T12:19:00.917+0000] {processor.py:183} INFO - Processing /home/airflow/.local/lib/python3.8/site-packages/airflow/example_dags/example_sensors.py took 0.078 seconds
[2026-04-28T12:19:31.044+0000] {processor.py:161} INFO - Started process (PID=909) to work on /home/airflow/.local/lib/python3.8/site-packages/airflow/example_dags/example_sensors.py
[2026-04-28T12:19:31.045+0000] {processor.py:830} INFO - Processing file /home/airflow/.local/lib/python3.8/site-packages/airflow/example_dags/example_sensors.py for tasks to queue
[2026-04-28T12:19:31.047+0000] {logging_mixin.py:188} INFO - [2026-04-28T12:19:31.047+0000] {dagbag.py:540} INFO - Filling up the DagBag from /home/airflow/.local/lib/python3.8/site-packages/airflow/example_dags/example_sensors.py
[2026-04-28T12:19:31.054+0000] {processor.py:840} INFO - DAG(s) 'example_sensors' retrieved from /home/airflow/.local/lib/python3.8/site-packages/airflow/example_dags/example_sensors.py
[2026-04-28T12:19:31.073+0000] {logging_mixin.py:188} INFO - [2026-04-28T12:19:31.073+0000] {dag.py:3047} INFO - Sync 1 DAGs
[2026-04-28T12:19:31.083+0000] {logging_mixin.py:188} INFO - [2026-04-28T12:19:31.083+0000] {dag.py:3834} INFO - Setting next_dagrun for example_sensors to None, run_after=None
[2026-04-28T12:19:31.096+0000] {processor.py:183} INFO - Processing /home/airflow/.local/lib/python3.8/site-packages/airflow/example_dags/example_sensors.py took 0.054 seconds
[2026-04-28T12:20:01.734+0000] {processor.py:161} INFO - Started process (PID=969) to work on /home/airflow/.local/lib/python3.8/site-packages/airflow/example_dags/example_sensors.py
[2026-04-28T12:20:01.735+0000] {processor.py:830} INFO - Processing file /home/airflow/.local/lib/python3.8/site-packages/airflow/example_dags/example_sensors.py for tasks to queue
[2026-04-28T12:20:01.737+0000] {logging_mixin.py:188} INFO - [2026-04-28T12:20:01.737+0000] {dagbag.py:540} INFO - Filling up the DagBag from /home/airflow/.local/lib/python3.8/site-packages/airflow/example_dags/example_sensors.py
[2026-04-28T12:20:01.748+0000] {processor.py:840} INFO - DAG(s) 'example_sensors' retrieved from /home/airflow/.local/lib/python3.8/site-packages/airflow/example_dags/example_sensors.py
[2026-04-28T12:20:01.780+0000] {logging_mixin.py:188} INFO - [2026-04-28T12:20:01.780+0000] {dag.py:3047} INFO - Sync 1 DAGs
[2026-04-28T12:20:01.794+0000] {logging_mixin.py:188} INFO - [2026-04-28T12:20:01.794+0000] {dag.py:3834} INFO - Setting next_dagrun for example_sensors to None, run_after=None
[2026-04-28T12:20:01.812+0000] {processor.py:183} INFO - Processing /home/airflow/.local/lib/python3.8/site-packages/airflow/example_dags/example_sensors.py took 0.082 seconds
[2026-04-28T12:20:31.905+0000] {processor.py:161} INFO - Started process (PID=1024) to work on /home/airflow/.local/lib/python3.8/site-packages/airflow/example_dags/example_sensors.py
[2026-04-28T12:20:31.906+0000] {processor.py:830} INFO - Processing file /home/airflow/.local/lib/python3.8/site-packages/airflow/example_dags/example_sensors.py for tasks to queue
[2026-04-28T12:20:31.908+0000] {logging_mixin.py:188} INFO - [2026-04-28T12:20:31.907+0000] {dagbag.py:540} INFO - Filling up the DagBag from /home/airflow/.local/lib/python3.8/site-packages/airflow/example_dags/example_sensors.py
[2026-04-28T12:20:31.918+0000] {processor.py:840} INFO - DAG(s) 'example_sensors' retrieved from /home/airflow/.local/lib/python3.8/site-packages/airflow/example_dags/example_sensors.py
[2026-04-28T12:20:31.946+0000] {logging_mixin.py:188} INFO - [2026-04-28T12:20:31.945+0000] {dag.py:3047} INFO - Sync 1 DAGs
[2026-04-28T12:20:31.959+0000] {logging_mixin.py:188} INFO - [2026-04-28T12:20:31.959+0000] {dag.py:3834} INFO - Setting next_dagrun for example_sensors to None, run_after=None
[2026-04-28T12:20:31.975+0000] {processor.py:183} INFO - Processing /home/airflow/.local/lib/python3.8/site-packages/airflow/example_dags/example_sensors.py took 0.075 seconds
[2026-04-28T12:21:02.631+0000] {processor.py:161} INFO - Started process (PID=1079) to work on /home/airflow/.local/lib/python3.8/site-packages/airflow/example_dags/example_sensors.py
[2026-04-28T12:21:02.632+0000] {processor.py:830} INFO - Processing file /home/airflow/.local/lib/python3.8/site-packages/airflow/example_dags/example_sensors.py for tasks to queue
[2026-04-28T12:21:02.634+0000] {logging_mixin.py:188} INFO - [2026-04-28T12:21:02.634+0000] {dagbag.py:540} INFO - Filling up the DagBag from /home/airflow/.local/lib/python3.8/site-packages/airflow/example_dags/example_sensors.py
[2026-04-28T12:21:02.646+0000] {processor.py:840} INFO - DAG(s) 'example_sensors' retrieved from /home/airflow/.local/lib/python3.8/site-packages/airflow/example_dags/example_sensors.py
[2026-04-28T12:21:02.685+0000] {logging_mixin.py:188} INFO - [2026-04-28T12:21:02.685+0000] {dag.py:3047} INFO - Sync 1 DAGs
[2026-04-28T12:21:02.700+0000] {logging_mixin.py:188} INFO - [2026-04-28T12:21:02.699+0000] {dag.py:3834} INFO - Setting next_dagrun for example_sensors to None, run_after=None
[2026-04-28T12:21:02.719+0000] {processor.py:183} INFO - Processing /home/airflow/.local/lib/python3.8/site-packages/airflow/example_dags/example_sensors.py took 0.092 seconds
[2026-04-28T12:21:32.788+0000] {processor.py:161} INFO - Started process (PID=1134) to work on /home/airflow/.local/lib/python3.8/site-packages/airflow/example_dags/example_sensors.py
[2026-04-28T12:21:32.789+0000] {processor.py:830} INFO - Processing file /home/airflow/.local/lib/python3.8/site-packages/airflow/example_dags/example_sensors.py for tasks to queue
[2026-04-28T12:21:32.790+0000] {logging_mixin.py:188} INFO - [2026-04-28T12:21:32.790+0000] {dagbag.py:540} INFO - Filling up the DagBag from /home/airflow/.local/lib/python3.8/site-packages/airflow/example_dags/example_sensors.py
[2026-04-28T12:21:32.797+0000] {processor.py:840} INFO - DAG(s) 'example_sensors' retrieved from /home/airflow/.local/lib/python3.8/site-packages/airflow/example_dags/example_sensors.py
[2026-04-28T12:21:32.816+0000] {logging_mixin.py:188} INFO - [2026-04-28T12:21:32.816+0000] {dag.py:3047} INFO - Sync 1 DAGs
[2026-04-28T12:21:32.826+0000] {logging_mixin.py:188} INFO - [2026-04-28T12:21:32.825+0000] {dag.py:3834} INFO - Setting next_dagrun for example_sensors to None, run_after=None
[2026-04-28T12:21:32.839+0000] {processor.py:183} INFO - Processing /home/airflow/.local/lib/python3.8/site-packages/airflow/example_dags/example_sensors.py took 0.054 seconds
[2026-04-28T12:22:03.515+0000] {processor.py:161} INFO - Started process (PID=1189) to work on /home/airflow/.local/lib/python3.8/site-packages/airflow/example_dags/example_sensors.py
[2026-04-28T12:22:03.515+0000] {processor.py:830} INFO - Processing file /home/airflow/.local/lib/python3.8/site-packages/airflow/example_dags/example_sensors.py for tasks to queue
[2026-04-28T12:22:03.517+0000] {logging_mixin.py:188} INFO - [2026-04-28T12:22:03.517+0000] {dagbag.py:540} INFO - Filling up the DagBag from /home/airflow/.local/lib/python3.8/site-packages/airflow/example_dags/example_sensors.py
[2026-04-28T12:22:03.524+0000] {processor.py:840} INFO - DAG(s) 'example_sensors' retrieved from /home/airflow/.local/lib/python3.8/site-packages/airflow/example_dags/example_sensors.py
[2026-04-28T12:22:03.543+0000] {logging_mixin.py:188} INFO - [2026-04-28T12:22:03.543+0000] {dag.py:3047} INFO - Sync 1 DAGs
[2026-04-28T12:22:03.553+0000] {logging_mixin.py:188} INFO - [2026-04-28T12:22:03.552+0000] {dag.py:3834} INFO - Setting next_dagrun for example_sensors to None, run_after=None
[2026-04-28T12:22:03.566+0000] {processor.py:183} INFO - Processing /home/airflow/.local/lib/python3.8/site-packages/airflow/example_dags/example_sensors.py took 0.054 seconds
[2026-04-28T12:22:33.656+0000] {processor.py:161} INFO - Started process (PID=1244) to work on /home/airflow/.local/lib/python3.8/site-packages/airflow/example_dags/example_sensors.py
[2026-04-28T12:22:33.657+0000] {processor.py:830} INFO - Processing file /home/airflow/.local/lib/python3.8/site-packages/airflow/example_dags/example_sensors.py for tasks to queue
[2026-04-28T12:22:33.659+0000] {logging_mixin.py:188} INFO - [2026-04-28T12:22:33.659+0000] {dagbag.py:540} INFO - Filling up the DagBag from /home/airflow/.local/lib/python3.8/site-packages/airflow/example_dags/example_sensors.py
[2026-04-28T12:22:33.669+0000] {processor.py:840} INFO - DAG(s) 'example_sensors' retrieved from /home/airflow/.local/lib/python3.8/site-packages/airflow/example_dags/example_sensors.py
[2026-04-28T12:22:33.692+0000] {logging_mixin.py:188} INFO - [2026-04-28T12:22:33.692+0000] {dag.py:3047} INFO - Sync 1 DAGs
[2026-04-28T12:22:33.702+0000] {logging_mixin.py:188} INFO - [2026-04-28T12:22:33.701+0000] {dag.py:3834} INFO - Setting next_dagrun for example_sensors to None, run_after=None
[2026-04-28T12:22:33.715+0000] {processor.py:183} INFO - Processing /home/airflow/.local/lib/python3.8/site-packages/airflow/example_dags/example_sensors.py took 0.064 seconds
[2026-04-28T12:23:04.278+0000] {processor.py:161} INFO - Started process (PID=1299) to work on /home/airflow/.local/lib/python3.8/site-packages/airflow/example_dags/example_sensors.py
[2026-04-28T12:23:04.279+0000] {processor.py:830} INFO - Processing file /home/airflow/.local/lib/python3.8/site-packages/airflow/example_dags/example_sensors.py for tasks to queue
[2026-04-28T12:23:04.281+0000] {logging_mixin.py:188} INFO - [2026-04-28T12:23:04.281+0000] {dagbag.py:540} INFO - Filling up the DagBag from /home/airflow/.local/lib/python3.8/site-packages/airflow/example_dags/example_sensors.py
[2026-04-28T12:23:04.292+0000] {processor.py:840} INFO - DAG(s) 'example_sensors' retrieved from /home/airflow/.local/lib/python3.8/site-packages/airflow/example_dags/example_sensors.py
[2026-04-28T12:23:04.321+0000] {logging_mixin.py:188} INFO - [2026-04-28T12:23:04.320+0000] {dag.py:3047} INFO - Sync 1 DAGs
[2026-04-28T12:23:04.335+0000] {logging_mixin.py:188} INFO - [2026-04-28T12:23:04.334+0000] {dag.py:3834} INFO - Setting next_dagrun for example_sensors to None, run_after=None
[2026-04-28T12:23:04.352+0000] {processor.py:183} INFO - Processing /home/airflow/.local/lib/python3.8/site-packages/airflow/example_dags/example_sensors.py took 0.078 seconds
[2026-04-28T12:23:34.438+0000] {processor.py:161} INFO - Started process (PID=1354) to work on /home/airflow/.local/lib/python3.8/site-packages/airflow/example_dags/example_sensors.py
[2026-04-28T12:23:34.439+0000] {processor.py:830} INFO - Processing file /home/airflow/.local/lib/python3.8/site-packages/airflow/example_dags/example_sensors.py for tasks to queue
[2026-04-28T12:23:34.441+0000] {logging_mixin.py:188} INFO - [2026-04-28T12:23:34.441+0000] {dagbag.py:540} INFO - Filling up the DagBag from /home/airflow/.local/lib/python3.8/site-packages/airflow/example_dags/example_sensors.py
[2026-04-28T12:23:34.451+0000] {processor.py:840} INFO - DAG(s) 'example_sensors' retrieved from /home/airflow/.local/lib/python3.8/site-packages/airflow/example_dags/example_sensors.py
[2026-04-28T12:23:34.516+0000] {logging_mixin.py:188} INFO - [2026-04-28T12:23:34.516+0000] {dag.py:3047} INFO - Sync 1 DAGs
[2026-04-28T12:23:34.535+0000] {logging_mixin.py:188} INFO - [2026-04-28T12:23:34.535+0000] {dag.py:3834} INFO - Setting next_dagrun for example_sensors to None, run_after=None
[2026-04-28T12:23:34.552+0000] {processor.py:183} INFO - Processing /home/airflow/.local/lib/python3.8/site-packages/airflow/example_dags/example_sensors.py took 0.118 seconds
[2026-04-28T12:24:05.231+0000] {processor.py:161} INFO - Started process (PID=1409) to work on /home/airflow/.local/lib/python3.8/site-packages/airflow/example_dags/example_sensors.py
[2026-04-28T12:24:05.232+0000] {processor.py:830} INFO - Processing file /home/airflow/.local/lib/python3.8/site-packages/airflow/example_dags/example_sensors.py for tasks to queue
[2026-04-28T12:24:05.234+0000] {logging_mixin.py:188} INFO - [2026-04-28T12:24:05.233+0000] {dagbag.py:540} INFO - Filling up the DagBag from /home/airflow/.local/lib/python3.8/site-packages/airflow/example_dags/example_sensors.py
[2026-04-28T12:24:05.240+0000] {processor.py:840} INFO - DAG(s) 'example_sensors' retrieved from /home/airflow/.local/lib/python3.8/site-packages/airflow/example_dags/example_sensors.py
[2026-04-28T12:24:05.263+0000] {logging_mixin.py:188} INFO - [2026-04-28T12:24:05.263+0000] {dag.py:3047} INFO - Sync 1 DAGs
[2026-04-28T12:24:05.275+0000] {logging_mixin.py:188} INFO - [2026-04-28T12:24:05.274+0000] {dag.py:3834} INFO - Setting next_dagrun for example_sensors to None, run_after=None
[2026-04-28T12:24:05.288+0000] {processor.py:183} INFO - Processing /home/airflow/.local/lib/python3.8/site-packages/airflow/example_dags/example_sensors.py took 0.060 seconds
[2026-04-28T12:24:35.419+0000] {processor.py:161} INFO - Started process (PID=1464) to work on /home/airflow/.local/lib/python3.8/site-packages/airflow/example_dags/example_sensors.py
[2026-04-28T12:24:35.420+0000] {processor.py:830} INFO - Processing file /home/airflow/.local/lib/python3.8/site-packages/airflow/example_dags/example_sensors.py for tasks to queue
[2026-04-28T12:24:35.422+0000] {logging_mixin.py:188} INFO - [2026-04-28T12:24:35.422+0000] {dagbag.py:540} INFO - Filling up the DagBag from /home/airflow/.local/lib/python3.8/site-packages/airflow/example_dags/example_sensors.py
[2026-04-28T12:24:35.435+0000] {processor.py:840} INFO - DAG(s) 'example_sensors' retrieved from /home/airflow/.local/lib/python3.8/site-packages/airflow/example_dags/example_sensors.py
[2026-04-28T12:24:35.471+0000] {logging_mixin.py:188} INFO - [2026-04-28T12:24:35.470+0000] {dag.py:3047} INFO - Sync 1 DAGs
[2026-04-28T12:24:35.484+0000] {logging_mixin.py:188} INFO - [2026-04-28T12:24:35.483+0000] {dag.py:3834} INFO - Setting next_dagrun for example_sensors to None, run_after=None
[2026-04-28T12:24:35.500+0000] {processor.py:183} INFO - Processing /home/airflow/.local/lib/python3.8/site-packages/airflow/example_dags/example_sensors.py took 0.095 seconds
[2026-04-28T12:25:06.586+0000] {processor.py:161} INFO - Started process (PID=1519) to work on /home/airflow/.local/lib/python3.8/site-packages/airflow/example_dags/example_sensors.py
[2026-04-28T12:25:06.589+0000] {processor.py:830} INFO - Processing file /home/airflow/.local/lib/python3.8/site-packages/airflow/example_dags/example_sensors.py for tasks to queue
[2026-04-28T12:25:06.593+0000] {logging_mixin.py:188} INFO - [2026-04-28T12:25:06.592+0000] {dagbag.py:540} INFO - Filling up the DagBag from /home/airflow/.local/lib/python3.8/site-packages/airflow/example_dags/example_sensors.py
[2026-04-28T12:25:06.607+0000] {processor.py:840} INFO - DAG(s) 'example_sensors' retrieved from /home/airflow/.local/lib/python3.8/site-packages/airflow/example_dags/example_sensors.py
[2026-04-28T12:25:06.635+0000] {logging_mixin.py:188} INFO - [2026-04-28T12:25:06.635+0000] {dag.py:3047} INFO - Sync 1 DAGs
[2026-04-28T12:25:06.650+0000] {logging_mixin.py:188} INFO - [2026-04-28T12:25:06.649+0000] {dag.py:3834} INFO - Setting next_dagrun for example_sensors to None, run_after=None
[2026-04-28T12:25:06.670+0000] {processor.py:183} INFO - Processing /home/airflow/.local/lib/python3.8/site-packages/airflow/example_dags/example_sensors.py took 0.091 seconds
[2026-04-28T12:25:37.753+0000] {processor.py:161} INFO - Started process (PID=1574) to work on /home/airflow/.local/lib/python3.8/site-packages/airflow/example_dags/example_sensors.py
[2026-04-28T12:25:37.756+0000] {processor.py:830} INFO - Processing file /home/airflow/.local/lib/python3.8/site-packages/airflow/example_dags/example_sensors.py for tasks to queue
[2026-04-28T12:25:37.758+0000] {logging_mixin.py:188} INFO - [2026-04-28T12:25:37.758+0000] {dagbag.py:540} INFO - Filling up the DagBag from /home/airflow/.local/lib/python3.8/site-packages/airflow/example_dags/example_sensors.py
[2026-04-28T12:25:37.775+0000] {processor.py:840} INFO - DAG(s) 'example_sensors' retrieved from /home/airflow/.local/lib/python3.8/site-packages/airflow/example_dags/example_sensors.py
[2026-04-28T12:25:37.803+0000] {logging_mixin.py:188} INFO - [2026-04-28T12:25:37.803+0000] {dag.py:3047} INFO - Sync 1 DAGs
[2026-04-28T12:25:37.817+0000] {logging_mixin.py:188} INFO - [2026-04-28T12:25:37.817+0000] {dag.py:3834} INFO - Setting next_dagrun for example_sensors to None, run_after=None
[2026-04-28T12:25:37.848+0000] {processor.py:183} INFO - Processing /home/airflow/.local/lib/python3.8/site-packages/airflow/example_dags/example_sensors.py took 0.102 seconds
[2026-04-28T12:26:08.873+0000] {processor.py:161} INFO - Started process (PID=1629) to work on /home/airflow/.local/lib/python3.8/site-packages/airflow/example_dags/example_sensors.py
[2026-04-28T12:26:08.875+0000] {processor.py:830} INFO - Processing file /home/airflow/.local/lib/python3.8/site-packages/airflow/example_dags/example_sensors.py for tasks to queue
[2026-04-28T12:26:08.877+0000] {logging_mixin.py:188} INFO - [2026-04-28T12:26:08.876+0000] {dagbag.py:540} INFO - Filling up the DagBag from /home/airflow/.local/lib/python3.8/site-packages/airflow/example_dags/example_sensors.py
[2026-04-28T12:26:08.887+0000] {processor.py:840} INFO - DAG(s) 'example_sensors' retrieved from /home/airflow/.local/lib/python3.8/site-packages/airflow/example_dags/example_sensors.py
[2026-04-28T12:26:08.916+0000] {logging_mixin.py:188} INFO - [2026-04-28T12:26:08.916+0000] {dag.py:3047} INFO - Sync 1 DAGs
[2026-04-28T12:26:08.930+0000] {logging_mixin.py:188} INFO - [2026-04-28T12:26:08.930+0000] {dag.py:3834} INFO - Setting next_dagrun for example_sensors to None, run_after=None
[2026-04-28T12:26:08.948+0000] {processor.py:183} INFO - Processing /home/airflow/.local/lib/python3.8/site-packages/airflow/example_dags/example_sensors.py took 0.079 seconds
[2026-04-28T12:26:39.454+0000] {processor.py:161} INFO - Started process (PID=1684) to work on /home/airflow/.local/lib/python3.8/site-packages/airflow/example_dags/example_sensors.py
[2026-04-28T12:26:39.455+0000] {processor.py:830} INFO - Processing file /home/airflow/.local/lib/python3.8/site-packages/airflow/example_dags/example_sensors.py for tasks to queue
[2026-04-28T12:26:39.457+0000] {logging_mixin.py:188} INFO - [2026-04-28T12:26:39.457+0000] {dagbag.py:540} INFO - Filling up the DagBag from /home/airflow/.local/lib/python3.8/site-packages/airflow/example_dags/example_sensors.py
[2026-04-28T12:26:39.469+0000] {processor.py:840} INFO - DAG(s) 'example_sensors' retrieved from /home/airflow/.local/lib/python3.8/site-packages/airflow/example_dags/example_sensors.py
[2026-04-28T12:26:39.500+0000] {logging_mixin.py:188} INFO - [2026-04-28T12:26:39.499+0000] {dag.py:3047} INFO - Sync 1 DAGs
[2026-04-28T12:26:39.513+0000] {logging_mixin.py:188} INFO - [2026-04-28T12:26:39.513+0000] {dag.py:3834} INFO - Setting next_dagrun for example_sensors to None, run_after=None
[2026-04-28T12:26:39.531+0000] {processor.py:183} INFO - Processing /home/airflow/.local/lib/python3.8/site-packages/airflow/example_dags/example_sensors.py took 0.081 seconds
[2026-04-28T12:27:10.430+0000] {processor.py:161} INFO - Started process (PID=1740) to work on /home/airflow/.local/lib/python3.8/site-packages/airflow/example_dags/example_sensors.py
[2026-04-28T12:27:10.433+0000] {processor.py:830} INFO - Processing file /home/airflow/.local/lib/python3.8/site-packages/airflow/example_dags/example_sensors.py for tasks to queue
[2026-04-28T12:27:10.439+0000] {logging_mixin.py:188} INFO - [2026-04-28T12:27:10.438+0000] {dagbag.py:540} INFO - Filling up the DagBag from /home/airflow/.local/lib/python3.8/site-packages/airflow/example_dags/example_sensors.py
[2026-04-28T12:27:10.463+0000] {processor.py:840} INFO - DAG(s) 'example_sensors' retrieved from /home/airflow/.local/lib/python3.8/site-packages/airflow/example_dags/example_sensors.py
[2026-04-28T12:27:10.529+0000] {logging_mixin.py:188} INFO - [2026-04-28T12:27:10.528+0000] {dag.py:3047} INFO - Sync 1 DAGs
[2026-04-28T12:27:10.579+0000] {logging_mixin.py:188} INFO - [2026-04-28T12:27:10.579+0000] {dag.py:3834} INFO - Setting next_dagrun for example_sensors to None, run_after=None
[2026-04-28T12:27:10.633+0000] {processor.py:183} INFO - Processing /home/airflow/.local/lib/python3.8/site-packages/airflow/example_dags/example_sensors.py took 0.211 seconds
[2026-04-28T12:27:40.724+0000] {processor.py:161} INFO - Started process (PID=1795) to work on /home/airflow/.local/lib/python3.8/site-packages/airflow/example_dags/example_sensors.py
[2026-04-28T12:27:40.725+0000] {processor.py:830} INFO - Processing file /home/airflow/.local/lib/python3.8/site-packages/airflow/example_dags/example_sensors.py for tasks to queue
[2026-04-28T12:27:40.727+0000] {logging_mixin.py:188} INFO - [2026-04-28T12:27:40.727+0000] {dagbag.py:540} INFO - Filling up the DagBag from /home/airflow/.local/lib/python3.8/site-packages/airflow/example_dags/example_sensors.py
[2026-04-28T12:27:40.738+0000] {processor.py:840} INFO - DAG(s) 'example_sensors' retrieved from /home/airflow/.local/lib/python3.8/site-packages/airflow/example_dags/example_sensors.py
[2026-04-28T12:27:40.766+0000] {logging_mixin.py:188} INFO - [2026-04-28T12:27:40.766+0000] {dag.py:3047} INFO - Sync 1 DAGs
[2026-04-28T12:27:40.780+0000] {logging_mixin.py:188} INFO - [2026-04-28T12:27:40.780+0000] {dag.py:3834} INFO - Setting next_dagrun for example_sensors to None, run_after=None
[2026-04-28T12:27:40.798+0000] {processor.py:183} INFO - Processing /home/airflow/.local/lib/python3.8/site-packages/airflow/example_dags/example_sensors.py took 0.078 seconds
[2026-04-28T12:28:10.852+0000] {processor.py:161} INFO - Started process (PID=1851) to work on /home/airflow/.local/lib/python3.8/site-packages/airflow/example_dags/example_sensors.py
[2026-04-28T12:28:10.853+0000] {processor.py:830} INFO - Processing file /home/airflow/.local/lib/python3.8/site-packages/airflow/example_dags/example_sensors.py for tasks to queue
[2026-04-28T12:28:10.855+0000] {logging_mixin.py:188} INFO - [2026-04-28T12:28:10.855+0000] {dagbag.py:540} INFO - Filling up the DagBag from /home/airflow/.local/lib/python3.8/site-packages/airflow/example_dags/example_sensors.py
[2026-04-28T12:28:10.864+0000] {processor.py:840} INFO - DAG(s) 'example_sensors' retrieved from /home/airflow/.local/lib/python3.8/site-packages/airflow/example_dags/example_sensors.py
[2026-04-28T12:28:10.892+0000] {logging_mixin.py:188} INFO - [2026-04-28T12:28:10.891+0000] {dag.py:3047} INFO - Sync 1 DAGs
[2026-04-28T12:28:10.906+0000] {logging_mixin.py:188} INFO - [2026-04-28T12:28:10.906+0000] {dag.py:3834} INFO - Setting next_dagrun for example_sensors to None, run_after=None
[2026-04-28T12:28:10.923+0000] {processor.py:183} INFO - Processing /home/airflow/.local/lib/python3.8/site-packages/airflow/example_dags/example_sensors.py took 0.074 seconds
[2026-04-28T12:28:41.693+0000] {processor.py:161} INFO - Started process (PID=1907) to work on /home/airflow/.local/lib/python3.8/site-packages/airflow/example_dags/example_sensors.py
[2026-04-28T12:28:41.694+0000] {processor.py:830} INFO - Processing file /home/airflow/.local/lib/python3.8/site-packages/airflow/example_dags/example_sensors.py for tasks to queue
[2026-04-28T12:28:41.696+0000] {logging_mixin.py:188} INFO - [2026-04-28T12:28:41.696+0000] {dagbag.py:540} INFO - Filling up the DagBag from /home/airflow/.local/lib/python3.8/site-packages/airflow/example_dags/example_sensors.py
[2026-04-28T12:28:41.707+0000] {processor.py:840} INFO - DAG(s) 'example_sensors' retrieved from /home/airflow/.local/lib/python3.8/site-packages/airflow/example_dags/example_sensors.py
[2026-04-28T12:28:41.740+0000] {logging_mixin.py:188} INFO - [2026-04-28T12:28:41.739+0000] {dag.py:3047} INFO - Sync 1 DAGs
[2026-04-28T12:28:41.776+0000] {logging_mixin.py:188} INFO - [2026-04-28T12:28:41.776+0000] {dag.py:3834} INFO - Setting next_dagrun for example_sensors to None, run_after=None
[2026-04-28T12:28:41.821+0000] {processor.py:183} INFO - Processing /home/airflow/.local/lib/python3.8/site-packages/airflow/example_dags/example_sensors.py took 0.131 seconds
[2026-04-28T12:29:12.335+0000] {processor.py:161} INFO - Started process (PID=1963) to work on /home/airflow/.local/lib/python3.8/site-packages/airflow/example_dags/example_sensors.py
[2026-04-28T12:29:12.336+0000] {processor.py:830} INFO - Processing file /home/airflow/.local/lib/python3.8/site-packages/airflow/example_dags/example_sensors.py for tasks to queue
[2026-04-28T12:29:12.338+0000] {logging_mixin.py:188} INFO - [2026-04-28T12:29:12.338+0000] {dagbag.py:540} INFO - Filling up the DagBag from /home/airflow/.local/lib/python3.8/site-packages/airflow/example_dags/example_sensors.py
[2026-04-28T12:29:12.348+0000] {processor.py:840} INFO - DAG(s) 'example_sensors' retrieved from /home/airflow/.local/lib/python3.8/site-packages/airflow/example_dags/example_sensors.py
[2026-04-28T12:29:12.381+0000] {logging_mixin.py:188} INFO - [2026-04-28T12:29:12.381+0000] {dag.py:3047} INFO - Sync 1 DAGs
[2026-04-28T12:29:12.395+0000] {logging_mixin.py:188} INFO - [2026-04-28T12:29:12.395+0000] {dag.py:3834} INFO - Setting next_dagrun for example_sensors to None, run_after=None
[2026-04-28T12:29:12.413+0000] {processor.py:183} INFO - Processing /home/airflow/.local/lib/python3.8/site-packages/airflow/example_dags/example_sensors.py took 0.081 seconds
[2026-04-28T12:29:42.680+0000] {processor.py:161} INFO - Started process (PID=2019) to work on /home/airflow/.local/lib/python3.8/site-packages/airflow/example_dags/example_sensors.py
[2026-04-28T12:29:42.681+0000] {processor.py:830} INFO - Processing file /home/airflow/.local/lib/python3.8/site-packages/airflow/example_dags/example_sensors.py for tasks to queue
[2026-04-28T12:29:42.683+0000] {logging_mixin.py:188} INFO - [2026-04-28T12:29:42.683+0000] {dagbag.py:540} INFO - Filling up the DagBag from /home/airflow/.local/lib/python3.8/site-packages/airflow/example_dags/example_sensors.py
[2026-04-28T12:29:42.693+0000] {processor.py:840} INFO - DAG(s) 'example_sensors' retrieved from /home/airflow/.local/lib/python3.8/site-packages/airflow/example_dags/example_sensors.py
[2026-04-28T12:29:42.723+0000] {logging_mixin.py:188} INFO - [2026-04-28T12:29:42.722+0000] {dag.py:3047} INFO - Sync 1 DAGs
[2026-04-28T12:29:42.736+0000] {logging_mixin.py:188} INFO - [2026-04-28T12:29:42.736+0000] {dag.py:3834} INFO - Setting next_dagrun for example_sensors to None, run_after=None
[2026-04-28T12:29:42.754+0000] {processor.py:183} INFO - Processing /home/airflow/.local/lib/python3.8/site-packages/airflow/example_dags/example_sensors.py took 0.078 seconds
[2026-04-28T12:30:13.088+0000] {processor.py:161} INFO - Started process (PID=2075) to work on /home/airflow/.local/lib/python3.8/site-packages/airflow/example_dags/example_sensors.py
[2026-04-28T12:30:13.089+0000] {processor.py:830} INFO - Processing file /home/airflow/.local/lib/python3.8/site-packages/airflow/example_dags/example_sensors.py for tasks to queue
[2026-04-28T12:30:13.091+0000] {logging_mixin.py:188} INFO - [2026-04-28T12:30:13.090+0000] {dagbag.py:540} INFO - Filling up the DagBag from /home/airflow/.local/lib/python3.8/site-packages/airflow/example_dags/example_sensors.py
[2026-04-28T12:30:13.101+0000] {processor.py:840} INFO - DAG(s) 'example_sensors' retrieved from /home/airflow/.local/lib/python3.8/site-packages/airflow/example_dags/example_sensors.py
[2026-04-28T12:30:13.129+0000] {logging_mixin.py:188} INFO - [2026-04-28T12:30:13.128+0000] {dag.py:3047} INFO - Sync 1 DAGs
[2026-04-28T12:30:13.146+0000] {logging_mixin.py:188} INFO - [2026-04-28T12:30:13.146+0000] {dag.py:3834} INFO - Setting next_dagrun for example_sensors to None, run_after=None
[2026-04-28T12:30:13.163+0000] {processor.py:183} INFO - Processing /home/airflow/.local/lib/python3.8/site-packages/airflow/example_dags/example_sensors.py took 0.079 seconds
[2026-04-28T12:30:43.871+0000] {processor.py:161} INFO - Started process (PID=2131) to work on /home/airflow/.local/lib/python3.8/site-packages/airflow/example_dags/example_sensors.py
[2026-04-28T12:30:43.872+0000] {processor.py:830} INFO - Processing file /home/airflow/.local/lib/python3.8/site-packages/airflow/example_dags/example_sensors.py for tasks to queue
[2026-04-28T12:30:43.874+0000] {logging_mixin.py:188} INFO - [2026-04-28T12:30:43.874+0000] {dagbag.py:540} INFO - Filling up the DagBag from /home/airflow/.local/lib/python3.8/site-packages/airflow/example_dags/example_sensors.py
[2026-04-28T12:30:43.885+0000] {processor.py:840} INFO - DAG(s) 'example_sensors' retrieved from /home/airflow/.local/lib/python3.8/site-packages/airflow/example_dags/example_sensors.py
[2026-04-28T12:30:44.071+0000] {logging_mixin.py:188} INFO - [2026-04-28T12:30:44.071+0000] {dag.py:3047} INFO - Sync 1 DAGs
[2026-04-28T12:30:44.087+0000] {logging_mixin.py:188} INFO - [2026-04-28T12:30:44.086+0000] {dag.py:3834} INFO - Setting next_dagrun for example_sensors to None, run_after=None
[2026-04-28T12:30:44.104+0000] {processor.py:183} INFO - Processing /home/airflow/.local/lib/python3.8/site-packages/airflow/example_dags/example_sensors.py took 0.237 seconds
[2026-04-28T12:31:14.362+0000] {processor.py:161} INFO - Started process (PID=2187) to work on /home/airflow/.local/lib/python3.8/site-packages/airflow/example_dags/example_sensors.py
[2026-04-28T12:31:14.363+0000] {processor.py:830} INFO - Processing file /home/airflow/.local/lib/python3.8/site-packages/airflow/example_dags/example_sensors.py for tasks to queue
[2026-04-28T12:31:14.365+0000] {logging_mixin.py:188} INFO - [2026-04-28T12:31:14.365+0000] {dagbag.py:540} INFO - Filling up the DagBag from /home/airflow/.local/lib/python3.8/site-packages/airflow/example_dags/example_sensors.py
[2026-04-28T12:31:14.376+0000] {processor.py:840} INFO - DAG(s) 'example_sensors' retrieved from /home/airflow/.local/lib/python3.8/site-packages/airflow/example_dags/example_sensors.py
[2026-04-28T12:31:14.562+0000] {logging_mixin.py:188} INFO - [2026-04-28T12:31:14.561+0000] {dag.py:3047} INFO - Sync 1 DAGs
[2026-04-28T12:31:14.577+0000] {logging_mixin.py:188} INFO - [2026-04-28T12:31:14.577+0000] {dag.py:3834} INFO - Setting next_dagrun for example_sensors to None, run_after=None
[2026-04-28T12:31:14.618+0000] {processor.py:183} INFO - Processing /home/airflow/.local/lib/python3.8/site-packages/airflow/example_dags/example_sensors.py took 0.259 seconds
[2026-04-28T12:31:44.672+0000] {processor.py:161} INFO - Started process (PID=2242) to work on /home/airflow/.local/lib/python3.8/site-packages/airflow/example_dags/example_sensors.py
[2026-04-28T12:31:44.673+0000] {processor.py:830} INFO - Processing file /home/airflow/.local/lib/python3.8/site-packages/airflow/example_dags/example_sensors.py for tasks to queue
[2026-04-28T12:31:44.675+0000] {logging_mixin.py:188} INFO - [2026-04-28T12:31:44.674+0000] {dagbag.py:540} INFO - Filling up the DagBag from /home/airflow/.local/lib/python3.8/site-packages/airflow/example_dags/example_sensors.py
[2026-04-28T12:31:44.685+0000] {processor.py:840} INFO - DAG(s) 'example_sensors' retrieved from /home/airflow/.local/lib/python3.8/site-packages/airflow/example_dags/example_sensors.py
[2026-04-28T12:31:44.712+0000] {logging_mixin.py:188} INFO - [2026-04-28T12:31:44.712+0000] {dag.py:3047} INFO - Sync 1 DAGs
[2026-04-28T12:31:44.726+0000] {logging_mixin.py:188} INFO - [2026-04-28T12:31:44.726+0000] {dag.py:3834} INFO - Setting next_dagrun for example_sensors to None, run_after=None
[2026-04-28T12:31:44.744+0000] {processor.py:183} INFO - Processing /home/airflow/.local/lib/python3.8/site-packages/airflow/example_dags/example_sensors.py took 0.075 seconds
[2026-04-28T12:32:15.346+0000] {processor.py:161} INFO - Started process (PID=2298) to work on /home/airflow/.local/lib/python3.8/site-packages/airflow/example_dags/example_sensors.py
[2026-04-28T12:32:15.347+0000] {processor.py:830} INFO - Processing file /home/airflow/.local/lib/python3.8/site-packages/airflow/example_dags/example_sensors.py for tasks to queue
[2026-04-28T12:32:15.350+0000] {logging_mixin.py:188} INFO - [2026-04-28T12:32:15.349+0000] {dagbag.py:540} INFO - Filling up the DagBag from /home/airflow/.local/lib/python3.8/site-packages/airflow/example_dags/example_sensors.py
[2026-04-28T12:32:15.360+0000] {processor.py:840} INFO - DAG(s) 'example_sensors' retrieved from /home/airflow/.local/lib/python3.8/site-packages/airflow/example_dags/example_sensors.py
[2026-04-28T12:32:15.389+0000] {logging_mixin.py:188} INFO - [2026-04-28T12:32:15.389+0000] {dag.py:3047} INFO - Sync 1 DAGs
[2026-04-28T12:32:15.403+0000] {logging_mixin.py:188} INFO - [2026-04-28T12:32:15.403+0000] {dag.py:3834} INFO - Setting next_dagrun for example_sensors to None, run_after=None
[2026-04-28T12:32:15.458+0000] {processor.py:183} INFO - Processing /home/airflow/.local/lib/python3.8/site-packages/airflow/example_dags/example_sensors.py took 0.115 seconds
[2026-04-28T12:32:46.205+0000] {processor.py:161} INFO - Started process (PID=2356) to work on /home/airflow/.local/lib/python3.8/site-packages/airflow/example_dags/example_sensors.py
[2026-04-28T12:32:46.206+0000] {processor.py:830} INFO - Processing file /home/airflow/.local/lib/python3.8/site-packages/airflow/example_dags/example_sensors.py for tasks to queue
[2026-04-28T12:32:46.208+0000] {logging_mixin.py:188} INFO - [2026-04-28T12:32:46.208+0000] {dagbag.py:540} INFO - Filling up the DagBag from /home/airflow/.local/lib/python3.8/site-packages/airflow/example_dags/example_sensors.py
[2026-04-28T12:32:46.219+0000] {processor.py:840} INFO - DAG(s) 'example_sensors' retrieved from /home/airflow/.local/lib/python3.8/site-packages/airflow/example_dags/example_sensors.py
[2026-04-28T12:32:46.248+0000] {logging_mixin.py:188} INFO - [2026-04-28T12:32:46.248+0000] {dag.py:3047} INFO - Sync 1 DAGs
[2026-04-28T12:32:46.290+0000] {logging_mixin.py:188} INFO - [2026-04-28T12:32:46.280+0000] {dag.py:3834} INFO - Setting next_dagrun for example_sensors to None, run_after=None
[2026-04-28T12:32:46.328+0000] {processor.py:183} INFO - Processing /home/airflow/.local/lib/python3.8/site-packages/airflow/example_dags/example_sensors.py took 0.130 seconds
[2026-04-28T12:33:16.556+0000] {processor.py:161} INFO - Started process (PID=2412) to work on /home/airflow/.local/lib/python3.8/site-packages/airflow/example_dags/example_sensors.py
[2026-04-28T12:33:16.556+0000] {processor.py:830} INFO - Processing file /home/airflow/.local/lib/python3.8/site-packages/airflow/example_dags/example_sensors.py for tasks to queue
[2026-04-28T12:33:16.558+0000] {logging_mixin.py:188} INFO - [2026-04-28T12:33:16.558+0000] {dagbag.py:540} INFO - Filling up the DagBag from /home/airflow/.local/lib/python3.8/site-packages/airflow/example_dags/example_sensors.py
[2026-04-28T12:33:16.569+0000] {processor.py:840} INFO - DAG(s) 'example_sensors' retrieved from /home/airflow/.local/lib/python3.8/site-packages/airflow/example_dags/example_sensors.py
[2026-04-28T12:33:16.598+0000] {logging_mixin.py:188} INFO - [2026-04-28T12:33:16.598+0000] {dag.py:3047} INFO - Sync 1 DAGs
[2026-04-28T12:33:16.612+0000] {logging_mixin.py:188} INFO - [2026-04-28T12:33:16.612+0000] {dag.py:3834} INFO - Setting next_dagrun for example_sensors to None, run_after=None
[2026-04-28T12:33:16.630+0000] {processor.py:183} INFO - Processing /home/airflow/.local/lib/python3.8/site-packages/airflow/example_dags/example_sensors.py took 0.078 seconds
[2026-04-28T12:33:46.972+0000] {processor.py:161} INFO - Started process (PID=2468) to work on /home/airflow/.local/lib/python3.8/site-packages/airflow/example_dags/example_sensors.py
[2026-04-28T12:33:46.973+0000] {processor.py:830} INFO - Processing file /home/airflow/.local/lib/python3.8/site-packages/airflow/example_dags/example_sensors.py for tasks to queue
[2026-04-28T12:33:46.975+0000] {logging_mixin.py:188} INFO - [2026-04-28T12:33:46.975+0000] {dagbag.py:540} INFO - Filling up the DagBag from /home/airflow/.local/lib/python3.8/site-packages/airflow/example_dags/example_sensors.py
[2026-04-28T12:33:46.985+0000] {processor.py:840} INFO - DAG(s) 'example_sensors' retrieved from /home/airflow/.local/lib/python3.8/site-packages/airflow/example_dags/example_sensors.py
[2026-04-28T12:33:47.015+0000] {logging_mixin.py:188} INFO - [2026-04-28T12:33:47.015+0000] {dag.py:3047} INFO - Sync 1 DAGs
[2026-04-28T12:33:47.033+0000] {logging_mixin.py:188} INFO - [2026-04-28T12:33:47.033+0000] {dag.py:3834} INFO - Setting next_dagrun for example_sensors to None, run_after=None
[2026-04-28T12:33:47.056+0000] {processor.py:183} INFO - Processing /home/airflow/.local/lib/python3.8/site-packages/airflow/example_dags/example_sensors.py took 0.087 seconds
[2026-04-28T12:34:17.198+0000] {processor.py:161} INFO - Started process (PID=2524) to work on /home/airflow/.local/lib/python3.8/site-packages/airflow/example_dags/example_sensors.py
[2026-04-28T12:34:17.204+0000] {processor.py:830} INFO - Processing file /home/airflow/.local/lib/python3.8/site-packages/airflow/example_dags/example_sensors.py for tasks to queue
[2026-04-28T12:34:17.211+0000] {logging_mixin.py:188} INFO - [2026-04-28T12:34:17.211+0000] {dagbag.py:540} INFO - Filling up the DagBag from /home/airflow/.local/lib/python3.8/site-packages/airflow/example_dags/example_sensors.py
[2026-04-28T12:34:17.268+0000] {processor.py:840} INFO - DAG(s) 'example_sensors' retrieved from /home/airflow/.local/lib/python3.8/site-packages/airflow/example_dags/example_sensors.py
[2026-04-28T12:34:17.352+0000] {logging_mixin.py:188} INFO - [2026-04-28T12:34:17.351+0000] {dag.py:3047} INFO - Sync 1 DAGs
[2026-04-28T12:34:17.425+0000] {logging_mixin.py:188} INFO - [2026-04-28T12:34:17.425+0000] {dag.py:3834} INFO - Setting next_dagrun for example_sensors to None, run_after=None
[2026-04-28T12:34:17.539+0000] {processor.py:183} INFO - Processing /home/airflow/.local/lib/python3.8/site-packages/airflow/example_dags/example_sensors.py took 0.365 seconds
[2026-04-28T12:34:47.935+0000] {processor.py:161} INFO - Started process (PID=2580) to work on /home/airflow/.local/lib/python3.8/site-packages/airflow/example_dags/example_sensors.py
[2026-04-28T12:34:47.940+0000] {processor.py:830} INFO - Processing file /home/airflow/.local/lib/python3.8/site-packages/airflow/example_dags/example_sensors.py for tasks to queue
[2026-04-28T12:34:47.942+0000] {logging_mixin.py:188} INFO - [2026-04-28T12:34:47.942+0000] {dagbag.py:540} INFO - Filling up the DagBag from /home/airflow/.local/lib/python3.8/site-packages/airflow/example_dags/example_sensors.py
[2026-04-28T12:34:47.954+0000] {processor.py:840} INFO - DAG(s) 'example_sensors' retrieved from /home/airflow/.local/lib/python3.8/site-packages/airflow/example_dags/example_sensors.py
[2026-04-28T12:34:47.984+0000] {logging_mixin.py:188} INFO - [2026-04-28T12:34:47.983+0000] {dag.py:3047} INFO - Sync 1 DAGs
[2026-04-28T12:34:47.998+0000] {logging_mixin.py:188} INFO - [2026-04-28T12:34:47.997+0000] {dag.py:3834} INFO - Setting next_dagrun for example_sensors to None, run_after=None
[2026-04-28T12:34:48.032+0000] {processor.py:183} INFO - Processing /home/airflow/.local/lib/python3.8/site-packages/airflow/example_dags/example_sensors.py took 0.103 seconds
[2026-04-28T12:35:18.294+0000] {processor.py:161} INFO - Started process (PID=2636) to work on /home/airflow/.local/lib/python3.8/site-packages/airflow/example_dags/example_sensors.py
[2026-04-28T12:35:18.295+0000] {processor.py:830} INFO - Processing file /home/airflow/.local/lib/python3.8/site-packages/airflow/example_dags/example_sensors.py for tasks to queue
[2026-04-28T12:35:18.301+0000] {logging_mixin.py:188} INFO - [2026-04-28T12:35:18.300+0000] {dagbag.py:540} INFO - Filling up the DagBag from /home/airflow/.local/lib/python3.8/site-packages/airflow/example_dags/example_sensors.py
[2026-04-28T12:35:18.314+0000] {processor.py:840} INFO - DAG(s) 'example_sensors' retrieved from /home/airflow/.local/lib/python3.8/site-packages/airflow/example_dags/example_sensors.py
[2026-04-28T12:35:18.342+0000] {logging_mixin.py:188} INFO - [2026-04-28T12:35:18.341+0000] {dag.py:3047} INFO - Sync 1 DAGs
[2026-04-28T12:35:18.359+0000] {logging_mixin.py:188} INFO - [2026-04-28T12:35:18.358+0000] {dag.py:3834} INFO - Setting next_dagrun for example_sensors to None, run_after=None
[2026-04-28T12:35:18.379+0000] {processor.py:183} INFO - Processing /home/airflow/.local/lib/python3.8/site-packages/airflow/example_dags/example_sensors.py took 0.089 seconds
[2026-04-28T12:35:48.848+0000] {processor.py:161} INFO - Started process (PID=2691) to work on /home/airflow/.local/lib/python3.8/site-packages/airflow/example_dags/example_sensors.py
[2026-04-28T12:35:48.849+0000] {processor.py:830} INFO - Processing file /home/airflow/.local/lib/python3.8/site-packages/airflow/example_dags/example_sensors.py for tasks to queue
[2026-04-28T12:35:48.851+0000] {logging_mixin.py:188} INFO - [2026-04-28T12:35:48.851+0000] {dagbag.py:540} INFO - Filling up the DagBag from /home/airflow/.local/lib/python3.8/site-packages/airflow/example_dags/example_sensors.py
[2026-04-28T12:35:48.861+0000] {processor.py:840} INFO - DAG(s) 'example_sensors' retrieved from /home/airflow/.local/lib/python3.8/site-packages/airflow/example_dags/example_sensors.py
[2026-04-28T12:35:48.887+0000] {logging_mixin.py:188} INFO - [2026-04-28T12:35:48.887+0000] {dag.py:3047} INFO - Sync 1 DAGs
[2026-04-28T12:35:48.901+0000] {logging_mixin.py:188} INFO - [2026-04-28T12:35:48.901+0000] {dag.py:3834} INFO - Setting next_dagrun for example_sensors to None, run_after=None
[2026-04-28T12:35:48.919+0000] {processor.py:183} INFO - Processing /home/airflow/.local/lib/python3.8/site-packages/airflow/example_dags/example_sensors.py took 0.075 seconds
[2026-04-28T12:36:19.247+0000] {processor.py:161} INFO - Started process (PID=2747) to work on /home/airflow/.local/lib/python3.8/site-packages/airflow/example_dags/example_sensors.py
[2026-04-28T12:36:19.248+0000] {processor.py:830} INFO - Processing file /home/airflow/.local/lib/python3.8/site-packages/airflow/example_dags/example_sensors.py for tasks to queue
[2026-04-28T12:36:19.250+0000] {logging_mixin.py:188} INFO - [2026-04-28T12:36:19.250+0000] {dagbag.py:540} INFO - Filling up the DagBag from /home/airflow/.local/lib/python3.8/site-packages/airflow/example_dags/example_sensors.py
[2026-04-28T12:36:19.260+0000] {processor.py:840} INFO - DAG(s) 'example_sensors' retrieved from /home/airflow/.local/lib/python3.8/site-packages/airflow/example_dags/example_sensors.py
[2026-04-28T12:36:19.287+0000] {logging_mixin.py:188} INFO - [2026-04-28T12:36:19.287+0000] {dag.py:3047} INFO - Sync 1 DAGs
[2026-04-28T12:36:19.300+0000] {logging_mixin.py:188} INFO - [2026-04-28T12:36:19.300+0000] {dag.py:3834} INFO - Setting next_dagrun for example_sensors to None, run_after=None
[2026-04-28T12:36:19.318+0000] {processor.py:183} INFO - Processing /home/airflow/.local/lib/python3.8/site-packages/airflow/example_dags/example_sensors.py took 0.074 seconds
[2026-04-28T12:36:49.802+0000] {processor.py:161} INFO - Started process (PID=2803) to work on /home/airflow/.local/lib/python3.8/site-packages/airflow/example_dags/example_sensors.py
[2026-04-28T12:36:49.803+0000] {processor.py:830} INFO - Processing file /home/airflow/.local/lib/python3.8/site-packages/airflow/example_dags/example_sensors.py for tasks to queue
[2026-04-28T12:36:49.805+0000] {logging_mixin.py:188} INFO - [2026-04-28T12:36:49.805+0000] {dagbag.py:540} INFO - Filling up the DagBag from /home/airflow/.local/lib/python3.8/site-packages/airflow/example_dags/example_sensors.py
[2026-04-28T12:36:49.815+0000] {processor.py:840} INFO - DAG(s) 'example_sensors' retrieved from /home/airflow/.local/lib/python3.8/site-packages/airflow/example_dags/example_sensors.py
[2026-04-28T12:36:49.844+0000] {logging_mixin.py:188} INFO - [2026-04-28T12:36:49.843+0000] {dag.py:3047} INFO - Sync 1 DAGs
[2026-04-28T12:36:49.857+0000] {logging_mixin.py:188} INFO - [2026-04-28T12:36:49.857+0000] {dag.py:3834} INFO - Setting next_dagrun for example_sensors to None, run_after=None
[2026-04-28T12:36:49.876+0000] {processor.py:183} INFO - Processing /home/airflow/.local/lib/python3.8/site-packages/airflow/example_dags/example_sensors.py took 0.078 seconds
[2026-04-28T12:37:20.549+0000] {processor.py:161} INFO - Started process (PID=2859) to work on /home/airflow/.local/lib/python3.8/site-packages/airflow/example_dags/example_sensors.py
[2026-04-28T12:37:20.550+0000] {processor.py:830} INFO - Processing file /home/airflow/.local/lib/python3.8/site-packages/airflow/example_dags/example_sensors.py for tasks to queue
[2026-04-28T12:37:20.552+0000] {logging_mixin.py:188} INFO - [2026-04-28T12:37:20.552+0000] {dagbag.py:540} INFO - Filling up the DagBag from /home/airflow/.local/lib/python3.8/site-packages/airflow/example_dags/example_sensors.py
[2026-04-28T12:37:20.563+0000] {processor.py:840} INFO - DAG(s) 'example_sensors' retrieved from /home/airflow/.local/lib/python3.8/site-packages/airflow/example_dags/example_sensors.py
[2026-04-28T12:37:20.591+0000] {logging_mixin.py:188} INFO - [2026-04-28T12:37:20.591+0000] {dag.py:3047} INFO - Sync 1 DAGs
[2026-04-28T12:37:20.605+0000] {logging_mixin.py:188} INFO - [2026-04-28T12:37:20.604+0000] {dag.py:3834} INFO - Setting next_dagrun for example_sensors to None, run_after=None
[2026-04-28T12:37:20.621+0000] {processor.py:183} INFO - Processing /home/airflow/.local/lib/python3.8/site-packages/airflow/example_dags/example_sensors.py took 0.076 seconds
[2026-04-28T12:37:51.354+0000] {processor.py:161} INFO - Started process (PID=2915) to work on /home/airflow/.local/lib/python3.8/site-packages/airflow/example_dags/example_sensors.py
[2026-04-28T12:37:51.355+0000] {processor.py:830} INFO - Processing file /home/airflow/.local/lib/python3.8/site-packages/airflow/example_dags/example_sensors.py for tasks to queue
[2026-04-28T12:37:51.358+0000] {logging_mixin.py:188} INFO - [2026-04-28T12:37:51.358+0000] {dagbag.py:540} INFO - Filling up the DagBag from /home/airflow/.local/lib/python3.8/site-packages/airflow/example_dags/example_sensors.py
[2026-04-28T12:37:51.368+0000] {processor.py:840} INFO - DAG(s) 'example_sensors' retrieved from /home/airflow/.local/lib/python3.8/site-packages/airflow/example_dags/example_sensors.py
[2026-04-28T12:37:51.396+0000] {logging_mixin.py:188} INFO - [2026-04-28T12:37:51.395+0000] {dag.py:3047} INFO - Sync 1 DAGs
[2026-04-28T12:37:51.410+0000] {logging_mixin.py:188} INFO - [2026-04-28T12:37:51.409+0000] {dag.py:3834} INFO - Setting next_dagrun for example_sensors to None, run_after=None
[2026-04-28T12:37:51.427+0000] {processor.py:183} INFO - Processing /home/airflow/.local/lib/python3.8/site-packages/airflow/example_dags/example_sensors.py took 0.077 seconds
[2026-04-28T12:38:22.003+0000] {processor.py:161} INFO - Started process (PID=2971) to work on /home/airflow/.local/lib/python3.8/site-packages/airflow/example_dags/example_sensors.py
[2026-04-28T12:38:22.004+0000] {processor.py:830} INFO - Processing file /home/airflow/.local/lib/python3.8/site-packages/airflow/example_dags/example_sensors.py for tasks to queue
[2026-04-28T12:38:22.006+0000] {logging_mixin.py:188} INFO - [2026-04-28T12:38:22.006+0000] {dagbag.py:540} INFO - Filling up the DagBag from /home/airflow/.local/lib/python3.8/site-packages/airflow/example_dags/example_sensors.py
[2026-04-28T12:38:22.018+0000] {processor.py:840} INFO - DAG(s) 'example_sensors' retrieved from /home/airflow/.local/lib/python3.8/site-packages/airflow/example_dags/example_sensors.py
[2026-04-28T12:38:22.048+0000] {logging_mixin.py:188} INFO - [2026-04-28T12:38:22.048+0000] {dag.py:3047} INFO - Sync 1 DAGs
[2026-04-28T12:38:22.061+0000] {logging_mixin.py:188} INFO - [2026-04-28T12:38:22.061+0000] {dag.py:3834} INFO - Setting next_dagrun for example_sensors to None, run_after=None
[2026-04-28T12:38:22.079+0000] {processor.py:183} INFO - Processing /home/airflow/.local/lib/python3.8/site-packages/airflow/example_dags/example_sensors.py took 0.080 seconds
[2026-04-28T12:38:52.512+0000] {processor.py:161} INFO - Started process (PID=3027) to work on /home/airflow/.local/lib/python3.8/site-packages/airflow/example_dags/example_sensors.py
[2026-04-28T12:38:52.514+0000] {processor.py:830} INFO - Processing file /home/airflow/.local/lib/python3.8/site-packages/airflow/example_dags/example_sensors.py for tasks to queue
[2026-04-28T12:38:52.517+0000] {logging_mixin.py:188} INFO - [2026-04-28T12:38:52.517+0000] {dagbag.py:540} INFO - Filling up the DagBag from /home/airflow/.local/lib/python3.8/site-packages/airflow/example_dags/example_sensors.py
[2026-04-28T12:38:52.528+0000] {processor.py:840} INFO - DAG(s) 'example_sensors' retrieved from /home/airflow/.local/lib/python3.8/site-packages/airflow/example_dags/example_sensors.py
[2026-04-28T12:38:52.556+0000] {logging_mixin.py:188} INFO - [2026-04-28T12:38:52.556+0000] {dag.py:3047} INFO - Sync 1 DAGs
[2026-04-28T12:38:52.570+0000] {logging_mixin.py:188} INFO - [2026-04-28T12:38:52.570+0000] {dag.py:3834} INFO - Setting next_dagrun for example_sensors to None, run_after=None
[2026-04-28T12:38:52.587+0000] {processor.py:183} INFO - Processing /home/airflow/.local/lib/python3.8/site-packages/airflow/example_dags/example_sensors.py took 0.079 seconds
[2026-04-28T12:39:22.991+0000] {processor.py:161} INFO - Started process (PID=3083) to work on /home/airflow/.local/lib/python3.8/site-packages/airflow/example_dags/example_sensors.py
[2026-04-28T12:39:22.992+0000] {processor.py:830} INFO - Processing file /home/airflow/.local/lib/python3.8/site-packages/airflow/example_dags/example_sensors.py for tasks to queue
[2026-04-28T12:39:22.994+0000] {logging_mixin.py:188} INFO - [2026-04-28T12:39:22.993+0000] {dagbag.py:540} INFO - Filling up the DagBag from /home/airflow/.local/lib/python3.8/site-packages/airflow/example_dags/example_sensors.py
[2026-04-28T12:39:23.003+0000] {processor.py:840} INFO - DAG(s) 'example_sensors' retrieved from /home/airflow/.local/lib/python3.8/site-packages/airflow/example_dags/example_sensors.py
[2026-04-28T12:39:23.030+0000] {logging_mixin.py:188} INFO - [2026-04-28T12:39:23.030+0000] {dag.py:3047} INFO - Sync 1 DAGs
[2026-04-28T12:39:23.044+0000] {logging_mixin.py:188} INFO - [2026-04-28T12:39:23.044+0000] {dag.py:3834} INFO - Setting next_dagrun for example_sensors to None, run_after=None
[2026-04-28T12:39:23.061+0000] {processor.py:183} INFO - Processing /home/airflow/.local/lib/python3.8/site-packages/airflow/example_dags/example_sensors.py took 0.075 seconds
[2026-04-28T12:39:53.550+0000] {processor.py:161} INFO - Started process (PID=3139) to work on /home/airflow/.local/lib/python3.8/site-packages/airflow/example_dags/example_sensors.py
[2026-04-28T12:39:53.551+0000] {processor.py:830} INFO - Processing file /home/airflow/.local/lib/python3.8/site-packages/airflow/example_dags/example_sensors.py for tasks to queue
[2026-04-28T12:39:53.553+0000] {logging_mixin.py:188} INFO - [2026-04-28T12:39:53.553+0000] {dagbag.py:540} INFO - Filling up the DagBag from /home/airflow/.local/lib/python3.8/site-packages/airflow/example_dags/example_sensors.py
[2026-04-28T12:39:53.563+0000] {processor.py:840} INFO - DAG(s) 'example_sensors' retrieved from /home/airflow/.local/lib/python3.8/site-packages/airflow/example_dags/example_sensors.py
[2026-04-28T12:39:53.590+0000] {logging_mixin.py:188} INFO - [2026-04-28T12:39:53.590+0000] {dag.py:3047} INFO - Sync 1 DAGs
[2026-04-28T12:39:53.603+0000] {logging_mixin.py:188} INFO - [2026-04-28T12:39:53.603+0000] {dag.py:3834} INFO - Setting next_dagrun for example_sensors to None, run_after=None
[2026-04-28T12:39:53.621+0000] {processor.py:183} INFO - Processing /home/airflow/.local/lib/python3.8/site-packages/airflow/example_dags/example_sensors.py took 0.075 seconds
[2026-04-28T12:40:23.915+0000] {processor.py:161} INFO - Started process (PID=3195) to work on /home/airflow/.local/lib/python3.8/site-packages/airflow/example_dags/example_sensors.py
[2026-04-28T12:40:23.916+0000] {processor.py:830} INFO - Processing file /home/airflow/.local/lib/python3.8/site-packages/airflow/example_dags/example_sensors.py for tasks to queue
[2026-04-28T12:40:23.918+0000] {logging_mixin.py:188} INFO - [2026-04-28T12:40:23.917+0000] {dagbag.py:540} INFO - Filling up the DagBag from /home/airflow/.local/lib/python3.8/site-packages/airflow/example_dags/example_sensors.py
[2026-04-28T12:40:23.928+0000] {processor.py:840} INFO - DAG(s) 'example_sensors' retrieved from /home/airflow/.local/lib/python3.8/site-packages/airflow/example_dags/example_sensors.py
[2026-04-28T12:40:23.956+0000] {logging_mixin.py:188} INFO - [2026-04-28T12:40:23.956+0000] {dag.py:3047} INFO - Sync 1 DAGs
[2026-04-28T12:40:23.970+0000] {logging_mixin.py:188} INFO - [2026-04-28T12:40:23.969+0000] {dag.py:3834} INFO - Setting next_dagrun for example_sensors to None, run_after=None
[2026-04-28T12:40:23.987+0000] {processor.py:183} INFO - Processing /home/airflow/.local/lib/python3.8/site-packages/airflow/example_dags/example_sensors.py took 0.076 seconds
[2026-04-28T12:40:54.924+0000] {processor.py:161} INFO - Started process (PID=3251) to work on /home/airflow/.local/lib/python3.8/site-packages/airflow/example_dags/example_sensors.py
[2026-04-28T12:40:54.925+0000] {processor.py:830} INFO - Processing file /home/airflow/.local/lib/python3.8/site-packages/airflow/example_dags/example_sensors.py for tasks to queue
[2026-04-28T12:40:54.927+0000] {logging_mixin.py:188} INFO - [2026-04-28T12:40:54.926+0000] {dagbag.py:540} INFO - Filling up the DagBag from /home/airflow/.local/lib/python3.8/site-packages/airflow/example_dags/example_sensors.py
[2026-04-28T12:40:54.936+0000] {processor.py:840} INFO - DAG(s) 'example_sensors' retrieved from /home/airflow/.local/lib/python3.8/site-packages/airflow/example_dags/example_sensors.py
[2026-04-28T12:40:54.964+0000] {logging_mixin.py:188} INFO - [2026-04-28T12:40:54.963+0000] {dag.py:3047} INFO - Sync 1 DAGs
[2026-04-28T12:40:54.978+0000] {logging_mixin.py:188} INFO - [2026-04-28T12:40:54.978+0000] {dag.py:3834} INFO - Setting next_dagrun for example_sensors to None, run_after=None
[2026-04-28T12:40:54.996+0000] {processor.py:183} INFO - Processing /home/airflow/.local/lib/python3.8/site-packages/airflow/example_dags/example_sensors.py took 0.076 seconds
[2026-04-28T12:41:25.323+0000] {processor.py:161} INFO - Started process (PID=3307) to work on /home/airflow/.local/lib/python3.8/site-packages/airflow/example_dags/example_sensors.py
[2026-04-28T12:41:25.324+0000] {processor.py:830} INFO - Processing file /home/airflow/.local/lib/python3.8/site-packages/airflow/example_dags/example_sensors.py for tasks to queue
[2026-04-28T12:41:25.326+0000] {logging_mixin.py:188} INFO - [2026-04-28T12:41:25.325+0000] {dagbag.py:540} INFO - Filling up the DagBag from /home/airflow/.local/lib/python3.8/site-packages/airflow/example_dags/example_sensors.py
[2026-04-28T12:41:25.336+0000] {processor.py:840} INFO - DAG(s) 'example_sensors' retrieved from /home/airflow/.local/lib/python3.8/site-packages/airflow/example_dags/example_sensors.py
[2026-04-28T12:41:25.363+0000] {logging_mixin.py:188} INFO - [2026-04-28T12:41:25.363+0000] {dag.py:3047} INFO - Sync 1 DAGs
[2026-04-28T12:41:25.378+0000] {logging_mixin.py:188} INFO - [2026-04-28T12:41:25.377+0000] {dag.py:3834} INFO - Setting next_dagrun for example_sensors to None, run_after=None
[2026-04-28T12:41:25.400+0000] {processor.py:183} INFO - Processing /home/airflow/.local/lib/python3.8/site-packages/airflow/example_dags/example_sensors.py took 0.081 seconds
[2026-04-28T12:41:55.740+0000] {processor.py:161} INFO - Started process (PID=3363) to work on /home/airflow/.local/lib/python3.8/site-packages/airflow/example_dags/example_sensors.py
[2026-04-28T12:41:55.741+0000] {processor.py:830} INFO - Processing file /home/airflow/.local/lib/python3.8/site-packages/airflow/example_dags/example_sensors.py for tasks to queue
[2026-04-28T12:41:55.743+0000] {logging_mixin.py:188} INFO - [2026-04-28T12:41:55.743+0000] {dagbag.py:540} INFO - Filling up the DagBag from /home/airflow/.local/lib/python3.8/site-packages/airflow/example_dags/example_sensors.py
[2026-04-28T12:41:55.756+0000] {processor.py:840} INFO - DAG(s) 'example_sensors' retrieved from /home/airflow/.local/lib/python3.8/site-packages/airflow/example_dags/example_sensors.py
[2026-04-28T12:41:55.784+0000] {logging_mixin.py:188} INFO - [2026-04-28T12:41:55.784+0000] {dag.py:3047} INFO - Sync 1 DAGs
[2026-04-28T12:41:55.798+0000] {logging_mixin.py:188} INFO - [2026-04-28T12:41:55.798+0000] {dag.py:3834} INFO - Setting next_dagrun for example_sensors to None, run_after=None
[2026-04-28T12:41:55.815+0000] {processor.py:183} INFO - Processing /home/airflow/.local/lib/python3.8/site-packages/airflow/example_dags/example_sensors.py took 0.080 seconds
[2026-04-28T12:42:26.808+0000] {processor.py:161} INFO - Started process (PID=3419) to work on /home/airflow/.local/lib/python3.8/site-packages/airflow/example_dags/example_sensors.py
[2026-04-28T12:42:26.809+0000] {processor.py:830} INFO - Processing file /home/airflow/.local/lib/python3.8/site-packages/airflow/example_dags/example_sensors.py for tasks to queue
[2026-04-28T12:42:26.811+0000] {logging_mixin.py:188} INFO - [2026-04-28T12:42:26.811+0000] {dagbag.py:540} INFO - Filling up the DagBag from /home/airflow/.local/lib/python3.8/site-packages/airflow/example_dags/example_sensors.py
[2026-04-28T12:42:26.821+0000] {processor.py:840} INFO - DAG(s) 'example_sensors' retrieved from /home/airflow/.local/lib/python3.8/site-packages/airflow/example_dags/example_sensors.py
[2026-04-28T12:42:26.851+0000] {logging_mixin.py:188} INFO - [2026-04-28T12:42:26.850+0000] {dag.py:3047} INFO - Sync 1 DAGs
[2026-04-28T12:42:26.865+0000] {logging_mixin.py:188} INFO - [2026-04-28T12:42:26.865+0000] {dag.py:3834} INFO - Setting next_dagrun for example_sensors to None, run_after=None
[2026-04-28T12:42:26.883+0000] {processor.py:183} INFO - Processing /home/airflow/.local/lib/python3.8/site-packages/airflow/example_dags/example_sensors.py took 0.079 seconds
[2026-04-28T12:42:57.091+0000] {processor.py:161} INFO - Started process (PID=3475) to work on /home/airflow/.local/lib/python3.8/site-packages/airflow/example_dags/example_sensors.py
[2026-04-28T12:42:57.092+0000] {processor.py:830} INFO - Processing file /home/airflow/.local/lib/python3.8/site-packages/airflow/example_dags/example_sensors.py for tasks to queue
[2026-04-28T12:42:57.094+0000] {logging_mixin.py:188} INFO - [2026-04-28T12:42:57.093+0000] {dagbag.py:540} INFO - Filling up the DagBag from /home/airflow/.local/lib/python3.8/site-packages/airflow/example_dags/example_sensors.py
[2026-04-28T12:42:57.104+0000] {processor.py:840} INFO - DAG(s) 'example_sensors' retrieved from /home/airflow/.local/lib/python3.8/site-packages/airflow/example_dags/example_sensors.py
[2026-04-28T12:42:57.132+0000] {logging_mixin.py:188} INFO - [2026-04-28T12:42:57.132+0000] {dag.py:3047} INFO - Sync 1 DAGs
[2026-04-28T12:42:57.145+0000] {logging_mixin.py:188} INFO - [2026-04-28T12:42:57.145+0000] {dag.py:3834} INFO - Setting next_dagrun for example_sensors to None, run_after=None
[2026-04-28T12:42:57.163+0000] {processor.py:183} INFO - Processing /home/airflow/.local/lib/python3.8/site-packages/airflow/example_dags/example_sensors.py took 0.076 seconds
[2026-04-28T12:43:27.597+0000] {processor.py:161} INFO - Started process (PID=3531) to work on /home/airflow/.local/lib/python3.8/site-packages/airflow/example_dags/example_sensors.py
[2026-04-28T12:43:27.600+0000] {processor.py:830} INFO - Processing file /home/airflow/.local/lib/python3.8/site-packages/airflow/example_dags/example_sensors.py for tasks to queue
[2026-04-28T12:43:27.604+0000] {logging_mixin.py:188} INFO - [2026-04-28T12:43:27.603+0000] {dagbag.py:540} INFO - Filling up the DagBag from /home/airflow/.local/lib/python3.8/site-packages/airflow/example_dags/example_sensors.py
[2026-04-28T12:43:27.627+0000] {processor.py:840} INFO - DAG(s) 'example_sensors' retrieved from /home/airflow/.local/lib/python3.8/site-packages/airflow/example_dags/example_sensors.py
[2026-04-28T12:43:27.683+0000] {logging_mixin.py:188} INFO - [2026-04-28T12:43:27.683+0000] {dag.py:3047} INFO - Sync 1 DAGs
[2026-04-28T12:43:27.713+0000] {logging_mixin.py:188} INFO - [2026-04-28T12:43:27.713+0000] {dag.py:3834} INFO - Setting next_dagrun for example_sensors to None, run_after=None
[2026-04-28T12:43:27.754+0000] {processor.py:183} INFO - Processing /home/airflow/.local/lib/python3.8/site-packages/airflow/example_dags/example_sensors.py took 0.167 seconds
[2026-04-28T12:43:58.628+0000] {processor.py:161} INFO - Started process (PID=3586) to work on /home/airflow/.local/lib/python3.8/site-packages/airflow/example_dags/example_sensors.py
[2026-04-28T12:43:58.632+0000] {processor.py:830} INFO - Processing file /home/airflow/.local/lib/python3.8/site-packages/airflow/example_dags/example_sensors.py for tasks to queue
[2026-04-28T12:43:58.635+0000] {logging_mixin.py:188} INFO - [2026-04-28T12:43:58.635+0000] {dagbag.py:540} INFO - Filling up the DagBag from /home/airflow/.local/lib/python3.8/site-packages/airflow/example_dags/example_sensors.py
[2026-04-28T12:43:58.647+0000] {processor.py:840} INFO - DAG(s) 'example_sensors' retrieved from /home/airflow/.local/lib/python3.8/site-packages/airflow/example_dags/example_sensors.py
[2026-04-28T12:43:58.677+0000] {logging_mixin.py:188} INFO - [2026-04-28T12:43:58.677+0000] {dag.py:3047} INFO - Sync 1 DAGs
[2026-04-28T12:43:58.697+0000] {logging_mixin.py:188} INFO - [2026-04-28T12:43:58.697+0000] {dag.py:3834} INFO - Setting next_dagrun for example_sensors to None, run_after=None
[2026-04-28T12:43:58.721+0000] {processor.py:183} INFO - Processing /home/airflow/.local/lib/python3.8/site-packages/airflow/example_dags/example_sensors.py took 0.101 seconds
[2026-04-28T12:44:29.535+0000] {processor.py:161} INFO - Started process (PID=3642) to work on /home/airflow/.local/lib/python3.8/site-packages/airflow/example_dags/example_sensors.py
[2026-04-28T12:44:29.540+0000] {processor.py:830} INFO - Processing file /home/airflow/.local/lib/python3.8/site-packages/airflow/example_dags/example_sensors.py for tasks to queue
[2026-04-28T12:44:29.543+0000] {logging_mixin.py:188} INFO - [2026-04-28T12:44:29.543+0000] {dagbag.py:540} INFO - Filling up the DagBag from /home/airflow/.local/lib/python3.8/site-packages/airflow/example_dags/example_sensors.py
[2026-04-28T12:44:29.559+0000] {processor.py:840} INFO - DAG(s) 'example_sensors' retrieved from /home/airflow/.local/lib/python3.8/site-packages/airflow/example_dags/example_sensors.py
[2026-04-28T12:44:29.594+0000] {logging_mixin.py:188} INFO - [2026-04-28T12:44:29.594+0000] {dag.py:3047} INFO - Sync 1 DAGs
[2026-04-28T12:44:29.608+0000] {logging_mixin.py:188} INFO - [2026-04-28T12:44:29.608+0000] {dag.py:3834} INFO - Setting next_dagrun for example_sensors to None, run_after=None
[2026-04-28T12:44:29.628+0000] {processor.py:183} INFO - Processing /home/airflow/.local/lib/python3.8/site-packages/airflow/example_dags/example_sensors.py took 0.101 seconds
[2026-04-28T12:44:59.831+0000] {processor.py:161} INFO - Started process (PID=3698) to work on /home/airflow/.local/lib/python3.8/site-packages/airflow/example_dags/example_sensors.py
[2026-04-28T12:44:59.832+0000] {processor.py:830} INFO - Processing file /home/airflow/.local/lib/python3.8/site-packages/airflow/example_dags/example_sensors.py for tasks to queue
[2026-04-28T12:44:59.834+0000] {logging_mixin.py:188} INFO - [2026-04-28T12:44:59.834+0000] {dagbag.py:540} INFO - Filling up the DagBag from /home/airflow/.local/lib/python3.8/site-packages/airflow/example_dags/example_sensors.py
[2026-04-28T12:44:59.848+0000] {processor.py:840} INFO - DAG(s) 'example_sensors' retrieved from /home/airflow/.local/lib/python3.8/site-packages/airflow/example_dags/example_sensors.py
[2026-04-28T12:44:59.877+0000] {logging_mixin.py:188} INFO - [2026-04-28T12:44:59.876+0000] {dag.py:3047} INFO - Sync 1 DAGs
[2026-04-28T12:44:59.891+0000] {logging_mixin.py:188} INFO - [2026-04-28T12:44:59.891+0000] {dag.py:3834} INFO - Setting next_dagrun for example_sensors to None, run_after=None
[2026-04-28T12:44:59.918+0000] {processor.py:183} INFO - Processing /home/airflow/.local/lib/python3.8/site-packages/airflow/example_dags/example_sensors.py took 0.090 seconds
[2026-04-28T12:45:30.285+0000] {processor.py:161} INFO - Started process (PID=3753) to work on /home/airflow/.local/lib/python3.8/site-packages/airflow/example_dags/example_sensors.py
[2026-04-28T12:45:30.286+0000] {processor.py:830} INFO - Processing file /home/airflow/.local/lib/python3.8/site-packages/airflow/example_dags/example_sensors.py for tasks to queue
[2026-04-28T12:45:30.288+0000] {logging_mixin.py:188} INFO - [2026-04-28T12:45:30.288+0000] {dagbag.py:540} INFO - Filling up the DagBag from /home/airflow/.local/lib/python3.8/site-packages/airflow/example_dags/example_sensors.py
[2026-04-28T12:45:30.298+0000] {processor.py:840} INFO - DAG(s) 'example_sensors' retrieved from /home/airflow/.local/lib/python3.8/site-packages/airflow/example_dags/example_sensors.py
[2026-04-28T12:45:30.328+0000] {logging_mixin.py:188} INFO - [2026-04-28T12:45:30.328+0000] {dag.py:3047} INFO - Sync 1 DAGs
[2026-04-28T12:45:30.342+0000] {logging_mixin.py:188} INFO - [2026-04-28T12:45:30.342+0000] {dag.py:3834} INFO - Setting next_dagrun for example_sensors to None, run_after=None
[2026-04-28T12:45:30.360+0000] {processor.py:183} INFO - Processing /home/airflow/.local/lib/python3.8/site-packages/airflow/example_dags/example_sensors.py took 0.079 seconds
[2026-04-28T12:46:00.441+0000] {processor.py:161} INFO - Started process (PID=3809) to work on /home/airflow/.local/lib/python3.8/site-packages/airflow/example_dags/example_sensors.py
[2026-04-28T12:46:00.444+0000] {processor.py:830} INFO - Processing file /home/airflow/.local/lib/python3.8/site-packages/airflow/example_dags/example_sensors.py for tasks to queue
[2026-04-28T12:46:00.447+0000] {logging_mixin.py:188} INFO - [2026-04-28T12:46:00.447+0000] {dagbag.py:540} INFO - Filling up the DagBag from /home/airflow/.local/lib/python3.8/site-packages/airflow/example_dags/example_sensors.py
[2026-04-28T12:46:00.458+0000] {processor.py:840} INFO - DAG(s) 'example_sensors' retrieved from /home/airflow/.local/lib/python3.8/site-packages/airflow/example_dags/example_sensors.py
[2026-04-28T12:46:00.487+0000] {logging_mixin.py:188} INFO - [2026-04-28T12:46:00.487+0000] {dag.py:3047} INFO - Sync 1 DAGs
[2026-04-28T12:46:00.501+0000] {logging_mixin.py:188} INFO - [2026-04-28T12:46:00.501+0000] {dag.py:3834} INFO - Setting next_dagrun for example_sensors to None, run_after=None
[2026-04-28T12:46:00.532+0000] {processor.py:183} INFO - Processing /home/airflow/.local/lib/python3.8/site-packages/airflow/example_dags/example_sensors.py took 0.099 seconds
[2026-04-28T12:46:30.573+0000] {processor.py:161} INFO - Started process (PID=3865) to work on /home/airflow/.local/lib/python3.8/site-packages/airflow/example_dags/example_sensors.py
[2026-04-28T12:46:30.574+0000] {processor.py:830} INFO - Processing file /home/airflow/.local/lib/python3.8/site-packages/airflow/example_dags/example_sensors.py for tasks to queue
[2026-04-28T12:46:30.576+0000] {logging_mixin.py:188} INFO - [2026-04-28T12:46:30.576+0000] {dagbag.py:540} INFO - Filling up the DagBag from /home/airflow/.local/lib/python3.8/site-packages/airflow/example_dags/example_sensors.py
[2026-04-28T12:46:30.583+0000] {processor.py:840} INFO - DAG(s) 'example_sensors' retrieved from /home/airflow/.local/lib/python3.8/site-packages/airflow/example_dags/example_sensors.py
[2026-04-28T12:46:30.603+0000] {logging_mixin.py:188} INFO - [2026-04-28T12:46:30.603+0000] {dag.py:3047} INFO - Sync 1 DAGs
[2026-04-28T12:46:30.613+0000] {logging_mixin.py:188} INFO - [2026-04-28T12:46:30.613+0000] {dag.py:3834} INFO - Setting next_dagrun for example_sensors to None, run_after=None
[2026-04-28T12:46:30.626+0000] {processor.py:183} INFO - Processing /home/airflow/.local/lib/python3.8/site-packages/airflow/example_dags/example_sensors.py took 0.056 seconds
[2026-04-28T12:47:00.931+0000] {processor.py:161} INFO - Started process (PID=3921) to work on /home/airflow/.local/lib/python3.8/site-packages/airflow/example_dags/example_sensors.py
[2026-04-28T12:47:00.932+0000] {processor.py:830} INFO - Processing file /home/airflow/.local/lib/python3.8/site-packages/airflow/example_dags/example_sensors.py for tasks to queue
[2026-04-28T12:47:00.934+0000] {logging_mixin.py:188} INFO - [2026-04-28T12:47:00.933+0000] {dagbag.py:540} INFO - Filling up the DagBag from /home/airflow/.local/lib/python3.8/site-packages/airflow/example_dags/example_sensors.py
[2026-04-28T12:47:00.941+0000] {processor.py:840} INFO - DAG(s) 'example_sensors' retrieved from /home/airflow/.local/lib/python3.8/site-packages/airflow/example_dags/example_sensors.py
[2026-04-28T12:47:00.962+0000] {logging_mixin.py:188} INFO - [2026-04-28T12:47:00.962+0000] {dag.py:3047} INFO - Sync 1 DAGs
[2026-04-28T12:47:00.971+0000] {logging_mixin.py:188} INFO - [2026-04-28T12:47:00.971+0000] {dag.py:3834} INFO - Setting next_dagrun for example_sensors to None, run_after=None
[2026-04-28T12:47:00.985+0000] {processor.py:183} INFO - Processing /home/airflow/.local/lib/python3.8/site-packages/airflow/example_dags/example_sensors.py took 0.056 seconds
[2026-04-28T12:47:31.715+0000] {processor.py:161} INFO - Started process (PID=3977) to work on /home/airflow/.local/lib/python3.8/site-packages/airflow/example_dags/example_sensors.py
[2026-04-28T12:47:31.716+0000] {processor.py:830} INFO - Processing file /home/airflow/.local/lib/python3.8/site-packages/airflow/example_dags/example_sensors.py for tasks to queue
[2026-04-28T12:47:31.717+0000] {logging_mixin.py:188} INFO - [2026-04-28T12:47:31.717+0000] {dagbag.py:540} INFO - Filling up the DagBag from /home/airflow/.local/lib/python3.8/site-packages/airflow/example_dags/example_sensors.py
[2026-04-28T12:47:31.725+0000] {processor.py:840} INFO - DAG(s) 'example_sensors' retrieved from /home/airflow/.local/lib/python3.8/site-packages/airflow/example_dags/example_sensors.py
[2026-04-28T12:47:31.745+0000] {logging_mixin.py:188} INFO - [2026-04-28T12:47:31.745+0000] {dag.py:3047} INFO - Sync 1 DAGs
[2026-04-28T12:47:31.755+0000] {logging_mixin.py:188} INFO - [2026-04-28T12:47:31.755+0000] {dag.py:3834} INFO - Setting next_dagrun for example_sensors to None, run_after=None
[2026-04-28T12:47:31.768+0000] {processor.py:183} INFO - Processing /home/airflow/.local/lib/python3.8/site-packages/airflow/example_dags/example_sensors.py took 0.056 seconds
[2026-04-28T12:48:01.954+0000] {processor.py:161} INFO - Started process (PID=4033) to work on /home/airflow/.local/lib/python3.8/site-packages/airflow/example_dags/example_sensors.py
[2026-04-28T12:48:01.955+0000] {processor.py:830} INFO - Processing file /home/airflow/.local/lib/python3.8/site-packages/airflow/example_dags/example_sensors.py for tasks to queue
[2026-04-28T12:48:01.957+0000] {logging_mixin.py:188} INFO - [2026-04-28T12:48:01.957+0000] {dagbag.py:540} INFO - Filling up the DagBag from /home/airflow/.local/lib/python3.8/site-packages/airflow/example_dags/example_sensors.py
[2026-04-28T12:48:01.964+0000] {processor.py:840} INFO - DAG(s) 'example_sensors' retrieved from /home/airflow/.local/lib/python3.8/site-packages/airflow/example_dags/example_sensors.py
[2026-04-28T12:48:01.985+0000] {logging_mixin.py:188} INFO - [2026-04-28T12:48:01.984+0000] {dag.py:3047} INFO - Sync 1 DAGs
[2026-04-28T12:48:01.994+0000] {logging_mixin.py:188} INFO - [2026-04-28T12:48:01.994+0000] {dag.py:3834} INFO - Setting next_dagrun for example_sensors to None, run_after=None
[2026-04-28T12:48:02.007+0000] {processor.py:183} INFO - Processing /home/airflow/.local/lib/python3.8/site-packages/airflow/example_dags/example_sensors.py took 0.056 seconds
[2026-04-28T12:48:32.142+0000] {processor.py:161} INFO - Started process (PID=4089) to work on /home/airflow/.local/lib/python3.8/site-packages/airflow/example_dags/example_sensors.py
[2026-04-28T12:48:32.143+0000] {processor.py:830} INFO - Processing file /home/airflow/.local/lib/python3.8/site-packages/airflow/example_dags/example_sensors.py for tasks to queue
[2026-04-28T12:48:32.145+0000] {logging_mixin.py:188} INFO - [2026-04-28T12:48:32.144+0000] {dagbag.py:540} INFO - Filling up the DagBag from /home/airflow/.local/lib/python3.8/site-packages/airflow/example_dags/example_sensors.py
[2026-04-28T12:48:32.152+0000] {processor.py:840} INFO - DAG(s) 'example_sensors' retrieved from /home/airflow/.local/lib/python3.8/site-packages/airflow/example_dags/example_sensors.py
[2026-04-28T12:48:32.172+0000] {logging_mixin.py:188} INFO - [2026-04-28T12:48:32.172+0000] {dag.py:3047} INFO - Sync 1 DAGs
[2026-04-28T12:48:32.181+0000] {logging_mixin.py:188} INFO - [2026-04-28T12:48:32.181+0000] {dag.py:3834} INFO - Setting next_dagrun for example_sensors to None, run_after=None
[2026-04-28T12:48:32.195+0000] {processor.py:183} INFO - Processing /home/airflow/.local/lib/python3.8/site-packages/airflow/example_dags/example_sensors.py took 0.055 seconds
[2026-04-28T12:49:03.069+0000] {processor.py:161} INFO - Started process (PID=4143) to work on /home/airflow/.local/lib/python3.8/site-packages/airflow/example_dags/example_sensors.py
[2026-04-28T12:49:03.072+0000] {processor.py:830} INFO - Processing file /home/airflow/.local/lib/python3.8/site-packages/airflow/example_dags/example_sensors.py for tasks to queue
[2026-04-28T12:49:03.074+0000] {logging_mixin.py:188} INFO - [2026-04-28T12:49:03.074+0000] {dagbag.py:540} INFO - Filling up the DagBag from /home/airflow/.local/lib/python3.8/site-packages/airflow/example_dags/example_sensors.py
[2026-04-28T12:49:03.091+0000] {processor.py:840} INFO - DAG(s) 'example_sensors' retrieved from /home/airflow/.local/lib/python3.8/site-packages/airflow/example_dags/example_sensors.py
[2026-04-28T12:49:03.120+0000] {logging_mixin.py:188} INFO - [2026-04-28T12:49:03.120+0000] {dag.py:3047} INFO - Sync 1 DAGs
[2026-04-28T12:49:03.134+0000] {logging_mixin.py:188} INFO - [2026-04-28T12:49:03.134+0000] {dag.py:3834} INFO - Setting next_dagrun for example_sensors to None, run_after=None
[2026-04-28T12:49:03.152+0000] {processor.py:183} INFO - Processing /home/airflow/.local/lib/python3.8/site-packages/airflow/example_dags/example_sensors.py took 0.087 seconds
[2026-04-28T12:49:33.759+0000] {processor.py:161} INFO - Started process (PID=4200) to work on /home/airflow/.local/lib/python3.8/site-packages/airflow/example_dags/example_sensors.py
[2026-04-28T12:49:33.760+0000] {processor.py:830} INFO - Processing file /home/airflow/.local/lib/python3.8/site-packages/airflow/example_dags/example_sensors.py for tasks to queue
[2026-04-28T12:49:33.762+0000] {logging_mixin.py:188} INFO - [2026-04-28T12:49:33.762+0000] {dagbag.py:540} INFO - Filling up the DagBag from /home/airflow/.local/lib/python3.8/site-packages/airflow/example_dags/example_sensors.py
[2026-04-28T12:49:33.773+0000] {processor.py:840} INFO - DAG(s) 'example_sensors' retrieved from /home/airflow/.local/lib/python3.8/site-packages/airflow/example_dags/example_sensors.py
[2026-04-28T12:49:33.800+0000] {logging_mixin.py:188} INFO - [2026-04-28T12:49:33.800+0000] {dag.py:3047} INFO - Sync 1 DAGs
[2026-04-28T12:49:33.814+0000] {logging_mixin.py:188} INFO - [2026-04-28T12:49:33.814+0000] {dag.py:3834} INFO - Setting next_dagrun for example_sensors to None, run_after=None
[2026-04-28T12:49:33.833+0000] {processor.py:183} INFO - Processing /home/airflow/.local/lib/python3.8/site-packages/airflow/example_dags/example_sensors.py took 0.080 seconds
[2026-04-28T12:50:04.143+0000] {processor.py:161} INFO - Started process (PID=4256) to work on /home/airflow/.local/lib/python3.8/site-packages/airflow/example_dags/example_sensors.py
[2026-04-28T12:50:04.144+0000] {processor.py:830} INFO - Processing file /home/airflow/.local/lib/python3.8/site-packages/airflow/example_dags/example_sensors.py for tasks to queue
[2026-04-28T12:50:04.146+0000] {logging_mixin.py:188} INFO - [2026-04-28T12:50:04.145+0000] {dagbag.py:540} INFO - Filling up the DagBag from /home/airflow/.local/lib/python3.8/site-packages/airflow/example_dags/example_sensors.py
[2026-04-28T12:50:04.158+0000] {processor.py:840} INFO - DAG(s) 'example_sensors' retrieved from /home/airflow/.local/lib/python3.8/site-packages/airflow/example_dags/example_sensors.py
[2026-04-28T12:50:04.189+0000] {logging_mixin.py:188} INFO - [2026-04-28T12:50:04.189+0000] {dag.py:3047} INFO - Sync 1 DAGs
[2026-04-28T12:50:04.204+0000] {logging_mixin.py:188} INFO - [2026-04-28T12:50:04.204+0000] {dag.py:3834} INFO - Setting next_dagrun for example_sensors to None, run_after=None
[2026-04-28T12:50:04.222+0000] {processor.py:183} INFO - Processing /home/airflow/.local/lib/python3.8/site-packages/airflow/example_dags/example_sensors.py took 0.083 seconds
[2026-04-28T12:50:35.040+0000] {processor.py:161} INFO - Started process (PID=4312) to work on /home/airflow/.local/lib/python3.8/site-packages/airflow/example_dags/example_sensors.py
[2026-04-28T12:50:35.041+0000] {processor.py:830} INFO - Processing file /home/airflow/.local/lib/python3.8/site-packages/airflow/example_dags/example_sensors.py for tasks to queue
[2026-04-28T12:50:35.043+0000] {logging_mixin.py:188} INFO - [2026-04-28T12:50:35.043+0000] {dagbag.py:540} INFO - Filling up the DagBag from /home/airflow/.local/lib/python3.8/site-packages/airflow/example_dags/example_sensors.py
[2026-04-28T12:50:35.054+0000] {processor.py:840} INFO - DAG(s) 'example_sensors' retrieved from /home/airflow/.local/lib/python3.8/site-packages/airflow/example_dags/example_sensors.py
[2026-04-28T12:50:35.083+0000] {logging_mixin.py:188} INFO - [2026-04-28T12:50:35.083+0000] {dag.py:3047} INFO - Sync 1 DAGs
[2026-04-28T12:50:35.100+0000] {logging_mixin.py:188} INFO - [2026-04-28T12:50:35.100+0000] {dag.py:3834} INFO - Setting next_dagrun for example_sensors to None, run_after=None
[2026-04-28T12:50:35.119+0000] {processor.py:183} INFO - Processing /home/airflow/.local/lib/python3.8/site-packages/airflow/example_dags/example_sensors.py took 0.083 seconds
[2026-04-28T12:51:05.323+0000] {processor.py:161} INFO - Started process (PID=4368) to work on /home/airflow/.local/lib/python3.8/site-packages/airflow/example_dags/example_sensors.py
[2026-04-28T12:51:05.325+0000] {processor.py:830} INFO - Processing file /home/airflow/.local/lib/python3.8/site-packages/airflow/example_dags/example_sensors.py for tasks to queue
[2026-04-28T12:51:05.328+0000] {logging_mixin.py:188} INFO - [2026-04-28T12:51:05.327+0000] {dagbag.py:540} INFO - Filling up the DagBag from /home/airflow/.local/lib/python3.8/site-packages/airflow/example_dags/example_sensors.py
[2026-04-28T12:51:05.346+0000] {processor.py:840} INFO - DAG(s) 'example_sensors' retrieved from /home/airflow/.local/lib/python3.8/site-packages/airflow/example_dags/example_sensors.py
[2026-04-28T12:51:05.403+0000] {logging_mixin.py:188} INFO - [2026-04-28T12:51:05.403+0000] {dag.py:3047} INFO - Sync 1 DAGs
[2026-04-28T12:51:05.418+0000] {logging_mixin.py:188} INFO - [2026-04-28T12:51:05.417+0000] {dag.py:3834} INFO - Setting next_dagrun for example_sensors to None, run_after=None
[2026-04-28T12:51:05.436+0000] {processor.py:183} INFO - Processing /home/airflow/.local/lib/python3.8/site-packages/airflow/example_dags/example_sensors.py took 0.119 seconds
[2026-04-28T12:51:36.270+0000] {processor.py:161} INFO - Started process (PID=4430) to work on /home/airflow/.local/lib/python3.8/site-packages/airflow/example_dags/example_sensors.py
[2026-04-28T12:51:36.272+0000] {processor.py:830} INFO - Processing file /home/airflow/.local/lib/python3.8/site-packages/airflow/example_dags/example_sensors.py for tasks to queue
[2026-04-28T12:51:36.274+0000] {logging_mixin.py:188} INFO - [2026-04-28T12:51:36.273+0000] {dagbag.py:540} INFO - Filling up the DagBag from /home/airflow/.local/lib/python3.8/site-packages/airflow/example_dags/example_sensors.py
[2026-04-28T12:51:36.284+0000] {processor.py:840} INFO - DAG(s) 'example_sensors' retrieved from /home/airflow/.local/lib/python3.8/site-packages/airflow/example_dags/example_sensors.py
[2026-04-28T12:51:36.313+0000] {logging_mixin.py:188} INFO - [2026-04-28T12:51:36.313+0000] {dag.py:3047} INFO - Sync 1 DAGs
[2026-04-28T12:51:36.327+0000] {logging_mixin.py:188} INFO - [2026-04-28T12:51:36.327+0000] {dag.py:3834} INFO - Setting next_dagrun for example_sensors to None, run_after=None
[2026-04-28T12:51:36.345+0000] {processor.py:183} INFO - Processing /home/airflow/.local/lib/python3.8/site-packages/airflow/example_dags/example_sensors.py took 0.078 seconds
[2026-04-28T12:52:07.171+0000] {processor.py:161} INFO - Started process (PID=4486) to work on /home/airflow/.local/lib/python3.8/site-packages/airflow/example_dags/example_sensors.py
[2026-04-28T12:52:07.172+0000] {processor.py:830} INFO - Processing file /home/airflow/.local/lib/python3.8/site-packages/airflow/example_dags/example_sensors.py for tasks to queue
[2026-04-28T12:52:07.175+0000] {logging_mixin.py:188} INFO - [2026-04-28T12:52:07.174+0000] {dagbag.py:540} INFO - Filling up the DagBag from /home/airflow/.local/lib/python3.8/site-packages/airflow/example_dags/example_sensors.py
[2026-04-28T12:52:07.204+0000] {processor.py:840} INFO - DAG(s) 'example_sensors' retrieved from /home/airflow/.local/lib/python3.8/site-packages/airflow/example_dags/example_sensors.py
[2026-04-28T12:52:07.234+0000] {logging_mixin.py:188} INFO - [2026-04-28T12:52:07.234+0000] {dag.py:3047} INFO - Sync 1 DAGs
[2026-04-28T12:52:07.247+0000] {logging_mixin.py:188} INFO - [2026-04-28T12:52:07.247+0000] {dag.py:3834} INFO - Setting next_dagrun for example_sensors to None, run_after=None
[2026-04-28T12:52:07.263+0000] {processor.py:183} INFO - Processing /home/airflow/.local/lib/python3.8/site-packages/airflow/example_dags/example_sensors.py took 0.097 seconds
[2026-04-28T12:52:37.975+0000] {processor.py:161} INFO - Started process (PID=4542) to work on /home/airflow/.local/lib/python3.8/site-packages/airflow/example_dags/example_sensors.py
[2026-04-28T12:52:37.976+0000] {processor.py:830} INFO - Processing file /home/airflow/.local/lib/python3.8/site-packages/airflow/example_dags/example_sensors.py for tasks to queue
[2026-04-28T12:52:37.978+0000] {logging_mixin.py:188} INFO - [2026-04-28T12:52:37.978+0000] {dagbag.py:540} INFO - Filling up the DagBag from /home/airflow/.local/lib/python3.8/site-packages/airflow/example_dags/example_sensors.py
[2026-04-28T12:52:37.988+0000] {processor.py:840} INFO - DAG(s) 'example_sensors' retrieved from /home/airflow/.local/lib/python3.8/site-packages/airflow/example_dags/example_sensors.py
[2026-04-28T12:52:38.029+0000] {logging_mixin.py:188} INFO - [2026-04-28T12:52:38.029+0000] {dag.py:3047} INFO - Sync 1 DAGs
[2026-04-28T12:52:38.043+0000] {logging_mixin.py:188} INFO - [2026-04-28T12:52:38.042+0000] {dag.py:3834} INFO - Setting next_dagrun for example_sensors to None, run_after=None
[2026-04-28T12:52:38.059+0000] {processor.py:183} INFO - Processing /home/airflow/.local/lib/python3.8/site-packages/airflow/example_dags/example_sensors.py took 0.090 seconds
[2026-04-28T12:53:08.233+0000] {processor.py:161} INFO - Started process (PID=4598) to work on /home/airflow/.local/lib/python3.8/site-packages/airflow/example_dags/example_sensors.py
[2026-04-28T12:53:08.234+0000] {processor.py:830} INFO - Processing file /home/airflow/.local/lib/python3.8/site-packages/airflow/example_dags/example_sensors.py for tasks to queue
[2026-04-28T12:53:08.236+0000] {logging_mixin.py:188} INFO - [2026-04-28T12:53:08.235+0000] {dagbag.py:540} INFO - Filling up the DagBag from /home/airflow/.local/lib/python3.8/site-packages/airflow/example_dags/example_sensors.py
[2026-04-28T12:53:08.247+0000] {processor.py:840} INFO - DAG(s) 'example_sensors' retrieved from /home/airflow/.local/lib/python3.8/site-packages/airflow/example_dags/example_sensors.py
[2026-04-28T12:53:08.277+0000] {logging_mixin.py:188} INFO - [2026-04-28T12:53:08.276+0000] {dag.py:3047} INFO - Sync 1 DAGs
[2026-04-28T12:53:08.291+0000] {logging_mixin.py:188} INFO - [2026-04-28T12:53:08.290+0000] {dag.py:3834} INFO - Setting next_dagrun for example_sensors to None, run_after=None
[2026-04-28T12:53:08.310+0000] {processor.py:183} INFO - Processing /home/airflow/.local/lib/python3.8/site-packages/airflow/example_dags/example_sensors.py took 0.081 seconds
[2026-04-28T12:53:39.905+0000] {processor.py:161} INFO - Started process (PID=4654) to work on /home/airflow/.local/lib/python3.8/site-packages/airflow/example_dags/example_sensors.py
[2026-04-28T12:53:39.909+0000] {processor.py:830} INFO - Processing file /home/airflow/.local/lib/python3.8/site-packages/airflow/example_dags/example_sensors.py for tasks to queue
[2026-04-28T12:53:39.916+0000] {logging_mixin.py:188} INFO - [2026-04-28T12:53:39.916+0000] {dagbag.py:540} INFO - Filling up the DagBag from /home/airflow/.local/lib/python3.8/site-packages/airflow/example_dags/example_sensors.py
[2026-04-28T12:53:39.945+0000] {processor.py:840} INFO - DAG(s) 'example_sensors' retrieved from /home/airflow/.local/lib/python3.8/site-packages/airflow/example_dags/example_sensors.py
[2026-04-28T12:53:39.991+0000] {logging_mixin.py:188} INFO - [2026-04-28T12:53:39.991+0000] {dag.py:3047} INFO - Sync 1 DAGs
[2026-04-28T12:53:40.008+0000] {logging_mixin.py:188} INFO - [2026-04-28T12:53:40.008+0000] {dag.py:3834} INFO - Setting next_dagrun for example_sensors to None, run_after=None
[2026-04-28T12:53:40.067+0000] {processor.py:183} INFO - Processing /home/airflow/.local/lib/python3.8/site-packages/airflow/example_dags/example_sensors.py took 0.172 seconds
[2026-04-28T12:54:10.239+0000] {processor.py:161} INFO - Started process (PID=4710) to work on /home/airflow/.local/lib/python3.8/site-packages/airflow/example_dags/example_sensors.py
[2026-04-28T12:54:10.240+0000] {processor.py:830} INFO - Processing file /home/airflow/.local/lib/python3.8/site-packages/airflow/example_dags/example_sensors.py for tasks to queue
[2026-04-28T12:54:10.242+0000] {logging_mixin.py:188} INFO - [2026-04-28T12:54:10.242+0000] {dagbag.py:540} INFO - Filling up the DagBag from /home/airflow/.local/lib/python3.8/site-packages/airflow/example_dags/example_sensors.py
[2026-04-28T12:54:10.253+0000] {processor.py:840} INFO - DAG(s) 'example_sensors' retrieved from /home/airflow/.local/lib/python3.8/site-packages/airflow/example_dags/example_sensors.py
[2026-04-28T12:54:10.285+0000] {logging_mixin.py:188} INFO - [2026-04-28T12:54:10.285+0000] {dag.py:3047} INFO - Sync 1 DAGs
[2026-04-28T12:54:10.303+0000] {logging_mixin.py:188} INFO - [2026-04-28T12:54:10.303+0000] {dag.py:3834} INFO - Setting next_dagrun for example_sensors to None, run_after=None
[2026-04-28T12:54:10.341+0000] {processor.py:183} INFO - Processing /home/airflow/.local/lib/python3.8/site-packages/airflow/example_dags/example_sensors.py took 0.106 seconds
[2026-04-28T12:54:40.538+0000] {processor.py:161} INFO - Started process (PID=4766) to work on /home/airflow/.local/lib/python3.8/site-packages/airflow/example_dags/example_sensors.py
[2026-04-28T12:54:40.539+0000] {processor.py:830} INFO - Processing file /home/airflow/.local/lib/python3.8/site-packages/airflow/example_dags/example_sensors.py for tasks to queue
[2026-04-28T12:54:40.541+0000] {logging_mixin.py:188} INFO - [2026-04-28T12:54:40.540+0000] {dagbag.py:540} INFO - Filling up the DagBag from /home/airflow/.local/lib/python3.8/site-packages/airflow/example_dags/example_sensors.py
[2026-04-28T12:54:40.551+0000] {processor.py:840} INFO - DAG(s) 'example_sensors' retrieved from /home/airflow/.local/lib/python3.8/site-packages/airflow/example_dags/example_sensors.py
[2026-04-28T12:54:40.580+0000] {logging_mixin.py:188} INFO - [2026-04-28T12:54:40.579+0000] {dag.py:3047} INFO - Sync 1 DAGs
[2026-04-28T12:54:40.593+0000] {logging_mixin.py:188} INFO - [2026-04-28T12:54:40.593+0000] {dag.py:3834} INFO - Setting next_dagrun for example_sensors to None, run_after=None
[2026-04-28T12:54:40.611+0000] {processor.py:183} INFO - Processing /home/airflow/.local/lib/python3.8/site-packages/airflow/example_dags/example_sensors.py took 0.077 seconds
[2026-04-28T12:55:10.834+0000] {processor.py:161} INFO - Started process (PID=4822) to work on /home/airflow/.local/lib/python3.8/site-packages/airflow/example_dags/example_sensors.py
[2026-04-28T12:55:10.835+0000] {processor.py:830} INFO - Processing file /home/airflow/.local/lib/python3.8/site-packages/airflow/example_dags/example_sensors.py for tasks to queue
[2026-04-28T12:55:10.837+0000] {logging_mixin.py:188} INFO - [2026-04-28T12:55:10.837+0000] {dagbag.py:540} INFO - Filling up the DagBag from /home/airflow/.local/lib/python3.8/site-packages/airflow/example_dags/example_sensors.py
[2026-04-28T12:55:10.848+0000] {processor.py:840} INFO - DAG(s) 'example_sensors' retrieved from /home/airflow/.local/lib/python3.8/site-packages/airflow/example_dags/example_sensors.py
[2026-04-28T12:55:10.885+0000] {logging_mixin.py:188} INFO - [2026-04-28T12:55:10.884+0000] {dag.py:3047} INFO - Sync 1 DAGs
[2026-04-28T12:55:10.898+0000] {logging_mixin.py:188} INFO - [2026-04-28T12:55:10.898+0000] {dag.py:3834} INFO - Setting next_dagrun for example_sensors to None, run_after=None
[2026-04-28T12:55:10.916+0000] {processor.py:183} INFO - Processing /home/airflow/.local/lib/python3.8/site-packages/airflow/example_dags/example_sensors.py took 0.086 seconds
[2026-04-28T12:55:41.790+0000] {processor.py:161} INFO - Started process (PID=4878) to work on /home/airflow/.local/lib/python3.8/site-packages/airflow/example_dags/example_sensors.py
[2026-04-28T12:55:41.791+0000] {processor.py:830} INFO - Processing file /home/airflow/.local/lib/python3.8/site-packages/airflow/example_dags/example_sensors.py for tasks to queue
[2026-04-28T12:55:41.793+0000] {logging_mixin.py:188} INFO - [2026-04-28T12:55:41.793+0000] {dagbag.py:540} INFO - Filling up the DagBag from /home/airflow/.local/lib/python3.8/site-packages/airflow/example_dags/example_sensors.py
[2026-04-28T12:55:41.803+0000] {processor.py:840} INFO - DAG(s) 'example_sensors' retrieved from /home/airflow/.local/lib/python3.8/site-packages/airflow/example_dags/example_sensors.py
[2026-04-28T12:55:41.832+0000] {logging_mixin.py:188} INFO - [2026-04-28T12:55:41.832+0000] {dag.py:3047} INFO - Sync 1 DAGs
[2026-04-28T12:55:41.857+0000] {logging_mixin.py:188} INFO - [2026-04-28T12:55:41.857+0000] {dag.py:3834} INFO - Setting next_dagrun for example_sensors to None, run_after=None
[2026-04-28T12:55:41.875+0000] {processor.py:183} INFO - Processing /home/airflow/.local/lib/python3.8/site-packages/airflow/example_dags/example_sensors.py took 0.089 seconds
[2026-04-28T12:56:12.000+0000] {processor.py:161} INFO - Started process (PID=4933) to work on /home/airflow/.local/lib/python3.8/site-packages/airflow/example_dags/example_sensors.py
[2026-04-28T12:56:12.001+0000] {processor.py:830} INFO - Processing file /home/airflow/.local/lib/python3.8/site-packages/airflow/example_dags/example_sensors.py for tasks to queue
[2026-04-28T12:56:12.003+0000] {logging_mixin.py:188} INFO - [2026-04-28T12:56:12.003+0000] {dagbag.py:540} INFO - Filling up the DagBag from /home/airflow/.local/lib/python3.8/site-packages/airflow/example_dags/example_sensors.py
[2026-04-28T12:56:12.013+0000] {processor.py:840} INFO - DAG(s) 'example_sensors' retrieved from /home/airflow/.local/lib/python3.8/site-packages/airflow/example_dags/example_sensors.py
[2026-04-28T12:56:12.041+0000] {logging_mixin.py:188} INFO - [2026-04-28T12:56:12.041+0000] {dag.py:3047} INFO - Sync 1 DAGs
[2026-04-28T12:56:12.055+0000] {logging_mixin.py:188} INFO - [2026-04-28T12:56:12.054+0000] {dag.py:3834} INFO - Setting next_dagrun for example_sensors to None, run_after=None
[2026-04-28T12:56:12.072+0000] {processor.py:183} INFO - Processing /home/airflow/.local/lib/python3.8/site-packages/airflow/example_dags/example_sensors.py took 0.076 seconds
[2026-04-28T12:56:42.378+0000] {processor.py:161} INFO - Started process (PID=4989) to work on /home/airflow/.local/lib/python3.8/site-packages/airflow/example_dags/example_sensors.py
[2026-04-28T12:56:42.380+0000] {processor.py:830} INFO - Processing file /home/airflow/.local/lib/python3.8/site-packages/airflow/example_dags/example_sensors.py for tasks to queue
[2026-04-28T12:56:42.383+0000] {logging_mixin.py:188} INFO - [2026-04-28T12:56:42.382+0000] {dagbag.py:540} INFO - Filling up the DagBag from /home/airflow/.local/lib/python3.8/site-packages/airflow/example_dags/example_sensors.py
[2026-04-28T12:56:42.394+0000] {processor.py:840} INFO - DAG(s) 'example_sensors' retrieved from /home/airflow/.local/lib/python3.8/site-packages/airflow/example_dags/example_sensors.py
[2026-04-28T12:56:42.439+0000] {logging_mixin.py:188} INFO - [2026-04-28T12:56:42.438+0000] {dag.py:3047} INFO - Sync 1 DAGs
[2026-04-28T12:56:42.453+0000] {logging_mixin.py:188} INFO - [2026-04-28T12:56:42.453+0000] {dag.py:3834} INFO - Setting next_dagrun for example_sensors to None, run_after=None
[2026-04-28T12:56:42.473+0000] {processor.py:183} INFO - Processing /home/airflow/.local/lib/python3.8/site-packages/airflow/example_dags/example_sensors.py took 0.104 seconds
[2026-04-28T12:57:13.629+0000] {processor.py:161} INFO - Started process (PID=5045) to work on /home/airflow/.local/lib/python3.8/site-packages/airflow/example_dags/example_sensors.py
[2026-04-28T12:57:13.630+0000] {processor.py:830} INFO - Processing file /home/airflow/.local/lib/python3.8/site-packages/airflow/example_dags/example_sensors.py for tasks to queue
[2026-04-28T12:57:13.632+0000] {logging_mixin.py:188} INFO - [2026-04-28T12:57:13.632+0000] {dagbag.py:540} INFO - Filling up the DagBag from /home/airflow/.local/lib/python3.8/site-packages/airflow/example_dags/example_sensors.py
[2026-04-28T12:57:13.643+0000] {processor.py:840} INFO - DAG(s) 'example_sensors' retrieved from /home/airflow/.local/lib/python3.8/site-packages/airflow/example_dags/example_sensors.py
[2026-04-28T12:57:13.671+0000] {logging_mixin.py:188} INFO - [2026-04-28T12:57:13.671+0000] {dag.py:3047} INFO - Sync 1 DAGs
[2026-04-28T12:57:13.687+0000] {logging_mixin.py:188} INFO - [2026-04-28T12:57:13.686+0000] {dag.py:3834} INFO - Setting next_dagrun for example_sensors to None, run_after=None
[2026-04-28T12:57:13.705+0000] {processor.py:183} INFO - Processing /home/airflow/.local/lib/python3.8/site-packages/airflow/example_dags/example_sensors.py took 0.080 seconds
[2026-04-28T12:57:44.602+0000] {processor.py:161} INFO - Started process (PID=5101) to work on /home/airflow/.local/lib/python3.8/site-packages/airflow/example_dags/example_sensors.py
[2026-04-28T12:57:44.606+0000] {processor.py:830} INFO - Processing file /home/airflow/.local/lib/python3.8/site-packages/airflow/example_dags/example_sensors.py for tasks to queue
[2026-04-28T12:57:44.610+0000] {logging_mixin.py:188} INFO - [2026-04-28T12:57:44.609+0000] {dagbag.py:540} INFO - Filling up the DagBag from /home/airflow/.local/lib/python3.8/site-packages/airflow/example_dags/example_sensors.py
[2026-04-28T12:57:44.631+0000] {processor.py:840} INFO - DAG(s) 'example_sensors' retrieved from /home/airflow/.local/lib/python3.8/site-packages/airflow/example_dags/example_sensors.py
[2026-04-28T12:57:44.684+0000] {logging_mixin.py:188} INFO - [2026-04-28T12:57:44.684+0000] {dag.py:3047} INFO - Sync 1 DAGs
[2026-04-28T12:57:44.704+0000] {logging_mixin.py:188} INFO - [2026-04-28T12:57:44.704+0000] {dag.py:3834} INFO - Setting next_dagrun for example_sensors to None, run_after=None
[2026-04-28T12:57:44.746+0000] {processor.py:183} INFO - Processing /home/airflow/.local/lib/python3.8/site-packages/airflow/example_dags/example_sensors.py took 0.151 seconds
[2026-04-28T12:58:15.416+0000] {processor.py:161} INFO - Started process (PID=5156) to work on /home/airflow/.local/lib/python3.8/site-packages/airflow/example_dags/example_sensors.py
[2026-04-28T12:58:15.418+0000] {processor.py:830} INFO - Processing file /home/airflow/.local/lib/python3.8/site-packages/airflow/example_dags/example_sensors.py for tasks to queue
[2026-04-28T12:58:15.421+0000] {logging_mixin.py:188} INFO - [2026-04-28T12:58:15.420+0000] {dagbag.py:540} INFO - Filling up the DagBag from /home/airflow/.local/lib/python3.8/site-packages/airflow/example_dags/example_sensors.py
[2026-04-28T12:58:15.442+0000] {processor.py:840} INFO - DAG(s) 'example_sensors' retrieved from /home/airflow/.local/lib/python3.8/site-packages/airflow/example_dags/example_sensors.py
[2026-04-28T12:58:15.470+0000] {logging_mixin.py:188} INFO - [2026-04-28T12:58:15.470+0000] {dag.py:3047} INFO - Sync 1 DAGs
[2026-04-28T12:58:15.486+0000] {logging_mixin.py:188} INFO - [2026-04-28T12:58:15.485+0000] {dag.py:3834} INFO - Setting next_dagrun for example_sensors to None, run_after=None
[2026-04-28T12:58:15.508+0000] {processor.py:183} INFO - Processing /home/airflow/.local/lib/python3.8/site-packages/airflow/example_dags/example_sensors.py took 0.102 seconds
[2026-04-28T12:58:45.745+0000] {processor.py:161} INFO - Started process (PID=5212) to work on /home/airflow/.local/lib/python3.8/site-packages/airflow/example_dags/example_sensors.py
[2026-04-28T12:58:45.746+0000] {processor.py:830} INFO - Processing file /home/airflow/.local/lib/python3.8/site-packages/airflow/example_dags/example_sensors.py for tasks to queue
[2026-04-28T12:58:45.748+0000] {logging_mixin.py:188} INFO - [2026-04-28T12:58:45.747+0000] {dagbag.py:540} INFO - Filling up the DagBag from /home/airflow/.local/lib/python3.8/site-packages/airflow/example_dags/example_sensors.py
[2026-04-28T12:58:45.770+0000] {processor.py:840} INFO - DAG(s) 'example_sensors' retrieved from /home/airflow/.local/lib/python3.8/site-packages/airflow/example_dags/example_sensors.py
[2026-04-28T12:58:45.799+0000] {logging_mixin.py:188} INFO - [2026-04-28T12:58:45.799+0000] {dag.py:3047} INFO - Sync 1 DAGs
[2026-04-28T12:58:45.813+0000] {logging_mixin.py:188} INFO - [2026-04-28T12:58:45.813+0000] {dag.py:3834} INFO - Setting next_dagrun for example_sensors to None, run_after=None
[2026-04-28T12:58:45.829+0000] {processor.py:183} INFO - Processing /home/airflow/.local/lib/python3.8/site-packages/airflow/example_dags/example_sensors.py took 0.089 seconds
[2026-04-28T12:59:16.675+0000] {processor.py:161} INFO - Started process (PID=5268) to work on /home/airflow/.local/lib/python3.8/site-packages/airflow/example_dags/example_sensors.py
[2026-04-28T12:59:16.676+0000] {processor.py:830} INFO - Processing file /home/airflow/.local/lib/python3.8/site-packages/airflow/example_dags/example_sensors.py for tasks to queue
[2026-04-28T12:59:16.678+0000] {logging_mixin.py:188} INFO - [2026-04-28T12:59:16.678+0000] {dagbag.py:540} INFO - Filling up the DagBag from /home/airflow/.local/lib/python3.8/site-packages/airflow/example_dags/example_sensors.py
[2026-04-28T12:59:16.689+0000] {processor.py:840} INFO - DAG(s) 'example_sensors' retrieved from /home/airflow/.local/lib/python3.8/site-packages/airflow/example_dags/example_sensors.py
[2026-04-28T12:59:16.717+0000] {logging_mixin.py:188} INFO - [2026-04-28T12:59:16.717+0000] {dag.py:3047} INFO - Sync 1 DAGs
[2026-04-28T12:59:16.731+0000] {logging_mixin.py:188} INFO - [2026-04-28T12:59:16.730+0000] {dag.py:3834} INFO - Setting next_dagrun for example_sensors to None, run_after=None
[2026-04-28T12:59:16.748+0000] {processor.py:183} INFO - Processing /home/airflow/.local/lib/python3.8/site-packages/airflow/example_dags/example_sensors.py took 0.076 seconds
[2026-04-28T12:59:47.189+0000] {processor.py:161} INFO - Started process (PID=5324) to work on /home/airflow/.local/lib/python3.8/site-packages/airflow/example_dags/example_sensors.py
[2026-04-28T12:59:47.190+0000] {processor.py:830} INFO - Processing file /home/airflow/.local/lib/python3.8/site-packages/airflow/example_dags/example_sensors.py for tasks to queue
[2026-04-28T12:59:47.192+0000] {logging_mixin.py:188} INFO - [2026-04-28T12:59:47.192+0000] {dagbag.py:540} INFO - Filling up the DagBag from /home/airflow/.local/lib/python3.8/site-packages/airflow/example_dags/example_sensors.py
[2026-04-28T12:59:47.202+0000] {processor.py:840} INFO - DAG(s) 'example_sensors' retrieved from /home/airflow/.local/lib/python3.8/site-packages/airflow/example_dags/example_sensors.py
[2026-04-28T12:59:47.230+0000] {logging_mixin.py:188} INFO - [2026-04-28T12:59:47.230+0000] {dag.py:3047} INFO - Sync 1 DAGs
[2026-04-28T12:59:47.247+0000] {logging_mixin.py:188} INFO - [2026-04-28T12:59:47.245+0000] {dag.py:3834} INFO - Setting next_dagrun for example_sensors to None, run_after=None
[2026-04-28T12:59:47.270+0000] {processor.py:183} INFO - Processing /home/airflow/.local/lib/python3.8/site-packages/airflow/example_dags/example_sensors.py took 0.086 seconds
[2026-04-28T13:00:17.722+0000] {processor.py:161} INFO - Started process (PID=5380) to work on /home/airflow/.local/lib/python3.8/site-packages/airflow/example_dags/example_sensors.py
[2026-04-28T13:00:17.723+0000] {processor.py:830} INFO - Processing file /home/airflow/.local/lib/python3.8/site-packages/airflow/example_dags/example_sensors.py for tasks to queue
[2026-04-28T13:00:17.725+0000] {logging_mixin.py:188} INFO - [2026-04-28T13:00:17.725+0000] {dagbag.py:540} INFO - Filling up the DagBag from /home/airflow/.local/lib/python3.8/site-packages/airflow/example_dags/example_sensors.py
[2026-04-28T13:00:17.735+0000] {processor.py:840} INFO - DAG(s) 'example_sensors' retrieved from /home/airflow/.local/lib/python3.8/site-packages/airflow/example_dags/example_sensors.py
[2026-04-28T13:00:17.766+0000] {logging_mixin.py:188} INFO - [2026-04-28T13:00:17.766+0000] {dag.py:3047} INFO - Sync 1 DAGs
[2026-04-28T13:00:17.780+0000] {logging_mixin.py:188} INFO - [2026-04-28T13:00:17.780+0000] {dag.py:3834} INFO - Setting next_dagrun for example_sensors to None, run_after=None
[2026-04-28T13:00:17.797+0000] {processor.py:183} INFO - Processing /home/airflow/.local/lib/python3.8/site-packages/airflow/example_dags/example_sensors.py took 0.079 seconds
[2026-04-28T13:00:48.616+0000] {processor.py:161} INFO - Started process (PID=5435) to work on /home/airflow/.local/lib/python3.8/site-packages/airflow/example_dags/example_sensors.py
[2026-04-28T13:00:48.618+0000] {processor.py:830} INFO - Processing file /home/airflow/.local/lib/python3.8/site-packages/airflow/example_dags/example_sensors.py for tasks to queue
[2026-04-28T13:00:48.620+0000] {logging_mixin.py:188} INFO - [2026-04-28T13:00:48.619+0000] {dagbag.py:540} INFO - Filling up the DagBag from /home/airflow/.local/lib/python3.8/site-packages/airflow/example_dags/example_sensors.py
[2026-04-28T13:00:48.630+0000] {processor.py:840} INFO - DAG(s) 'example_sensors' retrieved from /home/airflow/.local/lib/python3.8/site-packages/airflow/example_dags/example_sensors.py
[2026-04-28T13:00:48.657+0000] {logging_mixin.py:188} INFO - [2026-04-28T13:00:48.656+0000] {dag.py:3047} INFO - Sync 1 DAGs
[2026-04-28T13:00:48.679+0000] {logging_mixin.py:188} INFO - [2026-04-28T13:00:48.679+0000] {dag.py:3834} INFO - Setting next_dagrun for example_sensors to None, run_after=None
[2026-04-28T13:00:48.724+0000] {processor.py:183} INFO - Processing /home/airflow/.local/lib/python3.8/site-packages/airflow/example_dags/example_sensors.py took 0.112 seconds
[2026-04-28T13:01:18.782+0000] {processor.py:161} INFO - Started process (PID=5491) to work on /home/airflow/.local/lib/python3.8/site-packages/airflow/example_dags/example_sensors.py
[2026-04-28T13:01:18.782+0000] {processor.py:830} INFO - Processing file /home/airflow/.local/lib/python3.8/site-packages/airflow/example_dags/example_sensors.py for tasks to queue
[2026-04-28T13:01:18.784+0000] {logging_mixin.py:188} INFO - [2026-04-28T13:01:18.784+0000] {dagbag.py:540} INFO - Filling up the DagBag from /home/airflow/.local/lib/python3.8/site-packages/airflow/example_dags/example_sensors.py
[2026-04-28T13:01:18.791+0000] {processor.py:840} INFO - DAG(s) 'example_sensors' retrieved from /home/airflow/.local/lib/python3.8/site-packages/airflow/example_dags/example_sensors.py
[2026-04-28T13:01:18.811+0000] {logging_mixin.py:188} INFO - [2026-04-28T13:01:18.811+0000] {dag.py:3047} INFO - Sync 1 DAGs
[2026-04-28T13:01:18.820+0000] {logging_mixin.py:188} INFO - [2026-04-28T13:01:18.820+0000] {dag.py:3834} INFO - Setting next_dagrun for example_sensors to None, run_after=None
[2026-04-28T13:01:18.834+0000] {processor.py:183} INFO - Processing /home/airflow/.local/lib/python3.8/site-packages/airflow/example_dags/example_sensors.py took 0.055 seconds
[2026-04-28T13:01:49.112+0000] {processor.py:161} INFO - Started process (PID=5547) to work on /home/airflow/.local/lib/python3.8/site-packages/airflow/example_dags/example_sensors.py
[2026-04-28T13:01:49.113+0000] {processor.py:830} INFO - Processing file /home/airflow/.local/lib/python3.8/site-packages/airflow/example_dags/example_sensors.py for tasks to queue
[2026-04-28T13:01:49.115+0000] {logging_mixin.py:188} INFO - [2026-04-28T13:01:49.115+0000] {dagbag.py:540} INFO - Filling up the DagBag from /home/airflow/.local/lib/python3.8/site-packages/airflow/example_dags/example_sensors.py
[2026-04-28T13:01:49.122+0000] {processor.py:840} INFO - DAG(s) 'example_sensors' retrieved from /home/airflow/.local/lib/python3.8/site-packages/airflow/example_dags/example_sensors.py
[2026-04-28T13:01:49.144+0000] {logging_mixin.py:188} INFO - [2026-04-28T13:01:49.143+0000] {dag.py:3047} INFO - Sync 1 DAGs
[2026-04-28T13:01:49.157+0000] {logging_mixin.py:188} INFO - [2026-04-28T13:01:49.157+0000] {dag.py:3834} INFO - Setting next_dagrun for example_sensors to None, run_after=None
[2026-04-28T13:01:49.171+0000] {processor.py:183} INFO - Processing /home/airflow/.local/lib/python3.8/site-packages/airflow/example_dags/example_sensors.py took 0.061 seconds
[2026-04-28T13:02:19.408+0000] {processor.py:161} INFO - Started process (PID=5603) to work on /home/airflow/.local/lib/python3.8/site-packages/airflow/example_dags/example_sensors.py
[2026-04-28T13:02:19.409+0000] {processor.py:830} INFO - Processing file /home/airflow/.local/lib/python3.8/site-packages/airflow/example_dags/example_sensors.py for tasks to queue
[2026-04-28T13:02:19.411+0000] {logging_mixin.py:188} INFO - [2026-04-28T13:02:19.410+0000] {dagbag.py:540} INFO - Filling up the DagBag from /home/airflow/.local/lib/python3.8/site-packages/airflow/example_dags/example_sensors.py
[2026-04-28T13:02:19.421+0000] {processor.py:840} INFO - DAG(s) 'example_sensors' retrieved from /home/airflow/.local/lib/python3.8/site-packages/airflow/example_dags/example_sensors.py
[2026-04-28T13:02:19.448+0000] {logging_mixin.py:188} INFO - [2026-04-28T13:02:19.448+0000] {dag.py:3047} INFO - Sync 1 DAGs
[2026-04-28T13:02:19.462+0000] {logging_mixin.py:188} INFO - [2026-04-28T13:02:19.461+0000] {dag.py:3834} INFO - Setting next_dagrun for example_sensors to None, run_after=None
[2026-04-28T13:02:19.506+0000] {processor.py:183} INFO - Processing /home/airflow/.local/lib/python3.8/site-packages/airflow/example_dags/example_sensors.py took 0.102 seconds
