[2026-04-28T12:11:47.763+0000] {processor.py:161} INFO - Started process (PID=68) to work on /home/airflow/.local/lib/python3.8/site-packages/airflow/example_dags/example_short_circuit_decorator.py
[2026-04-28T12:11:47.770+0000] {processor.py:830} INFO - Processing file /home/airflow/.local/lib/python3.8/site-packages/airflow/example_dags/example_short_circuit_decorator.py for tasks to queue
[2026-04-28T12:11:47.775+0000] {logging_mixin.py:188} INFO - [2026-04-28T12:11:47.775+0000] {dagbag.py:540} INFO - Filling up the DagBag from /home/airflow/.local/lib/python3.8/site-packages/airflow/example_dags/example_short_circuit_decorator.py
[2026-04-28T12:11:47.806+0000] {processor.py:840} INFO - DAG(s) 'example_short_circuit_decorator' retrieved from /home/airflow/.local/lib/python3.8/site-packages/airflow/example_dags/example_short_circuit_decorator.py
[2026-04-28T12:11:48.069+0000] {logging_mixin.py:188} INFO - [2026-04-28T12:11:48.069+0000] {dag.py:3047} INFO - Sync 1 DAGs
[2026-04-28T12:11:48.117+0000] {logging_mixin.py:188} INFO - [2026-04-28T12:11:48.117+0000] {dag.py:3834} INFO - Setting next_dagrun for example_short_circuit_decorator to 2026-04-27 00:00:00+00:00, run_after=2026-04-28 00:00:00+00:00
[2026-04-28T12:11:48.166+0000] {processor.py:183} INFO - Processing /home/airflow/.local/lib/python3.8/site-packages/airflow/example_dags/example_short_circuit_decorator.py took 0.412 seconds
[2026-04-28T12:12:19.054+0000] {processor.py:161} INFO - Started process (PID=123) to work on /home/airflow/.local/lib/python3.8/site-packages/airflow/example_dags/example_short_circuit_decorator.py
[2026-04-28T12:12:19.055+0000] {processor.py:830} INFO - Processing file /home/airflow/.local/lib/python3.8/site-packages/airflow/example_dags/example_short_circuit_decorator.py for tasks to queue
[2026-04-28T12:12:19.057+0000] {logging_mixin.py:188} INFO - [2026-04-28T12:12:19.057+0000] {dagbag.py:540} INFO - Filling up the DagBag from /home/airflow/.local/lib/python3.8/site-packages/airflow/example_dags/example_short_circuit_decorator.py
[2026-04-28T12:12:19.068+0000] {processor.py:840} INFO - DAG(s) 'example_short_circuit_decorator' retrieved from /home/airflow/.local/lib/python3.8/site-packages/airflow/example_dags/example_short_circuit_decorator.py
[2026-04-28T12:12:19.094+0000] {logging_mixin.py:188} INFO - [2026-04-28T12:12:19.094+0000] {dag.py:3047} INFO - Sync 1 DAGs
[2026-04-28T12:12:19.118+0000] {logging_mixin.py:188} INFO - [2026-04-28T12:12:19.118+0000] {dag.py:3834} INFO - Setting next_dagrun for example_short_circuit_decorator to 2026-04-27 00:00:00+00:00, run_after=2026-04-28 00:00:00+00:00
[2026-04-28T12:12:19.136+0000] {processor.py:183} INFO - Processing /home/airflow/.local/lib/python3.8/site-packages/airflow/example_dags/example_short_circuit_decorator.py took 0.085 seconds
[2026-04-28T12:12:49.243+0000] {processor.py:161} INFO - Started process (PID=178) to work on /home/airflow/.local/lib/python3.8/site-packages/airflow/example_dags/example_short_circuit_decorator.py
[2026-04-28T12:12:49.246+0000] {processor.py:830} INFO - Processing file /home/airflow/.local/lib/python3.8/site-packages/airflow/example_dags/example_short_circuit_decorator.py for tasks to queue
[2026-04-28T12:12:49.248+0000] {logging_mixin.py:188} INFO - [2026-04-28T12:12:49.248+0000] {dagbag.py:540} INFO - Filling up the DagBag from /home/airflow/.local/lib/python3.8/site-packages/airflow/example_dags/example_short_circuit_decorator.py
[2026-04-28T12:12:49.259+0000] {processor.py:840} INFO - DAG(s) 'example_short_circuit_decorator' retrieved from /home/airflow/.local/lib/python3.8/site-packages/airflow/example_dags/example_short_circuit_decorator.py
[2026-04-28T12:12:49.286+0000] {logging_mixin.py:188} INFO - [2026-04-28T12:12:49.285+0000] {dag.py:3047} INFO - Sync 1 DAGs
[2026-04-28T12:12:49.309+0000] {logging_mixin.py:188} INFO - [2026-04-28T12:12:49.309+0000] {dag.py:3834} INFO - Setting next_dagrun for example_short_circuit_decorator to 2026-04-27 00:00:00+00:00, run_after=2026-04-28 00:00:00+00:00
[2026-04-28T12:12:49.330+0000] {processor.py:183} INFO - Processing /home/airflow/.local/lib/python3.8/site-packages/airflow/example_dags/example_short_circuit_decorator.py took 0.090 seconds
[2026-04-28T12:13:19.688+0000] {processor.py:161} INFO - Started process (PID=233) to work on /home/airflow/.local/lib/python3.8/site-packages/airflow/example_dags/example_short_circuit_decorator.py
[2026-04-28T12:13:19.689+0000] {processor.py:830} INFO - Processing file /home/airflow/.local/lib/python3.8/site-packages/airflow/example_dags/example_short_circuit_decorator.py for tasks to queue
[2026-04-28T12:13:19.691+0000] {logging_mixin.py:188} INFO - [2026-04-28T12:13:19.691+0000] {dagbag.py:540} INFO - Filling up the DagBag from /home/airflow/.local/lib/python3.8/site-packages/airflow/example_dags/example_short_circuit_decorator.py
[2026-04-28T12:13:19.703+0000] {processor.py:840} INFO - DAG(s) 'example_short_circuit_decorator' retrieved from /home/airflow/.local/lib/python3.8/site-packages/airflow/example_dags/example_short_circuit_decorator.py
[2026-04-28T12:13:19.730+0000] {logging_mixin.py:188} INFO - [2026-04-28T12:13:19.730+0000] {dag.py:3047} INFO - Sync 1 DAGs
[2026-04-28T12:13:19.754+0000] {logging_mixin.py:188} INFO - [2026-04-28T12:13:19.753+0000] {dag.py:3834} INFO - Setting next_dagrun for example_short_circuit_decorator to 2026-04-27 00:00:00+00:00, run_after=2026-04-28 00:00:00+00:00
[2026-04-28T12:13:19.773+0000] {processor.py:183} INFO - Processing /home/airflow/.local/lib/python3.8/site-packages/airflow/example_dags/example_short_circuit_decorator.py took 0.088 seconds
[2026-04-28T12:13:50.247+0000] {processor.py:161} INFO - Started process (PID=288) to work on /home/airflow/.local/lib/python3.8/site-packages/airflow/example_dags/example_short_circuit_decorator.py
[2026-04-28T12:13:50.249+0000] {processor.py:830} INFO - Processing file /home/airflow/.local/lib/python3.8/site-packages/airflow/example_dags/example_short_circuit_decorator.py for tasks to queue
[2026-04-28T12:13:50.251+0000] {logging_mixin.py:188} INFO - [2026-04-28T12:13:50.250+0000] {dagbag.py:540} INFO - Filling up the DagBag from /home/airflow/.local/lib/python3.8/site-packages/airflow/example_dags/example_short_circuit_decorator.py
[2026-04-28T12:13:50.261+0000] {processor.py:840} INFO - DAG(s) 'example_short_circuit_decorator' retrieved from /home/airflow/.local/lib/python3.8/site-packages/airflow/example_dags/example_short_circuit_decorator.py
[2026-04-28T12:13:50.288+0000] {logging_mixin.py:188} INFO - [2026-04-28T12:13:50.288+0000] {dag.py:3047} INFO - Sync 1 DAGs
[2026-04-28T12:13:50.312+0000] {logging_mixin.py:188} INFO - [2026-04-28T12:13:50.312+0000] {dag.py:3834} INFO - Setting next_dagrun for example_short_circuit_decorator to 2026-04-27 00:00:00+00:00, run_after=2026-04-28 00:00:00+00:00
[2026-04-28T12:13:50.339+0000] {processor.py:183} INFO - Processing /home/airflow/.local/lib/python3.8/site-packages/airflow/example_dags/example_short_circuit_decorator.py took 0.096 seconds
[2026-04-28T12:14:20.784+0000] {processor.py:161} INFO - Started process (PID=343) to work on /home/airflow/.local/lib/python3.8/site-packages/airflow/example_dags/example_short_circuit_decorator.py
[2026-04-28T12:14:20.785+0000] {processor.py:830} INFO - Processing file /home/airflow/.local/lib/python3.8/site-packages/airflow/example_dags/example_short_circuit_decorator.py for tasks to queue
[2026-04-28T12:14:20.787+0000] {logging_mixin.py:188} INFO - [2026-04-28T12:14:20.787+0000] {dagbag.py:540} INFO - Filling up the DagBag from /home/airflow/.local/lib/python3.8/site-packages/airflow/example_dags/example_short_circuit_decorator.py
[2026-04-28T12:14:20.798+0000] {processor.py:840} INFO - DAG(s) 'example_short_circuit_decorator' retrieved from /home/airflow/.local/lib/python3.8/site-packages/airflow/example_dags/example_short_circuit_decorator.py
[2026-04-28T12:14:20.829+0000] {logging_mixin.py:188} INFO - [2026-04-28T12:14:20.829+0000] {dag.py:3047} INFO - Sync 1 DAGs
[2026-04-28T12:14:20.857+0000] {logging_mixin.py:188} INFO - [2026-04-28T12:14:20.857+0000] {dag.py:3834} INFO - Setting next_dagrun for example_short_circuit_decorator to 2026-04-27 00:00:00+00:00, run_after=2026-04-28 00:00:00+00:00
[2026-04-28T12:14:20.878+0000] {processor.py:183} INFO - Processing /home/airflow/.local/lib/python3.8/site-packages/airflow/example_dags/example_short_circuit_decorator.py took 0.098 seconds
[2026-04-28T12:14:51.524+0000] {processor.py:161} INFO - Started process (PID=398) to work on /home/airflow/.local/lib/python3.8/site-packages/airflow/example_dags/example_short_circuit_decorator.py
[2026-04-28T12:14:51.526+0000] {processor.py:830} INFO - Processing file /home/airflow/.local/lib/python3.8/site-packages/airflow/example_dags/example_short_circuit_decorator.py for tasks to queue
[2026-04-28T12:14:51.528+0000] {logging_mixin.py:188} INFO - [2026-04-28T12:14:51.527+0000] {dagbag.py:540} INFO - Filling up the DagBag from /home/airflow/.local/lib/python3.8/site-packages/airflow/example_dags/example_short_circuit_decorator.py
[2026-04-28T12:14:51.538+0000] {processor.py:840} INFO - DAG(s) 'example_short_circuit_decorator' retrieved from /home/airflow/.local/lib/python3.8/site-packages/airflow/example_dags/example_short_circuit_decorator.py
[2026-04-28T12:14:51.566+0000] {logging_mixin.py:188} INFO - [2026-04-28T12:14:51.566+0000] {dag.py:3047} INFO - Sync 1 DAGs
[2026-04-28T12:14:51.590+0000] {logging_mixin.py:188} INFO - [2026-04-28T12:14:51.590+0000] {dag.py:3834} INFO - Setting next_dagrun for example_short_circuit_decorator to 2026-04-27 00:00:00+00:00, run_after=2026-04-28 00:00:00+00:00
[2026-04-28T12:14:51.608+0000] {processor.py:183} INFO - Processing /home/airflow/.local/lib/python3.8/site-packages/airflow/example_dags/example_short_circuit_decorator.py took 0.087 seconds
[2026-04-28T12:15:21.743+0000] {processor.py:161} INFO - Started process (PID=453) to work on /home/airflow/.local/lib/python3.8/site-packages/airflow/example_dags/example_short_circuit_decorator.py
[2026-04-28T12:15:21.747+0000] {processor.py:830} INFO - Processing file /home/airflow/.local/lib/python3.8/site-packages/airflow/example_dags/example_short_circuit_decorator.py for tasks to queue
[2026-04-28T12:15:21.751+0000] {logging_mixin.py:188} INFO - [2026-04-28T12:15:21.749+0000] {dagbag.py:540} INFO - Filling up the DagBag from /home/airflow/.local/lib/python3.8/site-packages/airflow/example_dags/example_short_circuit_decorator.py
[2026-04-28T12:15:21.773+0000] {processor.py:840} INFO - DAG(s) 'example_short_circuit_decorator' retrieved from /home/airflow/.local/lib/python3.8/site-packages/airflow/example_dags/example_short_circuit_decorator.py
[2026-04-28T12:15:21.815+0000] {logging_mixin.py:188} INFO - [2026-04-28T12:15:21.815+0000] {dag.py:3047} INFO - Sync 1 DAGs
[2026-04-28T12:15:21.863+0000] {logging_mixin.py:188} INFO - [2026-04-28T12:15:21.863+0000] {dag.py:3834} INFO - Setting next_dagrun for example_short_circuit_decorator to 2026-04-27 00:00:00+00:00, run_after=2026-04-28 00:00:00+00:00
[2026-04-28T12:15:21.895+0000] {processor.py:183} INFO - Processing /home/airflow/.local/lib/python3.8/site-packages/airflow/example_dags/example_short_circuit_decorator.py took 0.162 seconds
[2026-04-28T12:15:52.204+0000] {processor.py:161} INFO - Started process (PID=507) to work on /home/airflow/.local/lib/python3.8/site-packages/airflow/example_dags/example_short_circuit_decorator.py
[2026-04-28T12:15:52.209+0000] {processor.py:830} INFO - Processing file /home/airflow/.local/lib/python3.8/site-packages/airflow/example_dags/example_short_circuit_decorator.py for tasks to queue
[2026-04-28T12:15:52.211+0000] {logging_mixin.py:188} INFO - [2026-04-28T12:15:52.210+0000] {dagbag.py:540} INFO - Filling up the DagBag from /home/airflow/.local/lib/python3.8/site-packages/airflow/example_dags/example_short_circuit_decorator.py
[2026-04-28T12:15:52.227+0000] {processor.py:840} INFO - DAG(s) 'example_short_circuit_decorator' retrieved from /home/airflow/.local/lib/python3.8/site-packages/airflow/example_dags/example_short_circuit_decorator.py
[2026-04-28T12:15:52.295+0000] {logging_mixin.py:188} INFO - [2026-04-28T12:15:52.295+0000] {dag.py:3047} INFO - Sync 1 DAGs
[2026-04-28T12:15:52.386+0000] {logging_mixin.py:188} INFO - [2026-04-28T12:15:52.385+0000] {dag.py:3834} INFO - Setting next_dagrun for example_short_circuit_decorator to 2026-04-27 00:00:00+00:00, run_after=2026-04-28 00:00:00+00:00
[2026-04-28T12:15:52.445+0000] {processor.py:183} INFO - Processing /home/airflow/.local/lib/python3.8/site-packages/airflow/example_dags/example_short_circuit_decorator.py took 0.249 seconds
[2026-04-28T12:16:22.555+0000] {processor.py:161} INFO - Started process (PID=562) to work on /home/airflow/.local/lib/python3.8/site-packages/airflow/example_dags/example_short_circuit_decorator.py
[2026-04-28T12:16:22.556+0000] {processor.py:830} INFO - Processing file /home/airflow/.local/lib/python3.8/site-packages/airflow/example_dags/example_short_circuit_decorator.py for tasks to queue
[2026-04-28T12:16:22.558+0000] {logging_mixin.py:188} INFO - [2026-04-28T12:16:22.557+0000] {dagbag.py:540} INFO - Filling up the DagBag from /home/airflow/.local/lib/python3.8/site-packages/airflow/example_dags/example_short_circuit_decorator.py
[2026-04-28T12:16:22.569+0000] {processor.py:840} INFO - DAG(s) 'example_short_circuit_decorator' retrieved from /home/airflow/.local/lib/python3.8/site-packages/airflow/example_dags/example_short_circuit_decorator.py
[2026-04-28T12:16:22.587+0000] {logging_mixin.py:188} INFO - [2026-04-28T12:16:22.587+0000] {dag.py:3047} INFO - Sync 1 DAGs
[2026-04-28T12:16:22.608+0000] {logging_mixin.py:188} INFO - [2026-04-28T12:16:22.608+0000] {dag.py:3834} INFO - Setting next_dagrun for example_short_circuit_decorator to 2026-04-27 00:00:00+00:00, run_after=2026-04-28 00:00:00+00:00
[2026-04-28T12:16:22.630+0000] {processor.py:183} INFO - Processing /home/airflow/.local/lib/python3.8/site-packages/airflow/example_dags/example_short_circuit_decorator.py took 0.078 seconds
[2026-04-28T12:16:52.817+0000] {processor.py:161} INFO - Started process (PID=617) to work on /home/airflow/.local/lib/python3.8/site-packages/airflow/example_dags/example_short_circuit_decorator.py
[2026-04-28T12:16:52.818+0000] {processor.py:830} INFO - Processing file /home/airflow/.local/lib/python3.8/site-packages/airflow/example_dags/example_short_circuit_decorator.py for tasks to queue
[2026-04-28T12:16:52.820+0000] {logging_mixin.py:188} INFO - [2026-04-28T12:16:52.820+0000] {dagbag.py:540} INFO - Filling up the DagBag from /home/airflow/.local/lib/python3.8/site-packages/airflow/example_dags/example_short_circuit_decorator.py
[2026-04-28T12:16:52.830+0000] {processor.py:840} INFO - DAG(s) 'example_short_circuit_decorator' retrieved from /home/airflow/.local/lib/python3.8/site-packages/airflow/example_dags/example_short_circuit_decorator.py
[2026-04-28T12:16:52.857+0000] {logging_mixin.py:188} INFO - [2026-04-28T12:16:52.857+0000] {dag.py:3047} INFO - Sync 1 DAGs
[2026-04-28T12:16:52.885+0000] {logging_mixin.py:188} INFO - [2026-04-28T12:16:52.885+0000] {dag.py:3834} INFO - Setting next_dagrun for example_short_circuit_decorator to 2026-04-27 00:00:00+00:00, run_after=2026-04-28 00:00:00+00:00
[2026-04-28T12:16:52.906+0000] {processor.py:183} INFO - Processing /home/airflow/.local/lib/python3.8/site-packages/airflow/example_dags/example_short_circuit_decorator.py took 0.092 seconds
[2026-04-28T12:17:22.976+0000] {processor.py:161} INFO - Started process (PID=672) to work on /home/airflow/.local/lib/python3.8/site-packages/airflow/example_dags/example_short_circuit_decorator.py
[2026-04-28T12:17:22.977+0000] {processor.py:830} INFO - Processing file /home/airflow/.local/lib/python3.8/site-packages/airflow/example_dags/example_short_circuit_decorator.py for tasks to queue
[2026-04-28T12:17:22.980+0000] {logging_mixin.py:188} INFO - [2026-04-28T12:17:22.979+0000] {dagbag.py:540} INFO - Filling up the DagBag from /home/airflow/.local/lib/python3.8/site-packages/airflow/example_dags/example_short_circuit_decorator.py
[2026-04-28T12:17:22.991+0000] {processor.py:840} INFO - DAG(s) 'example_short_circuit_decorator' retrieved from /home/airflow/.local/lib/python3.8/site-packages/airflow/example_dags/example_short_circuit_decorator.py
[2026-04-28T12:17:23.019+0000] {logging_mixin.py:188} INFO - [2026-04-28T12:17:23.019+0000] {dag.py:3047} INFO - Sync 1 DAGs
[2026-04-28T12:17:23.044+0000] {logging_mixin.py:188} INFO - [2026-04-28T12:17:23.043+0000] {dag.py:3834} INFO - Setting next_dagrun for example_short_circuit_decorator to 2026-04-27 00:00:00+00:00, run_after=2026-04-28 00:00:00+00:00
[2026-04-28T12:17:23.062+0000] {processor.py:183} INFO - Processing /home/airflow/.local/lib/python3.8/site-packages/airflow/example_dags/example_short_circuit_decorator.py took 0.089 seconds
[2026-04-28T12:17:53.133+0000] {processor.py:161} INFO - Started process (PID=727) to work on /home/airflow/.local/lib/python3.8/site-packages/airflow/example_dags/example_short_circuit_decorator.py
[2026-04-28T12:17:53.134+0000] {processor.py:830} INFO - Processing file /home/airflow/.local/lib/python3.8/site-packages/airflow/example_dags/example_short_circuit_decorator.py for tasks to queue
[2026-04-28T12:17:53.136+0000] {logging_mixin.py:188} INFO - [2026-04-28T12:17:53.136+0000] {dagbag.py:540} INFO - Filling up the DagBag from /home/airflow/.local/lib/python3.8/site-packages/airflow/example_dags/example_short_circuit_decorator.py
[2026-04-28T12:17:53.146+0000] {processor.py:840} INFO - DAG(s) 'example_short_circuit_decorator' retrieved from /home/airflow/.local/lib/python3.8/site-packages/airflow/example_dags/example_short_circuit_decorator.py
[2026-04-28T12:17:53.172+0000] {logging_mixin.py:188} INFO - [2026-04-28T12:17:53.172+0000] {dag.py:3047} INFO - Sync 1 DAGs
[2026-04-28T12:17:53.203+0000] {logging_mixin.py:188} INFO - [2026-04-28T12:17:53.203+0000] {dag.py:3834} INFO - Setting next_dagrun for example_short_circuit_decorator to 2026-04-27 00:00:00+00:00, run_after=2026-04-28 00:00:00+00:00
[2026-04-28T12:17:53.220+0000] {processor.py:183} INFO - Processing /home/airflow/.local/lib/python3.8/site-packages/airflow/example_dags/example_short_circuit_decorator.py took 0.091 seconds
[2026-04-28T12:18:23.448+0000] {processor.py:161} INFO - Started process (PID=782) to work on /home/airflow/.local/lib/python3.8/site-packages/airflow/example_dags/example_short_circuit_decorator.py
[2026-04-28T12:18:23.450+0000] {processor.py:830} INFO - Processing file /home/airflow/.local/lib/python3.8/site-packages/airflow/example_dags/example_short_circuit_decorator.py for tasks to queue
[2026-04-28T12:18:23.452+0000] {logging_mixin.py:188} INFO - [2026-04-28T12:18:23.452+0000] {dagbag.py:540} INFO - Filling up the DagBag from /home/airflow/.local/lib/python3.8/site-packages/airflow/example_dags/example_short_circuit_decorator.py
[2026-04-28T12:18:23.463+0000] {processor.py:840} INFO - DAG(s) 'example_short_circuit_decorator' retrieved from /home/airflow/.local/lib/python3.8/site-packages/airflow/example_dags/example_short_circuit_decorator.py
[2026-04-28T12:18:23.492+0000] {logging_mixin.py:188} INFO - [2026-04-28T12:18:23.491+0000] {dag.py:3047} INFO - Sync 1 DAGs
[2026-04-28T12:18:23.516+0000] {logging_mixin.py:188} INFO - [2026-04-28T12:18:23.516+0000] {dag.py:3834} INFO - Setting next_dagrun for example_short_circuit_decorator to 2026-04-27 00:00:00+00:00, run_after=2026-04-28 00:00:00+00:00
[2026-04-28T12:18:23.535+0000] {processor.py:183} INFO - Processing /home/airflow/.local/lib/python3.8/site-packages/airflow/example_dags/example_short_circuit_decorator.py took 0.091 seconds
[2026-04-28T12:18:53.906+0000] {processor.py:161} INFO - Started process (PID=837) to work on /home/airflow/.local/lib/python3.8/site-packages/airflow/example_dags/example_short_circuit_decorator.py
[2026-04-28T12:18:53.913+0000] {processor.py:830} INFO - Processing file /home/airflow/.local/lib/python3.8/site-packages/airflow/example_dags/example_short_circuit_decorator.py for tasks to queue
[2026-04-28T12:18:53.919+0000] {logging_mixin.py:188} INFO - [2026-04-28T12:18:53.918+0000] {dagbag.py:540} INFO - Filling up the DagBag from /home/airflow/.local/lib/python3.8/site-packages/airflow/example_dags/example_short_circuit_decorator.py
[2026-04-28T12:18:53.958+0000] {processor.py:840} INFO - DAG(s) 'example_short_circuit_decorator' retrieved from /home/airflow/.local/lib/python3.8/site-packages/airflow/example_dags/example_short_circuit_decorator.py
[2026-04-28T12:18:54.019+0000] {logging_mixin.py:188} INFO - [2026-04-28T12:18:54.019+0000] {dag.py:3047} INFO - Sync 1 DAGs
[2026-04-28T12:18:54.075+0000] {logging_mixin.py:188} INFO - [2026-04-28T12:18:54.075+0000] {dag.py:3834} INFO - Setting next_dagrun for example_short_circuit_decorator to 2026-04-27 00:00:00+00:00, run_after=2026-04-28 00:00:00+00:00
[2026-04-28T12:18:54.108+0000] {processor.py:183} INFO - Processing /home/airflow/.local/lib/python3.8/site-packages/airflow/example_dags/example_short_circuit_decorator.py took 0.216 seconds
[2026-04-28T12:19:25.068+0000] {processor.py:161} INFO - Started process (PID=892) to work on /home/airflow/.local/lib/python3.8/site-packages/airflow/example_dags/example_short_circuit_decorator.py
[2026-04-28T12:19:25.069+0000] {processor.py:830} INFO - Processing file /home/airflow/.local/lib/python3.8/site-packages/airflow/example_dags/example_short_circuit_decorator.py for tasks to queue
[2026-04-28T12:19:25.071+0000] {logging_mixin.py:188} INFO - [2026-04-28T12:19:25.071+0000] {dagbag.py:540} INFO - Filling up the DagBag from /home/airflow/.local/lib/python3.8/site-packages/airflow/example_dags/example_short_circuit_decorator.py
[2026-04-28T12:19:25.082+0000] {processor.py:840} INFO - DAG(s) 'example_short_circuit_decorator' retrieved from /home/airflow/.local/lib/python3.8/site-packages/airflow/example_dags/example_short_circuit_decorator.py
[2026-04-28T12:19:25.109+0000] {logging_mixin.py:188} INFO - [2026-04-28T12:19:25.108+0000] {dag.py:3047} INFO - Sync 1 DAGs
[2026-04-28T12:19:25.133+0000] {logging_mixin.py:188} INFO - [2026-04-28T12:19:25.133+0000] {dag.py:3834} INFO - Setting next_dagrun for example_short_circuit_decorator to 2026-04-27 00:00:00+00:00, run_after=2026-04-28 00:00:00+00:00
[2026-04-28T12:19:25.150+0000] {processor.py:183} INFO - Processing /home/airflow/.local/lib/python3.8/site-packages/airflow/example_dags/example_short_circuit_decorator.py took 0.085 seconds
[2026-04-28T12:19:55.667+0000] {processor.py:161} INFO - Started process (PID=947) to work on /home/airflow/.local/lib/python3.8/site-packages/airflow/example_dags/example_short_circuit_decorator.py
[2026-04-28T12:19:55.669+0000] {processor.py:830} INFO - Processing file /home/airflow/.local/lib/python3.8/site-packages/airflow/example_dags/example_short_circuit_decorator.py for tasks to queue
[2026-04-28T12:19:55.671+0000] {logging_mixin.py:188} INFO - [2026-04-28T12:19:55.671+0000] {dagbag.py:540} INFO - Filling up the DagBag from /home/airflow/.local/lib/python3.8/site-packages/airflow/example_dags/example_short_circuit_decorator.py
[2026-04-28T12:19:55.681+0000] {processor.py:840} INFO - DAG(s) 'example_short_circuit_decorator' retrieved from /home/airflow/.local/lib/python3.8/site-packages/airflow/example_dags/example_short_circuit_decorator.py
[2026-04-28T12:19:55.709+0000] {logging_mixin.py:188} INFO - [2026-04-28T12:19:55.708+0000] {dag.py:3047} INFO - Sync 1 DAGs
[2026-04-28T12:19:55.736+0000] {logging_mixin.py:188} INFO - [2026-04-28T12:19:55.735+0000] {dag.py:3834} INFO - Setting next_dagrun for example_short_circuit_decorator to 2026-04-27 00:00:00+00:00, run_after=2026-04-28 00:00:00+00:00
[2026-04-28T12:19:55.754+0000] {processor.py:183} INFO - Processing /home/airflow/.local/lib/python3.8/site-packages/airflow/example_dags/example_short_circuit_decorator.py took 0.091 seconds
[2026-04-28T12:20:26.010+0000] {processor.py:161} INFO - Started process (PID=1001) to work on /home/airflow/.local/lib/python3.8/site-packages/airflow/example_dags/example_short_circuit_decorator.py
[2026-04-28T12:20:26.011+0000] {processor.py:830} INFO - Processing file /home/airflow/.local/lib/python3.8/site-packages/airflow/example_dags/example_short_circuit_decorator.py for tasks to queue
[2026-04-28T12:20:26.013+0000] {logging_mixin.py:188} INFO - [2026-04-28T12:20:26.012+0000] {dagbag.py:540} INFO - Filling up the DagBag from /home/airflow/.local/lib/python3.8/site-packages/airflow/example_dags/example_short_circuit_decorator.py
[2026-04-28T12:20:26.023+0000] {processor.py:840} INFO - DAG(s) 'example_short_circuit_decorator' retrieved from /home/airflow/.local/lib/python3.8/site-packages/airflow/example_dags/example_short_circuit_decorator.py
[2026-04-28T12:20:26.051+0000] {logging_mixin.py:188} INFO - [2026-04-28T12:20:26.050+0000] {dag.py:3047} INFO - Sync 1 DAGs
[2026-04-28T12:20:26.076+0000] {logging_mixin.py:188} INFO - [2026-04-28T12:20:26.076+0000] {dag.py:3834} INFO - Setting next_dagrun for example_short_circuit_decorator to 2026-04-27 00:00:00+00:00, run_after=2026-04-28 00:00:00+00:00
[2026-04-28T12:20:26.094+0000] {processor.py:183} INFO - Processing /home/airflow/.local/lib/python3.8/site-packages/airflow/example_dags/example_short_circuit_decorator.py took 0.088 seconds
[2026-04-28T12:20:56.586+0000] {processor.py:161} INFO - Started process (PID=1056) to work on /home/airflow/.local/lib/python3.8/site-packages/airflow/example_dags/example_short_circuit_decorator.py
[2026-04-28T12:20:56.587+0000] {processor.py:830} INFO - Processing file /home/airflow/.local/lib/python3.8/site-packages/airflow/example_dags/example_short_circuit_decorator.py for tasks to queue
[2026-04-28T12:20:56.589+0000] {logging_mixin.py:188} INFO - [2026-04-28T12:20:56.588+0000] {dagbag.py:540} INFO - Filling up the DagBag from /home/airflow/.local/lib/python3.8/site-packages/airflow/example_dags/example_short_circuit_decorator.py
[2026-04-28T12:20:56.599+0000] {processor.py:840} INFO - DAG(s) 'example_short_circuit_decorator' retrieved from /home/airflow/.local/lib/python3.8/site-packages/airflow/example_dags/example_short_circuit_decorator.py
[2026-04-28T12:20:56.626+0000] {logging_mixin.py:188} INFO - [2026-04-28T12:20:56.626+0000] {dag.py:3047} INFO - Sync 1 DAGs
[2026-04-28T12:20:56.654+0000] {logging_mixin.py:188} INFO - [2026-04-28T12:20:56.654+0000] {dag.py:3834} INFO - Setting next_dagrun for example_short_circuit_decorator to 2026-04-27 00:00:00+00:00, run_after=2026-04-28 00:00:00+00:00
[2026-04-28T12:20:56.672+0000] {processor.py:183} INFO - Processing /home/airflow/.local/lib/python3.8/site-packages/airflow/example_dags/example_short_circuit_decorator.py took 0.090 seconds
[2026-04-28T12:21:26.877+0000] {processor.py:161} INFO - Started process (PID=1111) to work on /home/airflow/.local/lib/python3.8/site-packages/airflow/example_dags/example_short_circuit_decorator.py
[2026-04-28T12:21:26.878+0000] {processor.py:830} INFO - Processing file /home/airflow/.local/lib/python3.8/site-packages/airflow/example_dags/example_short_circuit_decorator.py for tasks to queue
[2026-04-28T12:21:26.880+0000] {logging_mixin.py:188} INFO - [2026-04-28T12:21:26.879+0000] {dagbag.py:540} INFO - Filling up the DagBag from /home/airflow/.local/lib/python3.8/site-packages/airflow/example_dags/example_short_circuit_decorator.py
[2026-04-28T12:21:26.890+0000] {processor.py:840} INFO - DAG(s) 'example_short_circuit_decorator' retrieved from /home/airflow/.local/lib/python3.8/site-packages/airflow/example_dags/example_short_circuit_decorator.py
[2026-04-28T12:21:26.917+0000] {logging_mixin.py:188} INFO - [2026-04-28T12:21:26.917+0000] {dag.py:3047} INFO - Sync 1 DAGs
[2026-04-28T12:21:26.945+0000] {logging_mixin.py:188} INFO - [2026-04-28T12:21:26.944+0000] {dag.py:3834} INFO - Setting next_dagrun for example_short_circuit_decorator to 2026-04-27 00:00:00+00:00, run_after=2026-04-28 00:00:00+00:00
[2026-04-28T12:21:26.962+0000] {processor.py:183} INFO - Processing /home/airflow/.local/lib/python3.8/site-packages/airflow/example_dags/example_short_circuit_decorator.py took 0.089 seconds
[2026-04-28T12:21:57.473+0000] {processor.py:161} INFO - Started process (PID=1166) to work on /home/airflow/.local/lib/python3.8/site-packages/airflow/example_dags/example_short_circuit_decorator.py
[2026-04-28T12:21:57.474+0000] {processor.py:830} INFO - Processing file /home/airflow/.local/lib/python3.8/site-packages/airflow/example_dags/example_short_circuit_decorator.py for tasks to queue
[2026-04-28T12:21:57.478+0000] {logging_mixin.py:188} INFO - [2026-04-28T12:21:57.476+0000] {dagbag.py:540} INFO - Filling up the DagBag from /home/airflow/.local/lib/python3.8/site-packages/airflow/example_dags/example_short_circuit_decorator.py
[2026-04-28T12:21:57.489+0000] {processor.py:840} INFO - DAG(s) 'example_short_circuit_decorator' retrieved from /home/airflow/.local/lib/python3.8/site-packages/airflow/example_dags/example_short_circuit_decorator.py
[2026-04-28T12:21:57.515+0000] {logging_mixin.py:188} INFO - [2026-04-28T12:21:57.515+0000] {dag.py:3047} INFO - Sync 1 DAGs
[2026-04-28T12:21:57.540+0000] {logging_mixin.py:188} INFO - [2026-04-28T12:21:57.540+0000] {dag.py:3834} INFO - Setting next_dagrun for example_short_circuit_decorator to 2026-04-27 00:00:00+00:00, run_after=2026-04-28 00:00:00+00:00
[2026-04-28T12:21:57.558+0000] {processor.py:183} INFO - Processing /home/airflow/.local/lib/python3.8/site-packages/airflow/example_dags/example_short_circuit_decorator.py took 0.088 seconds
[2026-04-28T12:22:27.669+0000] {processor.py:161} INFO - Started process (PID=1221) to work on /home/airflow/.local/lib/python3.8/site-packages/airflow/example_dags/example_short_circuit_decorator.py
[2026-04-28T12:22:27.670+0000] {processor.py:830} INFO - Processing file /home/airflow/.local/lib/python3.8/site-packages/airflow/example_dags/example_short_circuit_decorator.py for tasks to queue
[2026-04-28T12:22:27.672+0000] {logging_mixin.py:188} INFO - [2026-04-28T12:22:27.672+0000] {dagbag.py:540} INFO - Filling up the DagBag from /home/airflow/.local/lib/python3.8/site-packages/airflow/example_dags/example_short_circuit_decorator.py
[2026-04-28T12:22:27.683+0000] {processor.py:840} INFO - DAG(s) 'example_short_circuit_decorator' retrieved from /home/airflow/.local/lib/python3.8/site-packages/airflow/example_dags/example_short_circuit_decorator.py
[2026-04-28T12:22:27.710+0000] {logging_mixin.py:188} INFO - [2026-04-28T12:22:27.710+0000] {dag.py:3047} INFO - Sync 1 DAGs
[2026-04-28T12:22:27.734+0000] {logging_mixin.py:188} INFO - [2026-04-28T12:22:27.734+0000] {dag.py:3834} INFO - Setting next_dagrun for example_short_circuit_decorator to 2026-04-27 00:00:00+00:00, run_after=2026-04-28 00:00:00+00:00
[2026-04-28T12:22:27.763+0000] {processor.py:183} INFO - Processing /home/airflow/.local/lib/python3.8/site-packages/airflow/example_dags/example_short_circuit_decorator.py took 0.097 seconds
[2026-04-28T12:22:58.306+0000] {processor.py:161} INFO - Started process (PID=1276) to work on /home/airflow/.local/lib/python3.8/site-packages/airflow/example_dags/example_short_circuit_decorator.py
[2026-04-28T12:22:58.307+0000] {processor.py:830} INFO - Processing file /home/airflow/.local/lib/python3.8/site-packages/airflow/example_dags/example_short_circuit_decorator.py for tasks to queue
[2026-04-28T12:22:58.309+0000] {logging_mixin.py:188} INFO - [2026-04-28T12:22:58.308+0000] {dagbag.py:540} INFO - Filling up the DagBag from /home/airflow/.local/lib/python3.8/site-packages/airflow/example_dags/example_short_circuit_decorator.py
[2026-04-28T12:22:58.319+0000] {processor.py:840} INFO - DAG(s) 'example_short_circuit_decorator' retrieved from /home/airflow/.local/lib/python3.8/site-packages/airflow/example_dags/example_short_circuit_decorator.py
[2026-04-28T12:22:58.346+0000] {logging_mixin.py:188} INFO - [2026-04-28T12:22:58.346+0000] {dag.py:3047} INFO - Sync 1 DAGs
[2026-04-28T12:22:58.374+0000] {logging_mixin.py:188} INFO - [2026-04-28T12:22:58.374+0000] {dag.py:3834} INFO - Setting next_dagrun for example_short_circuit_decorator to 2026-04-27 00:00:00+00:00, run_after=2026-04-28 00:00:00+00:00
[2026-04-28T12:22:58.392+0000] {processor.py:183} INFO - Processing /home/airflow/.local/lib/python3.8/site-packages/airflow/example_dags/example_short_circuit_decorator.py took 0.090 seconds
[2026-04-28T12:23:28.502+0000] {processor.py:161} INFO - Started process (PID=1331) to work on /home/airflow/.local/lib/python3.8/site-packages/airflow/example_dags/example_short_circuit_decorator.py
[2026-04-28T12:23:28.503+0000] {processor.py:830} INFO - Processing file /home/airflow/.local/lib/python3.8/site-packages/airflow/example_dags/example_short_circuit_decorator.py for tasks to queue
[2026-04-28T12:23:28.510+0000] {logging_mixin.py:188} INFO - [2026-04-28T12:23:28.509+0000] {dagbag.py:540} INFO - Filling up the DagBag from /home/airflow/.local/lib/python3.8/site-packages/airflow/example_dags/example_short_circuit_decorator.py
[2026-04-28T12:23:28.540+0000] {processor.py:840} INFO - DAG(s) 'example_short_circuit_decorator' retrieved from /home/airflow/.local/lib/python3.8/site-packages/airflow/example_dags/example_short_circuit_decorator.py
[2026-04-28T12:23:28.606+0000] {logging_mixin.py:188} INFO - [2026-04-28T12:23:28.605+0000] {dag.py:3047} INFO - Sync 1 DAGs
[2026-04-28T12:23:28.652+0000] {logging_mixin.py:188} INFO - [2026-04-28T12:23:28.651+0000] {dag.py:3834} INFO - Setting next_dagrun for example_short_circuit_decorator to 2026-04-27 00:00:00+00:00, run_after=2026-04-28 00:00:00+00:00
[2026-04-28T12:23:28.693+0000] {processor.py:183} INFO - Processing /home/airflow/.local/lib/python3.8/site-packages/airflow/example_dags/example_short_circuit_decorator.py took 0.205 seconds
[2026-04-28T12:23:59.229+0000] {processor.py:161} INFO - Started process (PID=1386) to work on /home/airflow/.local/lib/python3.8/site-packages/airflow/example_dags/example_short_circuit_decorator.py
[2026-04-28T12:23:59.230+0000] {processor.py:830} INFO - Processing file /home/airflow/.local/lib/python3.8/site-packages/airflow/example_dags/example_short_circuit_decorator.py for tasks to queue
[2026-04-28T12:23:59.232+0000] {logging_mixin.py:188} INFO - [2026-04-28T12:23:59.232+0000] {dagbag.py:540} INFO - Filling up the DagBag from /home/airflow/.local/lib/python3.8/site-packages/airflow/example_dags/example_short_circuit_decorator.py
[2026-04-28T12:23:59.242+0000] {processor.py:840} INFO - DAG(s) 'example_short_circuit_decorator' retrieved from /home/airflow/.local/lib/python3.8/site-packages/airflow/example_dags/example_short_circuit_decorator.py
[2026-04-28T12:23:59.268+0000] {logging_mixin.py:188} INFO - [2026-04-28T12:23:59.268+0000] {dag.py:3047} INFO - Sync 1 DAGs
[2026-04-28T12:23:59.291+0000] {logging_mixin.py:188} INFO - [2026-04-28T12:23:59.291+0000] {dag.py:3834} INFO - Setting next_dagrun for example_short_circuit_decorator to 2026-04-27 00:00:00+00:00, run_after=2026-04-28 00:00:00+00:00
[2026-04-28T12:23:59.310+0000] {processor.py:183} INFO - Processing /home/airflow/.local/lib/python3.8/site-packages/airflow/example_dags/example_short_circuit_decorator.py took 0.084 seconds
[2026-04-28T12:24:29.930+0000] {processor.py:161} INFO - Started process (PID=1441) to work on /home/airflow/.local/lib/python3.8/site-packages/airflow/example_dags/example_short_circuit_decorator.py
[2026-04-28T12:24:29.931+0000] {processor.py:830} INFO - Processing file /home/airflow/.local/lib/python3.8/site-packages/airflow/example_dags/example_short_circuit_decorator.py for tasks to queue
[2026-04-28T12:24:29.933+0000] {logging_mixin.py:188} INFO - [2026-04-28T12:24:29.933+0000] {dagbag.py:540} INFO - Filling up the DagBag from /home/airflow/.local/lib/python3.8/site-packages/airflow/example_dags/example_short_circuit_decorator.py
[2026-04-28T12:24:29.945+0000] {processor.py:840} INFO - DAG(s) 'example_short_circuit_decorator' retrieved from /home/airflow/.local/lib/python3.8/site-packages/airflow/example_dags/example_short_circuit_decorator.py
[2026-04-28T12:24:29.971+0000] {logging_mixin.py:188} INFO - [2026-04-28T12:24:29.971+0000] {dag.py:3047} INFO - Sync 1 DAGs
[2026-04-28T12:24:29.995+0000] {logging_mixin.py:188} INFO - [2026-04-28T12:24:29.995+0000] {dag.py:3834} INFO - Setting next_dagrun for example_short_circuit_decorator to 2026-04-27 00:00:00+00:00, run_after=2026-04-28 00:00:00+00:00
[2026-04-28T12:24:30.013+0000] {processor.py:183} INFO - Processing /home/airflow/.local/lib/python3.8/site-packages/airflow/example_dags/example_short_circuit_decorator.py took 0.086 seconds
[2026-04-28T12:25:00.106+0000] {processor.py:161} INFO - Started process (PID=1496) to work on /home/airflow/.local/lib/python3.8/site-packages/airflow/example_dags/example_short_circuit_decorator.py
[2026-04-28T12:25:00.109+0000] {processor.py:830} INFO - Processing file /home/airflow/.local/lib/python3.8/site-packages/airflow/example_dags/example_short_circuit_decorator.py for tasks to queue
[2026-04-28T12:25:00.118+0000] {logging_mixin.py:188} INFO - [2026-04-28T12:25:00.118+0000] {dagbag.py:540} INFO - Filling up the DagBag from /home/airflow/.local/lib/python3.8/site-packages/airflow/example_dags/example_short_circuit_decorator.py
[2026-04-28T12:25:00.149+0000] {processor.py:840} INFO - DAG(s) 'example_short_circuit_decorator' retrieved from /home/airflow/.local/lib/python3.8/site-packages/airflow/example_dags/example_short_circuit_decorator.py
[2026-04-28T12:25:00.204+0000] {logging_mixin.py:188} INFO - [2026-04-28T12:25:00.203+0000] {dag.py:3047} INFO - Sync 1 DAGs
[2026-04-28T12:25:00.252+0000] {logging_mixin.py:188} INFO - [2026-04-28T12:25:00.252+0000] {dag.py:3834} INFO - Setting next_dagrun for example_short_circuit_decorator to 2026-04-27 00:00:00+00:00, run_after=2026-04-28 00:00:00+00:00
[2026-04-28T12:25:00.288+0000] {processor.py:183} INFO - Processing /home/airflow/.local/lib/python3.8/site-packages/airflow/example_dags/example_short_circuit_decorator.py took 0.190 seconds
[2026-04-28T12:25:30.486+0000] {processor.py:161} INFO - Started process (PID=1551) to work on /home/airflow/.local/lib/python3.8/site-packages/airflow/example_dags/example_short_circuit_decorator.py
[2026-04-28T12:25:30.490+0000] {processor.py:830} INFO - Processing file /home/airflow/.local/lib/python3.8/site-packages/airflow/example_dags/example_short_circuit_decorator.py for tasks to queue
[2026-04-28T12:25:30.492+0000] {logging_mixin.py:188} INFO - [2026-04-28T12:25:30.492+0000] {dagbag.py:540} INFO - Filling up the DagBag from /home/airflow/.local/lib/python3.8/site-packages/airflow/example_dags/example_short_circuit_decorator.py
[2026-04-28T12:25:30.506+0000] {processor.py:840} INFO - DAG(s) 'example_short_circuit_decorator' retrieved from /home/airflow/.local/lib/python3.8/site-packages/airflow/example_dags/example_short_circuit_decorator.py
[2026-04-28T12:25:30.532+0000] {logging_mixin.py:188} INFO - [2026-04-28T12:25:30.532+0000] {dag.py:3047} INFO - Sync 1 DAGs
[2026-04-28T12:25:30.573+0000] {logging_mixin.py:188} INFO - [2026-04-28T12:25:30.572+0000] {dag.py:3834} INFO - Setting next_dagrun for example_short_circuit_decorator to 2026-04-27 00:00:00+00:00, run_after=2026-04-28 00:00:00+00:00
[2026-04-28T12:25:30.599+0000] {processor.py:183} INFO - Processing /home/airflow/.local/lib/python3.8/site-packages/airflow/example_dags/example_short_circuit_decorator.py took 0.122 seconds
[2026-04-28T12:26:00.802+0000] {processor.py:161} INFO - Started process (PID=1606) to work on /home/airflow/.local/lib/python3.8/site-packages/airflow/example_dags/example_short_circuit_decorator.py
[2026-04-28T12:26:00.804+0000] {processor.py:830} INFO - Processing file /home/airflow/.local/lib/python3.8/site-packages/airflow/example_dags/example_short_circuit_decorator.py for tasks to queue
[2026-04-28T12:26:00.807+0000] {logging_mixin.py:188} INFO - [2026-04-28T12:26:00.807+0000] {dagbag.py:540} INFO - Filling up the DagBag from /home/airflow/.local/lib/python3.8/site-packages/airflow/example_dags/example_short_circuit_decorator.py
[2026-04-28T12:26:00.821+0000] {processor.py:840} INFO - DAG(s) 'example_short_circuit_decorator' retrieved from /home/airflow/.local/lib/python3.8/site-packages/airflow/example_dags/example_short_circuit_decorator.py
[2026-04-28T12:26:00.848+0000] {logging_mixin.py:188} INFO - [2026-04-28T12:26:00.848+0000] {dag.py:3047} INFO - Sync 1 DAGs
[2026-04-28T12:26:00.873+0000] {logging_mixin.py:188} INFO - [2026-04-28T12:26:00.873+0000] {dag.py:3834} INFO - Setting next_dagrun for example_short_circuit_decorator to 2026-04-27 00:00:00+00:00, run_after=2026-04-28 00:00:00+00:00
[2026-04-28T12:26:00.896+0000] {processor.py:183} INFO - Processing /home/airflow/.local/lib/python3.8/site-packages/airflow/example_dags/example_short_circuit_decorator.py took 0.097 seconds
[2026-04-28T12:26:31.643+0000] {processor.py:161} INFO - Started process (PID=1661) to work on /home/airflow/.local/lib/python3.8/site-packages/airflow/example_dags/example_short_circuit_decorator.py
[2026-04-28T12:26:31.644+0000] {processor.py:830} INFO - Processing file /home/airflow/.local/lib/python3.8/site-packages/airflow/example_dags/example_short_circuit_decorator.py for tasks to queue
[2026-04-28T12:26:31.649+0000] {logging_mixin.py:188} INFO - [2026-04-28T12:26:31.648+0000] {dagbag.py:540} INFO - Filling up the DagBag from /home/airflow/.local/lib/python3.8/site-packages/airflow/example_dags/example_short_circuit_decorator.py
[2026-04-28T12:26:31.682+0000] {processor.py:840} INFO - DAG(s) 'example_short_circuit_decorator' retrieved from /home/airflow/.local/lib/python3.8/site-packages/airflow/example_dags/example_short_circuit_decorator.py
[2026-04-28T12:26:31.708+0000] {logging_mixin.py:188} INFO - [2026-04-28T12:26:31.708+0000] {dag.py:3047} INFO - Sync 1 DAGs
[2026-04-28T12:26:31.732+0000] {logging_mixin.py:188} INFO - [2026-04-28T12:26:31.732+0000] {dag.py:3834} INFO - Setting next_dagrun for example_short_circuit_decorator to 2026-04-27 00:00:00+00:00, run_after=2026-04-28 00:00:00+00:00
[2026-04-28T12:26:31.749+0000] {processor.py:183} INFO - Processing /home/airflow/.local/lib/python3.8/site-packages/airflow/example_dags/example_short_circuit_decorator.py took 0.117 seconds
[2026-04-28T12:27:02.442+0000] {processor.py:161} INFO - Started process (PID=1723) to work on /home/airflow/.local/lib/python3.8/site-packages/airflow/example_dags/example_short_circuit_decorator.py
[2026-04-28T12:27:02.443+0000] {processor.py:830} INFO - Processing file /home/airflow/.local/lib/python3.8/site-packages/airflow/example_dags/example_short_circuit_decorator.py for tasks to queue
[2026-04-28T12:27:02.445+0000] {logging_mixin.py:188} INFO - [2026-04-28T12:27:02.444+0000] {dagbag.py:540} INFO - Filling up the DagBag from /home/airflow/.local/lib/python3.8/site-packages/airflow/example_dags/example_short_circuit_decorator.py
[2026-04-28T12:27:02.455+0000] {processor.py:840} INFO - DAG(s) 'example_short_circuit_decorator' retrieved from /home/airflow/.local/lib/python3.8/site-packages/airflow/example_dags/example_short_circuit_decorator.py
[2026-04-28T12:27:02.488+0000] {logging_mixin.py:188} INFO - [2026-04-28T12:27:02.488+0000] {dag.py:3047} INFO - Sync 1 DAGs
[2026-04-28T12:27:02.512+0000] {logging_mixin.py:188} INFO - [2026-04-28T12:27:02.512+0000] {dag.py:3834} INFO - Setting next_dagrun for example_short_circuit_decorator to 2026-04-27 00:00:00+00:00, run_after=2026-04-28 00:00:00+00:00
[2026-04-28T12:27:02.533+0000] {processor.py:183} INFO - Processing /home/airflow/.local/lib/python3.8/site-packages/airflow/example_dags/example_short_circuit_decorator.py took 0.095 seconds
[2026-04-28T12:27:32.760+0000] {processor.py:161} INFO - Started process (PID=1778) to work on /home/airflow/.local/lib/python3.8/site-packages/airflow/example_dags/example_short_circuit_decorator.py
[2026-04-28T12:27:32.761+0000] {processor.py:830} INFO - Processing file /home/airflow/.local/lib/python3.8/site-packages/airflow/example_dags/example_short_circuit_decorator.py for tasks to queue
[2026-04-28T12:27:32.768+0000] {logging_mixin.py:188} INFO - [2026-04-28T12:27:32.767+0000] {dagbag.py:540} INFO - Filling up the DagBag from /home/airflow/.local/lib/python3.8/site-packages/airflow/example_dags/example_short_circuit_decorator.py
[2026-04-28T12:27:32.795+0000] {processor.py:840} INFO - DAG(s) 'example_short_circuit_decorator' retrieved from /home/airflow/.local/lib/python3.8/site-packages/airflow/example_dags/example_short_circuit_decorator.py
[2026-04-28T12:27:32.858+0000] {logging_mixin.py:188} INFO - [2026-04-28T12:27:32.857+0000] {dag.py:3047} INFO - Sync 1 DAGs
[2026-04-28T12:27:32.887+0000] {logging_mixin.py:188} INFO - [2026-04-28T12:27:32.887+0000] {dag.py:3834} INFO - Setting next_dagrun for example_short_circuit_decorator to 2026-04-27 00:00:00+00:00, run_after=2026-04-28 00:00:00+00:00
[2026-04-28T12:27:32.905+0000] {processor.py:183} INFO - Processing /home/airflow/.local/lib/python3.8/site-packages/airflow/example_dags/example_short_circuit_decorator.py took 0.160 seconds
[2026-04-28T12:28:03.038+0000] {processor.py:161} INFO - Started process (PID=1834) to work on /home/airflow/.local/lib/python3.8/site-packages/airflow/example_dags/example_short_circuit_decorator.py
[2026-04-28T12:28:03.040+0000] {processor.py:830} INFO - Processing file /home/airflow/.local/lib/python3.8/site-packages/airflow/example_dags/example_short_circuit_decorator.py for tasks to queue
[2026-04-28T12:28:03.046+0000] {logging_mixin.py:188} INFO - [2026-04-28T12:28:03.045+0000] {dagbag.py:540} INFO - Filling up the DagBag from /home/airflow/.local/lib/python3.8/site-packages/airflow/example_dags/example_short_circuit_decorator.py
[2026-04-28T12:28:03.069+0000] {processor.py:840} INFO - DAG(s) 'example_short_circuit_decorator' retrieved from /home/airflow/.local/lib/python3.8/site-packages/airflow/example_dags/example_short_circuit_decorator.py
[2026-04-28T12:28:03.104+0000] {logging_mixin.py:188} INFO - [2026-04-28T12:28:03.103+0000] {dag.py:3047} INFO - Sync 1 DAGs
[2026-04-28T12:28:03.127+0000] {logging_mixin.py:188} INFO - [2026-04-28T12:28:03.127+0000] {dag.py:3834} INFO - Setting next_dagrun for example_short_circuit_decorator to 2026-04-27 00:00:00+00:00, run_after=2026-04-28 00:00:00+00:00
[2026-04-28T12:28:03.156+0000] {processor.py:183} INFO - Processing /home/airflow/.local/lib/python3.8/site-packages/airflow/example_dags/example_short_circuit_decorator.py took 0.129 seconds
[2026-04-28T12:28:33.947+0000] {processor.py:161} INFO - Started process (PID=1890) to work on /home/airflow/.local/lib/python3.8/site-packages/airflow/example_dags/example_short_circuit_decorator.py
[2026-04-28T12:28:33.948+0000] {processor.py:830} INFO - Processing file /home/airflow/.local/lib/python3.8/site-packages/airflow/example_dags/example_short_circuit_decorator.py for tasks to queue
[2026-04-28T12:28:33.950+0000] {logging_mixin.py:188} INFO - [2026-04-28T12:28:33.950+0000] {dagbag.py:540} INFO - Filling up the DagBag from /home/airflow/.local/lib/python3.8/site-packages/airflow/example_dags/example_short_circuit_decorator.py
[2026-04-28T12:28:33.961+0000] {processor.py:840} INFO - DAG(s) 'example_short_circuit_decorator' retrieved from /home/airflow/.local/lib/python3.8/site-packages/airflow/example_dags/example_short_circuit_decorator.py
[2026-04-28T12:28:33.989+0000] {logging_mixin.py:188} INFO - [2026-04-28T12:28:33.989+0000] {dag.py:3047} INFO - Sync 1 DAGs
[2026-04-28T12:28:34.013+0000] {logging_mixin.py:188} INFO - [2026-04-28T12:28:34.012+0000] {dag.py:3834} INFO - Setting next_dagrun for example_short_circuit_decorator to 2026-04-27 00:00:00+00:00, run_after=2026-04-28 00:00:00+00:00
[2026-04-28T12:28:34.030+0000] {processor.py:183} INFO - Processing /home/airflow/.local/lib/python3.8/site-packages/airflow/example_dags/example_short_circuit_decorator.py took 0.086 seconds
[2026-04-28T12:29:04.586+0000] {processor.py:161} INFO - Started process (PID=1946) to work on /home/airflow/.local/lib/python3.8/site-packages/airflow/example_dags/example_short_circuit_decorator.py
[2026-04-28T12:29:04.588+0000] {processor.py:830} INFO - Processing file /home/airflow/.local/lib/python3.8/site-packages/airflow/example_dags/example_short_circuit_decorator.py for tasks to queue
[2026-04-28T12:29:04.590+0000] {logging_mixin.py:188} INFO - [2026-04-28T12:29:04.590+0000] {dagbag.py:540} INFO - Filling up the DagBag from /home/airflow/.local/lib/python3.8/site-packages/airflow/example_dags/example_short_circuit_decorator.py
[2026-04-28T12:29:04.600+0000] {processor.py:840} INFO - DAG(s) 'example_short_circuit_decorator' retrieved from /home/airflow/.local/lib/python3.8/site-packages/airflow/example_dags/example_short_circuit_decorator.py
[2026-04-28T12:29:04.630+0000] {logging_mixin.py:188} INFO - [2026-04-28T12:29:04.630+0000] {dag.py:3047} INFO - Sync 1 DAGs
[2026-04-28T12:29:04.654+0000] {logging_mixin.py:188} INFO - [2026-04-28T12:29:04.654+0000] {dag.py:3834} INFO - Setting next_dagrun for example_short_circuit_decorator to 2026-04-27 00:00:00+00:00, run_after=2026-04-28 00:00:00+00:00
[2026-04-28T12:29:04.671+0000] {processor.py:183} INFO - Processing /home/airflow/.local/lib/python3.8/site-packages/airflow/example_dags/example_short_circuit_decorator.py took 0.089 seconds
[2026-04-28T12:29:35.332+0000] {processor.py:161} INFO - Started process (PID=2002) to work on /home/airflow/.local/lib/python3.8/site-packages/airflow/example_dags/example_short_circuit_decorator.py
[2026-04-28T12:29:35.333+0000] {processor.py:830} INFO - Processing file /home/airflow/.local/lib/python3.8/site-packages/airflow/example_dags/example_short_circuit_decorator.py for tasks to queue
[2026-04-28T12:29:35.335+0000] {logging_mixin.py:188} INFO - [2026-04-28T12:29:35.335+0000] {dagbag.py:540} INFO - Filling up the DagBag from /home/airflow/.local/lib/python3.8/site-packages/airflow/example_dags/example_short_circuit_decorator.py
[2026-04-28T12:29:35.346+0000] {processor.py:840} INFO - DAG(s) 'example_short_circuit_decorator' retrieved from /home/airflow/.local/lib/python3.8/site-packages/airflow/example_dags/example_short_circuit_decorator.py
[2026-04-28T12:29:35.372+0000] {logging_mixin.py:188} INFO - [2026-04-28T12:29:35.372+0000] {dag.py:3047} INFO - Sync 1 DAGs
[2026-04-28T12:29:35.558+0000] {logging_mixin.py:188} INFO - [2026-04-28T12:29:35.558+0000] {dag.py:3834} INFO - Setting next_dagrun for example_short_circuit_decorator to 2026-04-27 00:00:00+00:00, run_after=2026-04-28 00:00:00+00:00
[2026-04-28T12:29:35.576+0000] {processor.py:183} INFO - Processing /home/airflow/.local/lib/python3.8/site-packages/airflow/example_dags/example_short_circuit_decorator.py took 0.247 seconds
[2026-04-28T12:30:06.039+0000] {processor.py:161} INFO - Started process (PID=2058) to work on /home/airflow/.local/lib/python3.8/site-packages/airflow/example_dags/example_short_circuit_decorator.py
[2026-04-28T12:30:06.040+0000] {processor.py:830} INFO - Processing file /home/airflow/.local/lib/python3.8/site-packages/airflow/example_dags/example_short_circuit_decorator.py for tasks to queue
[2026-04-28T12:30:06.042+0000] {logging_mixin.py:188} INFO - [2026-04-28T12:30:06.042+0000] {dagbag.py:540} INFO - Filling up the DagBag from /home/airflow/.local/lib/python3.8/site-packages/airflow/example_dags/example_short_circuit_decorator.py
[2026-04-28T12:30:06.062+0000] {processor.py:840} INFO - DAG(s) 'example_short_circuit_decorator' retrieved from /home/airflow/.local/lib/python3.8/site-packages/airflow/example_dags/example_short_circuit_decorator.py
[2026-04-28T12:30:06.127+0000] {logging_mixin.py:188} INFO - [2026-04-28T12:30:06.124+0000] {dag.py:3047} INFO - Sync 1 DAGs
[2026-04-28T12:30:06.329+0000] {logging_mixin.py:188} INFO - [2026-04-28T12:30:06.329+0000] {dag.py:3834} INFO - Setting next_dagrun for example_short_circuit_decorator to 2026-04-27 00:00:00+00:00, run_after=2026-04-28 00:00:00+00:00
[2026-04-28T12:30:06.344+0000] {processor.py:183} INFO - Processing /home/airflow/.local/lib/python3.8/site-packages/airflow/example_dags/example_short_circuit_decorator.py took 0.309 seconds
[2026-04-28T12:30:36.399+0000] {processor.py:161} INFO - Started process (PID=2114) to work on /home/airflow/.local/lib/python3.8/site-packages/airflow/example_dags/example_short_circuit_decorator.py
[2026-04-28T12:30:36.400+0000] {processor.py:830} INFO - Processing file /home/airflow/.local/lib/python3.8/site-packages/airflow/example_dags/example_short_circuit_decorator.py for tasks to queue
[2026-04-28T12:30:36.402+0000] {logging_mixin.py:188} INFO - [2026-04-28T12:30:36.401+0000] {dagbag.py:540} INFO - Filling up the DagBag from /home/airflow/.local/lib/python3.8/site-packages/airflow/example_dags/example_short_circuit_decorator.py
[2026-04-28T12:30:36.414+0000] {processor.py:840} INFO - DAG(s) 'example_short_circuit_decorator' retrieved from /home/airflow/.local/lib/python3.8/site-packages/airflow/example_dags/example_short_circuit_decorator.py
[2026-04-28T12:30:36.446+0000] {logging_mixin.py:188} INFO - [2026-04-28T12:30:36.446+0000] {dag.py:3047} INFO - Sync 1 DAGs
[2026-04-28T12:30:36.485+0000] {logging_mixin.py:188} INFO - [2026-04-28T12:30:36.485+0000] {dag.py:3834} INFO - Setting next_dagrun for example_short_circuit_decorator to 2026-04-27 00:00:00+00:00, run_after=2026-04-28 00:00:00+00:00
[2026-04-28T12:30:36.721+0000] {processor.py:183} INFO - Processing /home/airflow/.local/lib/python3.8/site-packages/airflow/example_dags/example_short_circuit_decorator.py took 0.326 seconds
[2026-04-28T12:31:06.905+0000] {processor.py:161} INFO - Started process (PID=2170) to work on /home/airflow/.local/lib/python3.8/site-packages/airflow/example_dags/example_short_circuit_decorator.py
[2026-04-28T12:31:06.906+0000] {processor.py:830} INFO - Processing file /home/airflow/.local/lib/python3.8/site-packages/airflow/example_dags/example_short_circuit_decorator.py for tasks to queue
[2026-04-28T12:31:06.908+0000] {logging_mixin.py:188} INFO - [2026-04-28T12:31:06.908+0000] {dagbag.py:540} INFO - Filling up the DagBag from /home/airflow/.local/lib/python3.8/site-packages/airflow/example_dags/example_short_circuit_decorator.py
[2026-04-28T12:31:06.919+0000] {processor.py:840} INFO - DAG(s) 'example_short_circuit_decorator' retrieved from /home/airflow/.local/lib/python3.8/site-packages/airflow/example_dags/example_short_circuit_decorator.py
[2026-04-28T12:31:06.949+0000] {logging_mixin.py:188} INFO - [2026-04-28T12:31:06.949+0000] {dag.py:3047} INFO - Sync 1 DAGs
[2026-04-28T12:31:06.985+0000] {logging_mixin.py:188} INFO - [2026-04-28T12:31:06.985+0000] {dag.py:3834} INFO - Setting next_dagrun for example_short_circuit_decorator to 2026-04-27 00:00:00+00:00, run_after=2026-04-28 00:00:00+00:00
[2026-04-28T12:31:07.277+0000] {processor.py:183} INFO - Processing /home/airflow/.local/lib/python3.8/site-packages/airflow/example_dags/example_short_circuit_decorator.py took 0.376 seconds
[2026-04-28T12:31:37.780+0000] {processor.py:161} INFO - Started process (PID=2225) to work on /home/airflow/.local/lib/python3.8/site-packages/airflow/example_dags/example_short_circuit_decorator.py
[2026-04-28T12:31:37.782+0000] {processor.py:830} INFO - Processing file /home/airflow/.local/lib/python3.8/site-packages/airflow/example_dags/example_short_circuit_decorator.py for tasks to queue
[2026-04-28T12:31:37.784+0000] {logging_mixin.py:188} INFO - [2026-04-28T12:31:37.784+0000] {dagbag.py:540} INFO - Filling up the DagBag from /home/airflow/.local/lib/python3.8/site-packages/airflow/example_dags/example_short_circuit_decorator.py
[2026-04-28T12:31:37.803+0000] {processor.py:840} INFO - DAG(s) 'example_short_circuit_decorator' retrieved from /home/airflow/.local/lib/python3.8/site-packages/airflow/example_dags/example_short_circuit_decorator.py
[2026-04-28T12:31:37.862+0000] {logging_mixin.py:188} INFO - [2026-04-28T12:31:37.862+0000] {dag.py:3047} INFO - Sync 1 DAGs
[2026-04-28T12:31:37.886+0000] {logging_mixin.py:188} INFO - [2026-04-28T12:31:37.886+0000] {dag.py:3834} INFO - Setting next_dagrun for example_short_circuit_decorator to 2026-04-27 00:00:00+00:00, run_after=2026-04-28 00:00:00+00:00
[2026-04-28T12:31:37.903+0000] {processor.py:183} INFO - Processing /home/airflow/.local/lib/python3.8/site-packages/airflow/example_dags/example_short_circuit_decorator.py took 0.130 seconds
[2026-04-28T12:32:08.415+0000] {processor.py:161} INFO - Started process (PID=2281) to work on /home/airflow/.local/lib/python3.8/site-packages/airflow/example_dags/example_short_circuit_decorator.py
[2026-04-28T12:32:08.416+0000] {processor.py:830} INFO - Processing file /home/airflow/.local/lib/python3.8/site-packages/airflow/example_dags/example_short_circuit_decorator.py for tasks to queue
[2026-04-28T12:32:08.419+0000] {logging_mixin.py:188} INFO - [2026-04-28T12:32:08.418+0000] {dagbag.py:540} INFO - Filling up the DagBag from /home/airflow/.local/lib/python3.8/site-packages/airflow/example_dags/example_short_circuit_decorator.py
[2026-04-28T12:32:08.430+0000] {processor.py:840} INFO - DAG(s) 'example_short_circuit_decorator' retrieved from /home/airflow/.local/lib/python3.8/site-packages/airflow/example_dags/example_short_circuit_decorator.py
[2026-04-28T12:32:08.456+0000] {logging_mixin.py:188} INFO - [2026-04-28T12:32:08.455+0000] {dag.py:3047} INFO - Sync 1 DAGs
[2026-04-28T12:32:08.480+0000] {logging_mixin.py:188} INFO - [2026-04-28T12:32:08.480+0000] {dag.py:3834} INFO - Setting next_dagrun for example_short_circuit_decorator to 2026-04-27 00:00:00+00:00, run_after=2026-04-28 00:00:00+00:00
[2026-04-28T12:32:08.497+0000] {processor.py:183} INFO - Processing /home/airflow/.local/lib/python3.8/site-packages/airflow/example_dags/example_short_circuit_decorator.py took 0.086 seconds
[2026-04-28T12:32:39.082+0000] {processor.py:161} INFO - Started process (PID=2337) to work on /home/airflow/.local/lib/python3.8/site-packages/airflow/example_dags/example_short_circuit_decorator.py
[2026-04-28T12:32:39.087+0000] {processor.py:830} INFO - Processing file /home/airflow/.local/lib/python3.8/site-packages/airflow/example_dags/example_short_circuit_decorator.py for tasks to queue
[2026-04-28T12:32:39.093+0000] {logging_mixin.py:188} INFO - [2026-04-28T12:32:39.092+0000] {dagbag.py:540} INFO - Filling up the DagBag from /home/airflow/.local/lib/python3.8/site-packages/airflow/example_dags/example_short_circuit_decorator.py
[2026-04-28T12:32:39.124+0000] {processor.py:840} INFO - DAG(s) 'example_short_circuit_decorator' retrieved from /home/airflow/.local/lib/python3.8/site-packages/airflow/example_dags/example_short_circuit_decorator.py
[2026-04-28T12:32:39.157+0000] {logging_mixin.py:188} INFO - [2026-04-28T12:32:39.157+0000] {dag.py:3047} INFO - Sync 1 DAGs
[2026-04-28T12:32:39.210+0000] {logging_mixin.py:188} INFO - [2026-04-28T12:32:39.210+0000] {dag.py:3834} INFO - Setting next_dagrun for example_short_circuit_decorator to 2026-04-27 00:00:00+00:00, run_after=2026-04-28 00:00:00+00:00
[2026-04-28T12:32:39.246+0000] {processor.py:183} INFO - Processing /home/airflow/.local/lib/python3.8/site-packages/airflow/example_dags/example_short_circuit_decorator.py took 0.172 seconds
[2026-04-28T12:33:10.203+0000] {processor.py:161} INFO - Started process (PID=2395) to work on /home/airflow/.local/lib/python3.8/site-packages/airflow/example_dags/example_short_circuit_decorator.py
[2026-04-28T12:33:10.207+0000] {processor.py:830} INFO - Processing file /home/airflow/.local/lib/python3.8/site-packages/airflow/example_dags/example_short_circuit_decorator.py for tasks to queue
[2026-04-28T12:33:10.218+0000] {logging_mixin.py:188} INFO - [2026-04-28T12:33:10.213+0000] {dagbag.py:540} INFO - Filling up the DagBag from /home/airflow/.local/lib/python3.8/site-packages/airflow/example_dags/example_short_circuit_decorator.py
[2026-04-28T12:33:10.296+0000] {processor.py:840} INFO - DAG(s) 'example_short_circuit_decorator' retrieved from /home/airflow/.local/lib/python3.8/site-packages/airflow/example_dags/example_short_circuit_decorator.py
[2026-04-28T12:33:10.356+0000] {logging_mixin.py:188} INFO - [2026-04-28T12:33:10.355+0000] {dag.py:3047} INFO - Sync 1 DAGs
[2026-04-28T12:33:10.418+0000] {logging_mixin.py:188} INFO - [2026-04-28T12:33:10.417+0000] {dag.py:3834} INFO - Setting next_dagrun for example_short_circuit_decorator to 2026-04-27 00:00:00+00:00, run_after=2026-04-28 00:00:00+00:00
[2026-04-28T12:33:10.485+0000] {processor.py:183} INFO - Processing /home/airflow/.local/lib/python3.8/site-packages/airflow/example_dags/example_short_circuit_decorator.py took 0.291 seconds
[2026-04-28T12:33:41.381+0000] {processor.py:161} INFO - Started process (PID=2451) to work on /home/airflow/.local/lib/python3.8/site-packages/airflow/example_dags/example_short_circuit_decorator.py
[2026-04-28T12:33:41.383+0000] {processor.py:830} INFO - Processing file /home/airflow/.local/lib/python3.8/site-packages/airflow/example_dags/example_short_circuit_decorator.py for tasks to queue
[2026-04-28T12:33:41.385+0000] {logging_mixin.py:188} INFO - [2026-04-28T12:33:41.385+0000] {dagbag.py:540} INFO - Filling up the DagBag from /home/airflow/.local/lib/python3.8/site-packages/airflow/example_dags/example_short_circuit_decorator.py
[2026-04-28T12:33:41.398+0000] {processor.py:840} INFO - DAG(s) 'example_short_circuit_decorator' retrieved from /home/airflow/.local/lib/python3.8/site-packages/airflow/example_dags/example_short_circuit_decorator.py
[2026-04-28T12:33:41.426+0000] {logging_mixin.py:188} INFO - [2026-04-28T12:33:41.426+0000] {dag.py:3047} INFO - Sync 1 DAGs
[2026-04-28T12:33:41.450+0000] {logging_mixin.py:188} INFO - [2026-04-28T12:33:41.450+0000] {dag.py:3834} INFO - Setting next_dagrun for example_short_circuit_decorator to 2026-04-27 00:00:00+00:00, run_after=2026-04-28 00:00:00+00:00
[2026-04-28T12:33:41.469+0000] {processor.py:183} INFO - Processing /home/airflow/.local/lib/python3.8/site-packages/airflow/example_dags/example_short_circuit_decorator.py took 0.092 seconds
[2026-04-28T12:34:11.748+0000] {processor.py:161} INFO - Started process (PID=2507) to work on /home/airflow/.local/lib/python3.8/site-packages/airflow/example_dags/example_short_circuit_decorator.py
[2026-04-28T12:34:11.759+0000] {processor.py:830} INFO - Processing file /home/airflow/.local/lib/python3.8/site-packages/airflow/example_dags/example_short_circuit_decorator.py for tasks to queue
[2026-04-28T12:34:11.761+0000] {logging_mixin.py:188} INFO - [2026-04-28T12:34:11.761+0000] {dagbag.py:540} INFO - Filling up the DagBag from /home/airflow/.local/lib/python3.8/site-packages/airflow/example_dags/example_short_circuit_decorator.py
[2026-04-28T12:34:11.791+0000] {processor.py:840} INFO - DAG(s) 'example_short_circuit_decorator' retrieved from /home/airflow/.local/lib/python3.8/site-packages/airflow/example_dags/example_short_circuit_decorator.py
[2026-04-28T12:34:11.874+0000] {logging_mixin.py:188} INFO - [2026-04-28T12:34:11.874+0000] {dag.py:3047} INFO - Sync 1 DAGs
[2026-04-28T12:34:12.027+0000] {logging_mixin.py:188} INFO - [2026-04-28T12:34:12.012+0000] {dag.py:3834} INFO - Setting next_dagrun for example_short_circuit_decorator to 2026-04-27 00:00:00+00:00, run_after=2026-04-28 00:00:00+00:00
[2026-04-28T12:34:12.127+0000] {processor.py:183} INFO - Processing /home/airflow/.local/lib/python3.8/site-packages/airflow/example_dags/example_short_circuit_decorator.py took 0.384 seconds
[2026-04-28T12:34:42.411+0000] {processor.py:161} INFO - Started process (PID=2563) to work on /home/airflow/.local/lib/python3.8/site-packages/airflow/example_dags/example_short_circuit_decorator.py
[2026-04-28T12:34:42.414+0000] {processor.py:830} INFO - Processing file /home/airflow/.local/lib/python3.8/site-packages/airflow/example_dags/example_short_circuit_decorator.py for tasks to queue
[2026-04-28T12:34:42.418+0000] {logging_mixin.py:188} INFO - [2026-04-28T12:34:42.417+0000] {dagbag.py:540} INFO - Filling up the DagBag from /home/airflow/.local/lib/python3.8/site-packages/airflow/example_dags/example_short_circuit_decorator.py
[2026-04-28T12:34:42.447+0000] {processor.py:840} INFO - DAG(s) 'example_short_circuit_decorator' retrieved from /home/airflow/.local/lib/python3.8/site-packages/airflow/example_dags/example_short_circuit_decorator.py
[2026-04-28T12:34:42.505+0000] {logging_mixin.py:188} INFO - [2026-04-28T12:34:42.504+0000] {dag.py:3047} INFO - Sync 1 DAGs
[2026-04-28T12:34:42.560+0000] {logging_mixin.py:188} INFO - [2026-04-28T12:34:42.560+0000] {dag.py:3834} INFO - Setting next_dagrun for example_short_circuit_decorator to 2026-04-27 00:00:00+00:00, run_after=2026-04-28 00:00:00+00:00
[2026-04-28T12:34:42.610+0000] {processor.py:183} INFO - Processing /home/airflow/.local/lib/python3.8/site-packages/airflow/example_dags/example_short_circuit_decorator.py took 0.204 seconds
[2026-04-28T12:35:13.344+0000] {processor.py:161} INFO - Started process (PID=2619) to work on /home/airflow/.local/lib/python3.8/site-packages/airflow/example_dags/example_short_circuit_decorator.py
[2026-04-28T12:35:13.347+0000] {processor.py:830} INFO - Processing file /home/airflow/.local/lib/python3.8/site-packages/airflow/example_dags/example_short_circuit_decorator.py for tasks to queue
[2026-04-28T12:35:13.349+0000] {logging_mixin.py:188} INFO - [2026-04-28T12:35:13.349+0000] {dagbag.py:540} INFO - Filling up the DagBag from /home/airflow/.local/lib/python3.8/site-packages/airflow/example_dags/example_short_circuit_decorator.py
[2026-04-28T12:35:13.360+0000] {processor.py:840} INFO - DAG(s) 'example_short_circuit_decorator' retrieved from /home/airflow/.local/lib/python3.8/site-packages/airflow/example_dags/example_short_circuit_decorator.py
[2026-04-28T12:35:13.387+0000] {logging_mixin.py:188} INFO - [2026-04-28T12:35:13.387+0000] {dag.py:3047} INFO - Sync 1 DAGs
[2026-04-28T12:35:13.411+0000] {logging_mixin.py:188} INFO - [2026-04-28T12:35:13.411+0000] {dag.py:3834} INFO - Setting next_dagrun for example_short_circuit_decorator to 2026-04-27 00:00:00+00:00, run_after=2026-04-28 00:00:00+00:00
[2026-04-28T12:35:13.429+0000] {processor.py:183} INFO - Processing /home/airflow/.local/lib/python3.8/site-packages/airflow/example_dags/example_short_circuit_decorator.py took 0.088 seconds
[2026-04-28T12:35:44.068+0000] {processor.py:161} INFO - Started process (PID=2674) to work on /home/airflow/.local/lib/python3.8/site-packages/airflow/example_dags/example_short_circuit_decorator.py
[2026-04-28T12:35:44.069+0000] {processor.py:830} INFO - Processing file /home/airflow/.local/lib/python3.8/site-packages/airflow/example_dags/example_short_circuit_decorator.py for tasks to queue
[2026-04-28T12:35:44.071+0000] {logging_mixin.py:188} INFO - [2026-04-28T12:35:44.071+0000] {dagbag.py:540} INFO - Filling up the DagBag from /home/airflow/.local/lib/python3.8/site-packages/airflow/example_dags/example_short_circuit_decorator.py
[2026-04-28T12:35:44.082+0000] {processor.py:840} INFO - DAG(s) 'example_short_circuit_decorator' retrieved from /home/airflow/.local/lib/python3.8/site-packages/airflow/example_dags/example_short_circuit_decorator.py
[2026-04-28T12:35:44.117+0000] {logging_mixin.py:188} INFO - [2026-04-28T12:35:44.116+0000] {dag.py:3047} INFO - Sync 1 DAGs
[2026-04-28T12:35:44.141+0000] {logging_mixin.py:188} INFO - [2026-04-28T12:35:44.140+0000] {dag.py:3834} INFO - Setting next_dagrun for example_short_circuit_decorator to 2026-04-27 00:00:00+00:00, run_after=2026-04-28 00:00:00+00:00
[2026-04-28T12:35:44.158+0000] {processor.py:183} INFO - Processing /home/airflow/.local/lib/python3.8/site-packages/airflow/example_dags/example_short_circuit_decorator.py took 0.094 seconds
[2026-04-28T12:36:14.369+0000] {processor.py:161} INFO - Started process (PID=2730) to work on /home/airflow/.local/lib/python3.8/site-packages/airflow/example_dags/example_short_circuit_decorator.py
[2026-04-28T12:36:14.370+0000] {processor.py:830} INFO - Processing file /home/airflow/.local/lib/python3.8/site-packages/airflow/example_dags/example_short_circuit_decorator.py for tasks to queue
[2026-04-28T12:36:14.373+0000] {logging_mixin.py:188} INFO - [2026-04-28T12:36:14.373+0000] {dagbag.py:540} INFO - Filling up the DagBag from /home/airflow/.local/lib/python3.8/site-packages/airflow/example_dags/example_short_circuit_decorator.py
[2026-04-28T12:36:14.384+0000] {processor.py:840} INFO - DAG(s) 'example_short_circuit_decorator' retrieved from /home/airflow/.local/lib/python3.8/site-packages/airflow/example_dags/example_short_circuit_decorator.py
[2026-04-28T12:36:14.411+0000] {logging_mixin.py:188} INFO - [2026-04-28T12:36:14.411+0000] {dag.py:3047} INFO - Sync 1 DAGs
[2026-04-28T12:36:14.435+0000] {logging_mixin.py:188} INFO - [2026-04-28T12:36:14.435+0000] {dag.py:3834} INFO - Setting next_dagrun for example_short_circuit_decorator to 2026-04-27 00:00:00+00:00, run_after=2026-04-28 00:00:00+00:00
[2026-04-28T12:36:14.453+0000] {processor.py:183} INFO - Processing /home/airflow/.local/lib/python3.8/site-packages/airflow/example_dags/example_short_circuit_decorator.py took 0.087 seconds
[2026-04-28T12:36:45.038+0000] {processor.py:161} INFO - Started process (PID=2786) to work on /home/airflow/.local/lib/python3.8/site-packages/airflow/example_dags/example_short_circuit_decorator.py
[2026-04-28T12:36:45.039+0000] {processor.py:830} INFO - Processing file /home/airflow/.local/lib/python3.8/site-packages/airflow/example_dags/example_short_circuit_decorator.py for tasks to queue
[2026-04-28T12:36:45.041+0000] {logging_mixin.py:188} INFO - [2026-04-28T12:36:45.040+0000] {dagbag.py:540} INFO - Filling up the DagBag from /home/airflow/.local/lib/python3.8/site-packages/airflow/example_dags/example_short_circuit_decorator.py
[2026-04-28T12:36:45.052+0000] {processor.py:840} INFO - DAG(s) 'example_short_circuit_decorator' retrieved from /home/airflow/.local/lib/python3.8/site-packages/airflow/example_dags/example_short_circuit_decorator.py
[2026-04-28T12:36:45.079+0000] {logging_mixin.py:188} INFO - [2026-04-28T12:36:45.079+0000] {dag.py:3047} INFO - Sync 1 DAGs
[2026-04-28T12:36:45.104+0000] {logging_mixin.py:188} INFO - [2026-04-28T12:36:45.103+0000] {dag.py:3834} INFO - Setting next_dagrun for example_short_circuit_decorator to 2026-04-27 00:00:00+00:00, run_after=2026-04-28 00:00:00+00:00
[2026-04-28T12:36:45.122+0000] {processor.py:183} INFO - Processing /home/airflow/.local/lib/python3.8/site-packages/airflow/example_dags/example_short_circuit_decorator.py took 0.087 seconds
[2026-04-28T12:37:15.572+0000] {processor.py:161} INFO - Started process (PID=2842) to work on /home/airflow/.local/lib/python3.8/site-packages/airflow/example_dags/example_short_circuit_decorator.py
[2026-04-28T12:37:15.574+0000] {processor.py:830} INFO - Processing file /home/airflow/.local/lib/python3.8/site-packages/airflow/example_dags/example_short_circuit_decorator.py for tasks to queue
[2026-04-28T12:37:15.576+0000] {logging_mixin.py:188} INFO - [2026-04-28T12:37:15.576+0000] {dagbag.py:540} INFO - Filling up the DagBag from /home/airflow/.local/lib/python3.8/site-packages/airflow/example_dags/example_short_circuit_decorator.py
[2026-04-28T12:37:15.587+0000] {processor.py:840} INFO - DAG(s) 'example_short_circuit_decorator' retrieved from /home/airflow/.local/lib/python3.8/site-packages/airflow/example_dags/example_short_circuit_decorator.py
[2026-04-28T12:37:15.615+0000] {logging_mixin.py:188} INFO - [2026-04-28T12:37:15.615+0000] {dag.py:3047} INFO - Sync 1 DAGs
[2026-04-28T12:37:15.640+0000] {logging_mixin.py:188} INFO - [2026-04-28T12:37:15.640+0000] {dag.py:3834} INFO - Setting next_dagrun for example_short_circuit_decorator to 2026-04-27 00:00:00+00:00, run_after=2026-04-28 00:00:00+00:00
[2026-04-28T12:37:15.657+0000] {processor.py:183} INFO - Processing /home/airflow/.local/lib/python3.8/site-packages/airflow/example_dags/example_short_circuit_decorator.py took 0.089 seconds
[2026-04-28T12:37:46.443+0000] {processor.py:161} INFO - Started process (PID=2898) to work on /home/airflow/.local/lib/python3.8/site-packages/airflow/example_dags/example_short_circuit_decorator.py
[2026-04-28T12:37:46.445+0000] {processor.py:830} INFO - Processing file /home/airflow/.local/lib/python3.8/site-packages/airflow/example_dags/example_short_circuit_decorator.py for tasks to queue
[2026-04-28T12:37:46.448+0000] {logging_mixin.py:188} INFO - [2026-04-28T12:37:46.447+0000] {dagbag.py:540} INFO - Filling up the DagBag from /home/airflow/.local/lib/python3.8/site-packages/airflow/example_dags/example_short_circuit_decorator.py
[2026-04-28T12:37:46.470+0000] {processor.py:840} INFO - DAG(s) 'example_short_circuit_decorator' retrieved from /home/airflow/.local/lib/python3.8/site-packages/airflow/example_dags/example_short_circuit_decorator.py
[2026-04-28T12:37:46.498+0000] {logging_mixin.py:188} INFO - [2026-04-28T12:37:46.498+0000] {dag.py:3047} INFO - Sync 1 DAGs
[2026-04-28T12:37:46.523+0000] {logging_mixin.py:188} INFO - [2026-04-28T12:37:46.522+0000] {dag.py:3834} INFO - Setting next_dagrun for example_short_circuit_decorator to 2026-04-27 00:00:00+00:00, run_after=2026-04-28 00:00:00+00:00
[2026-04-28T12:37:46.540+0000] {processor.py:183} INFO - Processing /home/airflow/.local/lib/python3.8/site-packages/airflow/example_dags/example_short_circuit_decorator.py took 0.100 seconds
[2026-04-28T12:38:17.088+0000] {processor.py:161} INFO - Started process (PID=2954) to work on /home/airflow/.local/lib/python3.8/site-packages/airflow/example_dags/example_short_circuit_decorator.py
[2026-04-28T12:38:17.089+0000] {processor.py:830} INFO - Processing file /home/airflow/.local/lib/python3.8/site-packages/airflow/example_dags/example_short_circuit_decorator.py for tasks to queue
[2026-04-28T12:38:17.091+0000] {logging_mixin.py:188} INFO - [2026-04-28T12:38:17.091+0000] {dagbag.py:540} INFO - Filling up the DagBag from /home/airflow/.local/lib/python3.8/site-packages/airflow/example_dags/example_short_circuit_decorator.py
[2026-04-28T12:38:17.102+0000] {processor.py:840} INFO - DAG(s) 'example_short_circuit_decorator' retrieved from /home/airflow/.local/lib/python3.8/site-packages/airflow/example_dags/example_short_circuit_decorator.py
[2026-04-28T12:38:17.130+0000] {logging_mixin.py:188} INFO - [2026-04-28T12:38:17.130+0000] {dag.py:3047} INFO - Sync 1 DAGs
[2026-04-28T12:38:17.155+0000] {logging_mixin.py:188} INFO - [2026-04-28T12:38:17.155+0000] {dag.py:3834} INFO - Setting next_dagrun for example_short_circuit_decorator to 2026-04-27 00:00:00+00:00, run_after=2026-04-28 00:00:00+00:00
[2026-04-28T12:38:17.172+0000] {processor.py:183} INFO - Processing /home/airflow/.local/lib/python3.8/site-packages/airflow/example_dags/example_short_circuit_decorator.py took 0.088 seconds
[2026-04-28T12:38:47.634+0000] {processor.py:161} INFO - Started process (PID=3010) to work on /home/airflow/.local/lib/python3.8/site-packages/airflow/example_dags/example_short_circuit_decorator.py
[2026-04-28T12:38:47.635+0000] {processor.py:830} INFO - Processing file /home/airflow/.local/lib/python3.8/site-packages/airflow/example_dags/example_short_circuit_decorator.py for tasks to queue
[2026-04-28T12:38:47.637+0000] {logging_mixin.py:188} INFO - [2026-04-28T12:38:47.636+0000] {dagbag.py:540} INFO - Filling up the DagBag from /home/airflow/.local/lib/python3.8/site-packages/airflow/example_dags/example_short_circuit_decorator.py
[2026-04-28T12:38:47.647+0000] {processor.py:840} INFO - DAG(s) 'example_short_circuit_decorator' retrieved from /home/airflow/.local/lib/python3.8/site-packages/airflow/example_dags/example_short_circuit_decorator.py
[2026-04-28T12:38:47.674+0000] {logging_mixin.py:188} INFO - [2026-04-28T12:38:47.674+0000] {dag.py:3047} INFO - Sync 1 DAGs
[2026-04-28T12:38:47.705+0000] {logging_mixin.py:188} INFO - [2026-04-28T12:38:47.704+0000] {dag.py:3834} INFO - Setting next_dagrun for example_short_circuit_decorator to 2026-04-27 00:00:00+00:00, run_after=2026-04-28 00:00:00+00:00
[2026-04-28T12:38:47.741+0000] {processor.py:183} INFO - Processing /home/airflow/.local/lib/python3.8/site-packages/airflow/example_dags/example_short_circuit_decorator.py took 0.111 seconds
[2026-04-28T12:39:18.000+0000] {processor.py:161} INFO - Started process (PID=3066) to work on /home/airflow/.local/lib/python3.8/site-packages/airflow/example_dags/example_short_circuit_decorator.py
[2026-04-28T12:39:18.001+0000] {processor.py:830} INFO - Processing file /home/airflow/.local/lib/python3.8/site-packages/airflow/example_dags/example_short_circuit_decorator.py for tasks to queue
[2026-04-28T12:39:18.003+0000] {logging_mixin.py:188} INFO - [2026-04-28T12:39:18.003+0000] {dagbag.py:540} INFO - Filling up the DagBag from /home/airflow/.local/lib/python3.8/site-packages/airflow/example_dags/example_short_circuit_decorator.py
[2026-04-28T12:39:18.014+0000] {processor.py:840} INFO - DAG(s) 'example_short_circuit_decorator' retrieved from /home/airflow/.local/lib/python3.8/site-packages/airflow/example_dags/example_short_circuit_decorator.py
[2026-04-28T12:39:18.041+0000] {logging_mixin.py:188} INFO - [2026-04-28T12:39:18.040+0000] {dag.py:3047} INFO - Sync 1 DAGs
[2026-04-28T12:39:18.065+0000] {logging_mixin.py:188} INFO - [2026-04-28T12:39:18.065+0000] {dag.py:3834} INFO - Setting next_dagrun for example_short_circuit_decorator to 2026-04-27 00:00:00+00:00, run_after=2026-04-28 00:00:00+00:00
[2026-04-28T12:39:18.083+0000] {processor.py:183} INFO - Processing /home/airflow/.local/lib/python3.8/site-packages/airflow/example_dags/example_short_circuit_decorator.py took 0.086 seconds
[2026-04-28T12:39:48.547+0000] {processor.py:161} INFO - Started process (PID=3122) to work on /home/airflow/.local/lib/python3.8/site-packages/airflow/example_dags/example_short_circuit_decorator.py
[2026-04-28T12:39:48.548+0000] {processor.py:830} INFO - Processing file /home/airflow/.local/lib/python3.8/site-packages/airflow/example_dags/example_short_circuit_decorator.py for tasks to queue
[2026-04-28T12:39:48.550+0000] {logging_mixin.py:188} INFO - [2026-04-28T12:39:48.550+0000] {dagbag.py:540} INFO - Filling up the DagBag from /home/airflow/.local/lib/python3.8/site-packages/airflow/example_dags/example_short_circuit_decorator.py
[2026-04-28T12:39:48.561+0000] {processor.py:840} INFO - DAG(s) 'example_short_circuit_decorator' retrieved from /home/airflow/.local/lib/python3.8/site-packages/airflow/example_dags/example_short_circuit_decorator.py
[2026-04-28T12:39:48.644+0000] {logging_mixin.py:188} INFO - [2026-04-28T12:39:48.643+0000] {dag.py:3047} INFO - Sync 1 DAGs
[2026-04-28T12:39:48.669+0000] {logging_mixin.py:188} INFO - [2026-04-28T12:39:48.669+0000] {dag.py:3834} INFO - Setting next_dagrun for example_short_circuit_decorator to 2026-04-27 00:00:00+00:00, run_after=2026-04-28 00:00:00+00:00
[2026-04-28T12:39:48.683+0000] {processor.py:183} INFO - Processing /home/airflow/.local/lib/python3.8/site-packages/airflow/example_dags/example_short_circuit_decorator.py took 0.140 seconds
[2026-04-28T12:40:19.118+0000] {processor.py:161} INFO - Started process (PID=3178) to work on /home/airflow/.local/lib/python3.8/site-packages/airflow/example_dags/example_short_circuit_decorator.py
[2026-04-28T12:40:19.120+0000] {processor.py:830} INFO - Processing file /home/airflow/.local/lib/python3.8/site-packages/airflow/example_dags/example_short_circuit_decorator.py for tasks to queue
[2026-04-28T12:40:19.123+0000] {logging_mixin.py:188} INFO - [2026-04-28T12:40:19.123+0000] {dagbag.py:540} INFO - Filling up the DagBag from /home/airflow/.local/lib/python3.8/site-packages/airflow/example_dags/example_short_circuit_decorator.py
[2026-04-28T12:40:19.145+0000] {processor.py:840} INFO - DAG(s) 'example_short_circuit_decorator' retrieved from /home/airflow/.local/lib/python3.8/site-packages/airflow/example_dags/example_short_circuit_decorator.py
[2026-04-28T12:40:19.187+0000] {logging_mixin.py:188} INFO - [2026-04-28T12:40:19.187+0000] {dag.py:3047} INFO - Sync 1 DAGs
[2026-04-28T12:40:19.212+0000] {logging_mixin.py:188} INFO - [2026-04-28T12:40:19.212+0000] {dag.py:3834} INFO - Setting next_dagrun for example_short_circuit_decorator to 2026-04-27 00:00:00+00:00, run_after=2026-04-28 00:00:00+00:00
[2026-04-28T12:40:19.229+0000] {processor.py:183} INFO - Processing /home/airflow/.local/lib/python3.8/site-packages/airflow/example_dags/example_short_circuit_decorator.py took 0.114 seconds
[2026-04-28T12:40:50.070+0000] {processor.py:161} INFO - Started process (PID=3234) to work on /home/airflow/.local/lib/python3.8/site-packages/airflow/example_dags/example_short_circuit_decorator.py
[2026-04-28T12:40:50.071+0000] {processor.py:830} INFO - Processing file /home/airflow/.local/lib/python3.8/site-packages/airflow/example_dags/example_short_circuit_decorator.py for tasks to queue
[2026-04-28T12:40:50.073+0000] {logging_mixin.py:188} INFO - [2026-04-28T12:40:50.073+0000] {dagbag.py:540} INFO - Filling up the DagBag from /home/airflow/.local/lib/python3.8/site-packages/airflow/example_dags/example_short_circuit_decorator.py
[2026-04-28T12:40:50.084+0000] {processor.py:840} INFO - DAG(s) 'example_short_circuit_decorator' retrieved from /home/airflow/.local/lib/python3.8/site-packages/airflow/example_dags/example_short_circuit_decorator.py
[2026-04-28T12:40:50.112+0000] {logging_mixin.py:188} INFO - [2026-04-28T12:40:50.112+0000] {dag.py:3047} INFO - Sync 1 DAGs
[2026-04-28T12:40:50.137+0000] {logging_mixin.py:188} INFO - [2026-04-28T12:40:50.136+0000] {dag.py:3834} INFO - Setting next_dagrun for example_short_circuit_decorator to 2026-04-27 00:00:00+00:00, run_after=2026-04-28 00:00:00+00:00
[2026-04-28T12:40:50.154+0000] {processor.py:183} INFO - Processing /home/airflow/.local/lib/python3.8/site-packages/airflow/example_dags/example_short_circuit_decorator.py took 0.087 seconds
[2026-04-28T12:41:20.340+0000] {processor.py:161} INFO - Started process (PID=3290) to work on /home/airflow/.local/lib/python3.8/site-packages/airflow/example_dags/example_short_circuit_decorator.py
[2026-04-28T12:41:20.341+0000] {processor.py:830} INFO - Processing file /home/airflow/.local/lib/python3.8/site-packages/airflow/example_dags/example_short_circuit_decorator.py for tasks to queue
[2026-04-28T12:41:20.343+0000] {logging_mixin.py:188} INFO - [2026-04-28T12:41:20.343+0000] {dagbag.py:540} INFO - Filling up the DagBag from /home/airflow/.local/lib/python3.8/site-packages/airflow/example_dags/example_short_circuit_decorator.py
[2026-04-28T12:41:20.354+0000] {processor.py:840} INFO - DAG(s) 'example_short_circuit_decorator' retrieved from /home/airflow/.local/lib/python3.8/site-packages/airflow/example_dags/example_short_circuit_decorator.py
[2026-04-28T12:41:20.415+0000] {logging_mixin.py:188} INFO - [2026-04-28T12:41:20.415+0000] {dag.py:3047} INFO - Sync 1 DAGs
[2026-04-28T12:41:20.461+0000] {logging_mixin.py:188} INFO - [2026-04-28T12:41:20.461+0000] {dag.py:3834} INFO - Setting next_dagrun for example_short_circuit_decorator to 2026-04-27 00:00:00+00:00, run_after=2026-04-28 00:00:00+00:00
[2026-04-28T12:41:20.491+0000] {processor.py:183} INFO - Processing /home/airflow/.local/lib/python3.8/site-packages/airflow/example_dags/example_short_circuit_decorator.py took 0.155 seconds
[2026-04-28T12:41:50.693+0000] {processor.py:161} INFO - Started process (PID=3346) to work on /home/airflow/.local/lib/python3.8/site-packages/airflow/example_dags/example_short_circuit_decorator.py
[2026-04-28T12:41:50.697+0000] {processor.py:830} INFO - Processing file /home/airflow/.local/lib/python3.8/site-packages/airflow/example_dags/example_short_circuit_decorator.py for tasks to queue
[2026-04-28T12:41:50.703+0000] {logging_mixin.py:188} INFO - [2026-04-28T12:41:50.703+0000] {dagbag.py:540} INFO - Filling up the DagBag from /home/airflow/.local/lib/python3.8/site-packages/airflow/example_dags/example_short_circuit_decorator.py
[2026-04-28T12:41:50.731+0000] {processor.py:840} INFO - DAG(s) 'example_short_circuit_decorator' retrieved from /home/airflow/.local/lib/python3.8/site-packages/airflow/example_dags/example_short_circuit_decorator.py
[2026-04-28T12:41:50.776+0000] {logging_mixin.py:188} INFO - [2026-04-28T12:41:50.776+0000] {dag.py:3047} INFO - Sync 1 DAGs
[2026-04-28T12:41:50.835+0000] {logging_mixin.py:188} INFO - [2026-04-28T12:41:50.835+0000] {dag.py:3834} INFO - Setting next_dagrun for example_short_circuit_decorator to 2026-04-27 00:00:00+00:00, run_after=2026-04-28 00:00:00+00:00
[2026-04-28T12:41:50.870+0000] {processor.py:183} INFO - Processing /home/airflow/.local/lib/python3.8/site-packages/airflow/example_dags/example_short_circuit_decorator.py took 0.194 seconds
[2026-04-28T12:42:21.583+0000] {processor.py:161} INFO - Started process (PID=3402) to work on /home/airflow/.local/lib/python3.8/site-packages/airflow/example_dags/example_short_circuit_decorator.py
[2026-04-28T12:42:21.584+0000] {processor.py:830} INFO - Processing file /home/airflow/.local/lib/python3.8/site-packages/airflow/example_dags/example_short_circuit_decorator.py for tasks to queue
[2026-04-28T12:42:21.586+0000] {logging_mixin.py:188} INFO - [2026-04-28T12:42:21.586+0000] {dagbag.py:540} INFO - Filling up the DagBag from /home/airflow/.local/lib/python3.8/site-packages/airflow/example_dags/example_short_circuit_decorator.py
[2026-04-28T12:42:21.599+0000] {processor.py:840} INFO - DAG(s) 'example_short_circuit_decorator' retrieved from /home/airflow/.local/lib/python3.8/site-packages/airflow/example_dags/example_short_circuit_decorator.py
[2026-04-28T12:42:21.660+0000] {logging_mixin.py:188} INFO - [2026-04-28T12:42:21.660+0000] {dag.py:3047} INFO - Sync 1 DAGs
[2026-04-28T12:42:21.712+0000] {logging_mixin.py:188} INFO - [2026-04-28T12:42:21.712+0000] {dag.py:3834} INFO - Setting next_dagrun for example_short_circuit_decorator to 2026-04-27 00:00:00+00:00, run_after=2026-04-28 00:00:00+00:00
[2026-04-28T12:42:21.756+0000] {processor.py:183} INFO - Processing /home/airflow/.local/lib/python3.8/site-packages/airflow/example_dags/example_short_circuit_decorator.py took 0.177 seconds
[2026-04-28T12:42:51.932+0000] {processor.py:161} INFO - Started process (PID=3458) to work on /home/airflow/.local/lib/python3.8/site-packages/airflow/example_dags/example_short_circuit_decorator.py
[2026-04-28T12:42:51.933+0000] {processor.py:830} INFO - Processing file /home/airflow/.local/lib/python3.8/site-packages/airflow/example_dags/example_short_circuit_decorator.py for tasks to queue
[2026-04-28T12:42:51.935+0000] {logging_mixin.py:188} INFO - [2026-04-28T12:42:51.934+0000] {dagbag.py:540} INFO - Filling up the DagBag from /home/airflow/.local/lib/python3.8/site-packages/airflow/example_dags/example_short_circuit_decorator.py
[2026-04-28T12:42:51.945+0000] {processor.py:840} INFO - DAG(s) 'example_short_circuit_decorator' retrieved from /home/airflow/.local/lib/python3.8/site-packages/airflow/example_dags/example_short_circuit_decorator.py
[2026-04-28T12:42:51.972+0000] {logging_mixin.py:188} INFO - [2026-04-28T12:42:51.972+0000] {dag.py:3047} INFO - Sync 1 DAGs
[2026-04-28T12:42:51.997+0000] {logging_mixin.py:188} INFO - [2026-04-28T12:42:51.997+0000] {dag.py:3834} INFO - Setting next_dagrun for example_short_circuit_decorator to 2026-04-27 00:00:00+00:00, run_after=2026-04-28 00:00:00+00:00
[2026-04-28T12:42:52.015+0000] {processor.py:183} INFO - Processing /home/airflow/.local/lib/python3.8/site-packages/airflow/example_dags/example_short_circuit_decorator.py took 0.087 seconds
[2026-04-28T12:43:22.334+0000] {processor.py:161} INFO - Started process (PID=3514) to work on /home/airflow/.local/lib/python3.8/site-packages/airflow/example_dags/example_short_circuit_decorator.py
[2026-04-28T12:43:22.335+0000] {processor.py:830} INFO - Processing file /home/airflow/.local/lib/python3.8/site-packages/airflow/example_dags/example_short_circuit_decorator.py for tasks to queue
[2026-04-28T12:43:22.338+0000] {logging_mixin.py:188} INFO - [2026-04-28T12:43:22.338+0000] {dagbag.py:540} INFO - Filling up the DagBag from /home/airflow/.local/lib/python3.8/site-packages/airflow/example_dags/example_short_circuit_decorator.py
[2026-04-28T12:43:22.349+0000] {processor.py:840} INFO - DAG(s) 'example_short_circuit_decorator' retrieved from /home/airflow/.local/lib/python3.8/site-packages/airflow/example_dags/example_short_circuit_decorator.py
[2026-04-28T12:43:22.378+0000] {logging_mixin.py:188} INFO - [2026-04-28T12:43:22.378+0000] {dag.py:3047} INFO - Sync 1 DAGs
[2026-04-28T12:43:22.402+0000] {logging_mixin.py:188} INFO - [2026-04-28T12:43:22.402+0000] {dag.py:3834} INFO - Setting next_dagrun for example_short_circuit_decorator to 2026-04-27 00:00:00+00:00, run_after=2026-04-28 00:00:00+00:00
[2026-04-28T12:43:22.420+0000] {processor.py:183} INFO - Processing /home/airflow/.local/lib/python3.8/site-packages/airflow/example_dags/example_short_circuit_decorator.py took 0.089 seconds
[2026-04-28T12:43:52.467+0000] {processor.py:161} INFO - Started process (PID=3568) to work on /home/airflow/.local/lib/python3.8/site-packages/airflow/example_dags/example_short_circuit_decorator.py
[2026-04-28T12:43:52.470+0000] {processor.py:830} INFO - Processing file /home/airflow/.local/lib/python3.8/site-packages/airflow/example_dags/example_short_circuit_decorator.py for tasks to queue
[2026-04-28T12:43:52.474+0000] {logging_mixin.py:188} INFO - [2026-04-28T12:43:52.473+0000] {dagbag.py:540} INFO - Filling up the DagBag from /home/airflow/.local/lib/python3.8/site-packages/airflow/example_dags/example_short_circuit_decorator.py
[2026-04-28T12:43:52.499+0000] {processor.py:840} INFO - DAG(s) 'example_short_circuit_decorator' retrieved from /home/airflow/.local/lib/python3.8/site-packages/airflow/example_dags/example_short_circuit_decorator.py
[2026-04-28T12:43:52.554+0000] {logging_mixin.py:188} INFO - [2026-04-28T12:43:52.554+0000] {dag.py:3047} INFO - Sync 1 DAGs
[2026-04-28T12:43:52.638+0000] {logging_mixin.py:188} INFO - [2026-04-28T12:43:52.637+0000] {dag.py:3834} INFO - Setting next_dagrun for example_short_circuit_decorator to 2026-04-27 00:00:00+00:00, run_after=2026-04-28 00:00:00+00:00
[2026-04-28T12:43:52.679+0000] {processor.py:183} INFO - Processing /home/airflow/.local/lib/python3.8/site-packages/airflow/example_dags/example_short_circuit_decorator.py took 0.220 seconds
[2026-04-28T12:44:23.687+0000] {processor.py:161} INFO - Started process (PID=3623) to work on /home/airflow/.local/lib/python3.8/site-packages/airflow/example_dags/example_short_circuit_decorator.py
[2026-04-28T12:44:23.694+0000] {processor.py:830} INFO - Processing file /home/airflow/.local/lib/python3.8/site-packages/airflow/example_dags/example_short_circuit_decorator.py for tasks to queue
[2026-04-28T12:44:23.716+0000] {logging_mixin.py:188} INFO - [2026-04-28T12:44:23.711+0000] {dagbag.py:540} INFO - Filling up the DagBag from /home/airflow/.local/lib/python3.8/site-packages/airflow/example_dags/example_short_circuit_decorator.py
[2026-04-28T12:44:23.768+0000] {processor.py:840} INFO - DAG(s) 'example_short_circuit_decorator' retrieved from /home/airflow/.local/lib/python3.8/site-packages/airflow/example_dags/example_short_circuit_decorator.py
[2026-04-28T12:44:23.839+0000] {logging_mixin.py:188} INFO - [2026-04-28T12:44:23.839+0000] {dag.py:3047} INFO - Sync 1 DAGs
[2026-04-28T12:44:23.882+0000] {logging_mixin.py:188} INFO - [2026-04-28T12:44:23.882+0000] {dag.py:3834} INFO - Setting next_dagrun for example_short_circuit_decorator to 2026-04-27 00:00:00+00:00, run_after=2026-04-28 00:00:00+00:00
[2026-04-28T12:44:23.954+0000] {processor.py:183} INFO - Processing /home/airflow/.local/lib/python3.8/site-packages/airflow/example_dags/example_short_circuit_decorator.py took 0.307 seconds
[2026-04-28T12:44:54.298+0000] {processor.py:161} INFO - Started process (PID=3679) to work on /home/airflow/.local/lib/python3.8/site-packages/airflow/example_dags/example_short_circuit_decorator.py
[2026-04-28T12:44:54.299+0000] {processor.py:830} INFO - Processing file /home/airflow/.local/lib/python3.8/site-packages/airflow/example_dags/example_short_circuit_decorator.py for tasks to queue
[2026-04-28T12:44:54.301+0000] {logging_mixin.py:188} INFO - [2026-04-28T12:44:54.301+0000] {dagbag.py:540} INFO - Filling up the DagBag from /home/airflow/.local/lib/python3.8/site-packages/airflow/example_dags/example_short_circuit_decorator.py
[2026-04-28T12:44:54.312+0000] {processor.py:840} INFO - DAG(s) 'example_short_circuit_decorator' retrieved from /home/airflow/.local/lib/python3.8/site-packages/airflow/example_dags/example_short_circuit_decorator.py
[2026-04-28T12:44:54.339+0000] {logging_mixin.py:188} INFO - [2026-04-28T12:44:54.339+0000] {dag.py:3047} INFO - Sync 1 DAGs
[2026-04-28T12:44:54.364+0000] {logging_mixin.py:188} INFO - [2026-04-28T12:44:54.364+0000] {dag.py:3834} INFO - Setting next_dagrun for example_short_circuit_decorator to 2026-04-27 00:00:00+00:00, run_after=2026-04-28 00:00:00+00:00
[2026-04-28T12:44:54.382+0000] {processor.py:183} INFO - Processing /home/airflow/.local/lib/python3.8/site-packages/airflow/example_dags/example_short_circuit_decorator.py took 0.087 seconds
[2026-04-28T12:45:25.144+0000] {processor.py:161} INFO - Started process (PID=3734) to work on /home/airflow/.local/lib/python3.8/site-packages/airflow/example_dags/example_short_circuit_decorator.py
[2026-04-28T12:45:25.145+0000] {processor.py:830} INFO - Processing file /home/airflow/.local/lib/python3.8/site-packages/airflow/example_dags/example_short_circuit_decorator.py for tasks to queue
[2026-04-28T12:45:25.149+0000] {logging_mixin.py:188} INFO - [2026-04-28T12:45:25.149+0000] {dagbag.py:540} INFO - Filling up the DagBag from /home/airflow/.local/lib/python3.8/site-packages/airflow/example_dags/example_short_circuit_decorator.py
[2026-04-28T12:45:25.162+0000] {processor.py:840} INFO - DAG(s) 'example_short_circuit_decorator' retrieved from /home/airflow/.local/lib/python3.8/site-packages/airflow/example_dags/example_short_circuit_decorator.py
[2026-04-28T12:45:25.189+0000] {logging_mixin.py:188} INFO - [2026-04-28T12:45:25.189+0000] {dag.py:3047} INFO - Sync 1 DAGs
[2026-04-28T12:45:25.214+0000] {logging_mixin.py:188} INFO - [2026-04-28T12:45:25.214+0000] {dag.py:3834} INFO - Setting next_dagrun for example_short_circuit_decorator to 2026-04-27 00:00:00+00:00, run_after=2026-04-28 00:00:00+00:00
[2026-04-28T12:45:25.231+0000] {processor.py:183} INFO - Processing /home/airflow/.local/lib/python3.8/site-packages/airflow/example_dags/example_short_circuit_decorator.py took 0.091 seconds
[2026-04-28T12:45:56.145+0000] {processor.py:161} INFO - Started process (PID=3790) to work on /home/airflow/.local/lib/python3.8/site-packages/airflow/example_dags/example_short_circuit_decorator.py
[2026-04-28T12:45:56.146+0000] {processor.py:830} INFO - Processing file /home/airflow/.local/lib/python3.8/site-packages/airflow/example_dags/example_short_circuit_decorator.py for tasks to queue
[2026-04-28T12:45:56.148+0000] {logging_mixin.py:188} INFO - [2026-04-28T12:45:56.147+0000] {dagbag.py:540} INFO - Filling up the DagBag from /home/airflow/.local/lib/python3.8/site-packages/airflow/example_dags/example_short_circuit_decorator.py
[2026-04-28T12:45:56.159+0000] {processor.py:840} INFO - DAG(s) 'example_short_circuit_decorator' retrieved from /home/airflow/.local/lib/python3.8/site-packages/airflow/example_dags/example_short_circuit_decorator.py
[2026-04-28T12:45:56.189+0000] {logging_mixin.py:188} INFO - [2026-04-28T12:45:56.189+0000] {dag.py:3047} INFO - Sync 1 DAGs
[2026-04-28T12:45:56.214+0000] {logging_mixin.py:188} INFO - [2026-04-28T12:45:56.214+0000] {dag.py:3834} INFO - Setting next_dagrun for example_short_circuit_decorator to 2026-04-27 00:00:00+00:00, run_after=2026-04-28 00:00:00+00:00
[2026-04-28T12:45:56.232+0000] {processor.py:183} INFO - Processing /home/airflow/.local/lib/python3.8/site-packages/airflow/example_dags/example_short_circuit_decorator.py took 0.091 seconds
[2026-04-28T12:46:26.363+0000] {processor.py:161} INFO - Started process (PID=3846) to work on /home/airflow/.local/lib/python3.8/site-packages/airflow/example_dags/example_short_circuit_decorator.py
[2026-04-28T12:46:26.365+0000] {processor.py:830} INFO - Processing file /home/airflow/.local/lib/python3.8/site-packages/airflow/example_dags/example_short_circuit_decorator.py for tasks to queue
[2026-04-28T12:46:26.368+0000] {logging_mixin.py:188} INFO - [2026-04-28T12:46:26.367+0000] {dagbag.py:540} INFO - Filling up the DagBag from /home/airflow/.local/lib/python3.8/site-packages/airflow/example_dags/example_short_circuit_decorator.py
[2026-04-28T12:46:26.387+0000] {processor.py:840} INFO - DAG(s) 'example_short_circuit_decorator' retrieved from /home/airflow/.local/lib/python3.8/site-packages/airflow/example_dags/example_short_circuit_decorator.py
[2026-04-28T12:46:26.413+0000] {logging_mixin.py:188} INFO - [2026-04-28T12:46:26.413+0000] {dag.py:3047} INFO - Sync 1 DAGs
[2026-04-28T12:46:26.438+0000] {logging_mixin.py:188} INFO - [2026-04-28T12:46:26.438+0000] {dag.py:3834} INFO - Setting next_dagrun for example_short_circuit_decorator to 2026-04-27 00:00:00+00:00, run_after=2026-04-28 00:00:00+00:00
[2026-04-28T12:46:26.455+0000] {processor.py:183} INFO - Processing /home/airflow/.local/lib/python3.8/site-packages/airflow/example_dags/example_short_circuit_decorator.py took 0.096 seconds
[2026-04-28T12:46:56.702+0000] {processor.py:161} INFO - Started process (PID=3902) to work on /home/airflow/.local/lib/python3.8/site-packages/airflow/example_dags/example_short_circuit_decorator.py
[2026-04-28T12:46:56.703+0000] {processor.py:830} INFO - Processing file /home/airflow/.local/lib/python3.8/site-packages/airflow/example_dags/example_short_circuit_decorator.py for tasks to queue
[2026-04-28T12:46:56.705+0000] {logging_mixin.py:188} INFO - [2026-04-28T12:46:56.705+0000] {dagbag.py:540} INFO - Filling up the DagBag from /home/airflow/.local/lib/python3.8/site-packages/airflow/example_dags/example_short_circuit_decorator.py
[2026-04-28T12:46:56.725+0000] {processor.py:840} INFO - DAG(s) 'example_short_circuit_decorator' retrieved from /home/airflow/.local/lib/python3.8/site-packages/airflow/example_dags/example_short_circuit_decorator.py
[2026-04-28T12:46:56.776+0000] {logging_mixin.py:188} INFO - [2026-04-28T12:46:56.776+0000] {dag.py:3047} INFO - Sync 1 DAGs
[2026-04-28T12:46:56.802+0000] {logging_mixin.py:188} INFO - [2026-04-28T12:46:56.802+0000] {dag.py:3834} INFO - Setting next_dagrun for example_short_circuit_decorator to 2026-04-27 00:00:00+00:00, run_after=2026-04-28 00:00:00+00:00
[2026-04-28T12:46:56.821+0000] {processor.py:183} INFO - Processing /home/airflow/.local/lib/python3.8/site-packages/airflow/example_dags/example_short_circuit_decorator.py took 0.123 seconds
[2026-04-28T12:47:27.618+0000] {processor.py:161} INFO - Started process (PID=3958) to work on /home/airflow/.local/lib/python3.8/site-packages/airflow/example_dags/example_short_circuit_decorator.py
[2026-04-28T12:47:27.621+0000] {processor.py:830} INFO - Processing file /home/airflow/.local/lib/python3.8/site-packages/airflow/example_dags/example_short_circuit_decorator.py for tasks to queue
[2026-04-28T12:47:27.623+0000] {logging_mixin.py:188} INFO - [2026-04-28T12:47:27.623+0000] {dagbag.py:540} INFO - Filling up the DagBag from /home/airflow/.local/lib/python3.8/site-packages/airflow/example_dags/example_short_circuit_decorator.py
[2026-04-28T12:47:27.634+0000] {processor.py:840} INFO - DAG(s) 'example_short_circuit_decorator' retrieved from /home/airflow/.local/lib/python3.8/site-packages/airflow/example_dags/example_short_circuit_decorator.py
[2026-04-28T12:47:27.662+0000] {logging_mixin.py:188} INFO - [2026-04-28T12:47:27.662+0000] {dag.py:3047} INFO - Sync 1 DAGs
[2026-04-28T12:47:27.686+0000] {logging_mixin.py:188} INFO - [2026-04-28T12:47:27.686+0000] {dag.py:3834} INFO - Setting next_dagrun for example_short_circuit_decorator to 2026-04-27 00:00:00+00:00, run_after=2026-04-28 00:00:00+00:00
[2026-04-28T12:47:27.704+0000] {processor.py:183} INFO - Processing /home/airflow/.local/lib/python3.8/site-packages/airflow/example_dags/example_short_circuit_decorator.py took 0.089 seconds
[2026-04-28T12:47:57.979+0000] {processor.py:161} INFO - Started process (PID=4014) to work on /home/airflow/.local/lib/python3.8/site-packages/airflow/example_dags/example_short_circuit_decorator.py
[2026-04-28T12:47:57.982+0000] {processor.py:830} INFO - Processing file /home/airflow/.local/lib/python3.8/site-packages/airflow/example_dags/example_short_circuit_decorator.py for tasks to queue
[2026-04-28T12:47:57.986+0000] {logging_mixin.py:188} INFO - [2026-04-28T12:47:57.986+0000] {dagbag.py:540} INFO - Filling up the DagBag from /home/airflow/.local/lib/python3.8/site-packages/airflow/example_dags/example_short_circuit_decorator.py
[2026-04-28T12:47:57.998+0000] {processor.py:840} INFO - DAG(s) 'example_short_circuit_decorator' retrieved from /home/airflow/.local/lib/python3.8/site-packages/airflow/example_dags/example_short_circuit_decorator.py
[2026-04-28T12:47:58.025+0000] {logging_mixin.py:188} INFO - [2026-04-28T12:47:58.025+0000] {dag.py:3047} INFO - Sync 1 DAGs
[2026-04-28T12:47:58.050+0000] {logging_mixin.py:188} INFO - [2026-04-28T12:47:58.049+0000] {dag.py:3834} INFO - Setting next_dagrun for example_short_circuit_decorator to 2026-04-27 00:00:00+00:00, run_after=2026-04-28 00:00:00+00:00
[2026-04-28T12:47:58.067+0000] {processor.py:183} INFO - Processing /home/airflow/.local/lib/python3.8/site-packages/airflow/example_dags/example_short_circuit_decorator.py took 0.091 seconds
[2026-04-28T12:48:28.917+0000] {processor.py:161} INFO - Started process (PID=4070) to work on /home/airflow/.local/lib/python3.8/site-packages/airflow/example_dags/example_short_circuit_decorator.py
[2026-04-28T12:48:28.922+0000] {processor.py:830} INFO - Processing file /home/airflow/.local/lib/python3.8/site-packages/airflow/example_dags/example_short_circuit_decorator.py for tasks to queue
[2026-04-28T12:48:28.924+0000] {logging_mixin.py:188} INFO - [2026-04-28T12:48:28.924+0000] {dagbag.py:540} INFO - Filling up the DagBag from /home/airflow/.local/lib/python3.8/site-packages/airflow/example_dags/example_short_circuit_decorator.py
[2026-04-28T12:48:28.936+0000] {processor.py:840} INFO - DAG(s) 'example_short_circuit_decorator' retrieved from /home/airflow/.local/lib/python3.8/site-packages/airflow/example_dags/example_short_circuit_decorator.py
[2026-04-28T12:48:28.963+0000] {logging_mixin.py:188} INFO - [2026-04-28T12:48:28.963+0000] {dag.py:3047} INFO - Sync 1 DAGs
[2026-04-28T12:48:28.987+0000] {logging_mixin.py:188} INFO - [2026-04-28T12:48:28.987+0000] {dag.py:3834} INFO - Setting next_dagrun for example_short_circuit_decorator to 2026-04-27 00:00:00+00:00, run_after=2026-04-28 00:00:00+00:00
[2026-04-28T12:48:29.004+0000] {processor.py:183} INFO - Processing /home/airflow/.local/lib/python3.8/site-packages/airflow/example_dags/example_short_circuit_decorator.py took 0.098 seconds
[2026-04-28T12:48:59.188+0000] {processor.py:161} INFO - Started process (PID=4126) to work on /home/airflow/.local/lib/python3.8/site-packages/airflow/example_dags/example_short_circuit_decorator.py
[2026-04-28T12:48:59.189+0000] {processor.py:830} INFO - Processing file /home/airflow/.local/lib/python3.8/site-packages/airflow/example_dags/example_short_circuit_decorator.py for tasks to queue
[2026-04-28T12:48:59.191+0000] {logging_mixin.py:188} INFO - [2026-04-28T12:48:59.191+0000] {dagbag.py:540} INFO - Filling up the DagBag from /home/airflow/.local/lib/python3.8/site-packages/airflow/example_dags/example_short_circuit_decorator.py
[2026-04-28T12:48:59.202+0000] {processor.py:840} INFO - DAG(s) 'example_short_circuit_decorator' retrieved from /home/airflow/.local/lib/python3.8/site-packages/airflow/example_dags/example_short_circuit_decorator.py
[2026-04-28T12:48:59.233+0000] {logging_mixin.py:188} INFO - [2026-04-28T12:48:59.233+0000] {dag.py:3047} INFO - Sync 1 DAGs
[2026-04-28T12:48:59.258+0000] {logging_mixin.py:188} INFO - [2026-04-28T12:48:59.258+0000] {dag.py:3834} INFO - Setting next_dagrun for example_short_circuit_decorator to 2026-04-27 00:00:00+00:00, run_after=2026-04-28 00:00:00+00:00
[2026-04-28T12:48:59.276+0000] {processor.py:183} INFO - Processing /home/airflow/.local/lib/python3.8/site-packages/airflow/example_dags/example_short_circuit_decorator.py took 0.092 seconds
[2026-04-28T12:49:29.758+0000] {processor.py:161} INFO - Started process (PID=4182) to work on /home/airflow/.local/lib/python3.8/site-packages/airflow/example_dags/example_short_circuit_decorator.py
[2026-04-28T12:49:29.759+0000] {processor.py:830} INFO - Processing file /home/airflow/.local/lib/python3.8/site-packages/airflow/example_dags/example_short_circuit_decorator.py for tasks to queue
[2026-04-28T12:49:29.762+0000] {logging_mixin.py:188} INFO - [2026-04-28T12:49:29.762+0000] {dagbag.py:540} INFO - Filling up the DagBag from /home/airflow/.local/lib/python3.8/site-packages/airflow/example_dags/example_short_circuit_decorator.py
[2026-04-28T12:49:29.779+0000] {processor.py:840} INFO - DAG(s) 'example_short_circuit_decorator' retrieved from /home/airflow/.local/lib/python3.8/site-packages/airflow/example_dags/example_short_circuit_decorator.py
[2026-04-28T12:49:29.805+0000] {logging_mixin.py:188} INFO - [2026-04-28T12:49:29.805+0000] {dag.py:3047} INFO - Sync 1 DAGs
[2026-04-28T12:49:29.830+0000] {logging_mixin.py:188} INFO - [2026-04-28T12:49:29.830+0000] {dag.py:3834} INFO - Setting next_dagrun for example_short_circuit_decorator to 2026-04-27 00:00:00+00:00, run_after=2026-04-28 00:00:00+00:00
[2026-04-28T12:49:29.847+0000] {processor.py:183} INFO - Processing /home/airflow/.local/lib/python3.8/site-packages/airflow/example_dags/example_short_circuit_decorator.py took 0.092 seconds
[2026-04-28T12:50:00.054+0000] {processor.py:161} INFO - Started process (PID=4238) to work on /home/airflow/.local/lib/python3.8/site-packages/airflow/example_dags/example_short_circuit_decorator.py
[2026-04-28T12:50:00.056+0000] {processor.py:830} INFO - Processing file /home/airflow/.local/lib/python3.8/site-packages/airflow/example_dags/example_short_circuit_decorator.py for tasks to queue
[2026-04-28T12:50:00.061+0000] {logging_mixin.py:188} INFO - [2026-04-28T12:50:00.061+0000] {dagbag.py:540} INFO - Filling up the DagBag from /home/airflow/.local/lib/python3.8/site-packages/airflow/example_dags/example_short_circuit_decorator.py
[2026-04-28T12:50:00.076+0000] {processor.py:840} INFO - DAG(s) 'example_short_circuit_decorator' retrieved from /home/airflow/.local/lib/python3.8/site-packages/airflow/example_dags/example_short_circuit_decorator.py
[2026-04-28T12:50:00.156+0000] {logging_mixin.py:188} INFO - [2026-04-28T12:50:00.156+0000] {dag.py:3047} INFO - Sync 1 DAGs
[2026-04-28T12:50:00.201+0000] {logging_mixin.py:188} INFO - [2026-04-28T12:50:00.200+0000] {dag.py:3834} INFO - Setting next_dagrun for example_short_circuit_decorator to 2026-04-27 00:00:00+00:00, run_after=2026-04-28 00:00:00+00:00
[2026-04-28T12:50:00.219+0000] {processor.py:183} INFO - Processing /home/airflow/.local/lib/python3.8/site-packages/airflow/example_dags/example_short_circuit_decorator.py took 0.176 seconds
[2026-04-28T12:50:31.063+0000] {processor.py:161} INFO - Started process (PID=4294) to work on /home/airflow/.local/lib/python3.8/site-packages/airflow/example_dags/example_short_circuit_decorator.py
[2026-04-28T12:50:31.064+0000] {processor.py:830} INFO - Processing file /home/airflow/.local/lib/python3.8/site-packages/airflow/example_dags/example_short_circuit_decorator.py for tasks to queue
[2026-04-28T12:50:31.066+0000] {logging_mixin.py:188} INFO - [2026-04-28T12:50:31.066+0000] {dagbag.py:540} INFO - Filling up the DagBag from /home/airflow/.local/lib/python3.8/site-packages/airflow/example_dags/example_short_circuit_decorator.py
[2026-04-28T12:50:31.077+0000] {processor.py:840} INFO - DAG(s) 'example_short_circuit_decorator' retrieved from /home/airflow/.local/lib/python3.8/site-packages/airflow/example_dags/example_short_circuit_decorator.py
[2026-04-28T12:50:31.104+0000] {logging_mixin.py:188} INFO - [2026-04-28T12:50:31.104+0000] {dag.py:3047} INFO - Sync 1 DAGs
[2026-04-28T12:50:31.129+0000] {logging_mixin.py:188} INFO - [2026-04-28T12:50:31.129+0000] {dag.py:3834} INFO - Setting next_dagrun for example_short_circuit_decorator to 2026-04-27 00:00:00+00:00, run_after=2026-04-28 00:00:00+00:00
[2026-04-28T12:50:31.147+0000] {processor.py:183} INFO - Processing /home/airflow/.local/lib/python3.8/site-packages/airflow/example_dags/example_short_circuit_decorator.py took 0.087 seconds
[2026-04-28T12:51:01.317+0000] {processor.py:161} INFO - Started process (PID=4350) to work on /home/airflow/.local/lib/python3.8/site-packages/airflow/example_dags/example_short_circuit_decorator.py
[2026-04-28T12:51:01.318+0000] {processor.py:830} INFO - Processing file /home/airflow/.local/lib/python3.8/site-packages/airflow/example_dags/example_short_circuit_decorator.py for tasks to queue
[2026-04-28T12:51:01.320+0000] {logging_mixin.py:188} INFO - [2026-04-28T12:51:01.319+0000] {dagbag.py:540} INFO - Filling up the DagBag from /home/airflow/.local/lib/python3.8/site-packages/airflow/example_dags/example_short_circuit_decorator.py
[2026-04-28T12:51:01.331+0000] {processor.py:840} INFO - DAG(s) 'example_short_circuit_decorator' retrieved from /home/airflow/.local/lib/python3.8/site-packages/airflow/example_dags/example_short_circuit_decorator.py
[2026-04-28T12:51:01.358+0000] {logging_mixin.py:188} INFO - [2026-04-28T12:51:01.358+0000] {dag.py:3047} INFO - Sync 1 DAGs
[2026-04-28T12:51:01.386+0000] {logging_mixin.py:188} INFO - [2026-04-28T12:51:01.385+0000] {dag.py:3834} INFO - Setting next_dagrun for example_short_circuit_decorator to 2026-04-27 00:00:00+00:00, run_after=2026-04-28 00:00:00+00:00
[2026-04-28T12:51:01.403+0000] {processor.py:183} INFO - Processing /home/airflow/.local/lib/python3.8/site-packages/airflow/example_dags/example_short_circuit_decorator.py took 0.090 seconds
[2026-04-28T12:51:32.267+0000] {processor.py:161} INFO - Started process (PID=4406) to work on /home/airflow/.local/lib/python3.8/site-packages/airflow/example_dags/example_short_circuit_decorator.py
[2026-04-28T12:51:32.268+0000] {processor.py:830} INFO - Processing file /home/airflow/.local/lib/python3.8/site-packages/airflow/example_dags/example_short_circuit_decorator.py for tasks to queue
[2026-04-28T12:51:32.270+0000] {logging_mixin.py:188} INFO - [2026-04-28T12:51:32.270+0000] {dagbag.py:540} INFO - Filling up the DagBag from /home/airflow/.local/lib/python3.8/site-packages/airflow/example_dags/example_short_circuit_decorator.py
[2026-04-28T12:51:32.281+0000] {processor.py:840} INFO - DAG(s) 'example_short_circuit_decorator' retrieved from /home/airflow/.local/lib/python3.8/site-packages/airflow/example_dags/example_short_circuit_decorator.py
[2026-04-28T12:51:32.308+0000] {logging_mixin.py:188} INFO - [2026-04-28T12:51:32.308+0000] {dag.py:3047} INFO - Sync 1 DAGs
[2026-04-28T12:51:32.332+0000] {logging_mixin.py:188} INFO - [2026-04-28T12:51:32.332+0000] {dag.py:3834} INFO - Setting next_dagrun for example_short_circuit_decorator to 2026-04-27 00:00:00+00:00, run_after=2026-04-28 00:00:00+00:00
[2026-04-28T12:51:32.362+0000] {processor.py:183} INFO - Processing /home/airflow/.local/lib/python3.8/site-packages/airflow/example_dags/example_short_circuit_decorator.py took 0.099 seconds
[2026-04-28T12:52:03.120+0000] {processor.py:161} INFO - Started process (PID=4462) to work on /home/airflow/.local/lib/python3.8/site-packages/airflow/example_dags/example_short_circuit_decorator.py
[2026-04-28T12:52:03.122+0000] {processor.py:830} INFO - Processing file /home/airflow/.local/lib/python3.8/site-packages/airflow/example_dags/example_short_circuit_decorator.py for tasks to queue
[2026-04-28T12:52:03.124+0000] {logging_mixin.py:188} INFO - [2026-04-28T12:52:03.124+0000] {dagbag.py:540} INFO - Filling up the DagBag from /home/airflow/.local/lib/python3.8/site-packages/airflow/example_dags/example_short_circuit_decorator.py
[2026-04-28T12:52:03.139+0000] {processor.py:840} INFO - DAG(s) 'example_short_circuit_decorator' retrieved from /home/airflow/.local/lib/python3.8/site-packages/airflow/example_dags/example_short_circuit_decorator.py
[2026-04-28T12:52:03.167+0000] {logging_mixin.py:188} INFO - [2026-04-28T12:52:03.166+0000] {dag.py:3047} INFO - Sync 1 DAGs
[2026-04-28T12:52:03.191+0000] {logging_mixin.py:188} INFO - [2026-04-28T12:52:03.190+0000] {dag.py:3834} INFO - Setting next_dagrun for example_short_circuit_decorator to 2026-04-27 00:00:00+00:00, run_after=2026-04-28 00:00:00+00:00
[2026-04-28T12:52:03.207+0000] {processor.py:183} INFO - Processing /home/airflow/.local/lib/python3.8/site-packages/airflow/example_dags/example_short_circuit_decorator.py took 0.091 seconds
[2026-04-28T12:52:33.860+0000] {processor.py:161} INFO - Started process (PID=4518) to work on /home/airflow/.local/lib/python3.8/site-packages/airflow/example_dags/example_short_circuit_decorator.py
[2026-04-28T12:52:33.864+0000] {processor.py:830} INFO - Processing file /home/airflow/.local/lib/python3.8/site-packages/airflow/example_dags/example_short_circuit_decorator.py for tasks to queue
[2026-04-28T12:52:33.869+0000] {logging_mixin.py:188} INFO - [2026-04-28T12:52:33.868+0000] {dagbag.py:540} INFO - Filling up the DagBag from /home/airflow/.local/lib/python3.8/site-packages/airflow/example_dags/example_short_circuit_decorator.py
[2026-04-28T12:52:33.883+0000] {processor.py:840} INFO - DAG(s) 'example_short_circuit_decorator' retrieved from /home/airflow/.local/lib/python3.8/site-packages/airflow/example_dags/example_short_circuit_decorator.py
[2026-04-28T12:52:33.938+0000] {logging_mixin.py:188} INFO - [2026-04-28T12:52:33.937+0000] {dag.py:3047} INFO - Sync 1 DAGs
[2026-04-28T12:52:33.989+0000] {logging_mixin.py:188} INFO - [2026-04-28T12:52:33.989+0000] {dag.py:3834} INFO - Setting next_dagrun for example_short_circuit_decorator to 2026-04-27 00:00:00+00:00, run_after=2026-04-28 00:00:00+00:00
[2026-04-28T12:52:34.060+0000] {processor.py:183} INFO - Processing /home/airflow/.local/lib/python3.8/site-packages/airflow/example_dags/example_short_circuit_decorator.py took 0.213 seconds
[2026-04-28T12:53:04.723+0000] {processor.py:161} INFO - Started process (PID=4574) to work on /home/airflow/.local/lib/python3.8/site-packages/airflow/example_dags/example_short_circuit_decorator.py
[2026-04-28T12:53:04.724+0000] {processor.py:830} INFO - Processing file /home/airflow/.local/lib/python3.8/site-packages/airflow/example_dags/example_short_circuit_decorator.py for tasks to queue
[2026-04-28T12:53:04.726+0000] {logging_mixin.py:188} INFO - [2026-04-28T12:53:04.725+0000] {dagbag.py:540} INFO - Filling up the DagBag from /home/airflow/.local/lib/python3.8/site-packages/airflow/example_dags/example_short_circuit_decorator.py
[2026-04-28T12:53:04.740+0000] {processor.py:840} INFO - DAG(s) 'example_short_circuit_decorator' retrieved from /home/airflow/.local/lib/python3.8/site-packages/airflow/example_dags/example_short_circuit_decorator.py
[2026-04-28T12:53:04.781+0000] {logging_mixin.py:188} INFO - [2026-04-28T12:53:04.780+0000] {dag.py:3047} INFO - Sync 1 DAGs
[2026-04-28T12:53:04.809+0000] {logging_mixin.py:188} INFO - [2026-04-28T12:53:04.809+0000] {dag.py:3834} INFO - Setting next_dagrun for example_short_circuit_decorator to 2026-04-27 00:00:00+00:00, run_after=2026-04-28 00:00:00+00:00
[2026-04-28T12:53:04.841+0000] {processor.py:183} INFO - Processing /home/airflow/.local/lib/python3.8/site-packages/airflow/example_dags/example_short_circuit_decorator.py took 0.124 seconds
[2026-04-28T12:53:35.033+0000] {processor.py:161} INFO - Started process (PID=4630) to work on /home/airflow/.local/lib/python3.8/site-packages/airflow/example_dags/example_short_circuit_decorator.py
[2026-04-28T12:53:35.035+0000] {processor.py:830} INFO - Processing file /home/airflow/.local/lib/python3.8/site-packages/airflow/example_dags/example_short_circuit_decorator.py for tasks to queue
[2026-04-28T12:53:35.038+0000] {logging_mixin.py:188} INFO - [2026-04-28T12:53:35.037+0000] {dagbag.py:540} INFO - Filling up the DagBag from /home/airflow/.local/lib/python3.8/site-packages/airflow/example_dags/example_short_circuit_decorator.py
[2026-04-28T12:53:35.054+0000] {processor.py:840} INFO - DAG(s) 'example_short_circuit_decorator' retrieved from /home/airflow/.local/lib/python3.8/site-packages/airflow/example_dags/example_short_circuit_decorator.py
[2026-04-28T12:53:35.080+0000] {logging_mixin.py:188} INFO - [2026-04-28T12:53:35.080+0000] {dag.py:3047} INFO - Sync 1 DAGs
[2026-04-28T12:53:35.104+0000] {logging_mixin.py:188} INFO - [2026-04-28T12:53:35.104+0000] {dag.py:3834} INFO - Setting next_dagrun for example_short_circuit_decorator to 2026-04-27 00:00:00+00:00, run_after=2026-04-28 00:00:00+00:00
[2026-04-28T12:53:35.121+0000] {processor.py:183} INFO - Processing /home/airflow/.local/lib/python3.8/site-packages/airflow/example_dags/example_short_circuit_decorator.py took 0.091 seconds
[2026-04-28T12:54:05.165+0000] {processor.py:161} INFO - Started process (PID=4686) to work on /home/airflow/.local/lib/python3.8/site-packages/airflow/example_dags/example_short_circuit_decorator.py
[2026-04-28T12:54:05.166+0000] {processor.py:830} INFO - Processing file /home/airflow/.local/lib/python3.8/site-packages/airflow/example_dags/example_short_circuit_decorator.py for tasks to queue
[2026-04-28T12:54:05.168+0000] {logging_mixin.py:188} INFO - [2026-04-28T12:54:05.168+0000] {dagbag.py:540} INFO - Filling up the DagBag from /home/airflow/.local/lib/python3.8/site-packages/airflow/example_dags/example_short_circuit_decorator.py
[2026-04-28T12:54:05.179+0000] {processor.py:840} INFO - DAG(s) 'example_short_circuit_decorator' retrieved from /home/airflow/.local/lib/python3.8/site-packages/airflow/example_dags/example_short_circuit_decorator.py
[2026-04-28T12:54:05.206+0000] {logging_mixin.py:188} INFO - [2026-04-28T12:54:05.206+0000] {dag.py:3047} INFO - Sync 1 DAGs
[2026-04-28T12:54:05.231+0000] {logging_mixin.py:188} INFO - [2026-04-28T12:54:05.230+0000] {dag.py:3834} INFO - Setting next_dagrun for example_short_circuit_decorator to 2026-04-27 00:00:00+00:00, run_after=2026-04-28 00:00:00+00:00
[2026-04-28T12:54:05.274+0000] {processor.py:183} INFO - Processing /home/airflow/.local/lib/python3.8/site-packages/airflow/example_dags/example_short_circuit_decorator.py took 0.112 seconds
[2026-04-28T12:54:35.314+0000] {processor.py:161} INFO - Started process (PID=4742) to work on /home/airflow/.local/lib/python3.8/site-packages/airflow/example_dags/example_short_circuit_decorator.py
[2026-04-28T12:54:35.315+0000] {processor.py:830} INFO - Processing file /home/airflow/.local/lib/python3.8/site-packages/airflow/example_dags/example_short_circuit_decorator.py for tasks to queue
[2026-04-28T12:54:35.317+0000] {logging_mixin.py:188} INFO - [2026-04-28T12:54:35.316+0000] {dagbag.py:540} INFO - Filling up the DagBag from /home/airflow/.local/lib/python3.8/site-packages/airflow/example_dags/example_short_circuit_decorator.py
[2026-04-28T12:54:35.327+0000] {processor.py:840} INFO - DAG(s) 'example_short_circuit_decorator' retrieved from /home/airflow/.local/lib/python3.8/site-packages/airflow/example_dags/example_short_circuit_decorator.py
[2026-04-28T12:54:35.360+0000] {logging_mixin.py:188} INFO - [2026-04-28T12:54:35.360+0000] {dag.py:3047} INFO - Sync 1 DAGs
[2026-04-28T12:54:35.384+0000] {logging_mixin.py:188} INFO - [2026-04-28T12:54:35.384+0000] {dag.py:3834} INFO - Setting next_dagrun for example_short_circuit_decorator to 2026-04-27 00:00:00+00:00, run_after=2026-04-28 00:00:00+00:00
[2026-04-28T12:54:35.403+0000] {processor.py:183} INFO - Processing /home/airflow/.local/lib/python3.8/site-packages/airflow/example_dags/example_short_circuit_decorator.py took 0.092 seconds
[2026-04-28T12:55:05.881+0000] {processor.py:161} INFO - Started process (PID=4798) to work on /home/airflow/.local/lib/python3.8/site-packages/airflow/example_dags/example_short_circuit_decorator.py
[2026-04-28T12:55:05.882+0000] {processor.py:830} INFO - Processing file /home/airflow/.local/lib/python3.8/site-packages/airflow/example_dags/example_short_circuit_decorator.py for tasks to queue
[2026-04-28T12:55:05.884+0000] {logging_mixin.py:188} INFO - [2026-04-28T12:55:05.884+0000] {dagbag.py:540} INFO - Filling up the DagBag from /home/airflow/.local/lib/python3.8/site-packages/airflow/example_dags/example_short_circuit_decorator.py
[2026-04-28T12:55:05.895+0000] {processor.py:840} INFO - DAG(s) 'example_short_circuit_decorator' retrieved from /home/airflow/.local/lib/python3.8/site-packages/airflow/example_dags/example_short_circuit_decorator.py
[2026-04-28T12:55:05.921+0000] {logging_mixin.py:188} INFO - [2026-04-28T12:55:05.921+0000] {dag.py:3047} INFO - Sync 1 DAGs
[2026-04-28T12:55:05.963+0000] {logging_mixin.py:188} INFO - [2026-04-28T12:55:05.962+0000] {dag.py:3834} INFO - Setting next_dagrun for example_short_circuit_decorator to 2026-04-27 00:00:00+00:00, run_after=2026-04-28 00:00:00+00:00
[2026-04-28T12:55:05.993+0000] {processor.py:183} INFO - Processing /home/airflow/.local/lib/python3.8/site-packages/airflow/example_dags/example_short_circuit_decorator.py took 0.115 seconds
[2026-04-28T12:55:36.732+0000] {processor.py:161} INFO - Started process (PID=4860) to work on /home/airflow/.local/lib/python3.8/site-packages/airflow/example_dags/example_short_circuit_decorator.py
[2026-04-28T12:55:36.734+0000] {processor.py:830} INFO - Processing file /home/airflow/.local/lib/python3.8/site-packages/airflow/example_dags/example_short_circuit_decorator.py for tasks to queue
[2026-04-28T12:55:36.736+0000] {logging_mixin.py:188} INFO - [2026-04-28T12:55:36.736+0000] {dagbag.py:540} INFO - Filling up the DagBag from /home/airflow/.local/lib/python3.8/site-packages/airflow/example_dags/example_short_circuit_decorator.py
[2026-04-28T12:55:36.760+0000] {processor.py:840} INFO - DAG(s) 'example_short_circuit_decorator' retrieved from /home/airflow/.local/lib/python3.8/site-packages/airflow/example_dags/example_short_circuit_decorator.py
[2026-04-28T12:55:36.870+0000] {logging_mixin.py:188} INFO - [2026-04-28T12:55:36.870+0000] {dag.py:3047} INFO - Sync 1 DAGs
[2026-04-28T12:55:36.898+0000] {logging_mixin.py:188} INFO - [2026-04-28T12:55:36.898+0000] {dag.py:3834} INFO - Setting next_dagrun for example_short_circuit_decorator to 2026-04-27 00:00:00+00:00, run_after=2026-04-28 00:00:00+00:00
[2026-04-28T12:55:36.917+0000] {processor.py:183} INFO - Processing /home/airflow/.local/lib/python3.8/site-packages/airflow/example_dags/example_short_circuit_decorator.py took 0.200 seconds
[2026-04-28T12:56:07.622+0000] {processor.py:161} INFO - Started process (PID=4915) to work on /home/airflow/.local/lib/python3.8/site-packages/airflow/example_dags/example_short_circuit_decorator.py
[2026-04-28T12:56:07.624+0000] {processor.py:830} INFO - Processing file /home/airflow/.local/lib/python3.8/site-packages/airflow/example_dags/example_short_circuit_decorator.py for tasks to queue
[2026-04-28T12:56:07.630+0000] {logging_mixin.py:188} INFO - [2026-04-28T12:56:07.630+0000] {dagbag.py:540} INFO - Filling up the DagBag from /home/airflow/.local/lib/python3.8/site-packages/airflow/example_dags/example_short_circuit_decorator.py
[2026-04-28T12:56:07.670+0000] {processor.py:840} INFO - DAG(s) 'example_short_circuit_decorator' retrieved from /home/airflow/.local/lib/python3.8/site-packages/airflow/example_dags/example_short_circuit_decorator.py
[2026-04-28T12:56:07.745+0000] {logging_mixin.py:188} INFO - [2026-04-28T12:56:07.745+0000] {dag.py:3047} INFO - Sync 1 DAGs
[2026-04-28T12:56:07.802+0000] {logging_mixin.py:188} INFO - [2026-04-28T12:56:07.802+0000] {dag.py:3834} INFO - Setting next_dagrun for example_short_circuit_decorator to 2026-04-27 00:00:00+00:00, run_after=2026-04-28 00:00:00+00:00
[2026-04-28T12:56:07.827+0000] {processor.py:183} INFO - Processing /home/airflow/.local/lib/python3.8/site-packages/airflow/example_dags/example_short_circuit_decorator.py took 0.219 seconds
[2026-04-28T12:56:38.085+0000] {processor.py:161} INFO - Started process (PID=4971) to work on /home/airflow/.local/lib/python3.8/site-packages/airflow/example_dags/example_short_circuit_decorator.py
[2026-04-28T12:56:38.086+0000] {processor.py:830} INFO - Processing file /home/airflow/.local/lib/python3.8/site-packages/airflow/example_dags/example_short_circuit_decorator.py for tasks to queue
[2026-04-28T12:56:38.089+0000] {logging_mixin.py:188} INFO - [2026-04-28T12:56:38.088+0000] {dagbag.py:540} INFO - Filling up the DagBag from /home/airflow/.local/lib/python3.8/site-packages/airflow/example_dags/example_short_circuit_decorator.py
[2026-04-28T12:56:38.100+0000] {processor.py:840} INFO - DAG(s) 'example_short_circuit_decorator' retrieved from /home/airflow/.local/lib/python3.8/site-packages/airflow/example_dags/example_short_circuit_decorator.py
[2026-04-28T12:56:38.126+0000] {logging_mixin.py:188} INFO - [2026-04-28T12:56:38.126+0000] {dag.py:3047} INFO - Sync 1 DAGs
[2026-04-28T12:56:38.150+0000] {logging_mixin.py:188} INFO - [2026-04-28T12:56:38.150+0000] {dag.py:3834} INFO - Setting next_dagrun for example_short_circuit_decorator to 2026-04-27 00:00:00+00:00, run_after=2026-04-28 00:00:00+00:00
[2026-04-28T12:56:38.167+0000] {processor.py:183} INFO - Processing /home/airflow/.local/lib/python3.8/site-packages/airflow/example_dags/example_short_circuit_decorator.py took 0.086 seconds
[2026-04-28T12:57:08.958+0000] {processor.py:161} INFO - Started process (PID=5027) to work on /home/airflow/.local/lib/python3.8/site-packages/airflow/example_dags/example_short_circuit_decorator.py
[2026-04-28T12:57:08.959+0000] {processor.py:830} INFO - Processing file /home/airflow/.local/lib/python3.8/site-packages/airflow/example_dags/example_short_circuit_decorator.py for tasks to queue
[2026-04-28T12:57:08.961+0000] {logging_mixin.py:188} INFO - [2026-04-28T12:57:08.961+0000] {dagbag.py:540} INFO - Filling up the DagBag from /home/airflow/.local/lib/python3.8/site-packages/airflow/example_dags/example_short_circuit_decorator.py
[2026-04-28T12:57:08.973+0000] {processor.py:840} INFO - DAG(s) 'example_short_circuit_decorator' retrieved from /home/airflow/.local/lib/python3.8/site-packages/airflow/example_dags/example_short_circuit_decorator.py
[2026-04-28T12:57:09.023+0000] {logging_mixin.py:188} INFO - [2026-04-28T12:57:09.023+0000] {dag.py:3047} INFO - Sync 1 DAGs
[2026-04-28T12:57:09.055+0000] {logging_mixin.py:188} INFO - [2026-04-28T12:57:09.054+0000] {dag.py:3834} INFO - Setting next_dagrun for example_short_circuit_decorator to 2026-04-27 00:00:00+00:00, run_after=2026-04-28 00:00:00+00:00
[2026-04-28T12:57:09.079+0000] {processor.py:183} INFO - Processing /home/airflow/.local/lib/python3.8/site-packages/airflow/example_dags/example_short_circuit_decorator.py took 0.124 seconds
[2026-04-28T12:57:39.117+0000] {processor.py:161} INFO - Started process (PID=5083) to work on /home/airflow/.local/lib/python3.8/site-packages/airflow/example_dags/example_short_circuit_decorator.py
[2026-04-28T12:57:39.118+0000] {processor.py:830} INFO - Processing file /home/airflow/.local/lib/python3.8/site-packages/airflow/example_dags/example_short_circuit_decorator.py for tasks to queue
[2026-04-28T12:57:39.120+0000] {logging_mixin.py:188} INFO - [2026-04-28T12:57:39.120+0000] {dagbag.py:540} INFO - Filling up the DagBag from /home/airflow/.local/lib/python3.8/site-packages/airflow/example_dags/example_short_circuit_decorator.py
[2026-04-28T12:57:39.131+0000] {processor.py:840} INFO - DAG(s) 'example_short_circuit_decorator' retrieved from /home/airflow/.local/lib/python3.8/site-packages/airflow/example_dags/example_short_circuit_decorator.py
[2026-04-28T12:57:39.158+0000] {logging_mixin.py:188} INFO - [2026-04-28T12:57:39.157+0000] {dag.py:3047} INFO - Sync 1 DAGs
[2026-04-28T12:57:39.182+0000] {logging_mixin.py:188} INFO - [2026-04-28T12:57:39.182+0000] {dag.py:3834} INFO - Setting next_dagrun for example_short_circuit_decorator to 2026-04-27 00:00:00+00:00, run_after=2026-04-28 00:00:00+00:00
[2026-04-28T12:57:39.204+0000] {processor.py:183} INFO - Processing /home/airflow/.local/lib/python3.8/site-packages/airflow/example_dags/example_short_circuit_decorator.py took 0.091 seconds
[2026-04-28T12:58:09.398+0000] {processor.py:161} INFO - Started process (PID=5138) to work on /home/airflow/.local/lib/python3.8/site-packages/airflow/example_dags/example_short_circuit_decorator.py
[2026-04-28T12:58:09.399+0000] {processor.py:830} INFO - Processing file /home/airflow/.local/lib/python3.8/site-packages/airflow/example_dags/example_short_circuit_decorator.py for tasks to queue
[2026-04-28T12:58:09.402+0000] {logging_mixin.py:188} INFO - [2026-04-28T12:58:09.402+0000] {dagbag.py:540} INFO - Filling up the DagBag from /home/airflow/.local/lib/python3.8/site-packages/airflow/example_dags/example_short_circuit_decorator.py
[2026-04-28T12:58:09.413+0000] {processor.py:840} INFO - DAG(s) 'example_short_circuit_decorator' retrieved from /home/airflow/.local/lib/python3.8/site-packages/airflow/example_dags/example_short_circuit_decorator.py
[2026-04-28T12:58:09.440+0000] {logging_mixin.py:188} INFO - [2026-04-28T12:58:09.440+0000] {dag.py:3047} INFO - Sync 1 DAGs
[2026-04-28T12:58:09.464+0000] {logging_mixin.py:188} INFO - [2026-04-28T12:58:09.464+0000] {dag.py:3834} INFO - Setting next_dagrun for example_short_circuit_decorator to 2026-04-27 00:00:00+00:00, run_after=2026-04-28 00:00:00+00:00
[2026-04-28T12:58:09.483+0000] {processor.py:183} INFO - Processing /home/airflow/.local/lib/python3.8/site-packages/airflow/example_dags/example_short_circuit_decorator.py took 0.089 seconds
[2026-04-28T12:58:39.646+0000] {processor.py:161} INFO - Started process (PID=5194) to work on /home/airflow/.local/lib/python3.8/site-packages/airflow/example_dags/example_short_circuit_decorator.py
[2026-04-28T12:58:39.649+0000] {processor.py:830} INFO - Processing file /home/airflow/.local/lib/python3.8/site-packages/airflow/example_dags/example_short_circuit_decorator.py for tasks to queue
[2026-04-28T12:58:39.651+0000] {logging_mixin.py:188} INFO - [2026-04-28T12:58:39.650+0000] {dagbag.py:540} INFO - Filling up the DagBag from /home/airflow/.local/lib/python3.8/site-packages/airflow/example_dags/example_short_circuit_decorator.py
[2026-04-28T12:58:39.662+0000] {processor.py:840} INFO - DAG(s) 'example_short_circuit_decorator' retrieved from /home/airflow/.local/lib/python3.8/site-packages/airflow/example_dags/example_short_circuit_decorator.py
[2026-04-28T12:58:39.701+0000] {logging_mixin.py:188} INFO - [2026-04-28T12:58:39.701+0000] {dag.py:3047} INFO - Sync 1 DAGs
[2026-04-28T12:58:39.725+0000] {logging_mixin.py:188} INFO - [2026-04-28T12:58:39.725+0000] {dag.py:3834} INFO - Setting next_dagrun for example_short_circuit_decorator to 2026-04-27 00:00:00+00:00, run_after=2026-04-28 00:00:00+00:00
[2026-04-28T12:58:39.742+0000] {processor.py:183} INFO - Processing /home/airflow/.local/lib/python3.8/site-packages/airflow/example_dags/example_short_circuit_decorator.py took 0.099 seconds
[2026-04-28T12:59:09.770+0000] {processor.py:161} INFO - Started process (PID=5250) to work on /home/airflow/.local/lib/python3.8/site-packages/airflow/example_dags/example_short_circuit_decorator.py
[2026-04-28T12:59:09.771+0000] {processor.py:830} INFO - Processing file /home/airflow/.local/lib/python3.8/site-packages/airflow/example_dags/example_short_circuit_decorator.py for tasks to queue
[2026-04-28T12:59:09.773+0000] {logging_mixin.py:188} INFO - [2026-04-28T12:59:09.772+0000] {dagbag.py:540} INFO - Filling up the DagBag from /home/airflow/.local/lib/python3.8/site-packages/airflow/example_dags/example_short_circuit_decorator.py
[2026-04-28T12:59:09.784+0000] {processor.py:840} INFO - DAG(s) 'example_short_circuit_decorator' retrieved from /home/airflow/.local/lib/python3.8/site-packages/airflow/example_dags/example_short_circuit_decorator.py
[2026-04-28T12:59:09.811+0000] {logging_mixin.py:188} INFO - [2026-04-28T12:59:09.811+0000] {dag.py:3047} INFO - Sync 1 DAGs
[2026-04-28T12:59:09.836+0000] {logging_mixin.py:188} INFO - [2026-04-28T12:59:09.836+0000] {dag.py:3834} INFO - Setting next_dagrun for example_short_circuit_decorator to 2026-04-27 00:00:00+00:00, run_after=2026-04-28 00:00:00+00:00
[2026-04-28T12:59:09.854+0000] {processor.py:183} INFO - Processing /home/airflow/.local/lib/python3.8/site-packages/airflow/example_dags/example_short_circuit_decorator.py took 0.088 seconds
[2026-04-28T12:59:40.272+0000] {processor.py:161} INFO - Started process (PID=5306) to work on /home/airflow/.local/lib/python3.8/site-packages/airflow/example_dags/example_short_circuit_decorator.py
[2026-04-28T12:59:40.274+0000] {processor.py:830} INFO - Processing file /home/airflow/.local/lib/python3.8/site-packages/airflow/example_dags/example_short_circuit_decorator.py for tasks to queue
[2026-04-28T12:59:40.276+0000] {logging_mixin.py:188} INFO - [2026-04-28T12:59:40.276+0000] {dagbag.py:540} INFO - Filling up the DagBag from /home/airflow/.local/lib/python3.8/site-packages/airflow/example_dags/example_short_circuit_decorator.py
[2026-04-28T12:59:40.287+0000] {processor.py:840} INFO - DAG(s) 'example_short_circuit_decorator' retrieved from /home/airflow/.local/lib/python3.8/site-packages/airflow/example_dags/example_short_circuit_decorator.py
[2026-04-28T12:59:40.314+0000] {logging_mixin.py:188} INFO - [2026-04-28T12:59:40.314+0000] {dag.py:3047} INFO - Sync 1 DAGs
[2026-04-28T12:59:40.339+0000] {logging_mixin.py:188} INFO - [2026-04-28T12:59:40.339+0000] {dag.py:3834} INFO - Setting next_dagrun for example_short_circuit_decorator to 2026-04-27 00:00:00+00:00, run_after=2026-04-28 00:00:00+00:00
[2026-04-28T12:59:40.359+0000] {processor.py:183} INFO - Processing /home/airflow/.local/lib/python3.8/site-packages/airflow/example_dags/example_short_circuit_decorator.py took 0.091 seconds
[2026-04-28T13:00:10.824+0000] {processor.py:161} INFO - Started process (PID=5362) to work on /home/airflow/.local/lib/python3.8/site-packages/airflow/example_dags/example_short_circuit_decorator.py
[2026-04-28T13:00:10.826+0000] {processor.py:830} INFO - Processing file /home/airflow/.local/lib/python3.8/site-packages/airflow/example_dags/example_short_circuit_decorator.py for tasks to queue
[2026-04-28T13:00:10.828+0000] {logging_mixin.py:188} INFO - [2026-04-28T13:00:10.828+0000] {dagbag.py:540} INFO - Filling up the DagBag from /home/airflow/.local/lib/python3.8/site-packages/airflow/example_dags/example_short_circuit_decorator.py
[2026-04-28T13:00:10.839+0000] {processor.py:840} INFO - DAG(s) 'example_short_circuit_decorator' retrieved from /home/airflow/.local/lib/python3.8/site-packages/airflow/example_dags/example_short_circuit_decorator.py
[2026-04-28T13:00:10.866+0000] {logging_mixin.py:188} INFO - [2026-04-28T13:00:10.866+0000] {dag.py:3047} INFO - Sync 1 DAGs
[2026-04-28T13:00:10.890+0000] {logging_mixin.py:188} INFO - [2026-04-28T13:00:10.890+0000] {dag.py:3834} INFO - Setting next_dagrun for example_short_circuit_decorator to 2026-04-27 00:00:00+00:00, run_after=2026-04-28 00:00:00+00:00
[2026-04-28T13:00:10.907+0000] {processor.py:183} INFO - Processing /home/airflow/.local/lib/python3.8/site-packages/airflow/example_dags/example_short_circuit_decorator.py took 0.087 seconds
[2026-04-28T13:00:41.598+0000] {processor.py:161} INFO - Started process (PID=5417) to work on /home/airflow/.local/lib/python3.8/site-packages/airflow/example_dags/example_short_circuit_decorator.py
[2026-04-28T13:00:41.599+0000] {processor.py:830} INFO - Processing file /home/airflow/.local/lib/python3.8/site-packages/airflow/example_dags/example_short_circuit_decorator.py for tasks to queue
[2026-04-28T13:00:41.601+0000] {logging_mixin.py:188} INFO - [2026-04-28T13:00:41.601+0000] {dagbag.py:540} INFO - Filling up the DagBag from /home/airflow/.local/lib/python3.8/site-packages/airflow/example_dags/example_short_circuit_decorator.py
[2026-04-28T13:00:41.612+0000] {processor.py:840} INFO - DAG(s) 'example_short_circuit_decorator' retrieved from /home/airflow/.local/lib/python3.8/site-packages/airflow/example_dags/example_short_circuit_decorator.py
[2026-04-28T13:00:41.639+0000] {logging_mixin.py:188} INFO - [2026-04-28T13:00:41.639+0000] {dag.py:3047} INFO - Sync 1 DAGs
[2026-04-28T13:00:41.665+0000] {logging_mixin.py:188} INFO - [2026-04-28T13:00:41.664+0000] {dag.py:3834} INFO - Setting next_dagrun for example_short_circuit_decorator to 2026-04-27 00:00:00+00:00, run_after=2026-04-28 00:00:00+00:00
[2026-04-28T13:00:41.682+0000] {processor.py:183} INFO - Processing /home/airflow/.local/lib/python3.8/site-packages/airflow/example_dags/example_short_circuit_decorator.py took 0.088 seconds
[2026-04-28T13:01:11.808+0000] {processor.py:161} INFO - Started process (PID=5473) to work on /home/airflow/.local/lib/python3.8/site-packages/airflow/example_dags/example_short_circuit_decorator.py
[2026-04-28T13:01:11.809+0000] {processor.py:830} INFO - Processing file /home/airflow/.local/lib/python3.8/site-packages/airflow/example_dags/example_short_circuit_decorator.py for tasks to queue
[2026-04-28T13:01:11.812+0000] {logging_mixin.py:188} INFO - [2026-04-28T13:01:11.812+0000] {dagbag.py:540} INFO - Filling up the DagBag from /home/airflow/.local/lib/python3.8/site-packages/airflow/example_dags/example_short_circuit_decorator.py
[2026-04-28T13:01:11.823+0000] {processor.py:840} INFO - DAG(s) 'example_short_circuit_decorator' retrieved from /home/airflow/.local/lib/python3.8/site-packages/airflow/example_dags/example_short_circuit_decorator.py
[2026-04-28T13:01:11.850+0000] {logging_mixin.py:188} INFO - [2026-04-28T13:01:11.850+0000] {dag.py:3047} INFO - Sync 1 DAGs
[2026-04-28T13:01:11.879+0000] {logging_mixin.py:188} INFO - [2026-04-28T13:01:11.879+0000] {dag.py:3834} INFO - Setting next_dagrun for example_short_circuit_decorator to 2026-04-27 00:00:00+00:00, run_after=2026-04-28 00:00:00+00:00
[2026-04-28T13:01:11.896+0000] {processor.py:183} INFO - Processing /home/airflow/.local/lib/python3.8/site-packages/airflow/example_dags/example_short_circuit_decorator.py took 0.092 seconds
[2026-04-28T13:01:41.943+0000] {processor.py:161} INFO - Started process (PID=5529) to work on /home/airflow/.local/lib/python3.8/site-packages/airflow/example_dags/example_short_circuit_decorator.py
[2026-04-28T13:01:41.948+0000] {processor.py:830} INFO - Processing file /home/airflow/.local/lib/python3.8/site-packages/airflow/example_dags/example_short_circuit_decorator.py for tasks to queue
[2026-04-28T13:01:41.952+0000] {logging_mixin.py:188} INFO - [2026-04-28T13:01:41.951+0000] {dagbag.py:540} INFO - Filling up the DagBag from /home/airflow/.local/lib/python3.8/site-packages/airflow/example_dags/example_short_circuit_decorator.py
[2026-04-28T13:01:41.975+0000] {processor.py:840} INFO - DAG(s) 'example_short_circuit_decorator' retrieved from /home/airflow/.local/lib/python3.8/site-packages/airflow/example_dags/example_short_circuit_decorator.py
[2026-04-28T13:01:42.045+0000] {logging_mixin.py:188} INFO - [2026-04-28T13:01:42.045+0000] {dag.py:3047} INFO - Sync 1 DAGs
[2026-04-28T13:01:42.085+0000] {logging_mixin.py:188} INFO - [2026-04-28T13:01:42.085+0000] {dag.py:3834} INFO - Setting next_dagrun for example_short_circuit_decorator to 2026-04-27 00:00:00+00:00, run_after=2026-04-28 00:00:00+00:00
[2026-04-28T13:01:42.120+0000] {processor.py:183} INFO - Processing /home/airflow/.local/lib/python3.8/site-packages/airflow/example_dags/example_short_circuit_decorator.py took 0.185 seconds
[2026-04-28T13:02:12.212+0000] {processor.py:161} INFO - Started process (PID=5585) to work on /home/airflow/.local/lib/python3.8/site-packages/airflow/example_dags/example_short_circuit_decorator.py
[2026-04-28T13:02:12.213+0000] {processor.py:830} INFO - Processing file /home/airflow/.local/lib/python3.8/site-packages/airflow/example_dags/example_short_circuit_decorator.py for tasks to queue
[2026-04-28T13:02:12.215+0000] {logging_mixin.py:188} INFO - [2026-04-28T13:02:12.215+0000] {dagbag.py:540} INFO - Filling up the DagBag from /home/airflow/.local/lib/python3.8/site-packages/airflow/example_dags/example_short_circuit_decorator.py
[2026-04-28T13:02:12.226+0000] {processor.py:840} INFO - DAG(s) 'example_short_circuit_decorator' retrieved from /home/airflow/.local/lib/python3.8/site-packages/airflow/example_dags/example_short_circuit_decorator.py
[2026-04-28T13:02:12.253+0000] {logging_mixin.py:188} INFO - [2026-04-28T13:02:12.253+0000] {dag.py:3047} INFO - Sync 1 DAGs
[2026-04-28T13:02:12.277+0000] {logging_mixin.py:188} INFO - [2026-04-28T13:02:12.277+0000] {dag.py:3834} INFO - Setting next_dagrun for example_short_circuit_decorator to 2026-04-27 00:00:00+00:00, run_after=2026-04-28 00:00:00+00:00
[2026-04-28T13:02:12.295+0000] {processor.py:183} INFO - Processing /home/airflow/.local/lib/python3.8/site-packages/airflow/example_dags/example_short_circuit_decorator.py took 0.086 seconds
