[2026-04-28T12:11:57.298+0000] {processor.py:161} INFO - Started process (PID=95) to work on /home/airflow/.local/lib/python3.8/site-packages/airflow/example_dags/tutorial_taskflow_api_virtualenv.py
[2026-04-28T12:11:57.302+0000] {processor.py:830} INFO - Processing file /home/airflow/.local/lib/python3.8/site-packages/airflow/example_dags/tutorial_taskflow_api_virtualenv.py for tasks to queue
[2026-04-28T12:11:57.309+0000] {logging_mixin.py:188} INFO - [2026-04-28T12:11:57.308+0000] {dagbag.py:540} INFO - Filling up the DagBag from /home/airflow/.local/lib/python3.8/site-packages/airflow/example_dags/tutorial_taskflow_api_virtualenv.py
[2026-04-28T12:11:57.354+0000] {processor.py:840} INFO - DAG(s) 'tutorial_taskflow_api_virtualenv' retrieved from /home/airflow/.local/lib/python3.8/site-packages/airflow/example_dags/tutorial_taskflow_api_virtualenv.py
[2026-04-28T12:11:57.686+0000] {logging_mixin.py:188} INFO - [2026-04-28T12:11:57.685+0000] {dag.py:3047} INFO - Sync 1 DAGs
[2026-04-28T12:11:57.708+0000] {logging_mixin.py:188} INFO - [2026-04-28T12:11:57.708+0000] {dag.py:3834} INFO - Setting next_dagrun for tutorial_taskflow_api_virtualenv to None, run_after=None
[2026-04-28T12:11:57.753+0000] {processor.py:183} INFO - Processing /home/airflow/.local/lib/python3.8/site-packages/airflow/example_dags/tutorial_taskflow_api_virtualenv.py took 0.468 seconds
[2026-04-28T12:12:28.432+0000] {processor.py:161} INFO - Started process (PID=150) to work on /home/airflow/.local/lib/python3.8/site-packages/airflow/example_dags/tutorial_taskflow_api_virtualenv.py
[2026-04-28T12:12:28.433+0000] {processor.py:830} INFO - Processing file /home/airflow/.local/lib/python3.8/site-packages/airflow/example_dags/tutorial_taskflow_api_virtualenv.py for tasks to queue
[2026-04-28T12:12:28.435+0000] {logging_mixin.py:188} INFO - [2026-04-28T12:12:28.435+0000] {dagbag.py:540} INFO - Filling up the DagBag from /home/airflow/.local/lib/python3.8/site-packages/airflow/example_dags/tutorial_taskflow_api_virtualenv.py
[2026-04-28T12:12:28.449+0000] {processor.py:840} INFO - DAG(s) 'tutorial_taskflow_api_virtualenv' retrieved from /home/airflow/.local/lib/python3.8/site-packages/airflow/example_dags/tutorial_taskflow_api_virtualenv.py
[2026-04-28T12:12:28.473+0000] {logging_mixin.py:188} INFO - [2026-04-28T12:12:28.473+0000] {dag.py:3047} INFO - Sync 1 DAGs
[2026-04-28T12:12:28.486+0000] {logging_mixin.py:188} INFO - [2026-04-28T12:12:28.486+0000] {dag.py:3834} INFO - Setting next_dagrun for tutorial_taskflow_api_virtualenv to None, run_after=None
[2026-04-28T12:12:28.503+0000] {processor.py:183} INFO - Processing /home/airflow/.local/lib/python3.8/site-packages/airflow/example_dags/tutorial_taskflow_api_virtualenv.py took 0.075 seconds
[2026-04-28T12:12:58.539+0000] {processor.py:161} INFO - Started process (PID=204) to work on /home/airflow/.local/lib/python3.8/site-packages/airflow/example_dags/tutorial_taskflow_api_virtualenv.py
[2026-04-28T12:12:58.540+0000] {processor.py:830} INFO - Processing file /home/airflow/.local/lib/python3.8/site-packages/airflow/example_dags/tutorial_taskflow_api_virtualenv.py for tasks to queue
[2026-04-28T12:12:58.542+0000] {logging_mixin.py:188} INFO - [2026-04-28T12:12:58.541+0000] {dagbag.py:540} INFO - Filling up the DagBag from /home/airflow/.local/lib/python3.8/site-packages/airflow/example_dags/tutorial_taskflow_api_virtualenv.py
[2026-04-28T12:12:58.550+0000] {processor.py:840} INFO - DAG(s) 'tutorial_taskflow_api_virtualenv' retrieved from /home/airflow/.local/lib/python3.8/site-packages/airflow/example_dags/tutorial_taskflow_api_virtualenv.py
[2026-04-28T12:12:58.566+0000] {logging_mixin.py:188} INFO - [2026-04-28T12:12:58.566+0000] {dag.py:3047} INFO - Sync 1 DAGs
[2026-04-28T12:12:58.576+0000] {logging_mixin.py:188} INFO - [2026-04-28T12:12:58.575+0000] {dag.py:3834} INFO - Setting next_dagrun for tutorial_taskflow_api_virtualenv to None, run_after=None
[2026-04-28T12:12:58.589+0000] {processor.py:183} INFO - Processing /home/airflow/.local/lib/python3.8/site-packages/airflow/example_dags/tutorial_taskflow_api_virtualenv.py took 0.052 seconds
[2026-04-28T12:13:29.054+0000] {processor.py:161} INFO - Started process (PID=259) to work on /home/airflow/.local/lib/python3.8/site-packages/airflow/example_dags/tutorial_taskflow_api_virtualenv.py
[2026-04-28T12:13:29.055+0000] {processor.py:830} INFO - Processing file /home/airflow/.local/lib/python3.8/site-packages/airflow/example_dags/tutorial_taskflow_api_virtualenv.py for tasks to queue
[2026-04-28T12:13:29.056+0000] {logging_mixin.py:188} INFO - [2026-04-28T12:13:29.056+0000] {dagbag.py:540} INFO - Filling up the DagBag from /home/airflow/.local/lib/python3.8/site-packages/airflow/example_dags/tutorial_taskflow_api_virtualenv.py
[2026-04-28T12:13:29.068+0000] {processor.py:840} INFO - DAG(s) 'tutorial_taskflow_api_virtualenv' retrieved from /home/airflow/.local/lib/python3.8/site-packages/airflow/example_dags/tutorial_taskflow_api_virtualenv.py
[2026-04-28T12:13:29.084+0000] {logging_mixin.py:188} INFO - [2026-04-28T12:13:29.084+0000] {dag.py:3047} INFO - Sync 1 DAGs
[2026-04-28T12:13:29.093+0000] {logging_mixin.py:188} INFO - [2026-04-28T12:13:29.093+0000] {dag.py:3834} INFO - Setting next_dagrun for tutorial_taskflow_api_virtualenv to None, run_after=None
[2026-04-28T12:13:29.107+0000] {processor.py:183} INFO - Processing /home/airflow/.local/lib/python3.8/site-packages/airflow/example_dags/tutorial_taskflow_api_virtualenv.py took 0.057 seconds
[2026-04-28T12:13:59.542+0000] {processor.py:161} INFO - Started process (PID=314) to work on /home/airflow/.local/lib/python3.8/site-packages/airflow/example_dags/tutorial_taskflow_api_virtualenv.py
[2026-04-28T12:13:59.543+0000] {processor.py:830} INFO - Processing file /home/airflow/.local/lib/python3.8/site-packages/airflow/example_dags/tutorial_taskflow_api_virtualenv.py for tasks to queue
[2026-04-28T12:13:59.544+0000] {logging_mixin.py:188} INFO - [2026-04-28T12:13:59.544+0000] {dagbag.py:540} INFO - Filling up the DagBag from /home/airflow/.local/lib/python3.8/site-packages/airflow/example_dags/tutorial_taskflow_api_virtualenv.py
[2026-04-28T12:13:59.553+0000] {processor.py:840} INFO - DAG(s) 'tutorial_taskflow_api_virtualenv' retrieved from /home/airflow/.local/lib/python3.8/site-packages/airflow/example_dags/tutorial_taskflow_api_virtualenv.py
[2026-04-28T12:13:59.570+0000] {logging_mixin.py:188} INFO - [2026-04-28T12:13:59.570+0000] {dag.py:3047} INFO - Sync 1 DAGs
[2026-04-28T12:13:59.580+0000] {logging_mixin.py:188} INFO - [2026-04-28T12:13:59.580+0000] {dag.py:3834} INFO - Setting next_dagrun for tutorial_taskflow_api_virtualenv to None, run_after=None
[2026-04-28T12:13:59.594+0000] {processor.py:183} INFO - Processing /home/airflow/.local/lib/python3.8/site-packages/airflow/example_dags/tutorial_taskflow_api_virtualenv.py took 0.055 seconds
[2026-04-28T12:14:30.107+0000] {processor.py:161} INFO - Started process (PID=369) to work on /home/airflow/.local/lib/python3.8/site-packages/airflow/example_dags/tutorial_taskflow_api_virtualenv.py
[2026-04-28T12:14:30.108+0000] {processor.py:830} INFO - Processing file /home/airflow/.local/lib/python3.8/site-packages/airflow/example_dags/tutorial_taskflow_api_virtualenv.py for tasks to queue
[2026-04-28T12:14:30.110+0000] {logging_mixin.py:188} INFO - [2026-04-28T12:14:30.109+0000] {dagbag.py:540} INFO - Filling up the DagBag from /home/airflow/.local/lib/python3.8/site-packages/airflow/example_dags/tutorial_taskflow_api_virtualenv.py
[2026-04-28T12:14:30.120+0000] {processor.py:840} INFO - DAG(s) 'tutorial_taskflow_api_virtualenv' retrieved from /home/airflow/.local/lib/python3.8/site-packages/airflow/example_dags/tutorial_taskflow_api_virtualenv.py
[2026-04-28T12:14:30.136+0000] {logging_mixin.py:188} INFO - [2026-04-28T12:14:30.136+0000] {dag.py:3047} INFO - Sync 1 DAGs
[2026-04-28T12:14:30.148+0000] {logging_mixin.py:188} INFO - [2026-04-28T12:14:30.147+0000] {dag.py:3834} INFO - Setting next_dagrun for tutorial_taskflow_api_virtualenv to None, run_after=None
[2026-04-28T12:14:30.174+0000] {processor.py:183} INFO - Processing /home/airflow/.local/lib/python3.8/site-packages/airflow/example_dags/tutorial_taskflow_api_virtualenv.py took 0.069 seconds
[2026-04-28T12:15:00.785+0000] {processor.py:161} INFO - Started process (PID=424) to work on /home/airflow/.local/lib/python3.8/site-packages/airflow/example_dags/tutorial_taskflow_api_virtualenv.py
[2026-04-28T12:15:00.786+0000] {processor.py:830} INFO - Processing file /home/airflow/.local/lib/python3.8/site-packages/airflow/example_dags/tutorial_taskflow_api_virtualenv.py for tasks to queue
[2026-04-28T12:15:00.789+0000] {logging_mixin.py:188} INFO - [2026-04-28T12:15:00.788+0000] {dagbag.py:540} INFO - Filling up the DagBag from /home/airflow/.local/lib/python3.8/site-packages/airflow/example_dags/tutorial_taskflow_api_virtualenv.py
[2026-04-28T12:15:00.802+0000] {processor.py:840} INFO - DAG(s) 'tutorial_taskflow_api_virtualenv' retrieved from /home/airflow/.local/lib/python3.8/site-packages/airflow/example_dags/tutorial_taskflow_api_virtualenv.py
[2026-04-28T12:15:00.833+0000] {logging_mixin.py:188} INFO - [2026-04-28T12:15:00.832+0000] {dag.py:3047} INFO - Sync 1 DAGs
[2026-04-28T12:15:00.853+0000] {logging_mixin.py:188} INFO - [2026-04-28T12:15:00.849+0000] {dag.py:3834} INFO - Setting next_dagrun for tutorial_taskflow_api_virtualenv to None, run_after=None
[2026-04-28T12:15:00.905+0000] {processor.py:183} INFO - Processing /home/airflow/.local/lib/python3.8/site-packages/airflow/example_dags/tutorial_taskflow_api_virtualenv.py took 0.124 seconds
[2026-04-28T12:15:31.376+0000] {processor.py:161} INFO - Started process (PID=484) to work on /home/airflow/.local/lib/python3.8/site-packages/airflow/example_dags/tutorial_taskflow_api_virtualenv.py
[2026-04-28T12:15:31.377+0000] {processor.py:830} INFO - Processing file /home/airflow/.local/lib/python3.8/site-packages/airflow/example_dags/tutorial_taskflow_api_virtualenv.py for tasks to queue
[2026-04-28T12:15:31.379+0000] {logging_mixin.py:188} INFO - [2026-04-28T12:15:31.378+0000] {dagbag.py:540} INFO - Filling up the DagBag from /home/airflow/.local/lib/python3.8/site-packages/airflow/example_dags/tutorial_taskflow_api_virtualenv.py
[2026-04-28T12:15:31.387+0000] {processor.py:840} INFO - DAG(s) 'tutorial_taskflow_api_virtualenv' retrieved from /home/airflow/.local/lib/python3.8/site-packages/airflow/example_dags/tutorial_taskflow_api_virtualenv.py
[2026-04-28T12:15:31.403+0000] {logging_mixin.py:188} INFO - [2026-04-28T12:15:31.403+0000] {dag.py:3047} INFO - Sync 1 DAGs
[2026-04-28T12:15:31.413+0000] {logging_mixin.py:188} INFO - [2026-04-28T12:15:31.412+0000] {dag.py:3834} INFO - Setting next_dagrun for tutorial_taskflow_api_virtualenv to None, run_after=None
[2026-04-28T12:15:31.425+0000] {processor.py:183} INFO - Processing /home/airflow/.local/lib/python3.8/site-packages/airflow/example_dags/tutorial_taskflow_api_virtualenv.py took 0.052 seconds
[2026-04-28T12:16:02.226+0000] {processor.py:161} INFO - Started process (PID=539) to work on /home/airflow/.local/lib/python3.8/site-packages/airflow/example_dags/tutorial_taskflow_api_virtualenv.py
[2026-04-28T12:16:02.227+0000] {processor.py:830} INFO - Processing file /home/airflow/.local/lib/python3.8/site-packages/airflow/example_dags/tutorial_taskflow_api_virtualenv.py for tasks to queue
[2026-04-28T12:16:02.229+0000] {logging_mixin.py:188} INFO - [2026-04-28T12:16:02.229+0000] {dagbag.py:540} INFO - Filling up the DagBag from /home/airflow/.local/lib/python3.8/site-packages/airflow/example_dags/tutorial_taskflow_api_virtualenv.py
[2026-04-28T12:16:02.238+0000] {processor.py:840} INFO - DAG(s) 'tutorial_taskflow_api_virtualenv' retrieved from /home/airflow/.local/lib/python3.8/site-packages/airflow/example_dags/tutorial_taskflow_api_virtualenv.py
[2026-04-28T12:16:02.257+0000] {logging_mixin.py:188} INFO - [2026-04-28T12:16:02.257+0000] {dag.py:3047} INFO - Sync 1 DAGs
[2026-04-28T12:16:02.267+0000] {logging_mixin.py:188} INFO - [2026-04-28T12:16:02.267+0000] {dag.py:3834} INFO - Setting next_dagrun for tutorial_taskflow_api_virtualenv to None, run_after=None
[2026-04-28T12:16:02.280+0000] {processor.py:183} INFO - Processing /home/airflow/.local/lib/python3.8/site-packages/airflow/example_dags/tutorial_taskflow_api_virtualenv.py took 0.057 seconds
[2026-04-28T12:16:32.636+0000] {processor.py:161} INFO - Started process (PID=594) to work on /home/airflow/.local/lib/python3.8/site-packages/airflow/example_dags/tutorial_taskflow_api_virtualenv.py
[2026-04-28T12:16:32.637+0000] {processor.py:830} INFO - Processing file /home/airflow/.local/lib/python3.8/site-packages/airflow/example_dags/tutorial_taskflow_api_virtualenv.py for tasks to queue
[2026-04-28T12:16:32.639+0000] {logging_mixin.py:188} INFO - [2026-04-28T12:16:32.639+0000] {dagbag.py:540} INFO - Filling up the DagBag from /home/airflow/.local/lib/python3.8/site-packages/airflow/example_dags/tutorial_taskflow_api_virtualenv.py
[2026-04-28T12:16:32.648+0000] {processor.py:840} INFO - DAG(s) 'tutorial_taskflow_api_virtualenv' retrieved from /home/airflow/.local/lib/python3.8/site-packages/airflow/example_dags/tutorial_taskflow_api_virtualenv.py
[2026-04-28T12:16:32.663+0000] {logging_mixin.py:188} INFO - [2026-04-28T12:16:32.663+0000] {dag.py:3047} INFO - Sync 1 DAGs
[2026-04-28T12:16:32.673+0000] {logging_mixin.py:188} INFO - [2026-04-28T12:16:32.673+0000] {dag.py:3834} INFO - Setting next_dagrun for tutorial_taskflow_api_virtualenv to None, run_after=None
[2026-04-28T12:16:32.687+0000] {processor.py:183} INFO - Processing /home/airflow/.local/lib/python3.8/site-packages/airflow/example_dags/tutorial_taskflow_api_virtualenv.py took 0.053 seconds
[2026-04-28T12:17:03.021+0000] {processor.py:161} INFO - Started process (PID=649) to work on /home/airflow/.local/lib/python3.8/site-packages/airflow/example_dags/tutorial_taskflow_api_virtualenv.py
[2026-04-28T12:17:03.022+0000] {processor.py:830} INFO - Processing file /home/airflow/.local/lib/python3.8/site-packages/airflow/example_dags/tutorial_taskflow_api_virtualenv.py for tasks to queue
[2026-04-28T12:17:03.025+0000] {logging_mixin.py:188} INFO - [2026-04-28T12:17:03.024+0000] {dagbag.py:540} INFO - Filling up the DagBag from /home/airflow/.local/lib/python3.8/site-packages/airflow/example_dags/tutorial_taskflow_api_virtualenv.py
[2026-04-28T12:17:03.039+0000] {processor.py:840} INFO - DAG(s) 'tutorial_taskflow_api_virtualenv' retrieved from /home/airflow/.local/lib/python3.8/site-packages/airflow/example_dags/tutorial_taskflow_api_virtualenv.py
[2026-04-28T12:17:03.056+0000] {logging_mixin.py:188} INFO - [2026-04-28T12:17:03.056+0000] {dag.py:3047} INFO - Sync 1 DAGs
[2026-04-28T12:17:03.065+0000] {logging_mixin.py:188} INFO - [2026-04-28T12:17:03.065+0000] {dag.py:3834} INFO - Setting next_dagrun for tutorial_taskflow_api_virtualenv to None, run_after=None
[2026-04-28T12:17:03.079+0000] {processor.py:183} INFO - Processing /home/airflow/.local/lib/python3.8/site-packages/airflow/example_dags/tutorial_taskflow_api_virtualenv.py took 0.063 seconds
[2026-04-28T12:17:33.640+0000] {processor.py:161} INFO - Started process (PID=704) to work on /home/airflow/.local/lib/python3.8/site-packages/airflow/example_dags/tutorial_taskflow_api_virtualenv.py
[2026-04-28T12:17:33.641+0000] {processor.py:830} INFO - Processing file /home/airflow/.local/lib/python3.8/site-packages/airflow/example_dags/tutorial_taskflow_api_virtualenv.py for tasks to queue
[2026-04-28T12:17:33.643+0000] {logging_mixin.py:188} INFO - [2026-04-28T12:17:33.643+0000] {dagbag.py:540} INFO - Filling up the DagBag from /home/airflow/.local/lib/python3.8/site-packages/airflow/example_dags/tutorial_taskflow_api_virtualenv.py
[2026-04-28T12:17:33.655+0000] {processor.py:840} INFO - DAG(s) 'tutorial_taskflow_api_virtualenv' retrieved from /home/airflow/.local/lib/python3.8/site-packages/airflow/example_dags/tutorial_taskflow_api_virtualenv.py
[2026-04-28T12:17:33.679+0000] {logging_mixin.py:188} INFO - [2026-04-28T12:17:33.679+0000] {dag.py:3047} INFO - Sync 1 DAGs
[2026-04-28T12:17:33.702+0000] {logging_mixin.py:188} INFO - [2026-04-28T12:17:33.700+0000] {dag.py:3834} INFO - Setting next_dagrun for tutorial_taskflow_api_virtualenv to None, run_after=None
[2026-04-28T12:17:33.721+0000] {processor.py:183} INFO - Processing /home/airflow/.local/lib/python3.8/site-packages/airflow/example_dags/tutorial_taskflow_api_virtualenv.py took 0.085 seconds
[2026-04-28T12:18:03.837+0000] {processor.py:161} INFO - Started process (PID=759) to work on /home/airflow/.local/lib/python3.8/site-packages/airflow/example_dags/tutorial_taskflow_api_virtualenv.py
[2026-04-28T12:18:03.838+0000] {processor.py:830} INFO - Processing file /home/airflow/.local/lib/python3.8/site-packages/airflow/example_dags/tutorial_taskflow_api_virtualenv.py for tasks to queue
[2026-04-28T12:18:03.840+0000] {logging_mixin.py:188} INFO - [2026-04-28T12:18:03.839+0000] {dagbag.py:540} INFO - Filling up the DagBag from /home/airflow/.local/lib/python3.8/site-packages/airflow/example_dags/tutorial_taskflow_api_virtualenv.py
[2026-04-28T12:18:03.852+0000] {processor.py:840} INFO - DAG(s) 'tutorial_taskflow_api_virtualenv' retrieved from /home/airflow/.local/lib/python3.8/site-packages/airflow/example_dags/tutorial_taskflow_api_virtualenv.py
[2026-04-28T12:18:03.873+0000] {logging_mixin.py:188} INFO - [2026-04-28T12:18:03.873+0000] {dag.py:3047} INFO - Sync 1 DAGs
[2026-04-28T12:18:03.887+0000] {logging_mixin.py:188} INFO - [2026-04-28T12:18:03.887+0000] {dag.py:3834} INFO - Setting next_dagrun for tutorial_taskflow_api_virtualenv to None, run_after=None
[2026-04-28T12:18:03.904+0000] {processor.py:183} INFO - Processing /home/airflow/.local/lib/python3.8/site-packages/airflow/example_dags/tutorial_taskflow_api_virtualenv.py took 0.072 seconds
[2026-04-28T12:18:34.868+0000] {processor.py:161} INFO - Started process (PID=814) to work on /home/airflow/.local/lib/python3.8/site-packages/airflow/example_dags/tutorial_taskflow_api_virtualenv.py
[2026-04-28T12:18:34.869+0000] {processor.py:830} INFO - Processing file /home/airflow/.local/lib/python3.8/site-packages/airflow/example_dags/tutorial_taskflow_api_virtualenv.py for tasks to queue
[2026-04-28T12:18:34.871+0000] {logging_mixin.py:188} INFO - [2026-04-28T12:18:34.871+0000] {dagbag.py:540} INFO - Filling up the DagBag from /home/airflow/.local/lib/python3.8/site-packages/airflow/example_dags/tutorial_taskflow_api_virtualenv.py
[2026-04-28T12:18:34.883+0000] {processor.py:840} INFO - DAG(s) 'tutorial_taskflow_api_virtualenv' retrieved from /home/airflow/.local/lib/python3.8/site-packages/airflow/example_dags/tutorial_taskflow_api_virtualenv.py
[2026-04-28T12:18:34.939+0000] {logging_mixin.py:188} INFO - [2026-04-28T12:18:34.939+0000] {dag.py:3047} INFO - Sync 1 DAGs
[2026-04-28T12:18:34.956+0000] {logging_mixin.py:188} INFO - [2026-04-28T12:18:34.956+0000] {dag.py:3834} INFO - Setting next_dagrun for tutorial_taskflow_api_virtualenv to None, run_after=None
[2026-04-28T12:18:34.979+0000] {processor.py:183} INFO - Processing /home/airflow/.local/lib/python3.8/site-packages/airflow/example_dags/tutorial_taskflow_api_virtualenv.py took 0.115 seconds
[2026-04-28T12:19:05.274+0000] {processor.py:161} INFO - Started process (PID=869) to work on /home/airflow/.local/lib/python3.8/site-packages/airflow/example_dags/tutorial_taskflow_api_virtualenv.py
[2026-04-28T12:19:05.275+0000] {processor.py:830} INFO - Processing file /home/airflow/.local/lib/python3.8/site-packages/airflow/example_dags/tutorial_taskflow_api_virtualenv.py for tasks to queue
[2026-04-28T12:19:05.277+0000] {logging_mixin.py:188} INFO - [2026-04-28T12:19:05.277+0000] {dagbag.py:540} INFO - Filling up the DagBag from /home/airflow/.local/lib/python3.8/site-packages/airflow/example_dags/tutorial_taskflow_api_virtualenv.py
[2026-04-28T12:19:05.286+0000] {processor.py:840} INFO - DAG(s) 'tutorial_taskflow_api_virtualenv' retrieved from /home/airflow/.local/lib/python3.8/site-packages/airflow/example_dags/tutorial_taskflow_api_virtualenv.py
[2026-04-28T12:19:05.304+0000] {logging_mixin.py:188} INFO - [2026-04-28T12:19:05.304+0000] {dag.py:3047} INFO - Sync 1 DAGs
[2026-04-28T12:19:05.314+0000] {logging_mixin.py:188} INFO - [2026-04-28T12:19:05.313+0000] {dag.py:3834} INFO - Setting next_dagrun for tutorial_taskflow_api_virtualenv to None, run_after=None
[2026-04-28T12:19:05.328+0000] {processor.py:183} INFO - Processing /home/airflow/.local/lib/python3.8/site-packages/airflow/example_dags/tutorial_taskflow_api_virtualenv.py took 0.056 seconds
[2026-04-28T12:19:35.520+0000] {processor.py:161} INFO - Started process (PID=924) to work on /home/airflow/.local/lib/python3.8/site-packages/airflow/example_dags/tutorial_taskflow_api_virtualenv.py
[2026-04-28T12:19:35.521+0000] {processor.py:830} INFO - Processing file /home/airflow/.local/lib/python3.8/site-packages/airflow/example_dags/tutorial_taskflow_api_virtualenv.py for tasks to queue
[2026-04-28T12:19:35.523+0000] {logging_mixin.py:188} INFO - [2026-04-28T12:19:35.523+0000] {dagbag.py:540} INFO - Filling up the DagBag from /home/airflow/.local/lib/python3.8/site-packages/airflow/example_dags/tutorial_taskflow_api_virtualenv.py
[2026-04-28T12:19:35.533+0000] {processor.py:840} INFO - DAG(s) 'tutorial_taskflow_api_virtualenv' retrieved from /home/airflow/.local/lib/python3.8/site-packages/airflow/example_dags/tutorial_taskflow_api_virtualenv.py
[2026-04-28T12:19:35.553+0000] {logging_mixin.py:188} INFO - [2026-04-28T12:19:35.552+0000] {dag.py:3047} INFO - Sync 1 DAGs
[2026-04-28T12:19:35.562+0000] {logging_mixin.py:188} INFO - [2026-04-28T12:19:35.561+0000] {dag.py:3834} INFO - Setting next_dagrun for tutorial_taskflow_api_virtualenv to None, run_after=None
[2026-04-28T12:19:35.577+0000] {processor.py:183} INFO - Processing /home/airflow/.local/lib/python3.8/site-packages/airflow/example_dags/tutorial_taskflow_api_virtualenv.py took 0.059 seconds
[2026-04-28T12:20:06.236+0000] {processor.py:161} INFO - Started process (PID=978) to work on /home/airflow/.local/lib/python3.8/site-packages/airflow/example_dags/tutorial_taskflow_api_virtualenv.py
[2026-04-28T12:20:06.237+0000] {processor.py:830} INFO - Processing file /home/airflow/.local/lib/python3.8/site-packages/airflow/example_dags/tutorial_taskflow_api_virtualenv.py for tasks to queue
[2026-04-28T12:20:06.238+0000] {logging_mixin.py:188} INFO - [2026-04-28T12:20:06.238+0000] {dagbag.py:540} INFO - Filling up the DagBag from /home/airflow/.local/lib/python3.8/site-packages/airflow/example_dags/tutorial_taskflow_api_virtualenv.py
[2026-04-28T12:20:06.247+0000] {processor.py:840} INFO - DAG(s) 'tutorial_taskflow_api_virtualenv' retrieved from /home/airflow/.local/lib/python3.8/site-packages/airflow/example_dags/tutorial_taskflow_api_virtualenv.py
[2026-04-28T12:20:06.264+0000] {logging_mixin.py:188} INFO - [2026-04-28T12:20:06.264+0000] {dag.py:3047} INFO - Sync 1 DAGs
[2026-04-28T12:20:06.273+0000] {logging_mixin.py:188} INFO - [2026-04-28T12:20:06.273+0000] {dag.py:3834} INFO - Setting next_dagrun for tutorial_taskflow_api_virtualenv to None, run_after=None
[2026-04-28T12:20:06.287+0000] {processor.py:183} INFO - Processing /home/airflow/.local/lib/python3.8/site-packages/airflow/example_dags/tutorial_taskflow_api_virtualenv.py took 0.054 seconds
[2026-04-28T12:20:36.378+0000] {processor.py:161} INFO - Started process (PID=1033) to work on /home/airflow/.local/lib/python3.8/site-packages/airflow/example_dags/tutorial_taskflow_api_virtualenv.py
[2026-04-28T12:20:36.379+0000] {processor.py:830} INFO - Processing file /home/airflow/.local/lib/python3.8/site-packages/airflow/example_dags/tutorial_taskflow_api_virtualenv.py for tasks to queue
[2026-04-28T12:20:36.382+0000] {logging_mixin.py:188} INFO - [2026-04-28T12:20:36.381+0000] {dagbag.py:540} INFO - Filling up the DagBag from /home/airflow/.local/lib/python3.8/site-packages/airflow/example_dags/tutorial_taskflow_api_virtualenv.py
[2026-04-28T12:20:36.391+0000] {processor.py:840} INFO - DAG(s) 'tutorial_taskflow_api_virtualenv' retrieved from /home/airflow/.local/lib/python3.8/site-packages/airflow/example_dags/tutorial_taskflow_api_virtualenv.py
[2026-04-28T12:20:36.407+0000] {logging_mixin.py:188} INFO - [2026-04-28T12:20:36.407+0000] {dag.py:3047} INFO - Sync 1 DAGs
[2026-04-28T12:20:36.417+0000] {logging_mixin.py:188} INFO - [2026-04-28T12:20:36.417+0000] {dag.py:3834} INFO - Setting next_dagrun for tutorial_taskflow_api_virtualenv to None, run_after=None
[2026-04-28T12:20:36.430+0000] {processor.py:183} INFO - Processing /home/airflow/.local/lib/python3.8/site-packages/airflow/example_dags/tutorial_taskflow_api_virtualenv.py took 0.056 seconds
[2026-04-28T12:21:07.128+0000] {processor.py:161} INFO - Started process (PID=1088) to work on /home/airflow/.local/lib/python3.8/site-packages/airflow/example_dags/tutorial_taskflow_api_virtualenv.py
[2026-04-28T12:21:07.129+0000] {processor.py:830} INFO - Processing file /home/airflow/.local/lib/python3.8/site-packages/airflow/example_dags/tutorial_taskflow_api_virtualenv.py for tasks to queue
[2026-04-28T12:21:07.130+0000] {logging_mixin.py:188} INFO - [2026-04-28T12:21:07.130+0000] {dagbag.py:540} INFO - Filling up the DagBag from /home/airflow/.local/lib/python3.8/site-packages/airflow/example_dags/tutorial_taskflow_api_virtualenv.py
[2026-04-28T12:21:07.139+0000] {processor.py:840} INFO - DAG(s) 'tutorial_taskflow_api_virtualenv' retrieved from /home/airflow/.local/lib/python3.8/site-packages/airflow/example_dags/tutorial_taskflow_api_virtualenv.py
[2026-04-28T12:21:07.156+0000] {logging_mixin.py:188} INFO - [2026-04-28T12:21:07.155+0000] {dag.py:3047} INFO - Sync 1 DAGs
[2026-04-28T12:21:07.165+0000] {logging_mixin.py:188} INFO - [2026-04-28T12:21:07.165+0000] {dag.py:3834} INFO - Setting next_dagrun for tutorial_taskflow_api_virtualenv to None, run_after=None
[2026-04-28T12:21:07.178+0000] {processor.py:183} INFO - Processing /home/airflow/.local/lib/python3.8/site-packages/airflow/example_dags/tutorial_taskflow_api_virtualenv.py took 0.053 seconds
[2026-04-28T12:21:37.258+0000] {processor.py:161} INFO - Started process (PID=1143) to work on /home/airflow/.local/lib/python3.8/site-packages/airflow/example_dags/tutorial_taskflow_api_virtualenv.py
[2026-04-28T12:21:37.258+0000] {processor.py:830} INFO - Processing file /home/airflow/.local/lib/python3.8/site-packages/airflow/example_dags/tutorial_taskflow_api_virtualenv.py for tasks to queue
[2026-04-28T12:21:37.260+0000] {logging_mixin.py:188} INFO - [2026-04-28T12:21:37.260+0000] {dagbag.py:540} INFO - Filling up the DagBag from /home/airflow/.local/lib/python3.8/site-packages/airflow/example_dags/tutorial_taskflow_api_virtualenv.py
[2026-04-28T12:21:37.269+0000] {processor.py:840} INFO - DAG(s) 'tutorial_taskflow_api_virtualenv' retrieved from /home/airflow/.local/lib/python3.8/site-packages/airflow/example_dags/tutorial_taskflow_api_virtualenv.py
[2026-04-28T12:21:37.285+0000] {logging_mixin.py:188} INFO - [2026-04-28T12:21:37.285+0000] {dag.py:3047} INFO - Sync 1 DAGs
[2026-04-28T12:21:37.294+0000] {logging_mixin.py:188} INFO - [2026-04-28T12:21:37.294+0000] {dag.py:3834} INFO - Setting next_dagrun for tutorial_taskflow_api_virtualenv to None, run_after=None
[2026-04-28T12:21:37.308+0000] {processor.py:183} INFO - Processing /home/airflow/.local/lib/python3.8/site-packages/airflow/example_dags/tutorial_taskflow_api_virtualenv.py took 0.054 seconds
[2026-04-28T12:22:07.959+0000] {processor.py:161} INFO - Started process (PID=1198) to work on /home/airflow/.local/lib/python3.8/site-packages/airflow/example_dags/tutorial_taskflow_api_virtualenv.py
[2026-04-28T12:22:07.960+0000] {processor.py:830} INFO - Processing file /home/airflow/.local/lib/python3.8/site-packages/airflow/example_dags/tutorial_taskflow_api_virtualenv.py for tasks to queue
[2026-04-28T12:22:07.962+0000] {logging_mixin.py:188} INFO - [2026-04-28T12:22:07.962+0000] {dagbag.py:540} INFO - Filling up the DagBag from /home/airflow/.local/lib/python3.8/site-packages/airflow/example_dags/tutorial_taskflow_api_virtualenv.py
[2026-04-28T12:22:07.971+0000] {processor.py:840} INFO - DAG(s) 'tutorial_taskflow_api_virtualenv' retrieved from /home/airflow/.local/lib/python3.8/site-packages/airflow/example_dags/tutorial_taskflow_api_virtualenv.py
[2026-04-28T12:22:07.989+0000] {logging_mixin.py:188} INFO - [2026-04-28T12:22:07.989+0000] {dag.py:3047} INFO - Sync 1 DAGs
[2026-04-28T12:22:07.998+0000] {logging_mixin.py:188} INFO - [2026-04-28T12:22:07.998+0000] {dag.py:3834} INFO - Setting next_dagrun for tutorial_taskflow_api_virtualenv to None, run_after=None
[2026-04-28T12:22:08.012+0000] {processor.py:183} INFO - Processing /home/airflow/.local/lib/python3.8/site-packages/airflow/example_dags/tutorial_taskflow_api_virtualenv.py took 0.055 seconds
[2026-04-28T12:22:38.187+0000] {processor.py:161} INFO - Started process (PID=1253) to work on /home/airflow/.local/lib/python3.8/site-packages/airflow/example_dags/tutorial_taskflow_api_virtualenv.py
[2026-04-28T12:22:38.187+0000] {processor.py:830} INFO - Processing file /home/airflow/.local/lib/python3.8/site-packages/airflow/example_dags/tutorial_taskflow_api_virtualenv.py for tasks to queue
[2026-04-28T12:22:38.189+0000] {logging_mixin.py:188} INFO - [2026-04-28T12:22:38.189+0000] {dagbag.py:540} INFO - Filling up the DagBag from /home/airflow/.local/lib/python3.8/site-packages/airflow/example_dags/tutorial_taskflow_api_virtualenv.py
[2026-04-28T12:22:38.198+0000] {processor.py:840} INFO - DAG(s) 'tutorial_taskflow_api_virtualenv' retrieved from /home/airflow/.local/lib/python3.8/site-packages/airflow/example_dags/tutorial_taskflow_api_virtualenv.py
[2026-04-28T12:22:38.214+0000] {logging_mixin.py:188} INFO - [2026-04-28T12:22:38.214+0000] {dag.py:3047} INFO - Sync 1 DAGs
[2026-04-28T12:22:38.224+0000] {logging_mixin.py:188} INFO - [2026-04-28T12:22:38.224+0000] {dag.py:3834} INFO - Setting next_dagrun for tutorial_taskflow_api_virtualenv to None, run_after=None
[2026-04-28T12:22:38.238+0000] {processor.py:183} INFO - Processing /home/airflow/.local/lib/python3.8/site-packages/airflow/example_dags/tutorial_taskflow_api_virtualenv.py took 0.055 seconds
[2026-04-28T12:23:08.677+0000] {processor.py:161} INFO - Started process (PID=1308) to work on /home/airflow/.local/lib/python3.8/site-packages/airflow/example_dags/tutorial_taskflow_api_virtualenv.py
[2026-04-28T12:23:08.678+0000] {processor.py:830} INFO - Processing file /home/airflow/.local/lib/python3.8/site-packages/airflow/example_dags/tutorial_taskflow_api_virtualenv.py for tasks to queue
[2026-04-28T12:23:08.680+0000] {logging_mixin.py:188} INFO - [2026-04-28T12:23:08.680+0000] {dagbag.py:540} INFO - Filling up the DagBag from /home/airflow/.local/lib/python3.8/site-packages/airflow/example_dags/tutorial_taskflow_api_virtualenv.py
[2026-04-28T12:23:08.690+0000] {processor.py:840} INFO - DAG(s) 'tutorial_taskflow_api_virtualenv' retrieved from /home/airflow/.local/lib/python3.8/site-packages/airflow/example_dags/tutorial_taskflow_api_virtualenv.py
[2026-04-28T12:23:08.706+0000] {logging_mixin.py:188} INFO - [2026-04-28T12:23:08.706+0000] {dag.py:3047} INFO - Sync 1 DAGs
[2026-04-28T12:23:08.715+0000] {logging_mixin.py:188} INFO - [2026-04-28T12:23:08.715+0000] {dag.py:3834} INFO - Setting next_dagrun for tutorial_taskflow_api_virtualenv to None, run_after=None
[2026-04-28T12:23:08.729+0000] {processor.py:183} INFO - Processing /home/airflow/.local/lib/python3.8/site-packages/airflow/example_dags/tutorial_taskflow_api_virtualenv.py took 0.055 seconds
[2026-04-28T12:23:39.007+0000] {processor.py:161} INFO - Started process (PID=1363) to work on /home/airflow/.local/lib/python3.8/site-packages/airflow/example_dags/tutorial_taskflow_api_virtualenv.py
[2026-04-28T12:23:39.008+0000] {processor.py:830} INFO - Processing file /home/airflow/.local/lib/python3.8/site-packages/airflow/example_dags/tutorial_taskflow_api_virtualenv.py for tasks to queue
[2026-04-28T12:23:39.009+0000] {logging_mixin.py:188} INFO - [2026-04-28T12:23:39.009+0000] {dagbag.py:540} INFO - Filling up the DagBag from /home/airflow/.local/lib/python3.8/site-packages/airflow/example_dags/tutorial_taskflow_api_virtualenv.py
[2026-04-28T12:23:39.018+0000] {processor.py:840} INFO - DAG(s) 'tutorial_taskflow_api_virtualenv' retrieved from /home/airflow/.local/lib/python3.8/site-packages/airflow/example_dags/tutorial_taskflow_api_virtualenv.py
[2026-04-28T12:23:39.035+0000] {logging_mixin.py:188} INFO - [2026-04-28T12:23:39.035+0000] {dag.py:3047} INFO - Sync 1 DAGs
[2026-04-28T12:23:39.044+0000] {logging_mixin.py:188} INFO - [2026-04-28T12:23:39.044+0000] {dag.py:3834} INFO - Setting next_dagrun for tutorial_taskflow_api_virtualenv to None, run_after=None
[2026-04-28T12:23:39.058+0000] {processor.py:183} INFO - Processing /home/airflow/.local/lib/python3.8/site-packages/airflow/example_dags/tutorial_taskflow_api_virtualenv.py took 0.054 seconds
[2026-04-28T12:24:09.664+0000] {processor.py:161} INFO - Started process (PID=1418) to work on /home/airflow/.local/lib/python3.8/site-packages/airflow/example_dags/tutorial_taskflow_api_virtualenv.py
[2026-04-28T12:24:09.664+0000] {processor.py:830} INFO - Processing file /home/airflow/.local/lib/python3.8/site-packages/airflow/example_dags/tutorial_taskflow_api_virtualenv.py for tasks to queue
[2026-04-28T12:24:09.667+0000] {logging_mixin.py:188} INFO - [2026-04-28T12:24:09.666+0000] {dagbag.py:540} INFO - Filling up the DagBag from /home/airflow/.local/lib/python3.8/site-packages/airflow/example_dags/tutorial_taskflow_api_virtualenv.py
[2026-04-28T12:24:09.675+0000] {processor.py:840} INFO - DAG(s) 'tutorial_taskflow_api_virtualenv' retrieved from /home/airflow/.local/lib/python3.8/site-packages/airflow/example_dags/tutorial_taskflow_api_virtualenv.py
[2026-04-28T12:24:09.691+0000] {logging_mixin.py:188} INFO - [2026-04-28T12:24:09.691+0000] {dag.py:3047} INFO - Sync 1 DAGs
[2026-04-28T12:24:09.700+0000] {logging_mixin.py:188} INFO - [2026-04-28T12:24:09.700+0000] {dag.py:3834} INFO - Setting next_dagrun for tutorial_taskflow_api_virtualenv to None, run_after=None
[2026-04-28T12:24:09.714+0000] {processor.py:183} INFO - Processing /home/airflow/.local/lib/python3.8/site-packages/airflow/example_dags/tutorial_taskflow_api_virtualenv.py took 0.054 seconds
[2026-04-28T12:24:39.879+0000] {processor.py:161} INFO - Started process (PID=1473) to work on /home/airflow/.local/lib/python3.8/site-packages/airflow/example_dags/tutorial_taskflow_api_virtualenv.py
[2026-04-28T12:24:39.880+0000] {processor.py:830} INFO - Processing file /home/airflow/.local/lib/python3.8/site-packages/airflow/example_dags/tutorial_taskflow_api_virtualenv.py for tasks to queue
[2026-04-28T12:24:39.883+0000] {logging_mixin.py:188} INFO - [2026-04-28T12:24:39.883+0000] {dagbag.py:540} INFO - Filling up the DagBag from /home/airflow/.local/lib/python3.8/site-packages/airflow/example_dags/tutorial_taskflow_api_virtualenv.py
[2026-04-28T12:24:39.895+0000] {processor.py:840} INFO - DAG(s) 'tutorial_taskflow_api_virtualenv' retrieved from /home/airflow/.local/lib/python3.8/site-packages/airflow/example_dags/tutorial_taskflow_api_virtualenv.py
[2026-04-28T12:24:39.922+0000] {logging_mixin.py:188} INFO - [2026-04-28T12:24:39.922+0000] {dag.py:3047} INFO - Sync 1 DAGs
[2026-04-28T12:24:39.937+0000] {logging_mixin.py:188} INFO - [2026-04-28T12:24:39.937+0000] {dag.py:3834} INFO - Setting next_dagrun for tutorial_taskflow_api_virtualenv to None, run_after=None
[2026-04-28T12:24:39.956+0000] {processor.py:183} INFO - Processing /home/airflow/.local/lib/python3.8/site-packages/airflow/example_dags/tutorial_taskflow_api_virtualenv.py took 0.081 seconds
[2026-04-28T12:25:10.231+0000] {processor.py:161} INFO - Started process (PID=1528) to work on /home/airflow/.local/lib/python3.8/site-packages/airflow/example_dags/tutorial_taskflow_api_virtualenv.py
[2026-04-28T12:25:10.232+0000] {processor.py:830} INFO - Processing file /home/airflow/.local/lib/python3.8/site-packages/airflow/example_dags/tutorial_taskflow_api_virtualenv.py for tasks to queue
[2026-04-28T12:25:10.233+0000] {logging_mixin.py:188} INFO - [2026-04-28T12:25:10.233+0000] {dagbag.py:540} INFO - Filling up the DagBag from /home/airflow/.local/lib/python3.8/site-packages/airflow/example_dags/tutorial_taskflow_api_virtualenv.py
[2026-04-28T12:25:10.242+0000] {processor.py:840} INFO - DAG(s) 'tutorial_taskflow_api_virtualenv' retrieved from /home/airflow/.local/lib/python3.8/site-packages/airflow/example_dags/tutorial_taskflow_api_virtualenv.py
[2026-04-28T12:25:10.260+0000] {logging_mixin.py:188} INFO - [2026-04-28T12:25:10.260+0000] {dag.py:3047} INFO - Sync 1 DAGs
[2026-04-28T12:25:10.272+0000] {logging_mixin.py:188} INFO - [2026-04-28T12:25:10.272+0000] {dag.py:3834} INFO - Setting next_dagrun for tutorial_taskflow_api_virtualenv to None, run_after=None
[2026-04-28T12:25:10.286+0000] {processor.py:183} INFO - Processing /home/airflow/.local/lib/python3.8/site-packages/airflow/example_dags/tutorial_taskflow_api_virtualenv.py took 0.058 seconds
[2026-04-28T12:25:40.520+0000] {processor.py:161} INFO - Started process (PID=1583) to work on /home/airflow/.local/lib/python3.8/site-packages/airflow/example_dags/tutorial_taskflow_api_virtualenv.py
[2026-04-28T12:25:40.520+0000] {processor.py:830} INFO - Processing file /home/airflow/.local/lib/python3.8/site-packages/airflow/example_dags/tutorial_taskflow_api_virtualenv.py for tasks to queue
[2026-04-28T12:25:40.522+0000] {logging_mixin.py:188} INFO - [2026-04-28T12:25:40.522+0000] {dagbag.py:540} INFO - Filling up the DagBag from /home/airflow/.local/lib/python3.8/site-packages/airflow/example_dags/tutorial_taskflow_api_virtualenv.py
[2026-04-28T12:25:40.531+0000] {processor.py:840} INFO - DAG(s) 'tutorial_taskflow_api_virtualenv' retrieved from /home/airflow/.local/lib/python3.8/site-packages/airflow/example_dags/tutorial_taskflow_api_virtualenv.py
[2026-04-28T12:25:40.547+0000] {logging_mixin.py:188} INFO - [2026-04-28T12:25:40.547+0000] {dag.py:3047} INFO - Sync 1 DAGs
[2026-04-28T12:25:40.557+0000] {logging_mixin.py:188} INFO - [2026-04-28T12:25:40.557+0000] {dag.py:3834} INFO - Setting next_dagrun for tutorial_taskflow_api_virtualenv to None, run_after=None
[2026-04-28T12:25:40.571+0000] {processor.py:183} INFO - Processing /home/airflow/.local/lib/python3.8/site-packages/airflow/example_dags/tutorial_taskflow_api_virtualenv.py took 0.054 seconds
[2026-04-28T12:26:10.798+0000] {processor.py:161} INFO - Started process (PID=1638) to work on /home/airflow/.local/lib/python3.8/site-packages/airflow/example_dags/tutorial_taskflow_api_virtualenv.py
[2026-04-28T12:26:10.801+0000] {processor.py:830} INFO - Processing file /home/airflow/.local/lib/python3.8/site-packages/airflow/example_dags/tutorial_taskflow_api_virtualenv.py for tasks to queue
[2026-04-28T12:26:10.814+0000] {logging_mixin.py:188} INFO - [2026-04-28T12:26:10.813+0000] {dagbag.py:540} INFO - Filling up the DagBag from /home/airflow/.local/lib/python3.8/site-packages/airflow/example_dags/tutorial_taskflow_api_virtualenv.py
[2026-04-28T12:26:10.844+0000] {processor.py:840} INFO - DAG(s) 'tutorial_taskflow_api_virtualenv' retrieved from /home/airflow/.local/lib/python3.8/site-packages/airflow/example_dags/tutorial_taskflow_api_virtualenv.py
[2026-04-28T12:26:11.116+0000] {logging_mixin.py:188} INFO - [2026-04-28T12:26:11.111+0000] {dag.py:3047} INFO - Sync 1 DAGs
[2026-04-28T12:26:11.203+0000] {logging_mixin.py:188} INFO - [2026-04-28T12:26:11.201+0000] {dag.py:3834} INFO - Setting next_dagrun for tutorial_taskflow_api_virtualenv to None, run_after=None
[2026-04-28T12:26:11.289+0000] {processor.py:183} INFO - Processing /home/airflow/.local/lib/python3.8/site-packages/airflow/example_dags/tutorial_taskflow_api_virtualenv.py took 0.526 seconds
[2026-04-28T12:26:41.872+0000] {processor.py:161} INFO - Started process (PID=1693) to work on /home/airflow/.local/lib/python3.8/site-packages/airflow/example_dags/tutorial_taskflow_api_virtualenv.py
[2026-04-28T12:26:41.874+0000] {processor.py:830} INFO - Processing file /home/airflow/.local/lib/python3.8/site-packages/airflow/example_dags/tutorial_taskflow_api_virtualenv.py for tasks to queue
[2026-04-28T12:26:41.876+0000] {logging_mixin.py:188} INFO - [2026-04-28T12:26:41.876+0000] {dagbag.py:540} INFO - Filling up the DagBag from /home/airflow/.local/lib/python3.8/site-packages/airflow/example_dags/tutorial_taskflow_api_virtualenv.py
[2026-04-28T12:26:41.888+0000] {processor.py:840} INFO - DAG(s) 'tutorial_taskflow_api_virtualenv' retrieved from /home/airflow/.local/lib/python3.8/site-packages/airflow/example_dags/tutorial_taskflow_api_virtualenv.py
[2026-04-28T12:26:41.908+0000] {logging_mixin.py:188} INFO - [2026-04-28T12:26:41.908+0000] {dag.py:3047} INFO - Sync 1 DAGs
[2026-04-28T12:26:41.921+0000] {logging_mixin.py:188} INFO - [2026-04-28T12:26:41.921+0000] {dag.py:3834} INFO - Setting next_dagrun for tutorial_taskflow_api_virtualenv to None, run_after=None
[2026-04-28T12:26:41.939+0000] {processor.py:183} INFO - Processing /home/airflow/.local/lib/python3.8/site-packages/airflow/example_dags/tutorial_taskflow_api_virtualenv.py took 0.074 seconds
[2026-04-28T12:27:12.201+0000] {processor.py:161} INFO - Started process (PID=1749) to work on /home/airflow/.local/lib/python3.8/site-packages/airflow/example_dags/tutorial_taskflow_api_virtualenv.py
[2026-04-28T12:27:12.202+0000] {processor.py:830} INFO - Processing file /home/airflow/.local/lib/python3.8/site-packages/airflow/example_dags/tutorial_taskflow_api_virtualenv.py for tasks to queue
[2026-04-28T12:27:12.204+0000] {logging_mixin.py:188} INFO - [2026-04-28T12:27:12.204+0000] {dagbag.py:540} INFO - Filling up the DagBag from /home/airflow/.local/lib/python3.8/site-packages/airflow/example_dags/tutorial_taskflow_api_virtualenv.py
[2026-04-28T12:27:12.216+0000] {processor.py:840} INFO - DAG(s) 'tutorial_taskflow_api_virtualenv' retrieved from /home/airflow/.local/lib/python3.8/site-packages/airflow/example_dags/tutorial_taskflow_api_virtualenv.py
[2026-04-28T12:27:12.242+0000] {logging_mixin.py:188} INFO - [2026-04-28T12:27:12.242+0000] {dag.py:3047} INFO - Sync 1 DAGs
[2026-04-28T12:27:12.255+0000] {logging_mixin.py:188} INFO - [2026-04-28T12:27:12.255+0000] {dag.py:3834} INFO - Setting next_dagrun for tutorial_taskflow_api_virtualenv to None, run_after=None
[2026-04-28T12:27:12.271+0000] {processor.py:183} INFO - Processing /home/airflow/.local/lib/python3.8/site-packages/airflow/example_dags/tutorial_taskflow_api_virtualenv.py took 0.074 seconds
[2026-04-28T12:27:42.602+0000] {processor.py:161} INFO - Started process (PID=1804) to work on /home/airflow/.local/lib/python3.8/site-packages/airflow/example_dags/tutorial_taskflow_api_virtualenv.py
[2026-04-28T12:27:42.611+0000] {processor.py:830} INFO - Processing file /home/airflow/.local/lib/python3.8/site-packages/airflow/example_dags/tutorial_taskflow_api_virtualenv.py for tasks to queue
[2026-04-28T12:27:42.636+0000] {logging_mixin.py:188} INFO - [2026-04-28T12:27:42.636+0000] {dagbag.py:540} INFO - Filling up the DagBag from /home/airflow/.local/lib/python3.8/site-packages/airflow/example_dags/tutorial_taskflow_api_virtualenv.py
[2026-04-28T12:27:42.692+0000] {processor.py:840} INFO - DAG(s) 'tutorial_taskflow_api_virtualenv' retrieved from /home/airflow/.local/lib/python3.8/site-packages/airflow/example_dags/tutorial_taskflow_api_virtualenv.py
[2026-04-28T12:27:42.720+0000] {logging_mixin.py:188} INFO - [2026-04-28T12:27:42.719+0000] {dag.py:3047} INFO - Sync 1 DAGs
[2026-04-28T12:27:42.734+0000] {logging_mixin.py:188} INFO - [2026-04-28T12:27:42.734+0000] {dag.py:3834} INFO - Setting next_dagrun for tutorial_taskflow_api_virtualenv to None, run_after=None
[2026-04-28T12:27:42.752+0000] {processor.py:183} INFO - Processing /home/airflow/.local/lib/python3.8/site-packages/airflow/example_dags/tutorial_taskflow_api_virtualenv.py took 0.161 seconds
[2026-04-28T12:28:13.483+0000] {processor.py:161} INFO - Started process (PID=1860) to work on /home/airflow/.local/lib/python3.8/site-packages/airflow/example_dags/tutorial_taskflow_api_virtualenv.py
[2026-04-28T12:28:13.488+0000] {processor.py:830} INFO - Processing file /home/airflow/.local/lib/python3.8/site-packages/airflow/example_dags/tutorial_taskflow_api_virtualenv.py for tasks to queue
[2026-04-28T12:28:13.491+0000] {logging_mixin.py:188} INFO - [2026-04-28T12:28:13.490+0000] {dagbag.py:540} INFO - Filling up the DagBag from /home/airflow/.local/lib/python3.8/site-packages/airflow/example_dags/tutorial_taskflow_api_virtualenv.py
[2026-04-28T12:28:13.507+0000] {processor.py:840} INFO - DAG(s) 'tutorial_taskflow_api_virtualenv' retrieved from /home/airflow/.local/lib/python3.8/site-packages/airflow/example_dags/tutorial_taskflow_api_virtualenv.py
[2026-04-28T12:28:13.533+0000] {logging_mixin.py:188} INFO - [2026-04-28T12:28:13.533+0000] {dag.py:3047} INFO - Sync 1 DAGs
[2026-04-28T12:28:13.547+0000] {logging_mixin.py:188} INFO - [2026-04-28T12:28:13.547+0000] {dag.py:3834} INFO - Setting next_dagrun for tutorial_taskflow_api_virtualenv to None, run_after=None
[2026-04-28T12:28:13.565+0000] {processor.py:183} INFO - Processing /home/airflow/.local/lib/python3.8/site-packages/airflow/example_dags/tutorial_taskflow_api_virtualenv.py took 0.090 seconds
[2026-04-28T12:28:44.203+0000] {processor.py:161} INFO - Started process (PID=1916) to work on /home/airflow/.local/lib/python3.8/site-packages/airflow/example_dags/tutorial_taskflow_api_virtualenv.py
[2026-04-28T12:28:44.204+0000] {processor.py:830} INFO - Processing file /home/airflow/.local/lib/python3.8/site-packages/airflow/example_dags/tutorial_taskflow_api_virtualenv.py for tasks to queue
[2026-04-28T12:28:44.206+0000] {logging_mixin.py:188} INFO - [2026-04-28T12:28:44.206+0000] {dagbag.py:540} INFO - Filling up the DagBag from /home/airflow/.local/lib/python3.8/site-packages/airflow/example_dags/tutorial_taskflow_api_virtualenv.py
[2026-04-28T12:28:44.215+0000] {processor.py:840} INFO - DAG(s) 'tutorial_taskflow_api_virtualenv' retrieved from /home/airflow/.local/lib/python3.8/site-packages/airflow/example_dags/tutorial_taskflow_api_virtualenv.py
[2026-04-28T12:28:44.230+0000] {logging_mixin.py:188} INFO - [2026-04-28T12:28:44.230+0000] {dag.py:3047} INFO - Sync 1 DAGs
[2026-04-28T12:28:44.239+0000] {logging_mixin.py:188} INFO - [2026-04-28T12:28:44.239+0000] {dag.py:3834} INFO - Setting next_dagrun for tutorial_taskflow_api_virtualenv to None, run_after=None
[2026-04-28T12:28:44.252+0000] {processor.py:183} INFO - Processing /home/airflow/.local/lib/python3.8/site-packages/airflow/example_dags/tutorial_taskflow_api_virtualenv.py took 0.053 seconds
[2026-04-28T12:29:14.836+0000] {processor.py:161} INFO - Started process (PID=1972) to work on /home/airflow/.local/lib/python3.8/site-packages/airflow/example_dags/tutorial_taskflow_api_virtualenv.py
[2026-04-28T12:29:14.837+0000] {processor.py:830} INFO - Processing file /home/airflow/.local/lib/python3.8/site-packages/airflow/example_dags/tutorial_taskflow_api_virtualenv.py for tasks to queue
[2026-04-28T12:29:14.839+0000] {logging_mixin.py:188} INFO - [2026-04-28T12:29:14.839+0000] {dagbag.py:540} INFO - Filling up the DagBag from /home/airflow/.local/lib/python3.8/site-packages/airflow/example_dags/tutorial_taskflow_api_virtualenv.py
[2026-04-28T12:29:14.848+0000] {processor.py:840} INFO - DAG(s) 'tutorial_taskflow_api_virtualenv' retrieved from /home/airflow/.local/lib/python3.8/site-packages/airflow/example_dags/tutorial_taskflow_api_virtualenv.py
[2026-04-28T12:29:14.863+0000] {logging_mixin.py:188} INFO - [2026-04-28T12:29:14.863+0000] {dag.py:3047} INFO - Sync 1 DAGs
[2026-04-28T12:29:14.872+0000] {logging_mixin.py:188} INFO - [2026-04-28T12:29:14.872+0000] {dag.py:3834} INFO - Setting next_dagrun for tutorial_taskflow_api_virtualenv to None, run_after=None
[2026-04-28T12:29:14.886+0000] {processor.py:183} INFO - Processing /home/airflow/.local/lib/python3.8/site-packages/airflow/example_dags/tutorial_taskflow_api_virtualenv.py took 0.053 seconds
[2026-04-28T12:29:45.186+0000] {processor.py:161} INFO - Started process (PID=2028) to work on /home/airflow/.local/lib/python3.8/site-packages/airflow/example_dags/tutorial_taskflow_api_virtualenv.py
[2026-04-28T12:29:45.186+0000] {processor.py:830} INFO - Processing file /home/airflow/.local/lib/python3.8/site-packages/airflow/example_dags/tutorial_taskflow_api_virtualenv.py for tasks to queue
[2026-04-28T12:29:45.188+0000] {logging_mixin.py:188} INFO - [2026-04-28T12:29:45.188+0000] {dagbag.py:540} INFO - Filling up the DagBag from /home/airflow/.local/lib/python3.8/site-packages/airflow/example_dags/tutorial_taskflow_api_virtualenv.py
[2026-04-28T12:29:45.197+0000] {processor.py:840} INFO - DAG(s) 'tutorial_taskflow_api_virtualenv' retrieved from /home/airflow/.local/lib/python3.8/site-packages/airflow/example_dags/tutorial_taskflow_api_virtualenv.py
[2026-04-28T12:29:45.212+0000] {logging_mixin.py:188} INFO - [2026-04-28T12:29:45.212+0000] {dag.py:3047} INFO - Sync 1 DAGs
[2026-04-28T12:29:45.221+0000] {logging_mixin.py:188} INFO - [2026-04-28T12:29:45.221+0000] {dag.py:3834} INFO - Setting next_dagrun for tutorial_taskflow_api_virtualenv to None, run_after=None
[2026-04-28T12:29:45.234+0000] {processor.py:183} INFO - Processing /home/airflow/.local/lib/python3.8/site-packages/airflow/example_dags/tutorial_taskflow_api_virtualenv.py took 0.051 seconds
[2026-04-28T12:30:15.759+0000] {processor.py:161} INFO - Started process (PID=2084) to work on /home/airflow/.local/lib/python3.8/site-packages/airflow/example_dags/tutorial_taskflow_api_virtualenv.py
[2026-04-28T12:30:15.759+0000] {processor.py:830} INFO - Processing file /home/airflow/.local/lib/python3.8/site-packages/airflow/example_dags/tutorial_taskflow_api_virtualenv.py for tasks to queue
[2026-04-28T12:30:15.761+0000] {logging_mixin.py:188} INFO - [2026-04-28T12:30:15.761+0000] {dagbag.py:540} INFO - Filling up the DagBag from /home/airflow/.local/lib/python3.8/site-packages/airflow/example_dags/tutorial_taskflow_api_virtualenv.py
[2026-04-28T12:30:15.769+0000] {processor.py:840} INFO - DAG(s) 'tutorial_taskflow_api_virtualenv' retrieved from /home/airflow/.local/lib/python3.8/site-packages/airflow/example_dags/tutorial_taskflow_api_virtualenv.py
[2026-04-28T12:30:15.785+0000] {logging_mixin.py:188} INFO - [2026-04-28T12:30:15.785+0000] {dag.py:3047} INFO - Sync 1 DAGs
[2026-04-28T12:30:15.794+0000] {logging_mixin.py:188} INFO - [2026-04-28T12:30:15.794+0000] {dag.py:3834} INFO - Setting next_dagrun for tutorial_taskflow_api_virtualenv to None, run_after=None
[2026-04-28T12:30:15.807+0000] {processor.py:183} INFO - Processing /home/airflow/.local/lib/python3.8/site-packages/airflow/example_dags/tutorial_taskflow_api_virtualenv.py took 0.052 seconds
[2026-04-28T12:30:46.489+0000] {processor.py:161} INFO - Started process (PID=2140) to work on /home/airflow/.local/lib/python3.8/site-packages/airflow/example_dags/tutorial_taskflow_api_virtualenv.py
[2026-04-28T12:30:46.495+0000] {processor.py:830} INFO - Processing file /home/airflow/.local/lib/python3.8/site-packages/airflow/example_dags/tutorial_taskflow_api_virtualenv.py for tasks to queue
[2026-04-28T12:30:46.503+0000] {logging_mixin.py:188} INFO - [2026-04-28T12:30:46.502+0000] {dagbag.py:540} INFO - Filling up the DagBag from /home/airflow/.local/lib/python3.8/site-packages/airflow/example_dags/tutorial_taskflow_api_virtualenv.py
[2026-04-28T12:30:46.522+0000] {processor.py:840} INFO - DAG(s) 'tutorial_taskflow_api_virtualenv' retrieved from /home/airflow/.local/lib/python3.8/site-packages/airflow/example_dags/tutorial_taskflow_api_virtualenv.py
[2026-04-28T12:30:46.548+0000] {logging_mixin.py:188} INFO - [2026-04-28T12:30:46.548+0000] {dag.py:3047} INFO - Sync 1 DAGs
[2026-04-28T12:30:46.560+0000] {logging_mixin.py:188} INFO - [2026-04-28T12:30:46.560+0000] {dag.py:3834} INFO - Setting next_dagrun for tutorial_taskflow_api_virtualenv to None, run_after=None
[2026-04-28T12:30:46.573+0000] {processor.py:183} INFO - Processing /home/airflow/.local/lib/python3.8/site-packages/airflow/example_dags/tutorial_taskflow_api_virtualenv.py took 0.089 seconds
[2026-04-28T12:31:17.654+0000] {processor.py:161} INFO - Started process (PID=2196) to work on /home/airflow/.local/lib/python3.8/site-packages/airflow/example_dags/tutorial_taskflow_api_virtualenv.py
[2026-04-28T12:31:17.655+0000] {processor.py:830} INFO - Processing file /home/airflow/.local/lib/python3.8/site-packages/airflow/example_dags/tutorial_taskflow_api_virtualenv.py for tasks to queue
[2026-04-28T12:31:17.658+0000] {logging_mixin.py:188} INFO - [2026-04-28T12:31:17.657+0000] {dagbag.py:540} INFO - Filling up the DagBag from /home/airflow/.local/lib/python3.8/site-packages/airflow/example_dags/tutorial_taskflow_api_virtualenv.py
[2026-04-28T12:31:17.669+0000] {processor.py:840} INFO - DAG(s) 'tutorial_taskflow_api_virtualenv' retrieved from /home/airflow/.local/lib/python3.8/site-packages/airflow/example_dags/tutorial_taskflow_api_virtualenv.py
[2026-04-28T12:31:17.861+0000] {logging_mixin.py:188} INFO - [2026-04-28T12:31:17.860+0000] {dag.py:3047} INFO - Sync 1 DAGs
[2026-04-28T12:31:17.873+0000] {logging_mixin.py:188} INFO - [2026-04-28T12:31:17.872+0000] {dag.py:3834} INFO - Setting next_dagrun for tutorial_taskflow_api_virtualenv to None, run_after=None
[2026-04-28T12:31:17.888+0000] {processor.py:183} INFO - Processing /home/airflow/.local/lib/python3.8/site-packages/airflow/example_dags/tutorial_taskflow_api_virtualenv.py took 0.238 seconds
[2026-04-28T12:31:48.292+0000] {processor.py:161} INFO - Started process (PID=2251) to work on /home/airflow/.local/lib/python3.8/site-packages/airflow/example_dags/tutorial_taskflow_api_virtualenv.py
[2026-04-28T12:31:48.293+0000] {processor.py:830} INFO - Processing file /home/airflow/.local/lib/python3.8/site-packages/airflow/example_dags/tutorial_taskflow_api_virtualenv.py for tasks to queue
[2026-04-28T12:31:48.295+0000] {logging_mixin.py:188} INFO - [2026-04-28T12:31:48.295+0000] {dagbag.py:540} INFO - Filling up the DagBag from /home/airflow/.local/lib/python3.8/site-packages/airflow/example_dags/tutorial_taskflow_api_virtualenv.py
[2026-04-28T12:31:48.308+0000] {processor.py:840} INFO - DAG(s) 'tutorial_taskflow_api_virtualenv' retrieved from /home/airflow/.local/lib/python3.8/site-packages/airflow/example_dags/tutorial_taskflow_api_virtualenv.py
[2026-04-28T12:31:48.329+0000] {logging_mixin.py:188} INFO - [2026-04-28T12:31:48.329+0000] {dag.py:3047} INFO - Sync 1 DAGs
[2026-04-28T12:31:48.343+0000] {logging_mixin.py:188} INFO - [2026-04-28T12:31:48.342+0000] {dag.py:3834} INFO - Setting next_dagrun for tutorial_taskflow_api_virtualenv to None, run_after=None
[2026-04-28T12:31:48.359+0000] {processor.py:183} INFO - Processing /home/airflow/.local/lib/python3.8/site-packages/airflow/example_dags/tutorial_taskflow_api_virtualenv.py took 0.071 seconds
[2026-04-28T12:32:18.869+0000] {processor.py:161} INFO - Started process (PID=2307) to work on /home/airflow/.local/lib/python3.8/site-packages/airflow/example_dags/tutorial_taskflow_api_virtualenv.py
[2026-04-28T12:32:18.870+0000] {processor.py:830} INFO - Processing file /home/airflow/.local/lib/python3.8/site-packages/airflow/example_dags/tutorial_taskflow_api_virtualenv.py for tasks to queue
[2026-04-28T12:32:18.871+0000] {logging_mixin.py:188} INFO - [2026-04-28T12:32:18.871+0000] {dagbag.py:540} INFO - Filling up the DagBag from /home/airflow/.local/lib/python3.8/site-packages/airflow/example_dags/tutorial_taskflow_api_virtualenv.py
[2026-04-28T12:32:18.881+0000] {processor.py:840} INFO - DAG(s) 'tutorial_taskflow_api_virtualenv' retrieved from /home/airflow/.local/lib/python3.8/site-packages/airflow/example_dags/tutorial_taskflow_api_virtualenv.py
[2026-04-28T12:32:18.901+0000] {logging_mixin.py:188} INFO - [2026-04-28T12:32:18.901+0000] {dag.py:3047} INFO - Sync 1 DAGs
[2026-04-28T12:32:18.920+0000] {logging_mixin.py:188} INFO - [2026-04-28T12:32:18.920+0000] {dag.py:3834} INFO - Setting next_dagrun for tutorial_taskflow_api_virtualenv to None, run_after=None
[2026-04-28T12:32:18.937+0000] {processor.py:183} INFO - Processing /home/airflow/.local/lib/python3.8/site-packages/airflow/example_dags/tutorial_taskflow_api_virtualenv.py took 0.071 seconds
[2026-04-28T12:32:49.791+0000] {processor.py:161} INFO - Started process (PID=2366) to work on /home/airflow/.local/lib/python3.8/site-packages/airflow/example_dags/tutorial_taskflow_api_virtualenv.py
[2026-04-28T12:32:49.792+0000] {processor.py:830} INFO - Processing file /home/airflow/.local/lib/python3.8/site-packages/airflow/example_dags/tutorial_taskflow_api_virtualenv.py for tasks to queue
[2026-04-28T12:32:49.794+0000] {logging_mixin.py:188} INFO - [2026-04-28T12:32:49.793+0000] {dagbag.py:540} INFO - Filling up the DagBag from /home/airflow/.local/lib/python3.8/site-packages/airflow/example_dags/tutorial_taskflow_api_virtualenv.py
[2026-04-28T12:32:49.802+0000] {processor.py:840} INFO - DAG(s) 'tutorial_taskflow_api_virtualenv' retrieved from /home/airflow/.local/lib/python3.8/site-packages/airflow/example_dags/tutorial_taskflow_api_virtualenv.py
[2026-04-28T12:32:49.819+0000] {logging_mixin.py:188} INFO - [2026-04-28T12:32:49.818+0000] {dag.py:3047} INFO - Sync 1 DAGs
[2026-04-28T12:32:49.828+0000] {logging_mixin.py:188} INFO - [2026-04-28T12:32:49.828+0000] {dag.py:3834} INFO - Setting next_dagrun for tutorial_taskflow_api_virtualenv to None, run_after=None
[2026-04-28T12:32:49.847+0000] {processor.py:183} INFO - Processing /home/airflow/.local/lib/python3.8/site-packages/airflow/example_dags/tutorial_taskflow_api_virtualenv.py took 0.058 seconds
[2026-04-28T12:33:20.080+0000] {processor.py:161} INFO - Started process (PID=2422) to work on /home/airflow/.local/lib/python3.8/site-packages/airflow/example_dags/tutorial_taskflow_api_virtualenv.py
[2026-04-28T12:33:20.081+0000] {processor.py:830} INFO - Processing file /home/airflow/.local/lib/python3.8/site-packages/airflow/example_dags/tutorial_taskflow_api_virtualenv.py for tasks to queue
[2026-04-28T12:33:20.082+0000] {logging_mixin.py:188} INFO - [2026-04-28T12:33:20.082+0000] {dagbag.py:540} INFO - Filling up the DagBag from /home/airflow/.local/lib/python3.8/site-packages/airflow/example_dags/tutorial_taskflow_api_virtualenv.py
[2026-04-28T12:33:20.091+0000] {processor.py:840} INFO - DAG(s) 'tutorial_taskflow_api_virtualenv' retrieved from /home/airflow/.local/lib/python3.8/site-packages/airflow/example_dags/tutorial_taskflow_api_virtualenv.py
[2026-04-28T12:33:20.107+0000] {logging_mixin.py:188} INFO - [2026-04-28T12:33:20.106+0000] {dag.py:3047} INFO - Sync 1 DAGs
[2026-04-28T12:33:20.116+0000] {logging_mixin.py:188} INFO - [2026-04-28T12:33:20.115+0000] {dag.py:3834} INFO - Setting next_dagrun for tutorial_taskflow_api_virtualenv to None, run_after=None
[2026-04-28T12:33:20.129+0000] {processor.py:183} INFO - Processing /home/airflow/.local/lib/python3.8/site-packages/airflow/example_dags/tutorial_taskflow_api_virtualenv.py took 0.052 seconds
[2026-04-28T12:33:50.869+0000] {processor.py:161} INFO - Started process (PID=2478) to work on /home/airflow/.local/lib/python3.8/site-packages/airflow/example_dags/tutorial_taskflow_api_virtualenv.py
[2026-04-28T12:33:50.885+0000] {processor.py:830} INFO - Processing file /home/airflow/.local/lib/python3.8/site-packages/airflow/example_dags/tutorial_taskflow_api_virtualenv.py for tasks to queue
[2026-04-28T12:33:50.889+0000] {logging_mixin.py:188} INFO - [2026-04-28T12:33:50.889+0000] {dagbag.py:540} INFO - Filling up the DagBag from /home/airflow/.local/lib/python3.8/site-packages/airflow/example_dags/tutorial_taskflow_api_virtualenv.py
[2026-04-28T12:33:50.915+0000] {processor.py:840} INFO - DAG(s) 'tutorial_taskflow_api_virtualenv' retrieved from /home/airflow/.local/lib/python3.8/site-packages/airflow/example_dags/tutorial_taskflow_api_virtualenv.py
[2026-04-28T12:33:50.956+0000] {logging_mixin.py:188} INFO - [2026-04-28T12:33:50.955+0000] {dag.py:3047} INFO - Sync 1 DAGs
[2026-04-28T12:33:50.987+0000] {logging_mixin.py:188} INFO - [2026-04-28T12:33:50.987+0000] {dag.py:3834} INFO - Setting next_dagrun for tutorial_taskflow_api_virtualenv to None, run_after=None
[2026-04-28T12:33:51.040+0000] {processor.py:183} INFO - Processing /home/airflow/.local/lib/python3.8/site-packages/airflow/example_dags/tutorial_taskflow_api_virtualenv.py took 0.180 seconds
[2026-04-28T12:34:21.647+0000] {processor.py:161} INFO - Started process (PID=2534) to work on /home/airflow/.local/lib/python3.8/site-packages/airflow/example_dags/tutorial_taskflow_api_virtualenv.py
[2026-04-28T12:34:21.656+0000] {processor.py:830} INFO - Processing file /home/airflow/.local/lib/python3.8/site-packages/airflow/example_dags/tutorial_taskflow_api_virtualenv.py for tasks to queue
[2026-04-28T12:34:21.660+0000] {logging_mixin.py:188} INFO - [2026-04-28T12:34:21.659+0000] {dagbag.py:540} INFO - Filling up the DagBag from /home/airflow/.local/lib/python3.8/site-packages/airflow/example_dags/tutorial_taskflow_api_virtualenv.py
[2026-04-28T12:34:21.697+0000] {processor.py:840} INFO - DAG(s) 'tutorial_taskflow_api_virtualenv' retrieved from /home/airflow/.local/lib/python3.8/site-packages/airflow/example_dags/tutorial_taskflow_api_virtualenv.py
[2026-04-28T12:34:21.782+0000] {logging_mixin.py:188} INFO - [2026-04-28T12:34:21.781+0000] {dag.py:3047} INFO - Sync 1 DAGs
[2026-04-28T12:34:21.839+0000] {logging_mixin.py:188} INFO - [2026-04-28T12:34:21.834+0000] {dag.py:3834} INFO - Setting next_dagrun for tutorial_taskflow_api_virtualenv to None, run_after=None
[2026-04-28T12:34:21.914+0000] {processor.py:183} INFO - Processing /home/airflow/.local/lib/python3.8/site-packages/airflow/example_dags/tutorial_taskflow_api_virtualenv.py took 0.274 seconds
[2026-04-28T12:34:52.046+0000] {processor.py:161} INFO - Started process (PID=2590) to work on /home/airflow/.local/lib/python3.8/site-packages/airflow/example_dags/tutorial_taskflow_api_virtualenv.py
[2026-04-28T12:34:52.047+0000] {processor.py:830} INFO - Processing file /home/airflow/.local/lib/python3.8/site-packages/airflow/example_dags/tutorial_taskflow_api_virtualenv.py for tasks to queue
[2026-04-28T12:34:52.049+0000] {logging_mixin.py:188} INFO - [2026-04-28T12:34:52.049+0000] {dagbag.py:540} INFO - Filling up the DagBag from /home/airflow/.local/lib/python3.8/site-packages/airflow/example_dags/tutorial_taskflow_api_virtualenv.py
[2026-04-28T12:34:52.080+0000] {processor.py:840} INFO - DAG(s) 'tutorial_taskflow_api_virtualenv' retrieved from /home/airflow/.local/lib/python3.8/site-packages/airflow/example_dags/tutorial_taskflow_api_virtualenv.py
[2026-04-28T12:34:52.105+0000] {logging_mixin.py:188} INFO - [2026-04-28T12:34:52.104+0000] {dag.py:3047} INFO - Sync 1 DAGs
[2026-04-28T12:34:52.119+0000] {logging_mixin.py:188} INFO - [2026-04-28T12:34:52.119+0000] {dag.py:3834} INFO - Setting next_dagrun for tutorial_taskflow_api_virtualenv to None, run_after=None
[2026-04-28T12:34:52.156+0000] {processor.py:183} INFO - Processing /home/airflow/.local/lib/python3.8/site-packages/airflow/example_dags/tutorial_taskflow_api_virtualenv.py took 0.114 seconds
[2026-04-28T12:35:22.865+0000] {processor.py:161} INFO - Started process (PID=2646) to work on /home/airflow/.local/lib/python3.8/site-packages/airflow/example_dags/tutorial_taskflow_api_virtualenv.py
[2026-04-28T12:35:22.866+0000] {processor.py:830} INFO - Processing file /home/airflow/.local/lib/python3.8/site-packages/airflow/example_dags/tutorial_taskflow_api_virtualenv.py for tasks to queue
[2026-04-28T12:35:22.868+0000] {logging_mixin.py:188} INFO - [2026-04-28T12:35:22.868+0000] {dagbag.py:540} INFO - Filling up the DagBag from /home/airflow/.local/lib/python3.8/site-packages/airflow/example_dags/tutorial_taskflow_api_virtualenv.py
[2026-04-28T12:35:22.887+0000] {processor.py:840} INFO - DAG(s) 'tutorial_taskflow_api_virtualenv' retrieved from /home/airflow/.local/lib/python3.8/site-packages/airflow/example_dags/tutorial_taskflow_api_virtualenv.py
[2026-04-28T12:35:22.909+0000] {logging_mixin.py:188} INFO - [2026-04-28T12:35:22.909+0000] {dag.py:3047} INFO - Sync 1 DAGs
[2026-04-28T12:35:22.922+0000] {logging_mixin.py:188} INFO - [2026-04-28T12:35:22.922+0000] {dag.py:3834} INFO - Setting next_dagrun for tutorial_taskflow_api_virtualenv to None, run_after=None
[2026-04-28T12:35:22.940+0000] {processor.py:183} INFO - Processing /home/airflow/.local/lib/python3.8/site-packages/airflow/example_dags/tutorial_taskflow_api_virtualenv.py took 0.078 seconds
[2026-04-28T12:35:53.625+0000] {processor.py:161} INFO - Started process (PID=2701) to work on /home/airflow/.local/lib/python3.8/site-packages/airflow/example_dags/tutorial_taskflow_api_virtualenv.py
[2026-04-28T12:35:53.628+0000] {processor.py:830} INFO - Processing file /home/airflow/.local/lib/python3.8/site-packages/airflow/example_dags/tutorial_taskflow_api_virtualenv.py for tasks to queue
[2026-04-28T12:35:53.632+0000] {logging_mixin.py:188} INFO - [2026-04-28T12:35:53.631+0000] {dagbag.py:540} INFO - Filling up the DagBag from /home/airflow/.local/lib/python3.8/site-packages/airflow/example_dags/tutorial_taskflow_api_virtualenv.py
[2026-04-28T12:35:53.653+0000] {processor.py:840} INFO - DAG(s) 'tutorial_taskflow_api_virtualenv' retrieved from /home/airflow/.local/lib/python3.8/site-packages/airflow/example_dags/tutorial_taskflow_api_virtualenv.py
[2026-04-28T12:35:53.694+0000] {logging_mixin.py:188} INFO - [2026-04-28T12:35:53.694+0000] {dag.py:3047} INFO - Sync 1 DAGs
[2026-04-28T12:35:53.717+0000] {logging_mixin.py:188} INFO - [2026-04-28T12:35:53.717+0000] {dag.py:3834} INFO - Setting next_dagrun for tutorial_taskflow_api_virtualenv to None, run_after=None
[2026-04-28T12:35:53.744+0000] {processor.py:183} INFO - Processing /home/airflow/.local/lib/python3.8/site-packages/airflow/example_dags/tutorial_taskflow_api_virtualenv.py took 0.127 seconds
[2026-04-28T12:36:23.808+0000] {processor.py:161} INFO - Started process (PID=2757) to work on /home/airflow/.local/lib/python3.8/site-packages/airflow/example_dags/tutorial_taskflow_api_virtualenv.py
[2026-04-28T12:36:23.808+0000] {processor.py:830} INFO - Processing file /home/airflow/.local/lib/python3.8/site-packages/airflow/example_dags/tutorial_taskflow_api_virtualenv.py for tasks to queue
[2026-04-28T12:36:23.810+0000] {logging_mixin.py:188} INFO - [2026-04-28T12:36:23.810+0000] {dagbag.py:540} INFO - Filling up the DagBag from /home/airflow/.local/lib/python3.8/site-packages/airflow/example_dags/tutorial_taskflow_api_virtualenv.py
[2026-04-28T12:36:23.819+0000] {processor.py:840} INFO - DAG(s) 'tutorial_taskflow_api_virtualenv' retrieved from /home/airflow/.local/lib/python3.8/site-packages/airflow/example_dags/tutorial_taskflow_api_virtualenv.py
[2026-04-28T12:36:23.835+0000] {logging_mixin.py:188} INFO - [2026-04-28T12:36:23.835+0000] {dag.py:3047} INFO - Sync 1 DAGs
[2026-04-28T12:36:23.844+0000] {logging_mixin.py:188} INFO - [2026-04-28T12:36:23.844+0000] {dag.py:3834} INFO - Setting next_dagrun for tutorial_taskflow_api_virtualenv to None, run_after=None
[2026-04-28T12:36:23.859+0000] {processor.py:183} INFO - Processing /home/airflow/.local/lib/python3.8/site-packages/airflow/example_dags/tutorial_taskflow_api_virtualenv.py took 0.054 seconds
[2026-04-28T12:36:54.369+0000] {processor.py:161} INFO - Started process (PID=2813) to work on /home/airflow/.local/lib/python3.8/site-packages/airflow/example_dags/tutorial_taskflow_api_virtualenv.py
[2026-04-28T12:36:54.370+0000] {processor.py:830} INFO - Processing file /home/airflow/.local/lib/python3.8/site-packages/airflow/example_dags/tutorial_taskflow_api_virtualenv.py for tasks to queue
[2026-04-28T12:36:54.372+0000] {logging_mixin.py:188} INFO - [2026-04-28T12:36:54.372+0000] {dagbag.py:540} INFO - Filling up the DagBag from /home/airflow/.local/lib/python3.8/site-packages/airflow/example_dags/tutorial_taskflow_api_virtualenv.py
[2026-04-28T12:36:54.385+0000] {processor.py:840} INFO - DAG(s) 'tutorial_taskflow_api_virtualenv' retrieved from /home/airflow/.local/lib/python3.8/site-packages/airflow/example_dags/tutorial_taskflow_api_virtualenv.py
[2026-04-28T12:36:54.406+0000] {logging_mixin.py:188} INFO - [2026-04-28T12:36:54.406+0000] {dag.py:3047} INFO - Sync 1 DAGs
[2026-04-28T12:36:54.419+0000] {logging_mixin.py:188} INFO - [2026-04-28T12:36:54.419+0000] {dag.py:3834} INFO - Setting next_dagrun for tutorial_taskflow_api_virtualenv to None, run_after=None
[2026-04-28T12:36:54.434+0000] {processor.py:183} INFO - Processing /home/airflow/.local/lib/python3.8/site-packages/airflow/example_dags/tutorial_taskflow_api_virtualenv.py took 0.069 seconds
[2026-04-28T12:37:24.985+0000] {processor.py:161} INFO - Started process (PID=2869) to work on /home/airflow/.local/lib/python3.8/site-packages/airflow/example_dags/tutorial_taskflow_api_virtualenv.py
[2026-04-28T12:37:24.986+0000] {processor.py:830} INFO - Processing file /home/airflow/.local/lib/python3.8/site-packages/airflow/example_dags/tutorial_taskflow_api_virtualenv.py for tasks to queue
[2026-04-28T12:37:24.988+0000] {logging_mixin.py:188} INFO - [2026-04-28T12:37:24.988+0000] {dagbag.py:540} INFO - Filling up the DagBag from /home/airflow/.local/lib/python3.8/site-packages/airflow/example_dags/tutorial_taskflow_api_virtualenv.py
[2026-04-28T12:37:25.000+0000] {processor.py:840} INFO - DAG(s) 'tutorial_taskflow_api_virtualenv' retrieved from /home/airflow/.local/lib/python3.8/site-packages/airflow/example_dags/tutorial_taskflow_api_virtualenv.py
[2026-04-28T12:37:25.021+0000] {logging_mixin.py:188} INFO - [2026-04-28T12:37:25.021+0000] {dag.py:3047} INFO - Sync 1 DAGs
[2026-04-28T12:37:25.035+0000] {logging_mixin.py:188} INFO - [2026-04-28T12:37:25.035+0000] {dag.py:3834} INFO - Setting next_dagrun for tutorial_taskflow_api_virtualenv to None, run_after=None
[2026-04-28T12:37:25.050+0000] {processor.py:183} INFO - Processing /home/airflow/.local/lib/python3.8/site-packages/airflow/example_dags/tutorial_taskflow_api_virtualenv.py took 0.068 seconds
[2026-04-28T12:37:55.831+0000] {processor.py:161} INFO - Started process (PID=2925) to work on /home/airflow/.local/lib/python3.8/site-packages/airflow/example_dags/tutorial_taskflow_api_virtualenv.py
[2026-04-28T12:37:55.832+0000] {processor.py:830} INFO - Processing file /home/airflow/.local/lib/python3.8/site-packages/airflow/example_dags/tutorial_taskflow_api_virtualenv.py for tasks to queue
[2026-04-28T12:37:55.834+0000] {logging_mixin.py:188} INFO - [2026-04-28T12:37:55.834+0000] {dagbag.py:540} INFO - Filling up the DagBag from /home/airflow/.local/lib/python3.8/site-packages/airflow/example_dags/tutorial_taskflow_api_virtualenv.py
[2026-04-28T12:37:55.846+0000] {processor.py:840} INFO - DAG(s) 'tutorial_taskflow_api_virtualenv' retrieved from /home/airflow/.local/lib/python3.8/site-packages/airflow/example_dags/tutorial_taskflow_api_virtualenv.py
[2026-04-28T12:37:55.870+0000] {logging_mixin.py:188} INFO - [2026-04-28T12:37:55.869+0000] {dag.py:3047} INFO - Sync 1 DAGs
[2026-04-28T12:37:55.884+0000] {logging_mixin.py:188} INFO - [2026-04-28T12:37:55.883+0000] {dag.py:3834} INFO - Setting next_dagrun for tutorial_taskflow_api_virtualenv to None, run_after=None
[2026-04-28T12:37:55.900+0000] {processor.py:183} INFO - Processing /home/airflow/.local/lib/python3.8/site-packages/airflow/example_dags/tutorial_taskflow_api_virtualenv.py took 0.073 seconds
[2026-04-28T12:38:26.525+0000] {processor.py:161} INFO - Started process (PID=2981) to work on /home/airflow/.local/lib/python3.8/site-packages/airflow/example_dags/tutorial_taskflow_api_virtualenv.py
[2026-04-28T12:38:26.526+0000] {processor.py:830} INFO - Processing file /home/airflow/.local/lib/python3.8/site-packages/airflow/example_dags/tutorial_taskflow_api_virtualenv.py for tasks to queue
[2026-04-28T12:38:26.528+0000] {logging_mixin.py:188} INFO - [2026-04-28T12:38:26.528+0000] {dagbag.py:540} INFO - Filling up the DagBag from /home/airflow/.local/lib/python3.8/site-packages/airflow/example_dags/tutorial_taskflow_api_virtualenv.py
[2026-04-28T12:38:26.541+0000] {processor.py:840} INFO - DAG(s) 'tutorial_taskflow_api_virtualenv' retrieved from /home/airflow/.local/lib/python3.8/site-packages/airflow/example_dags/tutorial_taskflow_api_virtualenv.py
[2026-04-28T12:38:26.562+0000] {logging_mixin.py:188} INFO - [2026-04-28T12:38:26.562+0000] {dag.py:3047} INFO - Sync 1 DAGs
[2026-04-28T12:38:26.576+0000] {logging_mixin.py:188} INFO - [2026-04-28T12:38:26.576+0000] {dag.py:3834} INFO - Setting next_dagrun for tutorial_taskflow_api_virtualenv to None, run_after=None
[2026-04-28T12:38:26.592+0000] {processor.py:183} INFO - Processing /home/airflow/.local/lib/python3.8/site-packages/airflow/example_dags/tutorial_taskflow_api_virtualenv.py took 0.071 seconds
[2026-04-28T12:38:56.948+0000] {processor.py:161} INFO - Started process (PID=3037) to work on /home/airflow/.local/lib/python3.8/site-packages/airflow/example_dags/tutorial_taskflow_api_virtualenv.py
[2026-04-28T12:38:56.950+0000] {processor.py:830} INFO - Processing file /home/airflow/.local/lib/python3.8/site-packages/airflow/example_dags/tutorial_taskflow_api_virtualenv.py for tasks to queue
[2026-04-28T12:38:56.952+0000] {logging_mixin.py:188} INFO - [2026-04-28T12:38:56.952+0000] {dagbag.py:540} INFO - Filling up the DagBag from /home/airflow/.local/lib/python3.8/site-packages/airflow/example_dags/tutorial_taskflow_api_virtualenv.py
[2026-04-28T12:38:56.965+0000] {processor.py:840} INFO - DAG(s) 'tutorial_taskflow_api_virtualenv' retrieved from /home/airflow/.local/lib/python3.8/site-packages/airflow/example_dags/tutorial_taskflow_api_virtualenv.py
[2026-04-28T12:38:56.986+0000] {logging_mixin.py:188} INFO - [2026-04-28T12:38:56.986+0000] {dag.py:3047} INFO - Sync 1 DAGs
[2026-04-28T12:38:56.999+0000] {logging_mixin.py:188} INFO - [2026-04-28T12:38:56.998+0000] {dag.py:3834} INFO - Setting next_dagrun for tutorial_taskflow_api_virtualenv to None, run_after=None
[2026-04-28T12:38:57.016+0000] {processor.py:183} INFO - Processing /home/airflow/.local/lib/python3.8/site-packages/airflow/example_dags/tutorial_taskflow_api_virtualenv.py took 0.073 seconds
[2026-04-28T12:39:27.472+0000] {processor.py:161} INFO - Started process (PID=3093) to work on /home/airflow/.local/lib/python3.8/site-packages/airflow/example_dags/tutorial_taskflow_api_virtualenv.py
[2026-04-28T12:39:27.473+0000] {processor.py:830} INFO - Processing file /home/airflow/.local/lib/python3.8/site-packages/airflow/example_dags/tutorial_taskflow_api_virtualenv.py for tasks to queue
[2026-04-28T12:39:27.476+0000] {logging_mixin.py:188} INFO - [2026-04-28T12:39:27.475+0000] {dagbag.py:540} INFO - Filling up the DagBag from /home/airflow/.local/lib/python3.8/site-packages/airflow/example_dags/tutorial_taskflow_api_virtualenv.py
[2026-04-28T12:39:27.488+0000] {processor.py:840} INFO - DAG(s) 'tutorial_taskflow_api_virtualenv' retrieved from /home/airflow/.local/lib/python3.8/site-packages/airflow/example_dags/tutorial_taskflow_api_virtualenv.py
[2026-04-28T12:39:27.509+0000] {logging_mixin.py:188} INFO - [2026-04-28T12:39:27.509+0000] {dag.py:3047} INFO - Sync 1 DAGs
[2026-04-28T12:39:27.521+0000] {logging_mixin.py:188} INFO - [2026-04-28T12:39:27.521+0000] {dag.py:3834} INFO - Setting next_dagrun for tutorial_taskflow_api_virtualenv to None, run_after=None
[2026-04-28T12:39:27.534+0000] {processor.py:183} INFO - Processing /home/airflow/.local/lib/python3.8/site-packages/airflow/example_dags/tutorial_taskflow_api_virtualenv.py took 0.067 seconds
[2026-04-28T12:39:58.063+0000] {processor.py:161} INFO - Started process (PID=3149) to work on /home/airflow/.local/lib/python3.8/site-packages/airflow/example_dags/tutorial_taskflow_api_virtualenv.py
[2026-04-28T12:39:58.064+0000] {processor.py:830} INFO - Processing file /home/airflow/.local/lib/python3.8/site-packages/airflow/example_dags/tutorial_taskflow_api_virtualenv.py for tasks to queue
[2026-04-28T12:39:58.066+0000] {logging_mixin.py:188} INFO - [2026-04-28T12:39:58.066+0000] {dagbag.py:540} INFO - Filling up the DagBag from /home/airflow/.local/lib/python3.8/site-packages/airflow/example_dags/tutorial_taskflow_api_virtualenv.py
[2026-04-28T12:39:58.091+0000] {processor.py:840} INFO - DAG(s) 'tutorial_taskflow_api_virtualenv' retrieved from /home/airflow/.local/lib/python3.8/site-packages/airflow/example_dags/tutorial_taskflow_api_virtualenv.py
[2026-04-28T12:39:58.107+0000] {logging_mixin.py:188} INFO - [2026-04-28T12:39:58.107+0000] {dag.py:3047} INFO - Sync 1 DAGs
[2026-04-28T12:39:58.116+0000] {logging_mixin.py:188} INFO - [2026-04-28T12:39:58.116+0000] {dag.py:3834} INFO - Setting next_dagrun for tutorial_taskflow_api_virtualenv to None, run_after=None
[2026-04-28T12:39:58.129+0000] {processor.py:183} INFO - Processing /home/airflow/.local/lib/python3.8/site-packages/airflow/example_dags/tutorial_taskflow_api_virtualenv.py took 0.070 seconds
[2026-04-28T12:40:28.403+0000] {processor.py:161} INFO - Started process (PID=3205) to work on /home/airflow/.local/lib/python3.8/site-packages/airflow/example_dags/tutorial_taskflow_api_virtualenv.py
[2026-04-28T12:40:28.404+0000] {processor.py:830} INFO - Processing file /home/airflow/.local/lib/python3.8/site-packages/airflow/example_dags/tutorial_taskflow_api_virtualenv.py for tasks to queue
[2026-04-28T12:40:28.406+0000] {logging_mixin.py:188} INFO - [2026-04-28T12:40:28.406+0000] {dagbag.py:540} INFO - Filling up the DagBag from /home/airflow/.local/lib/python3.8/site-packages/airflow/example_dags/tutorial_taskflow_api_virtualenv.py
[2026-04-28T12:40:28.418+0000] {processor.py:840} INFO - DAG(s) 'tutorial_taskflow_api_virtualenv' retrieved from /home/airflow/.local/lib/python3.8/site-packages/airflow/example_dags/tutorial_taskflow_api_virtualenv.py
[2026-04-28T12:40:28.439+0000] {logging_mixin.py:188} INFO - [2026-04-28T12:40:28.439+0000] {dag.py:3047} INFO - Sync 1 DAGs
[2026-04-28T12:40:28.453+0000] {logging_mixin.py:188} INFO - [2026-04-28T12:40:28.452+0000] {dag.py:3834} INFO - Setting next_dagrun for tutorial_taskflow_api_virtualenv to None, run_after=None
[2026-04-28T12:40:28.470+0000] {processor.py:183} INFO - Processing /home/airflow/.local/lib/python3.8/site-packages/airflow/example_dags/tutorial_taskflow_api_virtualenv.py took 0.071 seconds
[2026-04-28T12:40:58.526+0000] {processor.py:161} INFO - Started process (PID=3261) to work on /home/airflow/.local/lib/python3.8/site-packages/airflow/example_dags/tutorial_taskflow_api_virtualenv.py
[2026-04-28T12:40:58.527+0000] {processor.py:830} INFO - Processing file /home/airflow/.local/lib/python3.8/site-packages/airflow/example_dags/tutorial_taskflow_api_virtualenv.py for tasks to queue
[2026-04-28T12:40:58.529+0000] {logging_mixin.py:188} INFO - [2026-04-28T12:40:58.528+0000] {dagbag.py:540} INFO - Filling up the DagBag from /home/airflow/.local/lib/python3.8/site-packages/airflow/example_dags/tutorial_taskflow_api_virtualenv.py
[2026-04-28T12:40:58.540+0000] {processor.py:840} INFO - DAG(s) 'tutorial_taskflow_api_virtualenv' retrieved from /home/airflow/.local/lib/python3.8/site-packages/airflow/example_dags/tutorial_taskflow_api_virtualenv.py
[2026-04-28T12:40:58.562+0000] {logging_mixin.py:188} INFO - [2026-04-28T12:40:58.561+0000] {dag.py:3047} INFO - Sync 1 DAGs
[2026-04-28T12:40:58.575+0000] {logging_mixin.py:188} INFO - [2026-04-28T12:40:58.575+0000] {dag.py:3834} INFO - Setting next_dagrun for tutorial_taskflow_api_virtualenv to None, run_after=None
[2026-04-28T12:40:58.591+0000] {processor.py:183} INFO - Processing /home/airflow/.local/lib/python3.8/site-packages/airflow/example_dags/tutorial_taskflow_api_virtualenv.py took 0.070 seconds
[2026-04-28T12:41:28.839+0000] {processor.py:161} INFO - Started process (PID=3317) to work on /home/airflow/.local/lib/python3.8/site-packages/airflow/example_dags/tutorial_taskflow_api_virtualenv.py
[2026-04-28T12:41:28.840+0000] {processor.py:830} INFO - Processing file /home/airflow/.local/lib/python3.8/site-packages/airflow/example_dags/tutorial_taskflow_api_virtualenv.py for tasks to queue
[2026-04-28T12:41:28.842+0000] {logging_mixin.py:188} INFO - [2026-04-28T12:41:28.841+0000] {dagbag.py:540} INFO - Filling up the DagBag from /home/airflow/.local/lib/python3.8/site-packages/airflow/example_dags/tutorial_taskflow_api_virtualenv.py
[2026-04-28T12:41:28.853+0000] {processor.py:840} INFO - DAG(s) 'tutorial_taskflow_api_virtualenv' retrieved from /home/airflow/.local/lib/python3.8/site-packages/airflow/example_dags/tutorial_taskflow_api_virtualenv.py
[2026-04-28T12:41:28.869+0000] {logging_mixin.py:188} INFO - [2026-04-28T12:41:28.869+0000] {dag.py:3047} INFO - Sync 1 DAGs
[2026-04-28T12:41:28.878+0000] {logging_mixin.py:188} INFO - [2026-04-28T12:41:28.878+0000] {dag.py:3834} INFO - Setting next_dagrun for tutorial_taskflow_api_virtualenv to None, run_after=None
[2026-04-28T12:41:28.891+0000] {processor.py:183} INFO - Processing /home/airflow/.local/lib/python3.8/site-packages/airflow/example_dags/tutorial_taskflow_api_virtualenv.py took 0.056 seconds
[2026-04-28T12:41:59.289+0000] {processor.py:161} INFO - Started process (PID=3373) to work on /home/airflow/.local/lib/python3.8/site-packages/airflow/example_dags/tutorial_taskflow_api_virtualenv.py
[2026-04-28T12:41:59.289+0000] {processor.py:830} INFO - Processing file /home/airflow/.local/lib/python3.8/site-packages/airflow/example_dags/tutorial_taskflow_api_virtualenv.py for tasks to queue
[2026-04-28T12:41:59.291+0000] {logging_mixin.py:188} INFO - [2026-04-28T12:41:59.291+0000] {dagbag.py:540} INFO - Filling up the DagBag from /home/airflow/.local/lib/python3.8/site-packages/airflow/example_dags/tutorial_taskflow_api_virtualenv.py
[2026-04-28T12:41:59.302+0000] {processor.py:840} INFO - DAG(s) 'tutorial_taskflow_api_virtualenv' retrieved from /home/airflow/.local/lib/python3.8/site-packages/airflow/example_dags/tutorial_taskflow_api_virtualenv.py
[2026-04-28T12:41:59.317+0000] {logging_mixin.py:188} INFO - [2026-04-28T12:41:59.317+0000] {dag.py:3047} INFO - Sync 1 DAGs
[2026-04-28T12:41:59.326+0000] {logging_mixin.py:188} INFO - [2026-04-28T12:41:59.326+0000] {dag.py:3834} INFO - Setting next_dagrun for tutorial_taskflow_api_virtualenv to None, run_after=None
[2026-04-28T12:41:59.339+0000] {processor.py:183} INFO - Processing /home/airflow/.local/lib/python3.8/site-packages/airflow/example_dags/tutorial_taskflow_api_virtualenv.py took 0.054 seconds
[2026-04-28T12:42:30.658+0000] {processor.py:161} INFO - Started process (PID=3429) to work on /home/airflow/.local/lib/python3.8/site-packages/airflow/example_dags/tutorial_taskflow_api_virtualenv.py
[2026-04-28T12:42:30.661+0000] {processor.py:830} INFO - Processing file /home/airflow/.local/lib/python3.8/site-packages/airflow/example_dags/tutorial_taskflow_api_virtualenv.py for tasks to queue
[2026-04-28T12:42:30.666+0000] {logging_mixin.py:188} INFO - [2026-04-28T12:42:30.665+0000] {dagbag.py:540} INFO - Filling up the DagBag from /home/airflow/.local/lib/python3.8/site-packages/airflow/example_dags/tutorial_taskflow_api_virtualenv.py
[2026-04-28T12:42:30.685+0000] {processor.py:840} INFO - DAG(s) 'tutorial_taskflow_api_virtualenv' retrieved from /home/airflow/.local/lib/python3.8/site-packages/airflow/example_dags/tutorial_taskflow_api_virtualenv.py
[2026-04-28T12:42:30.708+0000] {logging_mixin.py:188} INFO - [2026-04-28T12:42:30.707+0000] {dag.py:3047} INFO - Sync 1 DAGs
[2026-04-28T12:42:30.721+0000] {logging_mixin.py:188} INFO - [2026-04-28T12:42:30.721+0000] {dag.py:3834} INFO - Setting next_dagrun for tutorial_taskflow_api_virtualenv to None, run_after=None
[2026-04-28T12:42:30.739+0000] {processor.py:183} INFO - Processing /home/airflow/.local/lib/python3.8/site-packages/airflow/example_dags/tutorial_taskflow_api_virtualenv.py took 0.089 seconds
[2026-04-28T12:43:01.767+0000] {processor.py:161} INFO - Started process (PID=3485) to work on /home/airflow/.local/lib/python3.8/site-packages/airflow/example_dags/tutorial_taskflow_api_virtualenv.py
[2026-04-28T12:43:01.768+0000] {processor.py:830} INFO - Processing file /home/airflow/.local/lib/python3.8/site-packages/airflow/example_dags/tutorial_taskflow_api_virtualenv.py for tasks to queue
[2026-04-28T12:43:01.770+0000] {logging_mixin.py:188} INFO - [2026-04-28T12:43:01.770+0000] {dagbag.py:540} INFO - Filling up the DagBag from /home/airflow/.local/lib/python3.8/site-packages/airflow/example_dags/tutorial_taskflow_api_virtualenv.py
[2026-04-28T12:43:01.783+0000] {processor.py:840} INFO - DAG(s) 'tutorial_taskflow_api_virtualenv' retrieved from /home/airflow/.local/lib/python3.8/site-packages/airflow/example_dags/tutorial_taskflow_api_virtualenv.py
[2026-04-28T12:43:01.804+0000] {logging_mixin.py:188} INFO - [2026-04-28T12:43:01.804+0000] {dag.py:3047} INFO - Sync 1 DAGs
[2026-04-28T12:43:01.817+0000] {logging_mixin.py:188} INFO - [2026-04-28T12:43:01.817+0000] {dag.py:3834} INFO - Setting next_dagrun for tutorial_taskflow_api_virtualenv to None, run_after=None
[2026-04-28T12:43:01.835+0000] {processor.py:183} INFO - Processing /home/airflow/.local/lib/python3.8/site-packages/airflow/example_dags/tutorial_taskflow_api_virtualenv.py took 0.071 seconds
[2026-04-28T12:43:32.209+0000] {processor.py:161} INFO - Started process (PID=3541) to work on /home/airflow/.local/lib/python3.8/site-packages/airflow/example_dags/tutorial_taskflow_api_virtualenv.py
[2026-04-28T12:43:32.210+0000] {processor.py:830} INFO - Processing file /home/airflow/.local/lib/python3.8/site-packages/airflow/example_dags/tutorial_taskflow_api_virtualenv.py for tasks to queue
[2026-04-28T12:43:32.212+0000] {logging_mixin.py:188} INFO - [2026-04-28T12:43:32.212+0000] {dagbag.py:540} INFO - Filling up the DagBag from /home/airflow/.local/lib/python3.8/site-packages/airflow/example_dags/tutorial_taskflow_api_virtualenv.py
[2026-04-28T12:43:32.223+0000] {processor.py:840} INFO - DAG(s) 'tutorial_taskflow_api_virtualenv' retrieved from /home/airflow/.local/lib/python3.8/site-packages/airflow/example_dags/tutorial_taskflow_api_virtualenv.py
[2026-04-28T12:43:32.244+0000] {logging_mixin.py:188} INFO - [2026-04-28T12:43:32.244+0000] {dag.py:3047} INFO - Sync 1 DAGs
[2026-04-28T12:43:32.259+0000] {logging_mixin.py:188} INFO - [2026-04-28T12:43:32.259+0000] {dag.py:3834} INFO - Setting next_dagrun for tutorial_taskflow_api_virtualenv to None, run_after=None
[2026-04-28T12:43:32.277+0000] {processor.py:183} INFO - Processing /home/airflow/.local/lib/python3.8/site-packages/airflow/example_dags/tutorial_taskflow_api_virtualenv.py took 0.072 seconds
[2026-04-28T12:44:03.253+0000] {processor.py:161} INFO - Started process (PID=3596) to work on /home/airflow/.local/lib/python3.8/site-packages/airflow/example_dags/tutorial_taskflow_api_virtualenv.py
[2026-04-28T12:44:03.253+0000] {processor.py:830} INFO - Processing file /home/airflow/.local/lib/python3.8/site-packages/airflow/example_dags/tutorial_taskflow_api_virtualenv.py for tasks to queue
[2026-04-28T12:44:03.255+0000] {logging_mixin.py:188} INFO - [2026-04-28T12:44:03.255+0000] {dagbag.py:540} INFO - Filling up the DagBag from /home/airflow/.local/lib/python3.8/site-packages/airflow/example_dags/tutorial_taskflow_api_virtualenv.py
[2026-04-28T12:44:03.264+0000] {processor.py:840} INFO - DAG(s) 'tutorial_taskflow_api_virtualenv' retrieved from /home/airflow/.local/lib/python3.8/site-packages/airflow/example_dags/tutorial_taskflow_api_virtualenv.py
[2026-04-28T12:44:03.279+0000] {logging_mixin.py:188} INFO - [2026-04-28T12:44:03.279+0000] {dag.py:3047} INFO - Sync 1 DAGs
[2026-04-28T12:44:03.289+0000] {logging_mixin.py:188} INFO - [2026-04-28T12:44:03.289+0000] {dag.py:3834} INFO - Setting next_dagrun for tutorial_taskflow_api_virtualenv to None, run_after=None
[2026-04-28T12:44:03.302+0000] {processor.py:183} INFO - Processing /home/airflow/.local/lib/python3.8/site-packages/airflow/example_dags/tutorial_taskflow_api_virtualenv.py took 0.052 seconds
[2026-04-28T12:44:34.113+0000] {processor.py:161} INFO - Started process (PID=3652) to work on /home/airflow/.local/lib/python3.8/site-packages/airflow/example_dags/tutorial_taskflow_api_virtualenv.py
[2026-04-28T12:44:34.114+0000] {processor.py:830} INFO - Processing file /home/airflow/.local/lib/python3.8/site-packages/airflow/example_dags/tutorial_taskflow_api_virtualenv.py for tasks to queue
[2026-04-28T12:44:34.117+0000] {logging_mixin.py:188} INFO - [2026-04-28T12:44:34.116+0000] {dagbag.py:540} INFO - Filling up the DagBag from /home/airflow/.local/lib/python3.8/site-packages/airflow/example_dags/tutorial_taskflow_api_virtualenv.py
[2026-04-28T12:44:34.129+0000] {processor.py:840} INFO - DAG(s) 'tutorial_taskflow_api_virtualenv' retrieved from /home/airflow/.local/lib/python3.8/site-packages/airflow/example_dags/tutorial_taskflow_api_virtualenv.py
[2026-04-28T12:44:34.151+0000] {logging_mixin.py:188} INFO - [2026-04-28T12:44:34.150+0000] {dag.py:3047} INFO - Sync 1 DAGs
[2026-04-28T12:44:34.165+0000] {logging_mixin.py:188} INFO - [2026-04-28T12:44:34.165+0000] {dag.py:3834} INFO - Setting next_dagrun for tutorial_taskflow_api_virtualenv to None, run_after=None
[2026-04-28T12:44:34.182+0000] {processor.py:183} INFO - Processing /home/airflow/.local/lib/python3.8/site-packages/airflow/example_dags/tutorial_taskflow_api_virtualenv.py took 0.073 seconds
[2026-04-28T12:45:04.678+0000] {processor.py:161} INFO - Started process (PID=3708) to work on /home/airflow/.local/lib/python3.8/site-packages/airflow/example_dags/tutorial_taskflow_api_virtualenv.py
[2026-04-28T12:45:04.680+0000] {processor.py:830} INFO - Processing file /home/airflow/.local/lib/python3.8/site-packages/airflow/example_dags/tutorial_taskflow_api_virtualenv.py for tasks to queue
[2026-04-28T12:45:04.684+0000] {logging_mixin.py:188} INFO - [2026-04-28T12:45:04.684+0000] {dagbag.py:540} INFO - Filling up the DagBag from /home/airflow/.local/lib/python3.8/site-packages/airflow/example_dags/tutorial_taskflow_api_virtualenv.py
[2026-04-28T12:45:04.723+0000] {processor.py:840} INFO - DAG(s) 'tutorial_taskflow_api_virtualenv' retrieved from /home/airflow/.local/lib/python3.8/site-packages/airflow/example_dags/tutorial_taskflow_api_virtualenv.py
[2026-04-28T12:45:04.902+0000] {logging_mixin.py:188} INFO - [2026-04-28T12:45:04.901+0000] {dag.py:3047} INFO - Sync 1 DAGs
[2026-04-28T12:45:04.931+0000] {logging_mixin.py:188} INFO - [2026-04-28T12:45:04.931+0000] {dag.py:3834} INFO - Setting next_dagrun for tutorial_taskflow_api_virtualenv to None, run_after=None
[2026-04-28T12:45:04.967+0000] {processor.py:183} INFO - Processing /home/airflow/.local/lib/python3.8/site-packages/airflow/example_dags/tutorial_taskflow_api_virtualenv.py took 0.296 seconds
[2026-04-28T12:45:35.881+0000] {processor.py:161} INFO - Started process (PID=3769) to work on /home/airflow/.local/lib/python3.8/site-packages/airflow/example_dags/tutorial_taskflow_api_virtualenv.py
[2026-04-28T12:45:35.883+0000] {processor.py:830} INFO - Processing file /home/airflow/.local/lib/python3.8/site-packages/airflow/example_dags/tutorial_taskflow_api_virtualenv.py for tasks to queue
[2026-04-28T12:45:35.887+0000] {logging_mixin.py:188} INFO - [2026-04-28T12:45:35.886+0000] {dagbag.py:540} INFO - Filling up the DagBag from /home/airflow/.local/lib/python3.8/site-packages/airflow/example_dags/tutorial_taskflow_api_virtualenv.py
[2026-04-28T12:45:35.919+0000] {processor.py:840} INFO - DAG(s) 'tutorial_taskflow_api_virtualenv' retrieved from /home/airflow/.local/lib/python3.8/site-packages/airflow/example_dags/tutorial_taskflow_api_virtualenv.py
[2026-04-28T12:45:35.965+0000] {logging_mixin.py:188} INFO - [2026-04-28T12:45:35.965+0000] {dag.py:3047} INFO - Sync 1 DAGs
[2026-04-28T12:45:35.993+0000] {logging_mixin.py:188} INFO - [2026-04-28T12:45:35.992+0000] {dag.py:3834} INFO - Setting next_dagrun for tutorial_taskflow_api_virtualenv to None, run_after=None
[2026-04-28T12:45:36.034+0000] {processor.py:183} INFO - Processing /home/airflow/.local/lib/python3.8/site-packages/airflow/example_dags/tutorial_taskflow_api_virtualenv.py took 0.166 seconds
[2026-04-28T12:46:06.990+0000] {processor.py:161} INFO - Started process (PID=3825) to work on /home/airflow/.local/lib/python3.8/site-packages/airflow/example_dags/tutorial_taskflow_api_virtualenv.py
[2026-04-28T12:46:06.991+0000] {processor.py:830} INFO - Processing file /home/airflow/.local/lib/python3.8/site-packages/airflow/example_dags/tutorial_taskflow_api_virtualenv.py for tasks to queue
[2026-04-28T12:46:06.995+0000] {logging_mixin.py:188} INFO - [2026-04-28T12:46:06.995+0000] {dagbag.py:540} INFO - Filling up the DagBag from /home/airflow/.local/lib/python3.8/site-packages/airflow/example_dags/tutorial_taskflow_api_virtualenv.py
[2026-04-28T12:46:07.008+0000] {processor.py:840} INFO - DAG(s) 'tutorial_taskflow_api_virtualenv' retrieved from /home/airflow/.local/lib/python3.8/site-packages/airflow/example_dags/tutorial_taskflow_api_virtualenv.py
[2026-04-28T12:46:07.033+0000] {logging_mixin.py:188} INFO - [2026-04-28T12:46:07.033+0000] {dag.py:3047} INFO - Sync 1 DAGs
[2026-04-28T12:46:07.060+0000] {logging_mixin.py:188} INFO - [2026-04-28T12:46:07.059+0000] {dag.py:3834} INFO - Setting next_dagrun for tutorial_taskflow_api_virtualenv to None, run_after=None
[2026-04-28T12:46:07.077+0000] {processor.py:183} INFO - Processing /home/airflow/.local/lib/python3.8/site-packages/airflow/example_dags/tutorial_taskflow_api_virtualenv.py took 0.092 seconds
[2026-04-28T12:46:37.166+0000] {processor.py:161} INFO - Started process (PID=3881) to work on /home/airflow/.local/lib/python3.8/site-packages/airflow/example_dags/tutorial_taskflow_api_virtualenv.py
[2026-04-28T12:46:37.167+0000] {processor.py:830} INFO - Processing file /home/airflow/.local/lib/python3.8/site-packages/airflow/example_dags/tutorial_taskflow_api_virtualenv.py for tasks to queue
[2026-04-28T12:46:37.169+0000] {logging_mixin.py:188} INFO - [2026-04-28T12:46:37.168+0000] {dagbag.py:540} INFO - Filling up the DagBag from /home/airflow/.local/lib/python3.8/site-packages/airflow/example_dags/tutorial_taskflow_api_virtualenv.py
[2026-04-28T12:46:37.178+0000] {processor.py:840} INFO - DAG(s) 'tutorial_taskflow_api_virtualenv' retrieved from /home/airflow/.local/lib/python3.8/site-packages/airflow/example_dags/tutorial_taskflow_api_virtualenv.py
[2026-04-28T12:46:37.194+0000] {logging_mixin.py:188} INFO - [2026-04-28T12:46:37.194+0000] {dag.py:3047} INFO - Sync 1 DAGs
[2026-04-28T12:46:37.203+0000] {logging_mixin.py:188} INFO - [2026-04-28T12:46:37.203+0000] {dag.py:3834} INFO - Setting next_dagrun for tutorial_taskflow_api_virtualenv to None, run_after=None
[2026-04-28T12:46:37.217+0000] {processor.py:183} INFO - Processing /home/airflow/.local/lib/python3.8/site-packages/airflow/example_dags/tutorial_taskflow_api_virtualenv.py took 0.054 seconds
[2026-04-28T12:47:07.387+0000] {processor.py:161} INFO - Started process (PID=3937) to work on /home/airflow/.local/lib/python3.8/site-packages/airflow/example_dags/tutorial_taskflow_api_virtualenv.py
[2026-04-28T12:47:07.388+0000] {processor.py:830} INFO - Processing file /home/airflow/.local/lib/python3.8/site-packages/airflow/example_dags/tutorial_taskflow_api_virtualenv.py for tasks to queue
[2026-04-28T12:47:07.390+0000] {logging_mixin.py:188} INFO - [2026-04-28T12:47:07.390+0000] {dagbag.py:540} INFO - Filling up the DagBag from /home/airflow/.local/lib/python3.8/site-packages/airflow/example_dags/tutorial_taskflow_api_virtualenv.py
[2026-04-28T12:47:07.403+0000] {processor.py:840} INFO - DAG(s) 'tutorial_taskflow_api_virtualenv' retrieved from /home/airflow/.local/lib/python3.8/site-packages/airflow/example_dags/tutorial_taskflow_api_virtualenv.py
[2026-04-28T12:47:07.428+0000] {logging_mixin.py:188} INFO - [2026-04-28T12:47:07.428+0000] {dag.py:3047} INFO - Sync 1 DAGs
[2026-04-28T12:47:07.442+0000] {logging_mixin.py:188} INFO - [2026-04-28T12:47:07.442+0000] {dag.py:3834} INFO - Setting next_dagrun for tutorial_taskflow_api_virtualenv to None, run_after=None
[2026-04-28T12:47:07.458+0000] {processor.py:183} INFO - Processing /home/airflow/.local/lib/python3.8/site-packages/airflow/example_dags/tutorial_taskflow_api_virtualenv.py took 0.075 seconds
[2026-04-28T12:47:37.687+0000] {processor.py:161} INFO - Started process (PID=3993) to work on /home/airflow/.local/lib/python3.8/site-packages/airflow/example_dags/tutorial_taskflow_api_virtualenv.py
[2026-04-28T12:47:37.688+0000] {processor.py:830} INFO - Processing file /home/airflow/.local/lib/python3.8/site-packages/airflow/example_dags/tutorial_taskflow_api_virtualenv.py for tasks to queue
[2026-04-28T12:47:37.691+0000] {logging_mixin.py:188} INFO - [2026-04-28T12:47:37.691+0000] {dagbag.py:540} INFO - Filling up the DagBag from /home/airflow/.local/lib/python3.8/site-packages/airflow/example_dags/tutorial_taskflow_api_virtualenv.py
[2026-04-28T12:47:37.703+0000] {processor.py:840} INFO - DAG(s) 'tutorial_taskflow_api_virtualenv' retrieved from /home/airflow/.local/lib/python3.8/site-packages/airflow/example_dags/tutorial_taskflow_api_virtualenv.py
[2026-04-28T12:47:37.752+0000] {logging_mixin.py:188} INFO - [2026-04-28T12:47:37.751+0000] {dag.py:3047} INFO - Sync 1 DAGs
[2026-04-28T12:47:37.788+0000] {logging_mixin.py:188} INFO - [2026-04-28T12:47:37.788+0000] {dag.py:3834} INFO - Setting next_dagrun for tutorial_taskflow_api_virtualenv to None, run_after=None
[2026-04-28T12:47:37.844+0000] {processor.py:183} INFO - Processing /home/airflow/.local/lib/python3.8/site-packages/airflow/example_dags/tutorial_taskflow_api_virtualenv.py took 0.168 seconds
[2026-04-28T12:48:08.521+0000] {processor.py:161} INFO - Started process (PID=4049) to work on /home/airflow/.local/lib/python3.8/site-packages/airflow/example_dags/tutorial_taskflow_api_virtualenv.py
[2026-04-28T12:48:08.524+0000] {processor.py:830} INFO - Processing file /home/airflow/.local/lib/python3.8/site-packages/airflow/example_dags/tutorial_taskflow_api_virtualenv.py for tasks to queue
[2026-04-28T12:48:08.528+0000] {logging_mixin.py:188} INFO - [2026-04-28T12:48:08.528+0000] {dagbag.py:540} INFO - Filling up the DagBag from /home/airflow/.local/lib/python3.8/site-packages/airflow/example_dags/tutorial_taskflow_api_virtualenv.py
[2026-04-28T12:48:08.553+0000] {processor.py:840} INFO - DAG(s) 'tutorial_taskflow_api_virtualenv' retrieved from /home/airflow/.local/lib/python3.8/site-packages/airflow/example_dags/tutorial_taskflow_api_virtualenv.py
[2026-04-28T12:48:08.579+0000] {logging_mixin.py:188} INFO - [2026-04-28T12:48:08.578+0000] {dag.py:3047} INFO - Sync 1 DAGs
[2026-04-28T12:48:08.600+0000] {logging_mixin.py:188} INFO - [2026-04-28T12:48:08.600+0000] {dag.py:3834} INFO - Setting next_dagrun for tutorial_taskflow_api_virtualenv to None, run_after=None
[2026-04-28T12:48:08.638+0000] {processor.py:183} INFO - Processing /home/airflow/.local/lib/python3.8/site-packages/airflow/example_dags/tutorial_taskflow_api_virtualenv.py took 0.123 seconds
[2026-04-28T12:48:38.751+0000] {processor.py:161} INFO - Started process (PID=4105) to work on /home/airflow/.local/lib/python3.8/site-packages/airflow/example_dags/tutorial_taskflow_api_virtualenv.py
[2026-04-28T12:48:38.752+0000] {processor.py:830} INFO - Processing file /home/airflow/.local/lib/python3.8/site-packages/airflow/example_dags/tutorial_taskflow_api_virtualenv.py for tasks to queue
[2026-04-28T12:48:38.754+0000] {logging_mixin.py:188} INFO - [2026-04-28T12:48:38.753+0000] {dagbag.py:540} INFO - Filling up the DagBag from /home/airflow/.local/lib/python3.8/site-packages/airflow/example_dags/tutorial_taskflow_api_virtualenv.py
[2026-04-28T12:48:38.763+0000] {processor.py:840} INFO - DAG(s) 'tutorial_taskflow_api_virtualenv' retrieved from /home/airflow/.local/lib/python3.8/site-packages/airflow/example_dags/tutorial_taskflow_api_virtualenv.py
[2026-04-28T12:48:38.779+0000] {logging_mixin.py:188} INFO - [2026-04-28T12:48:38.779+0000] {dag.py:3047} INFO - Sync 1 DAGs
[2026-04-28T12:48:38.788+0000] {logging_mixin.py:188} INFO - [2026-04-28T12:48:38.788+0000] {dag.py:3834} INFO - Setting next_dagrun for tutorial_taskflow_api_virtualenv to None, run_after=None
[2026-04-28T12:48:38.801+0000] {processor.py:183} INFO - Processing /home/airflow/.local/lib/python3.8/site-packages/airflow/example_dags/tutorial_taskflow_api_virtualenv.py took 0.053 seconds
[2026-04-28T12:49:08.831+0000] {processor.py:161} INFO - Started process (PID=4161) to work on /home/airflow/.local/lib/python3.8/site-packages/airflow/example_dags/tutorial_taskflow_api_virtualenv.py
[2026-04-28T12:49:08.841+0000] {processor.py:830} INFO - Processing file /home/airflow/.local/lib/python3.8/site-packages/airflow/example_dags/tutorial_taskflow_api_virtualenv.py for tasks to queue
[2026-04-28T12:49:08.845+0000] {logging_mixin.py:188} INFO - [2026-04-28T12:49:08.844+0000] {dagbag.py:540} INFO - Filling up the DagBag from /home/airflow/.local/lib/python3.8/site-packages/airflow/example_dags/tutorial_taskflow_api_virtualenv.py
[2026-04-28T12:49:08.865+0000] {processor.py:840} INFO - DAG(s) 'tutorial_taskflow_api_virtualenv' retrieved from /home/airflow/.local/lib/python3.8/site-packages/airflow/example_dags/tutorial_taskflow_api_virtualenv.py
[2026-04-28T12:49:08.894+0000] {logging_mixin.py:188} INFO - [2026-04-28T12:49:08.894+0000] {dag.py:3047} INFO - Sync 1 DAGs
[2026-04-28T12:49:08.908+0000] {logging_mixin.py:188} INFO - [2026-04-28T12:49:08.908+0000] {dag.py:3834} INFO - Setting next_dagrun for tutorial_taskflow_api_virtualenv to None, run_after=None
[2026-04-28T12:49:08.924+0000] {processor.py:183} INFO - Processing /home/airflow/.local/lib/python3.8/site-packages/airflow/example_dags/tutorial_taskflow_api_virtualenv.py took 0.098 seconds
[2026-04-28T12:49:39.334+0000] {processor.py:161} INFO - Started process (PID=4217) to work on /home/airflow/.local/lib/python3.8/site-packages/airflow/example_dags/tutorial_taskflow_api_virtualenv.py
[2026-04-28T12:49:39.335+0000] {processor.py:830} INFO - Processing file /home/airflow/.local/lib/python3.8/site-packages/airflow/example_dags/tutorial_taskflow_api_virtualenv.py for tasks to queue
[2026-04-28T12:49:39.337+0000] {logging_mixin.py:188} INFO - [2026-04-28T12:49:39.336+0000] {dagbag.py:540} INFO - Filling up the DagBag from /home/airflow/.local/lib/python3.8/site-packages/airflow/example_dags/tutorial_taskflow_api_virtualenv.py
[2026-04-28T12:49:39.348+0000] {processor.py:840} INFO - DAG(s) 'tutorial_taskflow_api_virtualenv' retrieved from /home/airflow/.local/lib/python3.8/site-packages/airflow/example_dags/tutorial_taskflow_api_virtualenv.py
[2026-04-28T12:49:39.369+0000] {logging_mixin.py:188} INFO - [2026-04-28T12:49:39.369+0000] {dag.py:3047} INFO - Sync 1 DAGs
[2026-04-28T12:49:39.383+0000] {logging_mixin.py:188} INFO - [2026-04-28T12:49:39.382+0000] {dag.py:3834} INFO - Setting next_dagrun for tutorial_taskflow_api_virtualenv to None, run_after=None
[2026-04-28T12:49:39.401+0000] {processor.py:183} INFO - Processing /home/airflow/.local/lib/python3.8/site-packages/airflow/example_dags/tutorial_taskflow_api_virtualenv.py took 0.071 seconds
[2026-04-28T12:50:09.736+0000] {processor.py:161} INFO - Started process (PID=4273) to work on /home/airflow/.local/lib/python3.8/site-packages/airflow/example_dags/tutorial_taskflow_api_virtualenv.py
[2026-04-28T12:50:09.737+0000] {processor.py:830} INFO - Processing file /home/airflow/.local/lib/python3.8/site-packages/airflow/example_dags/tutorial_taskflow_api_virtualenv.py for tasks to queue
[2026-04-28T12:50:09.739+0000] {logging_mixin.py:188} INFO - [2026-04-28T12:50:09.739+0000] {dagbag.py:540} INFO - Filling up the DagBag from /home/airflow/.local/lib/python3.8/site-packages/airflow/example_dags/tutorial_taskflow_api_virtualenv.py
[2026-04-28T12:50:09.750+0000] {processor.py:840} INFO - DAG(s) 'tutorial_taskflow_api_virtualenv' retrieved from /home/airflow/.local/lib/python3.8/site-packages/airflow/example_dags/tutorial_taskflow_api_virtualenv.py
[2026-04-28T12:50:09.771+0000] {logging_mixin.py:188} INFO - [2026-04-28T12:50:09.771+0000] {dag.py:3047} INFO - Sync 1 DAGs
[2026-04-28T12:50:09.785+0000] {logging_mixin.py:188} INFO - [2026-04-28T12:50:09.785+0000] {dag.py:3834} INFO - Setting next_dagrun for tutorial_taskflow_api_virtualenv to None, run_after=None
[2026-04-28T12:50:09.803+0000] {processor.py:183} INFO - Processing /home/airflow/.local/lib/python3.8/site-packages/airflow/example_dags/tutorial_taskflow_api_virtualenv.py took 0.071 seconds
[2026-04-28T12:50:39.897+0000] {processor.py:161} INFO - Started process (PID=4329) to work on /home/airflow/.local/lib/python3.8/site-packages/airflow/example_dags/tutorial_taskflow_api_virtualenv.py
[2026-04-28T12:50:39.898+0000] {processor.py:830} INFO - Processing file /home/airflow/.local/lib/python3.8/site-packages/airflow/example_dags/tutorial_taskflow_api_virtualenv.py for tasks to queue
[2026-04-28T12:50:39.900+0000] {logging_mixin.py:188} INFO - [2026-04-28T12:50:39.900+0000] {dagbag.py:540} INFO - Filling up the DagBag from /home/airflow/.local/lib/python3.8/site-packages/airflow/example_dags/tutorial_taskflow_api_virtualenv.py
[2026-04-28T12:50:39.912+0000] {processor.py:840} INFO - DAG(s) 'tutorial_taskflow_api_virtualenv' retrieved from /home/airflow/.local/lib/python3.8/site-packages/airflow/example_dags/tutorial_taskflow_api_virtualenv.py
[2026-04-28T12:50:39.933+0000] {logging_mixin.py:188} INFO - [2026-04-28T12:50:39.933+0000] {dag.py:3047} INFO - Sync 1 DAGs
[2026-04-28T12:50:39.947+0000] {logging_mixin.py:188} INFO - [2026-04-28T12:50:39.947+0000] {dag.py:3834} INFO - Setting next_dagrun for tutorial_taskflow_api_virtualenv to None, run_after=None
[2026-04-28T12:50:39.965+0000] {processor.py:183} INFO - Processing /home/airflow/.local/lib/python3.8/site-packages/airflow/example_dags/tutorial_taskflow_api_virtualenv.py took 0.072 seconds
[2026-04-28T12:51:10.090+0000] {processor.py:161} INFO - Started process (PID=4385) to work on /home/airflow/.local/lib/python3.8/site-packages/airflow/example_dags/tutorial_taskflow_api_virtualenv.py
[2026-04-28T12:51:10.091+0000] {processor.py:830} INFO - Processing file /home/airflow/.local/lib/python3.8/site-packages/airflow/example_dags/tutorial_taskflow_api_virtualenv.py for tasks to queue
[2026-04-28T12:51:10.094+0000] {logging_mixin.py:188} INFO - [2026-04-28T12:51:10.093+0000] {dagbag.py:540} INFO - Filling up the DagBag from /home/airflow/.local/lib/python3.8/site-packages/airflow/example_dags/tutorial_taskflow_api_virtualenv.py
[2026-04-28T12:51:10.108+0000] {processor.py:840} INFO - DAG(s) 'tutorial_taskflow_api_virtualenv' retrieved from /home/airflow/.local/lib/python3.8/site-packages/airflow/example_dags/tutorial_taskflow_api_virtualenv.py
[2026-04-28T12:51:10.130+0000] {logging_mixin.py:188} INFO - [2026-04-28T12:51:10.130+0000] {dag.py:3047} INFO - Sync 1 DAGs
[2026-04-28T12:51:10.144+0000] {logging_mixin.py:188} INFO - [2026-04-28T12:51:10.143+0000] {dag.py:3834} INFO - Setting next_dagrun for tutorial_taskflow_api_virtualenv to None, run_after=None
[2026-04-28T12:51:10.161+0000] {processor.py:183} INFO - Processing /home/airflow/.local/lib/python3.8/site-packages/airflow/example_dags/tutorial_taskflow_api_virtualenv.py took 0.077 seconds
[2026-04-28T12:51:40.897+0000] {processor.py:161} INFO - Started process (PID=4441) to work on /home/airflow/.local/lib/python3.8/site-packages/airflow/example_dags/tutorial_taskflow_api_virtualenv.py
[2026-04-28T12:51:40.897+0000] {processor.py:830} INFO - Processing file /home/airflow/.local/lib/python3.8/site-packages/airflow/example_dags/tutorial_taskflow_api_virtualenv.py for tasks to queue
[2026-04-28T12:51:40.899+0000] {logging_mixin.py:188} INFO - [2026-04-28T12:51:40.899+0000] {dagbag.py:540} INFO - Filling up the DagBag from /home/airflow/.local/lib/python3.8/site-packages/airflow/example_dags/tutorial_taskflow_api_virtualenv.py
[2026-04-28T12:51:40.908+0000] {processor.py:840} INFO - DAG(s) 'tutorial_taskflow_api_virtualenv' retrieved from /home/airflow/.local/lib/python3.8/site-packages/airflow/example_dags/tutorial_taskflow_api_virtualenv.py
[2026-04-28T12:51:40.923+0000] {logging_mixin.py:188} INFO - [2026-04-28T12:51:40.923+0000] {dag.py:3047} INFO - Sync 1 DAGs
[2026-04-28T12:51:40.933+0000] {logging_mixin.py:188} INFO - [2026-04-28T12:51:40.932+0000] {dag.py:3834} INFO - Setting next_dagrun for tutorial_taskflow_api_virtualenv to None, run_after=None
[2026-04-28T12:51:40.946+0000] {processor.py:183} INFO - Processing /home/airflow/.local/lib/python3.8/site-packages/airflow/example_dags/tutorial_taskflow_api_virtualenv.py took 0.052 seconds
[2026-04-28T12:52:11.845+0000] {processor.py:161} INFO - Started process (PID=4497) to work on /home/airflow/.local/lib/python3.8/site-packages/airflow/example_dags/tutorial_taskflow_api_virtualenv.py
[2026-04-28T12:52:11.846+0000] {processor.py:830} INFO - Processing file /home/airflow/.local/lib/python3.8/site-packages/airflow/example_dags/tutorial_taskflow_api_virtualenv.py for tasks to queue
[2026-04-28T12:52:11.848+0000] {logging_mixin.py:188} INFO - [2026-04-28T12:52:11.847+0000] {dagbag.py:540} INFO - Filling up the DagBag from /home/airflow/.local/lib/python3.8/site-packages/airflow/example_dags/tutorial_taskflow_api_virtualenv.py
[2026-04-28T12:52:11.856+0000] {processor.py:840} INFO - DAG(s) 'tutorial_taskflow_api_virtualenv' retrieved from /home/airflow/.local/lib/python3.8/site-packages/airflow/example_dags/tutorial_taskflow_api_virtualenv.py
[2026-04-28T12:52:11.872+0000] {logging_mixin.py:188} INFO - [2026-04-28T12:52:11.872+0000] {dag.py:3047} INFO - Sync 1 DAGs
[2026-04-28T12:52:11.881+0000] {logging_mixin.py:188} INFO - [2026-04-28T12:52:11.881+0000] {dag.py:3834} INFO - Setting next_dagrun for tutorial_taskflow_api_virtualenv to None, run_after=None
[2026-04-28T12:52:11.894+0000] {processor.py:183} INFO - Processing /home/airflow/.local/lib/python3.8/site-packages/airflow/example_dags/tutorial_taskflow_api_virtualenv.py took 0.052 seconds
[2026-04-28T12:52:42.601+0000] {processor.py:161} INFO - Started process (PID=4553) to work on /home/airflow/.local/lib/python3.8/site-packages/airflow/example_dags/tutorial_taskflow_api_virtualenv.py
[2026-04-28T12:52:42.602+0000] {processor.py:830} INFO - Processing file /home/airflow/.local/lib/python3.8/site-packages/airflow/example_dags/tutorial_taskflow_api_virtualenv.py for tasks to queue
[2026-04-28T12:52:42.604+0000] {logging_mixin.py:188} INFO - [2026-04-28T12:52:42.603+0000] {dagbag.py:540} INFO - Filling up the DagBag from /home/airflow/.local/lib/python3.8/site-packages/airflow/example_dags/tutorial_taskflow_api_virtualenv.py
[2026-04-28T12:52:42.616+0000] {processor.py:840} INFO - DAG(s) 'tutorial_taskflow_api_virtualenv' retrieved from /home/airflow/.local/lib/python3.8/site-packages/airflow/example_dags/tutorial_taskflow_api_virtualenv.py
[2026-04-28T12:52:42.637+0000] {logging_mixin.py:188} INFO - [2026-04-28T12:52:42.637+0000] {dag.py:3047} INFO - Sync 1 DAGs
[2026-04-28T12:52:42.651+0000] {logging_mixin.py:188} INFO - [2026-04-28T12:52:42.651+0000] {dag.py:3834} INFO - Setting next_dagrun for tutorial_taskflow_api_virtualenv to None, run_after=None
[2026-04-28T12:52:42.667+0000] {processor.py:183} INFO - Processing /home/airflow/.local/lib/python3.8/site-packages/airflow/example_dags/tutorial_taskflow_api_virtualenv.py took 0.070 seconds
[2026-04-28T12:53:12.766+0000] {processor.py:161} INFO - Started process (PID=4609) to work on /home/airflow/.local/lib/python3.8/site-packages/airflow/example_dags/tutorial_taskflow_api_virtualenv.py
[2026-04-28T12:53:12.767+0000] {processor.py:830} INFO - Processing file /home/airflow/.local/lib/python3.8/site-packages/airflow/example_dags/tutorial_taskflow_api_virtualenv.py for tasks to queue
[2026-04-28T12:53:12.769+0000] {logging_mixin.py:188} INFO - [2026-04-28T12:53:12.769+0000] {dagbag.py:540} INFO - Filling up the DagBag from /home/airflow/.local/lib/python3.8/site-packages/airflow/example_dags/tutorial_taskflow_api_virtualenv.py
[2026-04-28T12:53:12.780+0000] {processor.py:840} INFO - DAG(s) 'tutorial_taskflow_api_virtualenv' retrieved from /home/airflow/.local/lib/python3.8/site-packages/airflow/example_dags/tutorial_taskflow_api_virtualenv.py
[2026-04-28T12:53:12.801+0000] {logging_mixin.py:188} INFO - [2026-04-28T12:53:12.801+0000] {dag.py:3047} INFO - Sync 1 DAGs
[2026-04-28T12:53:12.815+0000] {logging_mixin.py:188} INFO - [2026-04-28T12:53:12.815+0000] {dag.py:3834} INFO - Setting next_dagrun for tutorial_taskflow_api_virtualenv to None, run_after=None
[2026-04-28T12:53:12.832+0000] {processor.py:183} INFO - Processing /home/airflow/.local/lib/python3.8/site-packages/airflow/example_dags/tutorial_taskflow_api_virtualenv.py took 0.070 seconds
[2026-04-28T12:53:42.923+0000] {processor.py:161} INFO - Started process (PID=4665) to work on /home/airflow/.local/lib/python3.8/site-packages/airflow/example_dags/tutorial_taskflow_api_virtualenv.py
[2026-04-28T12:53:42.924+0000] {processor.py:830} INFO - Processing file /home/airflow/.local/lib/python3.8/site-packages/airflow/example_dags/tutorial_taskflow_api_virtualenv.py for tasks to queue
[2026-04-28T12:53:42.926+0000] {logging_mixin.py:188} INFO - [2026-04-28T12:53:42.926+0000] {dagbag.py:540} INFO - Filling up the DagBag from /home/airflow/.local/lib/python3.8/site-packages/airflow/example_dags/tutorial_taskflow_api_virtualenv.py
[2026-04-28T12:53:42.938+0000] {processor.py:840} INFO - DAG(s) 'tutorial_taskflow_api_virtualenv' retrieved from /home/airflow/.local/lib/python3.8/site-packages/airflow/example_dags/tutorial_taskflow_api_virtualenv.py
[2026-04-28T12:53:42.962+0000] {logging_mixin.py:188} INFO - [2026-04-28T12:53:42.961+0000] {dag.py:3047} INFO - Sync 1 DAGs
[2026-04-28T12:53:42.975+0000] {logging_mixin.py:188} INFO - [2026-04-28T12:53:42.975+0000] {dag.py:3834} INFO - Setting next_dagrun for tutorial_taskflow_api_virtualenv to None, run_after=None
[2026-04-28T12:53:42.993+0000] {processor.py:183} INFO - Processing /home/airflow/.local/lib/python3.8/site-packages/airflow/example_dags/tutorial_taskflow_api_virtualenv.py took 0.074 seconds
[2026-04-28T12:54:13.132+0000] {processor.py:161} INFO - Started process (PID=4721) to work on /home/airflow/.local/lib/python3.8/site-packages/airflow/example_dags/tutorial_taskflow_api_virtualenv.py
[2026-04-28T12:54:13.133+0000] {processor.py:830} INFO - Processing file /home/airflow/.local/lib/python3.8/site-packages/airflow/example_dags/tutorial_taskflow_api_virtualenv.py for tasks to queue
[2026-04-28T12:54:13.135+0000] {logging_mixin.py:188} INFO - [2026-04-28T12:54:13.135+0000] {dagbag.py:540} INFO - Filling up the DagBag from /home/airflow/.local/lib/python3.8/site-packages/airflow/example_dags/tutorial_taskflow_api_virtualenv.py
[2026-04-28T12:54:13.148+0000] {processor.py:840} INFO - DAG(s) 'tutorial_taskflow_api_virtualenv' retrieved from /home/airflow/.local/lib/python3.8/site-packages/airflow/example_dags/tutorial_taskflow_api_virtualenv.py
[2026-04-28T12:54:13.170+0000] {logging_mixin.py:188} INFO - [2026-04-28T12:54:13.170+0000] {dag.py:3047} INFO - Sync 1 DAGs
[2026-04-28T12:54:13.183+0000] {logging_mixin.py:188} INFO - [2026-04-28T12:54:13.183+0000] {dag.py:3834} INFO - Setting next_dagrun for tutorial_taskflow_api_virtualenv to None, run_after=None
[2026-04-28T12:54:13.200+0000] {processor.py:183} INFO - Processing /home/airflow/.local/lib/python3.8/site-packages/airflow/example_dags/tutorial_taskflow_api_virtualenv.py took 0.072 seconds
[2026-04-28T12:54:43.730+0000] {processor.py:161} INFO - Started process (PID=4777) to work on /home/airflow/.local/lib/python3.8/site-packages/airflow/example_dags/tutorial_taskflow_api_virtualenv.py
[2026-04-28T12:54:43.736+0000] {processor.py:830} INFO - Processing file /home/airflow/.local/lib/python3.8/site-packages/airflow/example_dags/tutorial_taskflow_api_virtualenv.py for tasks to queue
[2026-04-28T12:54:43.738+0000] {logging_mixin.py:188} INFO - [2026-04-28T12:54:43.738+0000] {dagbag.py:540} INFO - Filling up the DagBag from /home/airflow/.local/lib/python3.8/site-packages/airflow/example_dags/tutorial_taskflow_api_virtualenv.py
[2026-04-28T12:54:43.750+0000] {processor.py:840} INFO - DAG(s) 'tutorial_taskflow_api_virtualenv' retrieved from /home/airflow/.local/lib/python3.8/site-packages/airflow/example_dags/tutorial_taskflow_api_virtualenv.py
[2026-04-28T12:54:43.787+0000] {logging_mixin.py:188} INFO - [2026-04-28T12:54:43.786+0000] {dag.py:3047} INFO - Sync 1 DAGs
[2026-04-28T12:54:43.814+0000] {logging_mixin.py:188} INFO - [2026-04-28T12:54:43.814+0000] {dag.py:3834} INFO - Setting next_dagrun for tutorial_taskflow_api_virtualenv to None, run_after=None
[2026-04-28T12:54:43.854+0000] {processor.py:183} INFO - Processing /home/airflow/.local/lib/python3.8/site-packages/airflow/example_dags/tutorial_taskflow_api_virtualenv.py took 0.138 seconds
[2026-04-28T12:55:14.359+0000] {processor.py:161} INFO - Started process (PID=4831) to work on /home/airflow/.local/lib/python3.8/site-packages/airflow/example_dags/tutorial_taskflow_api_virtualenv.py
[2026-04-28T12:55:14.360+0000] {processor.py:830} INFO - Processing file /home/airflow/.local/lib/python3.8/site-packages/airflow/example_dags/tutorial_taskflow_api_virtualenv.py for tasks to queue
[2026-04-28T12:55:14.362+0000] {logging_mixin.py:188} INFO - [2026-04-28T12:55:14.362+0000] {dagbag.py:540} INFO - Filling up the DagBag from /home/airflow/.local/lib/python3.8/site-packages/airflow/example_dags/tutorial_taskflow_api_virtualenv.py
[2026-04-28T12:55:14.373+0000] {processor.py:840} INFO - DAG(s) 'tutorial_taskflow_api_virtualenv' retrieved from /home/airflow/.local/lib/python3.8/site-packages/airflow/example_dags/tutorial_taskflow_api_virtualenv.py
[2026-04-28T12:55:14.394+0000] {logging_mixin.py:188} INFO - [2026-04-28T12:55:14.394+0000] {dag.py:3047} INFO - Sync 1 DAGs
[2026-04-28T12:55:14.408+0000] {logging_mixin.py:188} INFO - [2026-04-28T12:55:14.408+0000] {dag.py:3834} INFO - Setting next_dagrun for tutorial_taskflow_api_virtualenv to None, run_after=None
[2026-04-28T12:55:14.425+0000] {processor.py:183} INFO - Processing /home/airflow/.local/lib/python3.8/site-packages/airflow/example_dags/tutorial_taskflow_api_virtualenv.py took 0.070 seconds
[2026-04-28T12:55:45.376+0000] {processor.py:161} INFO - Started process (PID=4887) to work on /home/airflow/.local/lib/python3.8/site-packages/airflow/example_dags/tutorial_taskflow_api_virtualenv.py
[2026-04-28T12:55:45.378+0000] {processor.py:830} INFO - Processing file /home/airflow/.local/lib/python3.8/site-packages/airflow/example_dags/tutorial_taskflow_api_virtualenv.py for tasks to queue
[2026-04-28T12:55:45.380+0000] {logging_mixin.py:188} INFO - [2026-04-28T12:55:45.380+0000] {dagbag.py:540} INFO - Filling up the DagBag from /home/airflow/.local/lib/python3.8/site-packages/airflow/example_dags/tutorial_taskflow_api_virtualenv.py
[2026-04-28T12:55:45.392+0000] {processor.py:840} INFO - DAG(s) 'tutorial_taskflow_api_virtualenv' retrieved from /home/airflow/.local/lib/python3.8/site-packages/airflow/example_dags/tutorial_taskflow_api_virtualenv.py
[2026-04-28T12:55:45.415+0000] {logging_mixin.py:188} INFO - [2026-04-28T12:55:45.415+0000] {dag.py:3047} INFO - Sync 1 DAGs
[2026-04-28T12:55:45.428+0000] {logging_mixin.py:188} INFO - [2026-04-28T12:55:45.428+0000] {dag.py:3834} INFO - Setting next_dagrun for tutorial_taskflow_api_virtualenv to None, run_after=None
[2026-04-28T12:55:45.446+0000] {processor.py:183} INFO - Processing /home/airflow/.local/lib/python3.8/site-packages/airflow/example_dags/tutorial_taskflow_api_virtualenv.py took 0.073 seconds
[2026-04-28T12:56:15.498+0000] {processor.py:161} INFO - Started process (PID=4942) to work on /home/airflow/.local/lib/python3.8/site-packages/airflow/example_dags/tutorial_taskflow_api_virtualenv.py
[2026-04-28T12:56:15.499+0000] {processor.py:830} INFO - Processing file /home/airflow/.local/lib/python3.8/site-packages/airflow/example_dags/tutorial_taskflow_api_virtualenv.py for tasks to queue
[2026-04-28T12:56:15.501+0000] {logging_mixin.py:188} INFO - [2026-04-28T12:56:15.500+0000] {dagbag.py:540} INFO - Filling up the DagBag from /home/airflow/.local/lib/python3.8/site-packages/airflow/example_dags/tutorial_taskflow_api_virtualenv.py
[2026-04-28T12:56:15.512+0000] {processor.py:840} INFO - DAG(s) 'tutorial_taskflow_api_virtualenv' retrieved from /home/airflow/.local/lib/python3.8/site-packages/airflow/example_dags/tutorial_taskflow_api_virtualenv.py
[2026-04-28T12:56:15.534+0000] {logging_mixin.py:188} INFO - [2026-04-28T12:56:15.533+0000] {dag.py:3047} INFO - Sync 1 DAGs
[2026-04-28T12:56:15.550+0000] {logging_mixin.py:188} INFO - [2026-04-28T12:56:15.550+0000] {dag.py:3834} INFO - Setting next_dagrun for tutorial_taskflow_api_virtualenv to None, run_after=None
[2026-04-28T12:56:15.588+0000] {processor.py:183} INFO - Processing /home/airflow/.local/lib/python3.8/site-packages/airflow/example_dags/tutorial_taskflow_api_virtualenv.py took 0.094 seconds
[2026-04-28T12:56:45.878+0000] {processor.py:161} INFO - Started process (PID=4998) to work on /home/airflow/.local/lib/python3.8/site-packages/airflow/example_dags/tutorial_taskflow_api_virtualenv.py
[2026-04-28T12:56:45.879+0000] {processor.py:830} INFO - Processing file /home/airflow/.local/lib/python3.8/site-packages/airflow/example_dags/tutorial_taskflow_api_virtualenv.py for tasks to queue
[2026-04-28T12:56:45.881+0000] {logging_mixin.py:188} INFO - [2026-04-28T12:56:45.881+0000] {dagbag.py:540} INFO - Filling up the DagBag from /home/airflow/.local/lib/python3.8/site-packages/airflow/example_dags/tutorial_taskflow_api_virtualenv.py
[2026-04-28T12:56:45.893+0000] {processor.py:840} INFO - DAG(s) 'tutorial_taskflow_api_virtualenv' retrieved from /home/airflow/.local/lib/python3.8/site-packages/airflow/example_dags/tutorial_taskflow_api_virtualenv.py
[2026-04-28T12:56:45.913+0000] {logging_mixin.py:188} INFO - [2026-04-28T12:56:45.913+0000] {dag.py:3047} INFO - Sync 1 DAGs
[2026-04-28T12:56:45.928+0000] {logging_mixin.py:188} INFO - [2026-04-28T12:56:45.928+0000] {dag.py:3834} INFO - Setting next_dagrun for tutorial_taskflow_api_virtualenv to None, run_after=None
[2026-04-28T12:56:45.946+0000] {processor.py:183} INFO - Processing /home/airflow/.local/lib/python3.8/site-packages/airflow/example_dags/tutorial_taskflow_api_virtualenv.py took 0.072 seconds
[2026-04-28T12:57:16.075+0000] {processor.py:161} INFO - Started process (PID=5054) to work on /home/airflow/.local/lib/python3.8/site-packages/airflow/example_dags/tutorial_taskflow_api_virtualenv.py
[2026-04-28T12:57:16.076+0000] {processor.py:830} INFO - Processing file /home/airflow/.local/lib/python3.8/site-packages/airflow/example_dags/tutorial_taskflow_api_virtualenv.py for tasks to queue
[2026-04-28T12:57:16.078+0000] {logging_mixin.py:188} INFO - [2026-04-28T12:57:16.077+0000] {dagbag.py:540} INFO - Filling up the DagBag from /home/airflow/.local/lib/python3.8/site-packages/airflow/example_dags/tutorial_taskflow_api_virtualenv.py
[2026-04-28T12:57:16.089+0000] {processor.py:840} INFO - DAG(s) 'tutorial_taskflow_api_virtualenv' retrieved from /home/airflow/.local/lib/python3.8/site-packages/airflow/example_dags/tutorial_taskflow_api_virtualenv.py
[2026-04-28T12:57:16.111+0000] {logging_mixin.py:188} INFO - [2026-04-28T12:57:16.111+0000] {dag.py:3047} INFO - Sync 1 DAGs
[2026-04-28T12:57:16.125+0000] {logging_mixin.py:188} INFO - [2026-04-28T12:57:16.125+0000] {dag.py:3834} INFO - Setting next_dagrun for tutorial_taskflow_api_virtualenv to None, run_after=None
[2026-04-28T12:57:16.142+0000] {processor.py:183} INFO - Processing /home/airflow/.local/lib/python3.8/site-packages/airflow/example_dags/tutorial_taskflow_api_virtualenv.py took 0.071 seconds
[2026-04-28T12:57:46.296+0000] {processor.py:161} INFO - Started process (PID=5110) to work on /home/airflow/.local/lib/python3.8/site-packages/airflow/example_dags/tutorial_taskflow_api_virtualenv.py
[2026-04-28T12:57:46.297+0000] {processor.py:830} INFO - Processing file /home/airflow/.local/lib/python3.8/site-packages/airflow/example_dags/tutorial_taskflow_api_virtualenv.py for tasks to queue
[2026-04-28T12:57:46.299+0000] {logging_mixin.py:188} INFO - [2026-04-28T12:57:46.298+0000] {dagbag.py:540} INFO - Filling up the DagBag from /home/airflow/.local/lib/python3.8/site-packages/airflow/example_dags/tutorial_taskflow_api_virtualenv.py
[2026-04-28T12:57:46.307+0000] {processor.py:840} INFO - DAG(s) 'tutorial_taskflow_api_virtualenv' retrieved from /home/airflow/.local/lib/python3.8/site-packages/airflow/example_dags/tutorial_taskflow_api_virtualenv.py
[2026-04-28T12:57:46.323+0000] {logging_mixin.py:188} INFO - [2026-04-28T12:57:46.323+0000] {dag.py:3047} INFO - Sync 1 DAGs
[2026-04-28T12:57:46.332+0000] {logging_mixin.py:188} INFO - [2026-04-28T12:57:46.332+0000] {dag.py:3834} INFO - Setting next_dagrun for tutorial_taskflow_api_virtualenv to None, run_after=None
[2026-04-28T12:57:46.345+0000] {processor.py:183} INFO - Processing /home/airflow/.local/lib/python3.8/site-packages/airflow/example_dags/tutorial_taskflow_api_virtualenv.py took 0.052 seconds
[2026-04-28T12:58:17.145+0000] {processor.py:161} INFO - Started process (PID=5165) to work on /home/airflow/.local/lib/python3.8/site-packages/airflow/example_dags/tutorial_taskflow_api_virtualenv.py
[2026-04-28T12:58:17.148+0000] {processor.py:830} INFO - Processing file /home/airflow/.local/lib/python3.8/site-packages/airflow/example_dags/tutorial_taskflow_api_virtualenv.py for tasks to queue
[2026-04-28T12:58:17.152+0000] {logging_mixin.py:188} INFO - [2026-04-28T12:58:17.152+0000] {dagbag.py:540} INFO - Filling up the DagBag from /home/airflow/.local/lib/python3.8/site-packages/airflow/example_dags/tutorial_taskflow_api_virtualenv.py
[2026-04-28T12:58:17.174+0000] {processor.py:840} INFO - DAG(s) 'tutorial_taskflow_api_virtualenv' retrieved from /home/airflow/.local/lib/python3.8/site-packages/airflow/example_dags/tutorial_taskflow_api_virtualenv.py
[2026-04-28T12:58:17.223+0000] {logging_mixin.py:188} INFO - [2026-04-28T12:58:17.223+0000] {dag.py:3047} INFO - Sync 1 DAGs
[2026-04-28T12:58:17.254+0000] {logging_mixin.py:188} INFO - [2026-04-28T12:58:17.254+0000] {dag.py:3834} INFO - Setting next_dagrun for tutorial_taskflow_api_virtualenv to None, run_after=None
[2026-04-28T12:58:17.295+0000] {processor.py:183} INFO - Processing /home/airflow/.local/lib/python3.8/site-packages/airflow/example_dags/tutorial_taskflow_api_virtualenv.py took 0.154 seconds
[2026-04-28T12:58:48.242+0000] {processor.py:161} INFO - Started process (PID=5221) to work on /home/airflow/.local/lib/python3.8/site-packages/airflow/example_dags/tutorial_taskflow_api_virtualenv.py
[2026-04-28T12:58:48.244+0000] {processor.py:830} INFO - Processing file /home/airflow/.local/lib/python3.8/site-packages/airflow/example_dags/tutorial_taskflow_api_virtualenv.py for tasks to queue
[2026-04-28T12:58:48.247+0000] {logging_mixin.py:188} INFO - [2026-04-28T12:58:48.246+0000] {dagbag.py:540} INFO - Filling up the DagBag from /home/airflow/.local/lib/python3.8/site-packages/airflow/example_dags/tutorial_taskflow_api_virtualenv.py
[2026-04-28T12:58:48.282+0000] {processor.py:840} INFO - DAG(s) 'tutorial_taskflow_api_virtualenv' retrieved from /home/airflow/.local/lib/python3.8/site-packages/airflow/example_dags/tutorial_taskflow_api_virtualenv.py
[2026-04-28T12:58:48.337+0000] {logging_mixin.py:188} INFO - [2026-04-28T12:58:48.336+0000] {dag.py:3047} INFO - Sync 1 DAGs
[2026-04-28T12:58:48.380+0000] {logging_mixin.py:188} INFO - [2026-04-28T12:58:48.380+0000] {dag.py:3834} INFO - Setting next_dagrun for tutorial_taskflow_api_virtualenv to None, run_after=None
[2026-04-28T12:58:48.413+0000] {processor.py:183} INFO - Processing /home/airflow/.local/lib/python3.8/site-packages/airflow/example_dags/tutorial_taskflow_api_virtualenv.py took 0.177 seconds
[2026-04-28T12:59:19.159+0000] {processor.py:161} INFO - Started process (PID=5277) to work on /home/airflow/.local/lib/python3.8/site-packages/airflow/example_dags/tutorial_taskflow_api_virtualenv.py
[2026-04-28T12:59:19.161+0000] {processor.py:830} INFO - Processing file /home/airflow/.local/lib/python3.8/site-packages/airflow/example_dags/tutorial_taskflow_api_virtualenv.py for tasks to queue
[2026-04-28T12:59:19.165+0000] {logging_mixin.py:188} INFO - [2026-04-28T12:59:19.164+0000] {dagbag.py:540} INFO - Filling up the DagBag from /home/airflow/.local/lib/python3.8/site-packages/airflow/example_dags/tutorial_taskflow_api_virtualenv.py
[2026-04-28T12:59:19.185+0000] {processor.py:840} INFO - DAG(s) 'tutorial_taskflow_api_virtualenv' retrieved from /home/airflow/.local/lib/python3.8/site-packages/airflow/example_dags/tutorial_taskflow_api_virtualenv.py
[2026-04-28T12:59:19.206+0000] {logging_mixin.py:188} INFO - [2026-04-28T12:59:19.206+0000] {dag.py:3047} INFO - Sync 1 DAGs
[2026-04-28T12:59:19.220+0000] {logging_mixin.py:188} INFO - [2026-04-28T12:59:19.220+0000] {dag.py:3834} INFO - Setting next_dagrun for tutorial_taskflow_api_virtualenv to None, run_after=None
[2026-04-28T12:59:19.236+0000] {processor.py:183} INFO - Processing /home/airflow/.local/lib/python3.8/site-packages/airflow/example_dags/tutorial_taskflow_api_virtualenv.py took 0.086 seconds
[2026-04-28T12:59:49.681+0000] {processor.py:161} INFO - Started process (PID=5333) to work on /home/airflow/.local/lib/python3.8/site-packages/airflow/example_dags/tutorial_taskflow_api_virtualenv.py
[2026-04-28T12:59:49.682+0000] {processor.py:830} INFO - Processing file /home/airflow/.local/lib/python3.8/site-packages/airflow/example_dags/tutorial_taskflow_api_virtualenv.py for tasks to queue
[2026-04-28T12:59:49.684+0000] {logging_mixin.py:188} INFO - [2026-04-28T12:59:49.684+0000] {dagbag.py:540} INFO - Filling up the DagBag from /home/airflow/.local/lib/python3.8/site-packages/airflow/example_dags/tutorial_taskflow_api_virtualenv.py
[2026-04-28T12:59:49.701+0000] {processor.py:840} INFO - DAG(s) 'tutorial_taskflow_api_virtualenv' retrieved from /home/airflow/.local/lib/python3.8/site-packages/airflow/example_dags/tutorial_taskflow_api_virtualenv.py
[2026-04-28T12:59:49.723+0000] {logging_mixin.py:188} INFO - [2026-04-28T12:59:49.723+0000] {dag.py:3047} INFO - Sync 1 DAGs
[2026-04-28T12:59:49.737+0000] {logging_mixin.py:188} INFO - [2026-04-28T12:59:49.736+0000] {dag.py:3834} INFO - Setting next_dagrun for tutorial_taskflow_api_virtualenv to None, run_after=None
[2026-04-28T12:59:49.752+0000] {processor.py:183} INFO - Processing /home/airflow/.local/lib/python3.8/site-packages/airflow/example_dags/tutorial_taskflow_api_virtualenv.py took 0.075 seconds
[2026-04-28T13:00:20.179+0000] {processor.py:161} INFO - Started process (PID=5389) to work on /home/airflow/.local/lib/python3.8/site-packages/airflow/example_dags/tutorial_taskflow_api_virtualenv.py
[2026-04-28T13:00:20.180+0000] {processor.py:830} INFO - Processing file /home/airflow/.local/lib/python3.8/site-packages/airflow/example_dags/tutorial_taskflow_api_virtualenv.py for tasks to queue
[2026-04-28T13:00:20.182+0000] {logging_mixin.py:188} INFO - [2026-04-28T13:00:20.182+0000] {dagbag.py:540} INFO - Filling up the DagBag from /home/airflow/.local/lib/python3.8/site-packages/airflow/example_dags/tutorial_taskflow_api_virtualenv.py
[2026-04-28T13:00:20.194+0000] {processor.py:840} INFO - DAG(s) 'tutorial_taskflow_api_virtualenv' retrieved from /home/airflow/.local/lib/python3.8/site-packages/airflow/example_dags/tutorial_taskflow_api_virtualenv.py
[2026-04-28T13:00:20.219+0000] {logging_mixin.py:188} INFO - [2026-04-28T13:00:20.219+0000] {dag.py:3047} INFO - Sync 1 DAGs
[2026-04-28T13:00:20.233+0000] {logging_mixin.py:188} INFO - [2026-04-28T13:00:20.233+0000] {dag.py:3834} INFO - Setting next_dagrun for tutorial_taskflow_api_virtualenv to None, run_after=None
[2026-04-28T13:00:20.249+0000] {processor.py:183} INFO - Processing /home/airflow/.local/lib/python3.8/site-packages/airflow/example_dags/tutorial_taskflow_api_virtualenv.py took 0.075 seconds
[2026-04-28T13:00:51.087+0000] {processor.py:161} INFO - Started process (PID=5444) to work on /home/airflow/.local/lib/python3.8/site-packages/airflow/example_dags/tutorial_taskflow_api_virtualenv.py
[2026-04-28T13:00:51.088+0000] {processor.py:830} INFO - Processing file /home/airflow/.local/lib/python3.8/site-packages/airflow/example_dags/tutorial_taskflow_api_virtualenv.py for tasks to queue
[2026-04-28T13:00:51.090+0000] {logging_mixin.py:188} INFO - [2026-04-28T13:00:51.090+0000] {dagbag.py:540} INFO - Filling up the DagBag from /home/airflow/.local/lib/python3.8/site-packages/airflow/example_dags/tutorial_taskflow_api_virtualenv.py
[2026-04-28T13:00:51.103+0000] {processor.py:840} INFO - DAG(s) 'tutorial_taskflow_api_virtualenv' retrieved from /home/airflow/.local/lib/python3.8/site-packages/airflow/example_dags/tutorial_taskflow_api_virtualenv.py
[2026-04-28T13:00:51.124+0000] {logging_mixin.py:188} INFO - [2026-04-28T13:00:51.124+0000] {dag.py:3047} INFO - Sync 1 DAGs
[2026-04-28T13:00:51.137+0000] {logging_mixin.py:188} INFO - [2026-04-28T13:00:51.137+0000] {dag.py:3834} INFO - Setting next_dagrun for tutorial_taskflow_api_virtualenv to None, run_after=None
[2026-04-28T13:00:51.154+0000] {processor.py:183} INFO - Processing /home/airflow/.local/lib/python3.8/site-packages/airflow/example_dags/tutorial_taskflow_api_virtualenv.py took 0.070 seconds
[2026-04-28T13:01:21.229+0000] {processor.py:161} INFO - Started process (PID=5500) to work on /home/airflow/.local/lib/python3.8/site-packages/airflow/example_dags/tutorial_taskflow_api_virtualenv.py
[2026-04-28T13:01:21.232+0000] {processor.py:830} INFO - Processing file /home/airflow/.local/lib/python3.8/site-packages/airflow/example_dags/tutorial_taskflow_api_virtualenv.py for tasks to queue
[2026-04-28T13:01:21.238+0000] {logging_mixin.py:188} INFO - [2026-04-28T13:01:21.238+0000] {dagbag.py:540} INFO - Filling up the DagBag from /home/airflow/.local/lib/python3.8/site-packages/airflow/example_dags/tutorial_taskflow_api_virtualenv.py
[2026-04-28T13:01:21.255+0000] {processor.py:840} INFO - DAG(s) 'tutorial_taskflow_api_virtualenv' retrieved from /home/airflow/.local/lib/python3.8/site-packages/airflow/example_dags/tutorial_taskflow_api_virtualenv.py
[2026-04-28T13:01:21.297+0000] {logging_mixin.py:188} INFO - [2026-04-28T13:01:21.297+0000] {dag.py:3047} INFO - Sync 1 DAGs
[2026-04-28T13:01:21.311+0000] {logging_mixin.py:188} INFO - [2026-04-28T13:01:21.311+0000] {dag.py:3834} INFO - Setting next_dagrun for tutorial_taskflow_api_virtualenv to None, run_after=None
[2026-04-28T13:01:21.338+0000] {processor.py:183} INFO - Processing /home/airflow/.local/lib/python3.8/site-packages/airflow/example_dags/tutorial_taskflow_api_virtualenv.py took 0.115 seconds
[2026-04-28T13:01:51.599+0000] {processor.py:161} INFO - Started process (PID=5556) to work on /home/airflow/.local/lib/python3.8/site-packages/airflow/example_dags/tutorial_taskflow_api_virtualenv.py
[2026-04-28T13:01:51.600+0000] {processor.py:830} INFO - Processing file /home/airflow/.local/lib/python3.8/site-packages/airflow/example_dags/tutorial_taskflow_api_virtualenv.py for tasks to queue
[2026-04-28T13:01:51.602+0000] {logging_mixin.py:188} INFO - [2026-04-28T13:01:51.601+0000] {dagbag.py:540} INFO - Filling up the DagBag from /home/airflow/.local/lib/python3.8/site-packages/airflow/example_dags/tutorial_taskflow_api_virtualenv.py
[2026-04-28T13:01:51.614+0000] {processor.py:840} INFO - DAG(s) 'tutorial_taskflow_api_virtualenv' retrieved from /home/airflow/.local/lib/python3.8/site-packages/airflow/example_dags/tutorial_taskflow_api_virtualenv.py
[2026-04-28T13:01:51.651+0000] {logging_mixin.py:188} INFO - [2026-04-28T13:01:51.651+0000] {dag.py:3047} INFO - Sync 1 DAGs
[2026-04-28T13:01:51.665+0000] {logging_mixin.py:188} INFO - [2026-04-28T13:01:51.664+0000] {dag.py:3834} INFO - Setting next_dagrun for tutorial_taskflow_api_virtualenv to None, run_after=None
[2026-04-28T13:01:51.680+0000] {processor.py:183} INFO - Processing /home/airflow/.local/lib/python3.8/site-packages/airflow/example_dags/tutorial_taskflow_api_virtualenv.py took 0.086 seconds
[2026-04-28T13:02:21.870+0000] {processor.py:161} INFO - Started process (PID=5612) to work on /home/airflow/.local/lib/python3.8/site-packages/airflow/example_dags/tutorial_taskflow_api_virtualenv.py
[2026-04-28T13:02:21.871+0000] {processor.py:830} INFO - Processing file /home/airflow/.local/lib/python3.8/site-packages/airflow/example_dags/tutorial_taskflow_api_virtualenv.py for tasks to queue
[2026-04-28T13:02:21.873+0000] {logging_mixin.py:188} INFO - [2026-04-28T13:02:21.873+0000] {dagbag.py:540} INFO - Filling up the DagBag from /home/airflow/.local/lib/python3.8/site-packages/airflow/example_dags/tutorial_taskflow_api_virtualenv.py
[2026-04-28T13:02:21.885+0000] {processor.py:840} INFO - DAG(s) 'tutorial_taskflow_api_virtualenv' retrieved from /home/airflow/.local/lib/python3.8/site-packages/airflow/example_dags/tutorial_taskflow_api_virtualenv.py
[2026-04-28T13:02:21.912+0000] {logging_mixin.py:188} INFO - [2026-04-28T13:02:21.912+0000] {dag.py:3047} INFO - Sync 1 DAGs
[2026-04-28T13:02:21.927+0000] {logging_mixin.py:188} INFO - [2026-04-28T13:02:21.927+0000] {dag.py:3834} INFO - Setting next_dagrun for tutorial_taskflow_api_virtualenv to None, run_after=None
[2026-04-28T13:02:21.955+0000] {processor.py:183} INFO - Processing /home/airflow/.local/lib/python3.8/site-packages/airflow/example_dags/tutorial_taskflow_api_virtualenv.py took 0.088 seconds
