[2026-04-28T12:11:44.237+0000] {manager.py:469} INFO - Processing files using up to 2 processes at a time 
[2026-04-28T12:11:44.238+0000] {manager.py:470} INFO - Process each file at most once every 30 seconds
[2026-04-28T12:11:44.238+0000] {manager.py:471} INFO - Checking for new files in /opt/airflow/dags every 300 seconds
[2026-04-28T12:11:44.241+0000] {manager.py:738} INFO - Searching for files in /opt/airflow/dags
[2026-04-28T12:11:44.288+0000] {manager.py:741} INFO - There are 48 files in /opt/airflow/dags
[2026-04-28T12:11:44.684+0000] {manager.py:879} INFO - 
================================================================================
DAG File Processing Stats

File Path                                                                                                                           PID  Runtime      # DAGs    # Errors  Last Runtime    Last Run
--------------------------------------------------------------------------------------------------------------------------------  -----  ---------  --------  ----------  --------------  ----------
/home/airflow/.local/lib/python3.8/site-packages/airflow/example_dags/example_dynamic_task_mapping_with_no_taskflow_operators.py     62  0.21s             0           0
/home/airflow/.local/lib/python3.8/site-packages/airflow/example_dags/example_datasets.py                                            63  0.15s             0           0
/home/airflow/.local/lib/python3.8/site-packages/airflow/example_dags/example_python_decorator.py                                                          0           0
/home/airflow/.local/lib/python3.8/site-packages/airflow/example_dags/example_setup_teardown_taskflow.py                                                   0           0
/home/airflow/.local/lib/python3.8/site-packages/airflow/example_dags/example_xcomargs.py                                                                  0           0
/home/airflow/.local/lib/python3.8/site-packages/airflow/example_dags/example_branch_operator.py                                                           0           0
/home/airflow/.local/lib/python3.8/site-packages/airflow/example_dags/example_short_circuit_decorator.py                                                   0           0
/home/airflow/.local/lib/python3.8/site-packages/airflow/example_dags/example_short_circuit_operator.py                                                    0           0
/home/airflow/.local/lib/python3.8/site-packages/airflow/example_dags/example_bash_operator.py                                                             0           0
/home/airflow/.local/lib/python3.8/site-packages/airflow/example_dags/example_sla_dag.py                                                                   0           0
/home/airflow/.local/lib/python3.8/site-packages/airflow/example_dags/example_branch_datetime_operator.py                                                  0           0
/home/airflow/.local/lib/python3.8/site-packages/airflow/example_dags/example_trigger_controller_dag.py                                                    0           0
/home/airflow/.local/lib/python3.8/site-packages/airflow/example_dags/example_subdag_operator.py                                                           0           0
/home/airflow/.local/lib/python3.8/site-packages/airflow/example_dags/example_latest_only_with_trigger.py                                                  0           0
/home/airflow/.local/lib/python3.8/site-packages/airflow/example_dags/example_time_delta_sensor_async.py                                                   0           0
/home/airflow/.local/lib/python3.8/site-packages/airflow/example_dags/example_branch_day_of_week_operator.py                                               0           0
/home/airflow/.local/lib/python3.8/site-packages/airflow/example_dags/example_python_operator.py                                                           0           0
/home/airflow/.local/lib/python3.8/site-packages/airflow/example_dags/example_passing_params_via_test_command.py                                           0           0
/home/airflow/.local/lib/python3.8/site-packages/airflow/example_dags/example_kubernetes_executor.py                                                       0           0
/home/airflow/.local/lib/python3.8/site-packages/airflow/example_dags/example_setup_teardown.py                                                            0           0
/home/airflow/.local/lib/python3.8/site-packages/airflow/example_dags/tutorial.py                                                                          0           0
/home/airflow/.local/lib/python3.8/site-packages/airflow/example_dags/example_dynamic_task_mapping.py                                                      0           0
/home/airflow/.local/lib/python3.8/site-packages/airflow/example_dags/example_local_kubernetes_executor.py                                                 0           0
/home/airflow/.local/lib/python3.8/site-packages/airflow/example_dags/example_sensors.py                                                                   0           0
/home/airflow/.local/lib/python3.8/site-packages/airflow/example_dags/example_params_trigger_ui.py                                                         0           0
/home/airflow/.local/lib/python3.8/site-packages/airflow/example_dags/example_params_ui_tutorial.py                                                        0           0
/home/airflow/.local/lib/python3.8/site-packages/airflow/example_dags/tutorial_taskflow_api.py                                                             0           0
/home/airflow/.local/lib/python3.8/site-packages/airflow/example_dags/example_trigger_target_dag.py                                                        0           0
/home/airflow/.local/lib/python3.8/site-packages/airflow/example_dags/example_skip_dag.py                                                                  0           0
/home/airflow/.local/lib/python3.8/site-packages/airflow/example_dags/tutorial_objectstorage.py                                                            0           0
/home/airflow/.local/lib/python3.8/site-packages/airflow/example_dags/example_latest_only.py                                                               0           0
/home/airflow/.local/lib/python3.8/site-packages/airflow/example_dags/example_dag_decorator.py                                                             0           0
/home/airflow/.local/lib/python3.8/site-packages/airflow/example_dags/example_external_task_marker_dag.py                                                  0           0
/home/airflow/.local/lib/python3.8/site-packages/airflow/example_dags/tutorial_taskflow_api_virtualenv.py                                                  0           0
/home/airflow/.local/lib/python3.8/site-packages/airflow/example_dags/example_branch_operator_decorator.py                                                 0           0
/home/airflow/.local/lib/python3.8/site-packages/airflow/example_dags/example_nested_branch_dag.py                                                         0           0
/home/airflow/.local/lib/python3.8/site-packages/airflow/example_dags/example_branch_labels.py                                                             0           0
/home/airflow/.local/lib/python3.8/site-packages/airflow/example_dags/example_xcom.py                                                                      0           0
/home/airflow/.local/lib/python3.8/site-packages/airflow/example_dags/example_task_group_decorator.py                                                      0           0
/home/airflow/.local/lib/python3.8/site-packages/airflow/example_dags/example_task_group.py                                                                0           0
/home/airflow/.local/lib/python3.8/site-packages/airflow/example_dags/tutorial_dag.py                                                                      0           0
/home/airflow/.local/lib/python3.8/site-packages/airflow/example_dags/example_sensor_decorator.py                                                          0           0
/home/airflow/.local/lib/python3.8/site-packages/airflow/example_dags/example_branch_python_dop_operator_3.py                                              0           0
/home/airflow/.local/lib/python3.8/site-packages/airflow/example_dags/example_complex.py                                                                   0           0
/home/airflow/.local/lib/python3.8/site-packages/airflow/example_dags/subdags/subdag.py                                                                    0           0
/home/airflow/.local/lib/python3.8/site-packages/airflow/example_dags/plugins/listener_plugin.py                                                           0           0
/home/airflow/.local/lib/python3.8/site-packages/airflow/example_dags/plugins/workday.py                                                                   0           0
/home/airflow/.local/lib/python3.8/site-packages/airflow/example_dags/plugins/event_listener.py                                                            0           0
================================================================================
[2026-04-28T12:12:14.804+0000] {manager.py:879} INFO - 
================================================================================
DAG File Processing Stats

File Path                                                                                                                         PID    Runtime      # DAGs    # Errors  Last Runtime    Last Run
--------------------------------------------------------------------------------------------------------------------------------  -----  ---------  --------  ----------  --------------  -------------------
/home/airflow/.local/lib/python3.8/site-packages/airflow/example_dags/plugins/workday.py                                                                   0           0  1.59s           2026-04-28T12:12:03
/home/airflow/.local/lib/python3.8/site-packages/airflow/example_dags/example_datasets.py                                                                  6           0  1.44s           2026-04-28T12:11:45
/home/airflow/.local/lib/python3.8/site-packages/airflow/example_dags/example_dag_decorator.py                                                             1           0  1.31s           2026-04-28T12:11:57
/home/airflow/.local/lib/python3.8/site-packages/airflow/example_dags/example_xcomargs.py                                                                  2           0  1.15s           2026-04-28T12:11:47
/home/airflow/.local/lib/python3.8/site-packages/airflow/example_dags/example_setup_teardown_taskflow.py                                                   1           0  1.15s           2026-04-28T12:11:47
/home/airflow/.local/lib/python3.8/site-packages/airflow/example_dags/example_dynamic_task_mapping_with_no_taskflow_operators.py                           1           0  1.15s           2026-04-28T12:11:45
/home/airflow/.local/lib/python3.8/site-packages/airflow/example_dags/example_skip_dag.py                                                                  1           0  1.05s           2026-04-28T12:11:55
/home/airflow/.local/lib/python3.8/site-packages/airflow/example_dags/tutorial_dag.py                                                                      1           0  0.91s           2026-04-28T12:12:00
/home/airflow/.local/lib/python3.8/site-packages/airflow/example_dags/example_sensor_decorator.py                                                          1           0  0.88s           2026-04-28T12:12:00
/home/airflow/.local/lib/python3.8/site-packages/airflow/example_dags/example_branch_python_dop_operator_3.py                                              1           0  0.85s           2026-04-28T12:12:01
/home/airflow/.local/lib/python3.8/site-packages/airflow/example_dags/example_time_delta_sensor_async.py                                                   1           0  0.85s           2026-04-28T12:11:51
/home/airflow/.local/lib/python3.8/site-packages/airflow/example_dags/tutorial_objectstorage.py                                                            1           0  0.83s           2026-04-28T12:11:56
/home/airflow/.local/lib/python3.8/site-packages/airflow/example_dags/example_python_decorator.py                                                          1           0  0.82s           2026-04-28T12:11:46
/home/airflow/.local/lib/python3.8/site-packages/airflow/example_dags/example_bash_operator.py                                                             1           0  0.82s           2026-04-28T12:11:49
/home/airflow/.local/lib/python3.8/site-packages/airflow/example_dags/tutorial.py                                                                          1           0  0.79s           2026-04-28T12:11:52
/home/airflow/.local/lib/python3.8/site-packages/airflow/example_dags/example_params_ui_tutorial.py                                                        1           0  0.79s           2026-04-28T12:11:54
/home/airflow/.local/lib/python3.8/site-packages/airflow/example_dags/example_complex.py                                                                   1           0  0.76s           2026-04-28T12:12:01
/home/airflow/.local/lib/python3.8/site-packages/airflow/example_dags/example_latest_only.py                                                               1           0  0.74s           2026-04-28T12:11:56
/home/airflow/.local/lib/python3.8/site-packages/airflow/example_dags/example_latest_only_with_trigger.py                                                  1           0  0.74s           2026-04-28T12:11:50
/home/airflow/.local/lib/python3.8/site-packages/airflow/example_dags/example_external_task_marker_dag.py                                                  2           0  0.72s           2026-04-28T12:11:57
/home/airflow/.local/lib/python3.8/site-packages/airflow/example_dags/example_xcom.py                                                                      1           0  0.72s           2026-04-28T12:11:59
/home/airflow/.local/lib/python3.8/site-packages/airflow/example_dags/example_branch_operator.py                                                           1           0  0.71s           2026-04-28T12:11:47
/home/airflow/.local/lib/python3.8/site-packages/airflow/example_dags/example_sensors.py                                                                   1           0  0.70s           2026-04-28T12:11:53
/home/airflow/.local/lib/python3.8/site-packages/airflow/example_dags/example_sla_dag.py                                                                   1           0  0.68s           2026-04-28T12:11:49
/home/airflow/.local/lib/python3.8/site-packages/airflow/example_dags/example_setup_teardown.py                                                            1           0  0.67s           2026-04-28T12:11:52
/home/airflow/.local/lib/python3.8/site-packages/airflow/example_dags/example_task_group_decorator.py                                                      1           0  0.64s           2026-04-28T12:11:59
/home/airflow/.local/lib/python3.8/site-packages/airflow/example_dags/example_kubernetes_executor.py                                                       1           0  0.62s           2026-04-28T12:11:52
/home/airflow/.local/lib/python3.8/site-packages/airflow/example_dags/example_subdag_operator.py                                                           3           0  0.61s           2026-04-28T12:11:50
/home/airflow/.local/lib/python3.8/site-packages/airflow/example_dags/example_trigger_target_dag.py                                                        1           0  0.59s           2026-04-28T12:11:55
/home/airflow/.local/lib/python3.8/site-packages/airflow/example_dags/example_task_group.py                                                                1           0  0.59s           2026-04-28T12:11:59
/home/airflow/.local/lib/python3.8/site-packages/airflow/example_dags/example_short_circuit_operator.py                                                    1           0  0.56s           2026-04-28T12:11:48
/home/airflow/.local/lib/python3.8/site-packages/airflow/example_dags/tutorial_taskflow_api.py                                                             1           0  0.55s           2026-04-28T12:11:54
/home/airflow/.local/lib/python3.8/site-packages/airflow/example_dags/example_python_operator.py                                                           1           0  0.53s           2026-04-28T12:11:51
/home/airflow/.local/lib/python3.8/site-packages/airflow/example_dags/tutorial_taskflow_api_virtualenv.py                                                  1           0  0.52s           2026-04-28T12:11:57
/home/airflow/.local/lib/python3.8/site-packages/airflow/example_dags/example_params_trigger_ui.py                                                         1           0  0.51s           2026-04-28T12:11:53
/home/airflow/.local/lib/python3.8/site-packages/airflow/example_dags/example_short_circuit_decorator.py                                                   1           0  0.47s           2026-04-28T12:11:48
/home/airflow/.local/lib/python3.8/site-packages/airflow/example_dags/example_dynamic_task_mapping.py                                                      1           0  0.46s           2026-04-28T12:11:52
/home/airflow/.local/lib/python3.8/site-packages/airflow/example_dags/example_nested_branch_dag.py                                                         1           0  0.44s           2026-04-28T12:11:58
/home/airflow/.local/lib/python3.8/site-packages/airflow/example_dags/example_passing_params_via_test_command.py                                           1           0  0.42s           2026-04-28T12:11:51
/home/airflow/.local/lib/python3.8/site-packages/airflow/example_dags/example_branch_datetime_operator.py                                                  3           0  0.41s           2026-04-28T12:11:49
/home/airflow/.local/lib/python3.8/site-packages/airflow/example_dags/example_branch_labels.py                                                             1           0  0.39s           2026-04-28T12:11:58
/home/airflow/.local/lib/python3.8/site-packages/airflow/example_dags/example_branch_day_of_week_operator.py                                               1           0  0.36s           2026-04-28T12:11:50
/home/airflow/.local/lib/python3.8/site-packages/airflow/example_dags/example_local_kubernetes_executor.py                                                 1           0  0.35s           2026-04-28T12:11:53
/home/airflow/.local/lib/python3.8/site-packages/airflow/example_dags/example_trigger_controller_dag.py                                                    1           0  0.31s           2026-04-28T12:11:49
/home/airflow/.local/lib/python3.8/site-packages/airflow/example_dags/example_branch_operator_decorator.py                                                 1           0  0.31s           2026-04-28T12:11:58
/home/airflow/.local/lib/python3.8/site-packages/airflow/example_dags/subdags/subdag.py                                                                    0           0  0.24s           2026-04-28T12:12:01
/home/airflow/.local/lib/python3.8/site-packages/airflow/example_dags/plugins/event_listener.py                                                            0           0  0.16s           2026-04-28T12:12:02
/home/airflow/.local/lib/python3.8/site-packages/airflow/example_dags/plugins/listener_plugin.py                                                           0           0  0.16s           2026-04-28T12:12:01
================================================================================
[2026-04-28T12:12:44.918+0000] {manager.py:879} INFO - 
================================================================================
DAG File Processing Stats

File Path                                                                                                                         PID    Runtime      # DAGs    # Errors  Last Runtime    Last Run
--------------------------------------------------------------------------------------------------------------------------------  -----  ---------  --------  ----------  --------------  -------------------
/home/airflow/.local/lib/python3.8/site-packages/airflow/example_dags/plugins/workday.py                                                                   0           0  0.54s           2026-04-28T12:12:33
/home/airflow/.local/lib/python3.8/site-packages/airflow/example_dags/example_dag_decorator.py                                                             1           0  0.31s           2026-04-28T12:12:28
/home/airflow/.local/lib/python3.8/site-packages/airflow/example_dags/example_task_group_decorator.py                                                      1           0  0.23s           2026-04-28T12:12:30
/home/airflow/.local/lib/python3.8/site-packages/airflow/example_dags/example_params_trigger_ui.py                                                         1           0  0.22s           2026-04-28T12:12:24
/home/airflow/.local/lib/python3.8/site-packages/airflow/example_dags/example_xcom.py                                                                      1           0  0.20s           2026-04-28T12:12:29
/home/airflow/.local/lib/python3.8/site-packages/airflow/example_dags/example_branch_operator_decorator.py                                                 1           0  0.14s           2026-04-28T12:12:28
/home/airflow/.local/lib/python3.8/site-packages/airflow/example_dags/example_params_ui_tutorial.py                                                        1           0  0.14s           2026-04-28T12:12:25
/home/airflow/.local/lib/python3.8/site-packages/airflow/example_dags/example_local_kubernetes_executor.py                                                 1           0  0.13s           2026-04-28T12:12:23
/home/airflow/.local/lib/python3.8/site-packages/airflow/example_dags/example_sensors.py                                                                   1           0  0.13s           2026-04-28T12:12:24
/home/airflow/.local/lib/python3.8/site-packages/airflow/example_dags/example_datasets.py                                                                  6           0  0.13s           2026-04-28T12:12:16
/home/airflow/.local/lib/python3.8/site-packages/airflow/example_dags/tutorial.py                                                                          1           0  0.13s           2026-04-28T12:12:23
/home/airflow/.local/lib/python3.8/site-packages/airflow/example_dags/example_kubernetes_executor.py                                                       1           0  0.12s           2026-04-28T12:12:22
/home/airflow/.local/lib/python3.8/site-packages/airflow/example_dags/example_passing_params_via_test_command.py                                           1           0  0.12s           2026-04-28T12:12:22
/home/airflow/.local/lib/python3.8/site-packages/airflow/example_dags/example_branch_datetime_operator.py                                                  3           0  0.12s           2026-04-28T12:12:20
/home/airflow/.local/lib/python3.8/site-packages/airflow/example_dags/tutorial_taskflow_api_virtualenv.py                                                  1           0  0.12s           2026-04-28T12:12:28
/home/airflow/.local/lib/python3.8/site-packages/airflow/example_dags/example_subdag_operator.py                                                           3           0  0.12s           2026-04-28T12:12:21
/home/airflow/.local/lib/python3.8/site-packages/airflow/example_dags/example_trigger_controller_dag.py                                                    1           0  0.11s           2026-04-28T12:12:20
/home/airflow/.local/lib/python3.8/site-packages/airflow/example_dags/example_task_group.py                                                                1           0  0.11s           2026-04-28T12:12:30
/home/airflow/.local/lib/python3.8/site-packages/airflow/example_dags/example_complex.py                                                                   1           0  0.11s           2026-04-28T12:12:32
/home/airflow/.local/lib/python3.8/site-packages/airflow/example_dags/example_dynamic_task_mapping.py                                                      1           0  0.11s           2026-04-28T12:12:23
/home/airflow/.local/lib/python3.8/site-packages/airflow/example_dags/example_branch_python_dop_operator_3.py                                              1           0  0.11s           2026-04-28T12:12:32
/home/airflow/.local/lib/python3.8/site-packages/airflow/example_dags/example_branch_operator.py                                                           1           0  0.10s           2026-04-28T12:12:18
/home/airflow/.local/lib/python3.8/site-packages/airflow/example_dags/example_short_circuit_decorator.py                                                   1           0  0.10s           2026-04-28T12:12:19
/home/airflow/.local/lib/python3.8/site-packages/airflow/example_dags/example_nested_branch_dag.py                                                         1           0  0.10s           2026-04-28T12:12:28
/home/airflow/.local/lib/python3.8/site-packages/airflow/example_dags/example_latest_only_with_trigger.py                                                  1           0  0.10s           2026-04-28T12:12:21
/home/airflow/.local/lib/python3.8/site-packages/airflow/example_dags/example_python_decorator.py                                                          1           0  0.10s           2026-04-28T12:12:16
/home/airflow/.local/lib/python3.8/site-packages/airflow/example_dags/example_setup_teardown_taskflow.py                                                   1           0  0.10s           2026-04-28T12:12:18
/home/airflow/.local/lib/python3.8/site-packages/airflow/example_dags/example_xcomargs.py                                                                  2           0  0.10s           2026-04-28T12:12:18
/home/airflow/.local/lib/python3.8/site-packages/airflow/example_dags/example_short_circuit_operator.py                                                    1           0  0.10s           2026-04-28T12:12:19
/home/airflow/.local/lib/python3.8/site-packages/airflow/example_dags/example_latest_only.py                                                               1           0  0.09s           2026-04-28T12:12:27
/home/airflow/.local/lib/python3.8/site-packages/airflow/example_dags/example_branch_labels.py                                                             1           0  0.09s           2026-04-28T12:12:28
/home/airflow/.local/lib/python3.8/site-packages/airflow/example_dags/tutorial_dag.py                                                                      1           0  0.09s           2026-04-28T12:12:31
/home/airflow/.local/lib/python3.8/site-packages/airflow/example_dags/tutorial_taskflow_api.py                                                             1           0  0.09s           2026-04-28T12:12:25
/home/airflow/.local/lib/python3.8/site-packages/airflow/example_dags/tutorial_objectstorage.py                                                            1           0  0.09s           2026-04-28T12:12:27
/home/airflow/.local/lib/python3.8/site-packages/airflow/example_dags/example_sensor_decorator.py                                                          1           0  0.08s           2026-04-28T12:12:31
/home/airflow/.local/lib/python3.8/site-packages/airflow/example_dags/example_bash_operator.py                                                             1           0  0.08s           2026-04-28T12:12:19
/home/airflow/.local/lib/python3.8/site-packages/airflow/example_dags/example_sla_dag.py                                                                   1           0  0.07s           2026-04-28T12:12:19
/home/airflow/.local/lib/python3.8/site-packages/airflow/example_dags/example_trigger_target_dag.py                                                        1           0  0.07s           2026-04-28T12:12:25
/home/airflow/.local/lib/python3.8/site-packages/airflow/example_dags/example_branch_day_of_week_operator.py                                               1           0  0.07s           2026-04-28T12:12:21
/home/airflow/.local/lib/python3.8/site-packages/airflow/example_dags/example_skip_dag.py                                                                  1           0  0.07s           2026-04-28T12:12:26
/home/airflow/.local/lib/python3.8/site-packages/airflow/example_dags/example_setup_teardown.py                                                            1           0  0.07s           2026-04-28T12:12:22
/home/airflow/.local/lib/python3.8/site-packages/airflow/example_dags/example_external_task_marker_dag.py                                                  2           0  0.07s           2026-04-28T12:12:27
/home/airflow/.local/lib/python3.8/site-packages/airflow/example_dags/example_dynamic_task_mapping_with_no_taskflow_operators.py                           1           0  0.07s           2026-04-28T12:12:15
/home/airflow/.local/lib/python3.8/site-packages/airflow/example_dags/example_python_operator.py                                                           1           0  0.07s           2026-04-28T12:12:21
/home/airflow/.local/lib/python3.8/site-packages/airflow/example_dags/example_time_delta_sensor_async.py                                                   1           0  0.06s           2026-04-28T12:12:21
/home/airflow/.local/lib/python3.8/site-packages/airflow/example_dags/plugins/event_listener.py                                                            0           0  0.05s           2026-04-28T12:12:33
/home/airflow/.local/lib/python3.8/site-packages/airflow/example_dags/subdags/subdag.py                                                                    0           0  0.04s           2026-04-28T12:12:32
/home/airflow/.local/lib/python3.8/site-packages/airflow/example_dags/plugins/listener_plugin.py                                                           0           0  0.03s           2026-04-28T12:12:32
================================================================================
[2026-04-28T12:13:15.430+0000] {manager.py:879} INFO - 
================================================================================
DAG File Processing Stats

File Path                                                                                                                         PID    Runtime      # DAGs    # Errors  Last Runtime    Last Run
--------------------------------------------------------------------------------------------------------------------------------  -----  ---------  --------  ----------  --------------  -------------------
/home/airflow/.local/lib/python3.8/site-packages/airflow/example_dags/plugins/workday.py                                                                   0           0  0.39s           2026-04-28T12:13:04
/home/airflow/.local/lib/python3.8/site-packages/airflow/example_dags/example_dag_decorator.py                                                             1           0  0.31s           2026-04-28T12:12:59
/home/airflow/.local/lib/python3.8/site-packages/airflow/example_dags/example_params_ui_tutorial.py                                                        1           0  0.14s           2026-04-28T12:12:55
/home/airflow/.local/lib/python3.8/site-packages/airflow/example_dags/example_task_group_decorator.py                                                      1           0  0.14s           2026-04-28T12:13:01
/home/airflow/.local/lib/python3.8/site-packages/airflow/example_dags/example_branch_operator_decorator.py                                                 1           0  0.14s           2026-04-28T12:12:59
/home/airflow/.local/lib/python3.8/site-packages/airflow/example_dags/example_params_trigger_ui.py                                                         1           0  0.13s           2026-04-28T12:12:54
/home/airflow/.local/lib/python3.8/site-packages/airflow/example_dags/example_kubernetes_executor.py                                                       1           0  0.13s           2026-04-28T12:12:52
/home/airflow/.local/lib/python3.8/site-packages/airflow/example_dags/example_xcom.py                                                                      1           0  0.13s           2026-04-28T12:13:01
/home/airflow/.local/lib/python3.8/site-packages/airflow/example_dags/example_branch_datetime_operator.py                                                  3           0  0.12s           2026-04-28T12:12:50
/home/airflow/.local/lib/python3.8/site-packages/airflow/example_dags/example_branch_labels.py                                                             1           0  0.12s           2026-04-28T12:12:59
/home/airflow/.local/lib/python3.8/site-packages/airflow/example_dags/example_subdag_operator.py                                                           3           0  0.12s           2026-04-28T12:12:51
/home/airflow/.local/lib/python3.8/site-packages/airflow/example_dags/example_complex.py                                                                   1           0  0.12s           2026-04-28T12:13:03
/home/airflow/.local/lib/python3.8/site-packages/airflow/example_dags/example_setup_teardown_taskflow.py                                                   1           0  0.12s           2026-04-28T12:12:48
/home/airflow/.local/lib/python3.8/site-packages/airflow/example_dags/example_branch_python_dop_operator_3.py                                              1           0  0.11s           2026-04-28T12:13:03
/home/airflow/.local/lib/python3.8/site-packages/airflow/example_dags/example_branch_day_of_week_operator.py                                               1           0  0.11s           2026-04-28T12:12:51
/home/airflow/.local/lib/python3.8/site-packages/airflow/example_dags/example_passing_params_via_test_command.py                                           1           0  0.11s           2026-04-28T12:12:52
/home/airflow/.local/lib/python3.8/site-packages/airflow/example_dags/example_nested_branch_dag.py                                                         1           0  0.11s           2026-04-28T12:12:59
/home/airflow/.local/lib/python3.8/site-packages/airflow/example_dags/example_datasets.py                                                                  6           0  0.11s           2026-04-28T12:12:47
/home/airflow/.local/lib/python3.8/site-packages/airflow/example_dags/example_short_circuit_decorator.py                                                   1           0  0.11s           2026-04-28T12:12:49
/home/airflow/.local/lib/python3.8/site-packages/airflow/example_dags/example_trigger_controller_dag.py                                                    1           0  0.10s           2026-04-28T12:12:50
/home/airflow/.local/lib/python3.8/site-packages/airflow/example_dags/example_xcomargs.py                                                                  2           0  0.10s           2026-04-28T12:12:48
/home/airflow/.local/lib/python3.8/site-packages/airflow/example_dags/example_short_circuit_operator.py                                                    1           0  0.10s           2026-04-28T12:12:49
/home/airflow/.local/lib/python3.8/site-packages/airflow/example_dags/example_sensors.py                                                                   1           0  0.10s           2026-04-28T12:12:54
/home/airflow/.local/lib/python3.8/site-packages/airflow/example_dags/example_latest_only_with_trigger.py                                                  1           0  0.10s           2026-04-28T12:12:51
/home/airflow/.local/lib/python3.8/site-packages/airflow/example_dags/tutorial.py                                                                          1           0  0.10s           2026-04-28T12:12:54
/home/airflow/.local/lib/python3.8/site-packages/airflow/example_dags/example_setup_teardown.py                                                            1           0  0.09s           2026-04-28T12:12:53
/home/airflow/.local/lib/python3.8/site-packages/airflow/example_dags/example_dynamic_task_mapping.py                                                      1           0  0.09s           2026-04-28T12:12:54
/home/airflow/.local/lib/python3.8/site-packages/airflow/example_dags/example_latest_only.py                                                               1           0  0.09s           2026-04-28T12:12:57
/home/airflow/.local/lib/python3.8/site-packages/airflow/example_dags/tutorial_objectstorage.py                                                            1           0  0.09s           2026-04-28T12:12:57
/home/airflow/.local/lib/python3.8/site-packages/airflow/example_dags/tutorial_dag.py                                                                      1           0  0.09s           2026-04-28T12:13:02
/home/airflow/.local/lib/python3.8/site-packages/airflow/example_dags/example_trigger_target_dag.py                                                        1           0  0.09s           2026-04-28T12:12:55
/home/airflow/.local/lib/python3.8/site-packages/airflow/example_dags/example_python_operator.py                                                           1           0  0.09s           2026-04-28T12:12:51
/home/airflow/.local/lib/python3.8/site-packages/airflow/example_dags/example_sensor_decorator.py                                                          1           0  0.08s           2026-04-28T12:13:02
/home/airflow/.local/lib/python3.8/site-packages/airflow/example_dags/example_time_delta_sensor_async.py                                                   1           0  0.08s           2026-04-28T12:12:51
/home/airflow/.local/lib/python3.8/site-packages/airflow/example_dags/example_branch_operator.py                                                           1           0  0.08s           2026-04-28T12:12:48
/home/airflow/.local/lib/python3.8/site-packages/airflow/example_dags/example_bash_operator.py                                                             1           0  0.08s           2026-04-28T12:12:49
/home/airflow/.local/lib/python3.8/site-packages/airflow/example_dags/example_python_decorator.py                                                          1           0  0.07s           2026-04-28T12:12:47
/home/airflow/.local/lib/python3.8/site-packages/airflow/example_dags/example_task_group.py                                                                1           0  0.07s           2026-04-28T12:13:01
/home/airflow/.local/lib/python3.8/site-packages/airflow/example_dags/tutorial_taskflow_api.py                                                             1           0  0.07s           2026-04-28T12:12:55
/home/airflow/.local/lib/python3.8/site-packages/airflow/example_dags/example_local_kubernetes_executor.py                                                 1           0  0.07s           2026-04-28T12:12:54
/home/airflow/.local/lib/python3.8/site-packages/airflow/example_dags/example_sla_dag.py                                                                   1           0  0.07s           2026-04-28T12:12:49
/home/airflow/.local/lib/python3.8/site-packages/airflow/example_dags/example_skip_dag.py                                                                  1           0  0.07s           2026-04-28T12:12:56
/home/airflow/.local/lib/python3.8/site-packages/airflow/example_dags/example_dynamic_task_mapping_with_no_taskflow_operators.py                           1           0  0.07s           2026-04-28T12:12:45
/home/airflow/.local/lib/python3.8/site-packages/airflow/example_dags/tutorial_taskflow_api_virtualenv.py                                                  1           0  0.07s           2026-04-28T12:12:58
/home/airflow/.local/lib/python3.8/site-packages/airflow/example_dags/example_external_task_marker_dag.py                                                  2           0  0.06s           2026-04-28T12:12:57
/home/airflow/.local/lib/python3.8/site-packages/airflow/example_dags/plugins/event_listener.py                                                            0           0  0.05s           2026-04-28T12:13:04
/home/airflow/.local/lib/python3.8/site-packages/airflow/example_dags/subdags/subdag.py                                                                    0           0  0.04s           2026-04-28T12:13:03
/home/airflow/.local/lib/python3.8/site-packages/airflow/example_dags/plugins/listener_plugin.py                                                           0           0  0.03s           2026-04-28T12:13:03
================================================================================
[2026-04-28T12:13:46.000+0000] {manager.py:879} INFO - 
================================================================================
DAG File Processing Stats

File Path                                                                                                                         PID    Runtime      # DAGs    # Errors  Last Runtime    Last Run
--------------------------------------------------------------------------------------------------------------------------------  -----  ---------  --------  ----------  --------------  -------------------
/home/airflow/.local/lib/python3.8/site-packages/airflow/example_dags/plugins/workday.py                                                                   0           0  0.45s           2026-04-28T12:13:35
/home/airflow/.local/lib/python3.8/site-packages/airflow/example_dags/example_dag_decorator.py                                                             1           0  0.28s           2026-04-28T12:13:30
/home/airflow/.local/lib/python3.8/site-packages/airflow/example_dags/example_kubernetes_executor.py                                                       1           0  0.19s           2026-04-28T12:13:23
/home/airflow/.local/lib/python3.8/site-packages/airflow/example_dags/example_xcom.py                                                                      1           0  0.15s           2026-04-28T12:13:31
/home/airflow/.local/lib/python3.8/site-packages/airflow/example_dags/example_task_group_decorator.py                                                      1           0  0.15s           2026-04-28T12:13:31
/home/airflow/.local/lib/python3.8/site-packages/airflow/example_dags/example_params_ui_tutorial.py                                                        1           0  0.15s           2026-04-28T12:13:25
/home/airflow/.local/lib/python3.8/site-packages/airflow/example_dags/example_branch_operator_decorator.py                                                 1           0  0.15s           2026-04-28T12:13:30
/home/airflow/.local/lib/python3.8/site-packages/airflow/example_dags/example_subdag_operator.py                                                           3           0  0.13s           2026-04-28T12:13:22
/home/airflow/.local/lib/python3.8/site-packages/airflow/example_dags/example_datasets.py                                                                  6           0  0.13s           2026-04-28T12:13:17
/home/airflow/.local/lib/python3.8/site-packages/airflow/example_dags/example_passing_params_via_test_command.py                                           1           0  0.12s           2026-04-28T12:13:23
/home/airflow/.local/lib/python3.8/site-packages/airflow/example_dags/plugins/event_listener.py                                                            0           0  0.12s           2026-04-28T12:13:34
/home/airflow/.local/lib/python3.8/site-packages/airflow/example_dags/example_branch_datetime_operator.py                                                  3           0  0.12s           2026-04-28T12:13:21
/home/airflow/.local/lib/python3.8/site-packages/airflow/example_dags/example_params_trigger_ui.py                                                         1           0  0.12s           2026-04-28T12:13:24
/home/airflow/.local/lib/python3.8/site-packages/airflow/example_dags/example_setup_teardown_taskflow.py                                                   1           0  0.12s           2026-04-28T12:13:18
/home/airflow/.local/lib/python3.8/site-packages/airflow/example_dags/example_complex.py                                                                   1           0  0.11s           2026-04-28T12:13:33
/home/airflow/.local/lib/python3.8/site-packages/airflow/example_dags/example_nested_branch_dag.py                                                         1           0  0.11s           2026-04-28T12:13:30
/home/airflow/.local/lib/python3.8/site-packages/airflow/example_dags/example_branch_day_of_week_operator.py                                               1           0  0.11s           2026-04-28T12:13:22
/home/airflow/.local/lib/python3.8/site-packages/airflow/example_dags/example_trigger_controller_dag.py                                                    1           0  0.11s           2026-04-28T12:13:20
/home/airflow/.local/lib/python3.8/site-packages/airflow/example_dags/example_short_circuit_operator.py                                                    1           0  0.11s           2026-04-28T12:13:19
/home/airflow/.local/lib/python3.8/site-packages/airflow/example_dags/example_latest_only_with_trigger.py                                                  1           0  0.11s           2026-04-28T12:13:22
/home/airflow/.local/lib/python3.8/site-packages/airflow/example_dags/example_branch_python_dop_operator_3.py                                              1           0  0.10s           2026-04-28T12:13:33
/home/airflow/.local/lib/python3.8/site-packages/airflow/example_dags/example_short_circuit_decorator.py                                                   1           0  0.10s           2026-04-28T12:13:19
/home/airflow/.local/lib/python3.8/site-packages/airflow/example_dags/example_latest_only.py                                                               1           0  0.10s           2026-04-28T12:13:28
/home/airflow/.local/lib/python3.8/site-packages/airflow/example_dags/example_branch_operator.py                                                           1           0  0.10s           2026-04-28T12:13:18
/home/airflow/.local/lib/python3.8/site-packages/airflow/example_dags/tutorial.py                                                                          1           0  0.10s           2026-04-28T12:13:24
/home/airflow/.local/lib/python3.8/site-packages/airflow/example_dags/tutorial_objectstorage.py                                                            1           0  0.10s           2026-04-28T12:13:28
/home/airflow/.local/lib/python3.8/site-packages/airflow/example_dags/example_python_decorator.py                                                          1           0  0.10s           2026-04-28T12:13:17
/home/airflow/.local/lib/python3.8/site-packages/airflow/example_dags/example_xcomargs.py                                                                  2           0  0.10s           2026-04-28T12:13:18
/home/airflow/.local/lib/python3.8/site-packages/airflow/example_dags/example_setup_teardown.py                                                            1           0  0.10s           2026-04-28T12:13:23
/home/airflow/.local/lib/python3.8/site-packages/airflow/example_dags/example_dynamic_task_mapping.py                                                      1           0  0.10s           2026-04-28T12:13:24
/home/airflow/.local/lib/python3.8/site-packages/airflow/example_dags/example_sensors.py                                                                   1           0  0.09s           2026-04-28T12:13:24
/home/airflow/.local/lib/python3.8/site-packages/airflow/example_dags/tutorial_taskflow_api.py                                                             1           0  0.09s           2026-04-28T12:13:25
/home/airflow/.local/lib/python3.8/site-packages/airflow/example_dags/tutorial_dag.py                                                                      1           0  0.08s           2026-04-28T12:13:32
/home/airflow/.local/lib/python3.8/site-packages/airflow/example_dags/example_time_delta_sensor_async.py                                                   1           0  0.08s           2026-04-28T12:13:22
/home/airflow/.local/lib/python3.8/site-packages/airflow/example_dags/example_sensor_decorator.py                                                          1           0  0.08s           2026-04-28T12:13:32
/home/airflow/.local/lib/python3.8/site-packages/airflow/example_dags/example_branch_labels.py                                                             1           0  0.08s           2026-04-28T12:13:30
/home/airflow/.local/lib/python3.8/site-packages/airflow/example_dags/example_bash_operator.py                                                             1           0  0.08s           2026-04-28T12:13:19
/home/airflow/.local/lib/python3.8/site-packages/airflow/example_dags/example_python_operator.py                                                           1           0  0.08s           2026-04-28T12:13:22
/home/airflow/.local/lib/python3.8/site-packages/airflow/example_dags/example_trigger_target_dag.py                                                        1           0  0.07s           2026-04-28T12:13:25
/home/airflow/.local/lib/python3.8/site-packages/airflow/example_dags/example_local_kubernetes_executor.py                                                 1           0  0.07s           2026-04-28T12:13:24
/home/airflow/.local/lib/python3.8/site-packages/airflow/example_dags/example_skip_dag.py                                                                  1           0  0.07s           2026-04-28T12:13:26
/home/airflow/.local/lib/python3.8/site-packages/airflow/example_dags/example_task_group.py                                                                1           0  0.07s           2026-04-28T12:13:31
/home/airflow/.local/lib/python3.8/site-packages/airflow/example_dags/tutorial_taskflow_api_virtualenv.py                                                  1           0  0.07s           2026-04-28T12:13:29
/home/airflow/.local/lib/python3.8/site-packages/airflow/example_dags/example_sla_dag.py                                                                   1           0  0.07s           2026-04-28T12:13:19
/home/airflow/.local/lib/python3.8/site-packages/airflow/example_dags/example_dynamic_task_mapping_with_no_taskflow_operators.py                           1           0  0.07s           2026-04-28T12:13:16
/home/airflow/.local/lib/python3.8/site-packages/airflow/example_dags/example_external_task_marker_dag.py                                                  2           0  0.07s           2026-04-28T12:13:28
/home/airflow/.local/lib/python3.8/site-packages/airflow/example_dags/subdags/subdag.py                                                                    0           0  0.04s           2026-04-28T12:13:33
/home/airflow/.local/lib/python3.8/site-packages/airflow/example_dags/plugins/listener_plugin.py                                                           0           0  0.03s           2026-04-28T12:13:33
================================================================================
[2026-04-28T12:14:16.492+0000] {manager.py:879} INFO - 
================================================================================
DAG File Processing Stats

File Path                                                                                                                         PID    Runtime      # DAGs    # Errors  Last Runtime    Last Run
--------------------------------------------------------------------------------------------------------------------------------  -----  ---------  --------  ----------  --------------  -------------------
/home/airflow/.local/lib/python3.8/site-packages/airflow/example_dags/example_dag_decorator.py                                                             1           0  0.38s           2026-04-28T12:14:00
/home/airflow/.local/lib/python3.8/site-packages/airflow/example_dags/plugins/workday.py                                                                   0           0  0.36s           2026-04-28T12:14:05
/home/airflow/.local/lib/python3.8/site-packages/airflow/example_dags/example_branch_operator_decorator.py                                                 1           0  0.21s           2026-04-28T12:14:00
/home/airflow/.local/lib/python3.8/site-packages/airflow/example_dags/example_branch_datetime_operator.py                                                  3           0  0.14s           2026-04-28T12:13:51
/home/airflow/.local/lib/python3.8/site-packages/airflow/example_dags/example_subdag_operator.py                                                           3           0  0.14s           2026-04-28T12:13:52
/home/airflow/.local/lib/python3.8/site-packages/airflow/example_dags/example_params_ui_tutorial.py                                                        1           0  0.14s           2026-04-28T12:13:56
/home/airflow/.local/lib/python3.8/site-packages/airflow/example_dags/example_trigger_controller_dag.py                                                    1           0  0.13s           2026-04-28T12:13:51
/home/airflow/.local/lib/python3.8/site-packages/airflow/example_dags/example_datasets.py                                                                  6           0  0.13s           2026-04-28T12:13:48
/home/airflow/.local/lib/python3.8/site-packages/airflow/example_dags/example_branch_python_dop_operator_3.py                                              1           0  0.13s           2026-04-28T12:14:04
/home/airflow/.local/lib/python3.8/site-packages/airflow/example_dags/example_params_trigger_ui.py                                                         1           0  0.12s           2026-04-28T12:13:55
/home/airflow/.local/lib/python3.8/site-packages/airflow/example_dags/example_complex.py                                                                   1           0  0.12s           2026-04-28T12:14:04
/home/airflow/.local/lib/python3.8/site-packages/airflow/example_dags/example_kubernetes_executor.py                                                       1           0  0.11s           2026-04-28T12:13:53
/home/airflow/.local/lib/python3.8/site-packages/airflow/example_dags/example_short_circuit_decorator.py                                                   1           0  0.11s           2026-04-28T12:13:50
/home/airflow/.local/lib/python3.8/site-packages/airflow/example_dags/example_branch_labels.py                                                             1           0  0.11s           2026-04-28T12:14:01
/home/airflow/.local/lib/python3.8/site-packages/airflow/example_dags/example_task_group_decorator.py                                                      1           0  0.11s           2026-04-28T12:14:02
/home/airflow/.local/lib/python3.8/site-packages/airflow/example_dags/example_passing_params_via_test_command.py                                           1           0  0.11s           2026-04-28T12:13:53
/home/airflow/.local/lib/python3.8/site-packages/airflow/example_dags/example_bash_operator.py                                                             1           0  0.11s           2026-04-28T12:13:50
/home/airflow/.local/lib/python3.8/site-packages/airflow/example_dags/example_short_circuit_operator.py                                                    1           0  0.11s           2026-04-28T12:13:50
/home/airflow/.local/lib/python3.8/site-packages/airflow/example_dags/example_setup_teardown_taskflow.py                                                   1           0  0.10s           2026-04-28T12:13:49
/home/airflow/.local/lib/python3.8/site-packages/airflow/example_dags/example_local_kubernetes_executor.py                                                 1           0  0.10s           2026-04-28T12:13:55
/home/airflow/.local/lib/python3.8/site-packages/airflow/example_dags/example_sensors.py                                                                   1           0  0.10s           2026-04-28T12:13:55
/home/airflow/.local/lib/python3.8/site-packages/airflow/example_dags/example_dynamic_task_mapping.py                                                      1           0  0.10s           2026-04-28T12:13:55
/home/airflow/.local/lib/python3.8/site-packages/airflow/example_dags/example_nested_branch_dag.py                                                         1           0  0.10s           2026-04-28T12:14:00
/home/airflow/.local/lib/python3.8/site-packages/airflow/example_dags/example_branch_day_of_week_operator.py                                               1           0  0.10s           2026-04-28T12:13:52
/home/airflow/.local/lib/python3.8/site-packages/airflow/example_dags/example_sla_dag.py                                                                   1           0  0.10s           2026-04-28T12:13:50
/home/airflow/.local/lib/python3.8/site-packages/airflow/example_dags/example_xcom.py                                                                      1           0  0.10s           2026-04-28T12:14:02
/home/airflow/.local/lib/python3.8/site-packages/airflow/example_dags/example_python_decorator.py                                                          1           0  0.10s           2026-04-28T12:13:48
/home/airflow/.local/lib/python3.8/site-packages/airflow/example_dags/example_latest_only.py                                                               1           0  0.10s           2026-04-28T12:13:58
/home/airflow/.local/lib/python3.8/site-packages/airflow/example_dags/tutorial.py                                                                          1           0  0.10s           2026-04-28T12:13:54
/home/airflow/.local/lib/python3.8/site-packages/airflow/example_dags/example_latest_only_with_trigger.py                                                  1           0  0.09s           2026-04-28T12:13:52
/home/airflow/.local/lib/python3.8/site-packages/airflow/example_dags/example_xcomargs.py                                                                  2           0  0.09s           2026-04-28T12:13:49
/home/airflow/.local/lib/python3.8/site-packages/airflow/example_dags/example_python_operator.py                                                           1           0  0.09s           2026-04-28T12:13:52
/home/airflow/.local/lib/python3.8/site-packages/airflow/example_dags/tutorial_taskflow_api.py                                                             1           0  0.09s           2026-04-28T12:13:56
/home/airflow/.local/lib/python3.8/site-packages/airflow/example_dags/example_task_group.py                                                                1           0  0.09s           2026-04-28T12:14:02
/home/airflow/.local/lib/python3.8/site-packages/airflow/example_dags/example_trigger_target_dag.py                                                        1           0  0.09s           2026-04-28T12:13:56
/home/airflow/.local/lib/python3.8/site-packages/airflow/example_dags/tutorial_dag.py                                                                      1           0  0.09s           2026-04-28T12:14:03
/home/airflow/.local/lib/python3.8/site-packages/airflow/example_dags/example_time_delta_sensor_async.py                                                   1           0  0.09s           2026-04-28T12:13:52
/home/airflow/.local/lib/python3.8/site-packages/airflow/example_dags/example_sensor_decorator.py                                                          1           0  0.09s           2026-04-28T12:14:03
/home/airflow/.local/lib/python3.8/site-packages/airflow/example_dags/tutorial_objectstorage.py                                                            1           0  0.08s           2026-04-28T12:13:58
/home/airflow/.local/lib/python3.8/site-packages/airflow/example_dags/example_setup_teardown.py                                                            1           0  0.08s           2026-04-28T12:13:53
/home/airflow/.local/lib/python3.8/site-packages/airflow/example_dags/example_branch_operator.py                                                           1           0  0.08s           2026-04-28T12:13:49
/home/airflow/.local/lib/python3.8/site-packages/airflow/example_dags/example_skip_dag.py                                                                  1           0  0.07s           2026-04-28T12:13:57
/home/airflow/.local/lib/python3.8/site-packages/airflow/example_dags/example_dynamic_task_mapping_with_no_taskflow_operators.py                           1           0  0.07s           2026-04-28T12:13:47
/home/airflow/.local/lib/python3.8/site-packages/airflow/example_dags/example_external_task_marker_dag.py                                                  2           0  0.07s           2026-04-28T12:13:58
/home/airflow/.local/lib/python3.8/site-packages/airflow/example_dags/tutorial_taskflow_api_virtualenv.py                                                  1           0  0.07s           2026-04-28T12:13:59
/home/airflow/.local/lib/python3.8/site-packages/airflow/example_dags/plugins/event_listener.py                                                            0           0  0.05s           2026-04-28T12:14:05
/home/airflow/.local/lib/python3.8/site-packages/airflow/example_dags/subdags/subdag.py                                                                    0           0  0.04s           2026-04-28T12:14:04
/home/airflow/.local/lib/python3.8/site-packages/airflow/example_dags/plugins/listener_plugin.py                                                           0           0  0.03s           2026-04-28T12:14:04
================================================================================
[2026-04-28T12:14:47.080+0000] {manager.py:879} INFO - 
================================================================================
DAG File Processing Stats

File Path                                                                                                                         PID    Runtime      # DAGs    # Errors  Last Runtime    Last Run
--------------------------------------------------------------------------------------------------------------------------------  -----  ---------  --------  ----------  --------------  -------------------
/home/airflow/.local/lib/python3.8/site-packages/airflow/example_dags/plugins/workday.py                                                                   0           0  0.41s           2026-04-28T12:14:36
/home/airflow/.local/lib/python3.8/site-packages/airflow/example_dags/example_dag_decorator.py                                                             1           0  0.35s           2026-04-28T12:14:31
/home/airflow/.local/lib/python3.8/site-packages/airflow/example_dags/example_branch_labels.py                                                             1           0  0.21s           2026-04-28T12:14:31
/home/airflow/.local/lib/python3.8/site-packages/airflow/example_dags/example_params_ui_tutorial.py                                                        1           0  0.20s           2026-04-28T12:14:26
/home/airflow/.local/lib/python3.8/site-packages/airflow/example_dags/example_datasets.py                                                                  6           0  0.18s           2026-04-28T12:14:18
/home/airflow/.local/lib/python3.8/site-packages/airflow/example_dags/example_kubernetes_executor.py                                                       1           0  0.16s           2026-04-28T12:14:24
/home/airflow/.local/lib/python3.8/site-packages/airflow/example_dags/example_nested_branch_dag.py                                                         1           0  0.15s           2026-04-28T12:14:31
/home/airflow/.local/lib/python3.8/site-packages/airflow/example_dags/example_subdag_operator.py                                                           3           0  0.14s           2026-04-28T12:14:23
/home/airflow/.local/lib/python3.8/site-packages/airflow/example_dags/example_python_decorator.py                                                          1           0  0.14s           2026-04-28T12:14:18
/home/airflow/.local/lib/python3.8/site-packages/airflow/example_dags/example_branch_operator_decorator.py                                                 1           0  0.14s           2026-04-28T12:14:31
/home/airflow/.local/lib/python3.8/site-packages/airflow/example_dags/example_passing_params_via_test_command.py                                           1           0  0.13s           2026-04-28T12:14:24
/home/airflow/.local/lib/python3.8/site-packages/airflow/example_dags/example_complex.py                                                                   1           0  0.13s           2026-04-28T12:14:34
/home/airflow/.local/lib/python3.8/site-packages/airflow/example_dags/example_params_trigger_ui.py                                                         1           0  0.13s           2026-04-28T12:14:25
/home/airflow/.local/lib/python3.8/site-packages/airflow/example_dags/tutorial_taskflow_api.py                                                             1           0  0.13s           2026-04-28T12:14:26
/home/airflow/.local/lib/python3.8/site-packages/airflow/example_dags/example_branch_datetime_operator.py                                                  3           0  0.13s           2026-04-28T12:14:22
/home/airflow/.local/lib/python3.8/site-packages/airflow/example_dags/example_latest_only_with_trigger.py                                                  1           0  0.12s           2026-04-28T12:14:23
/home/airflow/.local/lib/python3.8/site-packages/airflow/example_dags/example_short_circuit_operator.py                                                    1           0  0.12s           2026-04-28T12:14:20
/home/airflow/.local/lib/python3.8/site-packages/airflow/example_dags/example_short_circuit_decorator.py                                                   1           0  0.11s           2026-04-28T12:14:20
/home/airflow/.local/lib/python3.8/site-packages/airflow/example_dags/example_bash_operator.py                                                             1           0  0.11s           2026-04-28T12:14:21
/home/airflow/.local/lib/python3.8/site-packages/airflow/example_dags/example_task_group_decorator.py                                                      1           0  0.11s           2026-04-28T12:14:32
/home/airflow/.local/lib/python3.8/site-packages/airflow/example_dags/example_trigger_controller_dag.py                                                    1           0  0.11s           2026-04-28T12:14:22
/home/airflow/.local/lib/python3.8/site-packages/airflow/example_dags/example_xcom.py                                                                      1           0  0.10s           2026-04-28T12:14:32
/home/airflow/.local/lib/python3.8/site-packages/airflow/example_dags/example_branch_python_dop_operator_3.py                                              1           0  0.10s           2026-04-28T12:14:34
/home/airflow/.local/lib/python3.8/site-packages/airflow/example_dags/example_sensors.py                                                                   1           0  0.10s           2026-04-28T12:14:25
/home/airflow/.local/lib/python3.8/site-packages/airflow/example_dags/example_latest_only.py                                                               1           0  0.10s           2026-04-28T12:14:29
/home/airflow/.local/lib/python3.8/site-packages/airflow/example_dags/example_dynamic_task_mapping.py                                                      1           0  0.10s           2026-04-28T12:14:25
/home/airflow/.local/lib/python3.8/site-packages/airflow/example_dags/example_setup_teardown_taskflow.py                                                   1           0  0.10s           2026-04-28T12:14:19
/home/airflow/.local/lib/python3.8/site-packages/airflow/example_dags/example_xcomargs.py                                                                  2           0  0.10s           2026-04-28T12:14:19
/home/airflow/.local/lib/python3.8/site-packages/airflow/example_dags/tutorial.py                                                                          1           0  0.10s           2026-04-28T12:14:25
/home/airflow/.local/lib/python3.8/site-packages/airflow/example_dags/example_branch_day_of_week_operator.py                                               1           0  0.10s           2026-04-28T12:14:23
/home/airflow/.local/lib/python3.8/site-packages/airflow/example_dags/example_sla_dag.py                                                                   1           0  0.10s           2026-04-28T12:14:21
/home/airflow/.local/lib/python3.8/site-packages/airflow/example_dags/plugins/event_listener.py                                                            0           0  0.10s           2026-04-28T12:14:36
/home/airflow/.local/lib/python3.8/site-packages/airflow/example_dags/tutorial_objectstorage.py                                                            1           0  0.10s           2026-04-28T12:14:29
/home/airflow/.local/lib/python3.8/site-packages/airflow/example_dags/example_python_operator.py                                                           1           0  0.09s           2026-04-28T12:14:23
/home/airflow/.local/lib/python3.8/site-packages/airflow/example_dags/example_trigger_target_dag.py                                                        1           0  0.09s           2026-04-28T12:14:26
/home/airflow/.local/lib/python3.8/site-packages/airflow/example_dags/example_setup_teardown.py                                                            1           0  0.09s           2026-04-28T12:14:24
/home/airflow/.local/lib/python3.8/site-packages/airflow/example_dags/tutorial_taskflow_api_virtualenv.py                                                  1           0  0.09s           2026-04-28T12:14:30
/home/airflow/.local/lib/python3.8/site-packages/airflow/example_dags/example_sensor_decorator.py                                                          1           0  0.08s           2026-04-28T12:14:33
/home/airflow/.local/lib/python3.8/site-packages/airflow/example_dags/tutorial_dag.py                                                                      1           0  0.08s           2026-04-28T12:14:33
/home/airflow/.local/lib/python3.8/site-packages/airflow/example_dags/example_branch_operator.py                                                           1           0  0.08s           2026-04-28T12:14:19
/home/airflow/.local/lib/python3.8/site-packages/airflow/example_dags/example_skip_dag.py                                                                  1           0  0.08s           2026-04-28T12:14:28
/home/airflow/.local/lib/python3.8/site-packages/airflow/example_dags/example_local_kubernetes_executor.py                                                 1           0  0.07s           2026-04-28T12:14:25
/home/airflow/.local/lib/python3.8/site-packages/airflow/example_dags/example_task_group.py                                                                1           0  0.07s           2026-04-28T12:14:32
/home/airflow/.local/lib/python3.8/site-packages/airflow/example_dags/example_external_task_marker_dag.py                                                  2           0  0.07s           2026-04-28T12:14:29
/home/airflow/.local/lib/python3.8/site-packages/airflow/example_dags/example_dynamic_task_mapping_with_no_taskflow_operators.py                           1           0  0.07s           2026-04-28T12:14:17
/home/airflow/.local/lib/python3.8/site-packages/airflow/example_dags/example_time_delta_sensor_async.py                                                   1           0  0.06s           2026-04-28T12:14:23
/home/airflow/.local/lib/python3.8/site-packages/airflow/example_dags/subdags/subdag.py                                                                    0           0  0.04s           2026-04-28T12:14:34
/home/airflow/.local/lib/python3.8/site-packages/airflow/example_dags/plugins/listener_plugin.py                                                           0           0  0.03s           2026-04-28T12:14:34
================================================================================
[2026-04-28T12:15:17.221+0000] {manager.py:879} INFO - 
================================================================================
DAG File Processing Stats

File Path                                                                                                                         PID    Runtime      # DAGs    # Errors  Last Runtime    Last Run
--------------------------------------------------------------------------------------------------------------------------------  -----  ---------  --------  ----------  --------------  -------------------
/home/airflow/.local/lib/python3.8/site-packages/airflow/example_dags/example_dag_decorator.py                                                             1           0  0.45s           2026-04-28T12:15:02
/home/airflow/.local/lib/python3.8/site-packages/airflow/example_dags/plugins/workday.py                                                                   0           0  0.38s           2026-04-28T12:15:07
/home/airflow/.local/lib/python3.8/site-packages/airflow/example_dags/example_datasets.py                                                                  6           0  0.29s           2026-04-28T12:14:49
/home/airflow/.local/lib/python3.8/site-packages/airflow/example_dags/example_python_decorator.py                                                          1           0  0.25s           2026-04-28T12:14:49
/home/airflow/.local/lib/python3.8/site-packages/airflow/example_dags/example_branch_operator_decorator.py                                                 1           0  0.21s           2026-04-28T12:15:02
/home/airflow/.local/lib/python3.8/site-packages/airflow/example_dags/example_params_ui_tutorial.py                                                        1           0  0.20s           2026-04-28T12:14:57
/home/airflow/.local/lib/python3.8/site-packages/airflow/example_dags/example_nested_branch_dag.py                                                         1           0  0.18s           2026-04-28T12:15:02
/home/airflow/.local/lib/python3.8/site-packages/airflow/example_dags/tutorial_taskflow_api.py                                                             1           0  0.17s           2026-04-28T12:14:57
/home/airflow/.local/lib/python3.8/site-packages/airflow/example_dags/example_complex.py                                                                   1           0  0.15s           2026-04-28T12:15:05
/home/airflow/.local/lib/python3.8/site-packages/airflow/example_dags/tutorial_taskflow_api_virtualenv.py                                                  1           0  0.14s           2026-04-28T12:15:00
/home/airflow/.local/lib/python3.8/site-packages/airflow/example_dags/example_setup_teardown_taskflow.py                                                   1           0  0.14s           2026-04-28T12:14:50
/home/airflow/.local/lib/python3.8/site-packages/airflow/example_dags/example_branch_datetime_operator.py                                                  3           0  0.12s           2026-04-28T12:14:52
/home/airflow/.local/lib/python3.8/site-packages/airflow/example_dags/example_kubernetes_executor.py                                                       1           0  0.12s           2026-04-28T12:14:55
/home/airflow/.local/lib/python3.8/site-packages/airflow/example_dags/example_subdag_operator.py                                                           3           0  0.12s           2026-04-28T12:14:53
/home/airflow/.local/lib/python3.8/site-packages/airflow/example_dags/example_branch_python_dop_operator_3.py                                              1           0  0.11s           2026-04-28T12:15:05
/home/airflow/.local/lib/python3.8/site-packages/airflow/example_dags/example_task_group_decorator.py                                                      1           0  0.11s           2026-04-28T12:15:03
/home/airflow/.local/lib/python3.8/site-packages/airflow/example_dags/example_xcomargs.py                                                                  2           0  0.11s           2026-04-28T12:14:50
/home/airflow/.local/lib/python3.8/site-packages/airflow/example_dags/example_trigger_controller_dag.py                                                    1           0  0.11s           2026-04-28T12:14:52
/home/airflow/.local/lib/python3.8/site-packages/airflow/example_dags/example_passing_params_via_test_command.py                                           1           0  0.11s           2026-04-28T12:14:55
/home/airflow/.local/lib/python3.8/site-packages/airflow/example_dags/example_dynamic_task_mapping_with_no_taskflow_operators.py                           1           0  0.11s           2026-04-28T12:14:48
/home/airflow/.local/lib/python3.8/site-packages/airflow/example_dags/example_short_circuit_decorator.py                                                   1           0  0.10s           2026-04-28T12:14:51
/home/airflow/.local/lib/python3.8/site-packages/airflow/example_dags/subdags/subdag.py                                                                    0           0  0.10s           2026-04-28T12:15:05
/home/airflow/.local/lib/python3.8/site-packages/airflow/example_dags/example_short_circuit_operator.py                                                    1           0  0.10s           2026-04-28T12:14:51
/home/airflow/.local/lib/python3.8/site-packages/airflow/example_dags/example_branch_operator.py                                                           1           0  0.10s           2026-04-28T12:14:50
/home/airflow/.local/lib/python3.8/site-packages/airflow/example_dags/example_latest_only_with_trigger.py                                                  1           0  0.10s           2026-04-28T12:14:53
/home/airflow/.local/lib/python3.8/site-packages/airflow/example_dags/example_local_kubernetes_executor.py                                                 1           0  0.10s           2026-04-28T12:14:56
/home/airflow/.local/lib/python3.8/site-packages/airflow/example_dags/example_xcom.py                                                                      1           0  0.10s           2026-04-28T12:15:03
/home/airflow/.local/lib/python3.8/site-packages/airflow/example_dags/tutorial.py                                                                          1           0  0.10s           2026-04-28T12:14:56
/home/airflow/.local/lib/python3.8/site-packages/airflow/example_dags/example_branch_day_of_week_operator.py                                               1           0  0.10s           2026-04-28T12:14:54
/home/airflow/.local/lib/python3.8/site-packages/airflow/example_dags/example_sensors.py                                                                   1           0  0.09s           2026-04-28T12:14:56
/home/airflow/.local/lib/python3.8/site-packages/airflow/example_dags/example_time_delta_sensor_async.py                                                   1           0  0.09s           2026-04-28T12:14:54
/home/airflow/.local/lib/python3.8/site-packages/airflow/example_dags/example_dynamic_task_mapping.py                                                      1           0  0.09s           2026-04-28T12:14:56
/home/airflow/.local/lib/python3.8/site-packages/airflow/example_dags/example_params_trigger_ui.py                                                         1           0  0.09s           2026-04-28T12:14:56
/home/airflow/.local/lib/python3.8/site-packages/airflow/example_dags/example_latest_only.py                                                               1           0  0.09s           2026-04-28T12:14:59
/home/airflow/.local/lib/python3.8/site-packages/airflow/example_dags/example_branch_labels.py                                                             1           0  0.09s           2026-04-28T12:15:02
/home/airflow/.local/lib/python3.8/site-packages/airflow/example_dags/example_sensor_decorator.py                                                          1           0  0.09s           2026-04-28T12:15:04
/home/airflow/.local/lib/python3.8/site-packages/airflow/example_dags/tutorial_dag.py                                                                      1           0  0.09s           2026-04-28T12:15:04
/home/airflow/.local/lib/python3.8/site-packages/airflow/example_dags/tutorial_objectstorage.py                                                            1           0  0.09s           2026-04-28T12:14:59
/home/airflow/.local/lib/python3.8/site-packages/airflow/example_dags/example_setup_teardown.py                                                            1           0  0.08s           2026-04-28T12:14:55
/home/airflow/.local/lib/python3.8/site-packages/airflow/example_dags/example_bash_operator.py                                                             1           0  0.08s           2026-04-28T12:14:51
/home/airflow/.local/lib/python3.8/site-packages/airflow/example_dags/example_task_group.py                                                                1           0  0.07s           2026-04-28T12:15:03
/home/airflow/.local/lib/python3.8/site-packages/airflow/example_dags/example_external_task_marker_dag.py                                                  2           0  0.07s           2026-04-28T12:14:59
/home/airflow/.local/lib/python3.8/site-packages/airflow/example_dags/example_skip_dag.py                                                                  1           0  0.07s           2026-04-28T12:14:58
/home/airflow/.local/lib/python3.8/site-packages/airflow/example_dags/example_sla_dag.py                                                                   1           0  0.07s           2026-04-28T12:14:51
/home/airflow/.local/lib/python3.8/site-packages/airflow/example_dags/example_python_operator.py                                                           1           0  0.07s           2026-04-28T12:14:54
/home/airflow/.local/lib/python3.8/site-packages/airflow/example_dags/example_trigger_target_dag.py                                                        1           0  0.07s           2026-04-28T12:14:57
/home/airflow/.local/lib/python3.8/site-packages/airflow/example_dags/plugins/listener_plugin.py                                                           0           0  0.05s           2026-04-28T12:15:05
/home/airflow/.local/lib/python3.8/site-packages/airflow/example_dags/plugins/event_listener.py                                                            0           0  0.04s           2026-04-28T12:15:06
================================================================================
[2026-04-28T12:15:47.264+0000] {manager.py:879} INFO - 
================================================================================
DAG File Processing Stats

File Path                                                                                                                         PID    Runtime      # DAGs    # Errors  Last Runtime    Last Run
--------------------------------------------------------------------------------------------------------------------------------  -----  ---------  --------  ----------  --------------  -------------------
/home/airflow/.local/lib/python3.8/site-packages/airflow/example_dags/plugins/workday.py                                                                   0           0  0.40s           2026-04-28T12:15:37
/home/airflow/.local/lib/python3.8/site-packages/airflow/example_dags/example_dag_decorator.py                                                             1           0  0.37s           2026-04-28T12:15:32
/home/airflow/.local/lib/python3.8/site-packages/airflow/example_dags/example_bash_operator.py                                                             1           0  0.30s           2026-04-28T12:15:22
/home/airflow/.local/lib/python3.8/site-packages/airflow/example_dags/example_sla_dag.py                                                                   1           0  0.27s           2026-04-28T12:15:22
/home/airflow/.local/lib/python3.8/site-packages/airflow/example_dags/example_datasets.py                                                                  6           0  0.26s           2026-04-28T12:15:20
/home/airflow/.local/lib/python3.8/site-packages/airflow/example_dags/example_short_circuit_operator.py                                                    1           0  0.22s           2026-04-28T12:15:21
/home/airflow/.local/lib/python3.8/site-packages/airflow/example_dags/example_setup_teardown_taskflow.py                                                   1           0  0.20s           2026-04-28T12:15:20
/home/airflow/.local/lib/python3.8/site-packages/airflow/example_dags/example_short_circuit_decorator.py                                                   1           0  0.19s           2026-04-28T12:15:21
/home/airflow/.local/lib/python3.8/site-packages/airflow/example_dags/example_branch_python_dop_operator_3.py                                              1           0  0.18s           2026-04-28T12:15:36
/home/airflow/.local/lib/python3.8/site-packages/airflow/example_dags/example_branch_operator_decorator.py                                                 1           0  0.18s           2026-04-28T12:15:32
/home/airflow/.local/lib/python3.8/site-packages/airflow/example_dags/example_nested_branch_dag.py                                                         1           0  0.16s           2026-04-28T12:15:32
/home/airflow/.local/lib/python3.8/site-packages/airflow/example_dags/example_branch_datetime_operator.py                                                  3           0  0.16s           2026-04-28T12:15:23
/home/airflow/.local/lib/python3.8/site-packages/airflow/example_dags/example_python_decorator.py                                                          1           0  0.16s           2026-04-28T12:15:20
/home/airflow/.local/lib/python3.8/site-packages/airflow/example_dags/example_params_ui_tutorial.py                                                        1           0  0.14s           2026-04-28T12:15:28
/home/airflow/.local/lib/python3.8/site-packages/airflow/example_dags/example_latest_only_with_trigger.py                                                  1           0  0.14s           2026-04-28T12:15:24
/home/airflow/.local/lib/python3.8/site-packages/airflow/example_dags/example_xcomargs.py                                                                  2           0  0.14s           2026-04-28T12:15:20
/home/airflow/.local/lib/python3.8/site-packages/airflow/example_dags/example_subdag_operator.py                                                           3           0  0.14s           2026-04-28T12:15:24
/home/airflow/.local/lib/python3.8/site-packages/airflow/example_dags/example_latest_only.py                                                               1           0  0.13s           2026-04-28T12:15:30
/home/airflow/.local/lib/python3.8/site-packages/airflow/example_dags/example_trigger_controller_dag.py                                                    1           0  0.13s           2026-04-28T12:15:23
/home/airflow/.local/lib/python3.8/site-packages/airflow/example_dags/example_branch_operator.py                                                           1           0  0.13s           2026-04-28T12:15:20
/home/airflow/.local/lib/python3.8/site-packages/airflow/example_dags/example_params_trigger_ui.py                                                         1           0  0.12s           2026-04-28T12:15:27
/home/airflow/.local/lib/python3.8/site-packages/airflow/example_dags/tutorial_objectstorage.py                                                            1           0  0.12s           2026-04-28T12:15:30
/home/airflow/.local/lib/python3.8/site-packages/airflow/example_dags/example_complex.py                                                                   1           0  0.12s           2026-04-28T12:15:36
/home/airflow/.local/lib/python3.8/site-packages/airflow/example_dags/example_kubernetes_executor.py                                                       1           0  0.12s           2026-04-28T12:15:25
/home/airflow/.local/lib/python3.8/site-packages/airflow/example_dags/example_task_group_decorator.py                                                      1           0  0.11s           2026-04-28T12:15:33
/home/airflow/.local/lib/python3.8/site-packages/airflow/example_dags/example_external_task_marker_dag.py                                                  2           0  0.11s           2026-04-28T12:15:30
/home/airflow/.local/lib/python3.8/site-packages/airflow/example_dags/example_sensors.py                                                                   1           0  0.11s           2026-04-28T12:15:27
/home/airflow/.local/lib/python3.8/site-packages/airflow/example_dags/example_passing_params_via_test_command.py                                           1           0  0.11s           2026-04-28T12:15:25
/home/airflow/.local/lib/python3.8/site-packages/airflow/example_dags/example_dynamic_task_mapping_with_no_taskflow_operators.py                           1           0  0.10s           2026-04-28T12:15:18
/home/airflow/.local/lib/python3.8/site-packages/airflow/example_dags/example_dynamic_task_mapping.py                                                      1           0  0.10s           2026-04-28T12:15:26
/home/airflow/.local/lib/python3.8/site-packages/airflow/example_dags/example_xcom.py                                                                      1           0  0.10s           2026-04-28T12:15:33
/home/airflow/.local/lib/python3.8/site-packages/airflow/example_dags/tutorial.py                                                                          1           0  0.10s           2026-04-28T12:15:26
/home/airflow/.local/lib/python3.8/site-packages/airflow/example_dags/example_branch_day_of_week_operator.py                                               1           0  0.10s           2026-04-28T12:15:24
/home/airflow/.local/lib/python3.8/site-packages/airflow/example_dags/example_branch_labels.py                                                             1           0  0.10s           2026-04-28T12:15:32
/home/airflow/.local/lib/python3.8/site-packages/airflow/example_dags/example_skip_dag.py                                                                  1           0  0.10s           2026-04-28T12:15:29
/home/airflow/.local/lib/python3.8/site-packages/airflow/example_dags/example_python_operator.py                                                           1           0  0.09s           2026-04-28T12:15:24
/home/airflow/.local/lib/python3.8/site-packages/airflow/example_dags/tutorial_taskflow_api.py                                                             1           0  0.09s           2026-04-28T12:15:28
/home/airflow/.local/lib/python3.8/site-packages/airflow/example_dags/tutorial_dag.py                                                                      1           0  0.09s           2026-04-28T12:15:34
/home/airflow/.local/lib/python3.8/site-packages/airflow/example_dags/example_sensor_decorator.py                                                          1           0  0.08s           2026-04-28T12:15:34
/home/airflow/.local/lib/python3.8/site-packages/airflow/example_dags/example_trigger_target_dag.py                                                        1           0  0.08s           2026-04-28T12:15:28
/home/airflow/.local/lib/python3.8/site-packages/airflow/example_dags/example_task_group.py                                                                1           0  0.07s           2026-04-28T12:15:33
/home/airflow/.local/lib/python3.8/site-packages/airflow/example_dags/example_setup_teardown.py                                                            1           0  0.07s           2026-04-28T12:15:25
/home/airflow/.local/lib/python3.8/site-packages/airflow/example_dags/example_local_kubernetes_executor.py                                                 1           0  0.07s           2026-04-28T12:15:26
/home/airflow/.local/lib/python3.8/site-packages/airflow/example_dags/tutorial_taskflow_api_virtualenv.py                                                  1           0  0.06s           2026-04-28T12:15:31
/home/airflow/.local/lib/python3.8/site-packages/airflow/example_dags/example_time_delta_sensor_async.py                                                   1           0  0.06s           2026-04-28T12:15:24
/home/airflow/.local/lib/python3.8/site-packages/airflow/example_dags/subdags/subdag.py                                                                    0           0  0.05s           2026-04-28T12:15:36
/home/airflow/.local/lib/python3.8/site-packages/airflow/example_dags/plugins/event_listener.py                                                            0           0  0.03s           2026-04-28T12:15:37
/home/airflow/.local/lib/python3.8/site-packages/airflow/example_dags/plugins/listener_plugin.py                                                           0           0  0.03s           2026-04-28T12:15:36
================================================================================
[2026-04-28T12:16:17.571+0000] {manager.py:879} INFO - 
================================================================================
DAG File Processing Stats

File Path                                                                                                                         PID    Runtime      # DAGs    # Errors  Last Runtime    Last Run
--------------------------------------------------------------------------------------------------------------------------------  -----  ---------  --------  ----------  --------------  -------------------
/home/airflow/.local/lib/python3.8/site-packages/airflow/example_dags/example_dag_decorator.py                                                             1           0  0.46s           2026-04-28T12:16:03
/home/airflow/.local/lib/python3.8/site-packages/airflow/example_dags/plugins/workday.py                                                                   0           0  0.38s           2026-04-28T12:16:08
/home/airflow/.local/lib/python3.8/site-packages/airflow/example_dags/example_short_circuit_operator.py                                                    1           0  0.35s           2026-04-28T12:15:52
/home/airflow/.local/lib/python3.8/site-packages/airflow/example_dags/example_short_circuit_decorator.py                                                   1           0  0.31s           2026-04-28T12:15:52
/home/airflow/.local/lib/python3.8/site-packages/airflow/example_dags/example_bash_operator.py                                                             1           0  0.31s           2026-04-28T12:15:52
/home/airflow/.local/lib/python3.8/site-packages/airflow/example_dags/example_setup_teardown_taskflow.py                                                   1           0  0.24s           2026-04-28T12:15:51
/home/airflow/.local/lib/python3.8/site-packages/airflow/example_dags/example_python_decorator.py                                                          1           0  0.24s           2026-04-28T12:15:50
/home/airflow/.local/lib/python3.8/site-packages/airflow/example_dags/example_params_ui_tutorial.py                                                        1           0  0.23s           2026-04-28T12:15:58
/home/airflow/.local/lib/python3.8/site-packages/airflow/example_dags/example_datasets.py                                                                  6           0  0.21s           2026-04-28T12:15:50
/home/airflow/.local/lib/python3.8/site-packages/airflow/example_dags/example_branch_datetime_operator.py                                                  3           0  0.20s           2026-04-28T12:15:54
/home/airflow/.local/lib/python3.8/site-packages/airflow/example_dags/example_branch_operator.py                                                           1           0  0.17s           2026-04-28T12:15:51
/home/airflow/.local/lib/python3.8/site-packages/airflow/example_dags/example_branch_operator_decorator.py                                                 1           0  0.17s           2026-04-28T12:16:03
/home/airflow/.local/lib/python3.8/site-packages/airflow/example_dags/tutorial_taskflow_api.py                                                             1           0  0.16s           2026-04-28T12:15:58
/home/airflow/.local/lib/python3.8/site-packages/airflow/example_dags/example_subdag_operator.py                                                           3           0  0.16s           2026-04-28T12:15:55
/home/airflow/.local/lib/python3.8/site-packages/airflow/example_dags/example_branch_labels.py                                                             1           0  0.16s           2026-04-28T12:16:03
/home/airflow/.local/lib/python3.8/site-packages/airflow/example_dags/example_params_trigger_ui.py                                                         1           0  0.15s           2026-04-28T12:15:57
/home/airflow/.local/lib/python3.8/site-packages/airflow/example_dags/example_trigger_target_dag.py                                                        1           0  0.14s           2026-04-28T12:15:59
/home/airflow/.local/lib/python3.8/site-packages/airflow/example_dags/example_latest_only_with_trigger.py                                                  1           0  0.14s           2026-04-28T12:15:55
/home/airflow/.local/lib/python3.8/site-packages/airflow/example_dags/example_sla_dag.py                                                                   1           0  0.14s           2026-04-28T12:15:52
/home/airflow/.local/lib/python3.8/site-packages/airflow/example_dags/example_dynamic_task_mapping.py                                                      1           0  0.13s           2026-04-28T12:15:57
/home/airflow/.local/lib/python3.8/site-packages/airflow/example_dags/example_xcomargs.py                                                                  2           0  0.13s           2026-04-28T12:15:51
/home/airflow/.local/lib/python3.8/site-packages/airflow/example_dags/example_trigger_controller_dag.py                                                    1           0  0.13s           2026-04-28T12:15:53
/home/airflow/.local/lib/python3.8/site-packages/airflow/example_dags/tutorial.py                                                                          1           0  0.13s           2026-04-28T12:15:57
/home/airflow/.local/lib/python3.8/site-packages/airflow/example_dags/example_kubernetes_executor.py                                                       1           0  0.12s           2026-04-28T12:15:56
/home/airflow/.local/lib/python3.8/site-packages/airflow/example_dags/example_sensors.py                                                                   1           0  0.12s           2026-04-28T12:15:57
/home/airflow/.local/lib/python3.8/site-packages/airflow/example_dags/example_task_group_decorator.py                                                      1           0  0.12s           2026-04-28T12:16:04
/home/airflow/.local/lib/python3.8/site-packages/airflow/example_dags/example_complex.py                                                                   1           0  0.11s           2026-04-28T12:16:07
/home/airflow/.local/lib/python3.8/site-packages/airflow/example_dags/example_branch_python_dop_operator_3.py                                              1           0  0.11s           2026-04-28T12:16:07
/home/airflow/.local/lib/python3.8/site-packages/airflow/example_dags/example_nested_branch_dag.py                                                         1           0  0.11s           2026-04-28T12:16:03
/home/airflow/.local/lib/python3.8/site-packages/airflow/example_dags/example_passing_params_via_test_command.py                                           1           0  0.11s           2026-04-28T12:15:56
/home/airflow/.local/lib/python3.8/site-packages/airflow/example_dags/example_latest_only.py                                                               1           0  0.11s           2026-04-28T12:16:01
/home/airflow/.local/lib/python3.8/site-packages/airflow/example_dags/example_external_task_marker_dag.py                                                  2           0  0.11s           2026-04-28T12:16:01
/home/airflow/.local/lib/python3.8/site-packages/airflow/example_dags/example_xcom.py                                                                      1           0  0.10s           2026-04-28T12:16:04
/home/airflow/.local/lib/python3.8/site-packages/airflow/example_dags/example_branch_day_of_week_operator.py                                               1           0  0.10s           2026-04-28T12:15:55
/home/airflow/.local/lib/python3.8/site-packages/airflow/example_dags/example_sensor_decorator.py                                                          1           0  0.09s           2026-04-28T12:16:05
/home/airflow/.local/lib/python3.8/site-packages/airflow/example_dags/tutorial_objectstorage.py                                                            1           0  0.09s           2026-04-28T12:16:01
/home/airflow/.local/lib/python3.8/site-packages/airflow/example_dags/tutorial_dag.py                                                                      1           0  0.09s           2026-04-28T12:16:05
/home/airflow/.local/lib/python3.8/site-packages/airflow/example_dags/example_time_delta_sensor_async.py                                                   1           0  0.08s           2026-04-28T12:15:55
/home/airflow/.local/lib/python3.8/site-packages/airflow/example_dags/example_local_kubernetes_executor.py                                                 1           0  0.08s           2026-04-28T12:15:57
/home/airflow/.local/lib/python3.8/site-packages/airflow/example_dags/example_setup_teardown.py                                                            1           0  0.08s           2026-04-28T12:15:56
/home/airflow/.local/lib/python3.8/site-packages/airflow/example_dags/example_task_group.py                                                                1           0  0.08s           2026-04-28T12:16:04
/home/airflow/.local/lib/python3.8/site-packages/airflow/example_dags/example_python_operator.py                                                           1           0  0.07s           2026-04-28T12:15:55
/home/airflow/.local/lib/python3.8/site-packages/airflow/example_dags/example_skip_dag.py                                                                  1           0  0.07s           2026-04-28T12:16:00
/home/airflow/.local/lib/python3.8/site-packages/airflow/example_dags/tutorial_taskflow_api_virtualenv.py                                                  1           0  0.07s           2026-04-28T12:16:02
/home/airflow/.local/lib/python3.8/site-packages/airflow/example_dags/example_dynamic_task_mapping_with_no_taskflow_operators.py                           1           0  0.07s           2026-04-28T12:15:48
/home/airflow/.local/lib/python3.8/site-packages/airflow/example_dags/plugins/event_listener.py                                                            0           0  0.05s           2026-04-28T12:16:08
/home/airflow/.local/lib/python3.8/site-packages/airflow/example_dags/subdags/subdag.py                                                                    0           0  0.04s           2026-04-28T12:16:07
/home/airflow/.local/lib/python3.8/site-packages/airflow/example_dags/plugins/listener_plugin.py                                                           0           0  0.04s           2026-04-28T12:16:07
================================================================================
[2026-04-28T12:16:44.503+0000] {manager.py:738} INFO - Searching for files in /opt/airflow/dags
[2026-04-28T12:16:44.520+0000] {manager.py:741} INFO - There are 48 files in /opt/airflow/dags
[2026-04-28T12:16:47.850+0000] {manager.py:879} INFO - 
================================================================================
DAG File Processing Stats

File Path                                                                                                                         PID    Runtime      # DAGs    # Errors  Last Runtime    Last Run
--------------------------------------------------------------------------------------------------------------------------------  -----  ---------  --------  ----------  --------------  -------------------
/home/airflow/.local/lib/python3.8/site-packages/airflow/example_dags/example_python_operator.py                                                           1           0  1.08s           2026-04-28T12:16:27
/home/airflow/.local/lib/python3.8/site-packages/airflow/example_dags/example_branch_day_of_week_operator.py                                               1           0  1.04s           2026-04-28T12:16:27
/home/airflow/.local/lib/python3.8/site-packages/airflow/example_dags/example_setup_teardown.py                                                            1           0  0.69s           2026-04-28T12:16:28
/home/airflow/.local/lib/python3.8/site-packages/airflow/example_dags/example_sla_dag.py                                                                   1           0  0.66s           2026-04-28T12:16:24
/home/airflow/.local/lib/python3.8/site-packages/airflow/example_dags/example_bash_operator.py                                                             1           0  0.65s           2026-04-28T12:16:24
/home/airflow/.local/lib/python3.8/site-packages/airflow/example_dags/example_subdag_operator.py                                                           3           0  0.51s           2026-04-28T12:16:26
/home/airflow/.local/lib/python3.8/site-packages/airflow/example_dags/example_kubernetes_executor.py                                                       1           0  0.50s           2026-04-28T12:16:28
/home/airflow/.local/lib/python3.8/site-packages/airflow/example_dags/example_latest_only_with_trigger.py                                                  1           0  0.44s           2026-04-28T12:16:26
/home/airflow/.local/lib/python3.8/site-packages/airflow/example_dags/example_dynamic_task_mapping.py                                                      1           0  0.40s           2026-04-28T12:16:28
/home/airflow/.local/lib/python3.8/site-packages/airflow/example_dags/plugins/workday.py                                                                   0           0  0.36s           2026-04-28T12:16:39
/home/airflow/.local/lib/python3.8/site-packages/airflow/example_dags/example_passing_params_via_test_command.py                                           1           0  0.35s           2026-04-28T12:16:27
/home/airflow/.local/lib/python3.8/site-packages/airflow/example_dags/tutorial.py                                                                          1           0  0.34s           2026-04-28T12:16:28
/home/airflow/.local/lib/python3.8/site-packages/airflow/example_dags/example_local_kubernetes_executor.py                                                 1           0  0.25s           2026-04-28T12:16:28
/home/airflow/.local/lib/python3.8/site-packages/airflow/example_dags/example_dag_decorator.py                                                             1           0  0.23s           2026-04-28T12:16:34
/home/airflow/.local/lib/python3.8/site-packages/airflow/example_dags/example_time_delta_sensor_async.py                                                   1           0  0.22s           2026-04-28T12:16:26
/home/airflow/.local/lib/python3.8/site-packages/airflow/example_dags/example_params_trigger_ui.py                                                         1           0  0.22s           2026-04-28T12:16:29
/home/airflow/.local/lib/python3.8/site-packages/airflow/example_dags/tutorial_taskflow_api.py                                                             1           0  0.22s           2026-04-28T12:16:29
/home/airflow/.local/lib/python3.8/site-packages/airflow/example_dags/example_branch_datetime_operator.py                                                  3           0  0.18s           2026-04-28T12:16:24
/home/airflow/.local/lib/python3.8/site-packages/airflow/example_dags/example_params_ui_tutorial.py                                                        1           0  0.18s           2026-04-28T12:16:29
/home/airflow/.local/lib/python3.8/site-packages/airflow/example_dags/example_short_circuit_operator.py                                                    1           0  0.14s           2026-04-28T12:16:22
/home/airflow/.local/lib/python3.8/site-packages/airflow/example_dags/example_datasets.py                                                                  6           0  0.14s           2026-04-28T12:16:21
/home/airflow/.local/lib/python3.8/site-packages/airflow/example_dags/example_sensors.py                                                                   1           0  0.13s           2026-04-28T12:16:28
/home/airflow/.local/lib/python3.8/site-packages/airflow/example_dags/example_task_group_decorator.py                                                      1           0  0.13s           2026-04-28T12:16:35
/home/airflow/.local/lib/python3.8/site-packages/airflow/example_dags/example_branch_operator_decorator.py                                                 1           0  0.12s           2026-04-28T12:16:33
/home/airflow/.local/lib/python3.8/site-packages/airflow/example_dags/example_xcom.py                                                                      1           0  0.12s           2026-04-28T12:16:35
/home/airflow/.local/lib/python3.8/site-packages/airflow/example_dags/example_trigger_target_dag.py                                                        1           0  0.12s           2026-04-28T12:16:29
/home/airflow/.local/lib/python3.8/site-packages/airflow/example_dags/example_branch_labels.py                                                             1           0  0.11s           2026-04-28T12:16:34
/home/airflow/.local/lib/python3.8/site-packages/airflow/example_dags/example_complex.py                                                                   1           0  0.11s           2026-04-28T12:16:37
/home/airflow/.local/lib/python3.8/site-packages/airflow/example_dags/example_nested_branch_dag.py                                                         1           0  0.11s           2026-04-28T12:16:33
/home/airflow/.local/lib/python3.8/site-packages/airflow/example_dags/example_setup_teardown_taskflow.py                                                   1           0  0.11s           2026-04-28T12:16:21
/home/airflow/.local/lib/python3.8/site-packages/airflow/example_dags/example_branch_python_dop_operator_3.py                                              1           0  0.10s           2026-04-28T12:16:37
/home/airflow/.local/lib/python3.8/site-packages/airflow/example_dags/example_python_decorator.py                                                          1           0  0.10s           2026-04-28T12:16:21
/home/airflow/.local/lib/python3.8/site-packages/airflow/example_dags/example_short_circuit_decorator.py                                                   1           0  0.10s           2026-04-28T12:16:22
/home/airflow/.local/lib/python3.8/site-packages/airflow/example_dags/example_xcomargs.py                                                                  2           0  0.10s           2026-04-28T12:16:21
/home/airflow/.local/lib/python3.8/site-packages/airflow/example_dags/example_trigger_controller_dag.py                                                    1           0  0.10s           2026-04-28T12:16:24
/home/airflow/.local/lib/python3.8/site-packages/airflow/example_dags/example_latest_only.py                                                               1           0  0.10s           2026-04-28T12:16:31
/home/airflow/.local/lib/python3.8/site-packages/airflow/example_dags/example_sensor_decorator.py                                                          1           0  0.09s           2026-04-28T12:16:36
/home/airflow/.local/lib/python3.8/site-packages/airflow/example_dags/tutorial_dag.py                                                                      1           0  0.09s           2026-04-28T12:16:36
/home/airflow/.local/lib/python3.8/site-packages/airflow/example_dags/example_branch_operator.py                                                           1           0  0.09s           2026-04-28T12:16:21
/home/airflow/.local/lib/python3.8/site-packages/airflow/example_dags/tutorial_objectstorage.py                                                            1           0  0.08s           2026-04-28T12:16:31
/home/airflow/.local/lib/python3.8/site-packages/airflow/example_dags/example_task_group.py                                                                1           0  0.07s           2026-04-28T12:16:35
/home/airflow/.local/lib/python3.8/site-packages/airflow/example_dags/example_skip_dag.py                                                                  1           0  0.07s           2026-04-28T12:16:30
/home/airflow/.local/lib/python3.8/site-packages/airflow/example_dags/example_dynamic_task_mapping_with_no_taskflow_operators.py                           1           0  0.07s           2026-04-28T12:16:19
/home/airflow/.local/lib/python3.8/site-packages/airflow/example_dags/example_external_task_marker_dag.py                                                  2           0  0.07s           2026-04-28T12:16:31
/home/airflow/.local/lib/python3.8/site-packages/airflow/example_dags/tutorial_taskflow_api_virtualenv.py                                                  1           0  0.07s           2026-04-28T12:16:32
/home/airflow/.local/lib/python3.8/site-packages/airflow/example_dags/subdags/subdag.py                                                                    0           0  0.04s           2026-04-28T12:16:37
/home/airflow/.local/lib/python3.8/site-packages/airflow/example_dags/plugins/listener_plugin.py                                                           0           0  0.04s           2026-04-28T12:16:37
/home/airflow/.local/lib/python3.8/site-packages/airflow/example_dags/plugins/event_listener.py                                                            0           0  0.03s           2026-04-28T12:16:38
================================================================================
[2026-04-28T12:17:18.295+0000] {manager.py:879} INFO - 
================================================================================
DAG File Processing Stats

File Path                                                                                                                         PID    Runtime      # DAGs    # Errors  Last Runtime    Last Run
--------------------------------------------------------------------------------------------------------------------------------  -----  ---------  --------  ----------  --------------  -------------------
/home/airflow/.local/lib/python3.8/site-packages/airflow/example_dags/example_dag_decorator.py                                                             1           0  0.45s           2026-04-28T12:17:04
/home/airflow/.local/lib/python3.8/site-packages/airflow/example_dags/example_branch_operator_decorator.py                                                 1           0  0.44s           2026-04-28T12:17:04
/home/airflow/.local/lib/python3.8/site-packages/airflow/example_dags/plugins/workday.py                                                                   0           0  0.36s           2026-04-28T12:17:10
/home/airflow/.local/lib/python3.8/site-packages/airflow/example_dags/example_passing_params_via_test_command.py                                           1           0  0.34s           2026-04-28T12:16:58
/home/airflow/.local/lib/python3.8/site-packages/airflow/example_dags/example_task_group_decorator.py                                                      1           0  0.25s           2026-04-28T12:17:05
/home/airflow/.local/lib/python3.8/site-packages/airflow/example_dags/example_latest_only.py                                                               1           0  0.20s           2026-04-28T12:17:01
/home/airflow/.local/lib/python3.8/site-packages/airflow/example_dags/example_params_ui_tutorial.py                                                        1           0  0.20s           2026-04-28T12:16:59
/home/airflow/.local/lib/python3.8/site-packages/airflow/example_dags/example_dynamic_task_mapping.py                                                      1           0  0.20s           2026-04-28T12:16:59
/home/airflow/.local/lib/python3.8/site-packages/airflow/example_dags/example_task_group.py                                                                1           0  0.19s           2026-04-28T12:17:06
/home/airflow/.local/lib/python3.8/site-packages/airflow/example_dags/example_kubernetes_executor.py                                                       1           0  0.19s           2026-04-28T12:16:58
/home/airflow/.local/lib/python3.8/site-packages/airflow/example_dags/example_local_kubernetes_executor.py                                                 1           0  0.17s           2026-04-28T12:16:59
/home/airflow/.local/lib/python3.8/site-packages/airflow/example_dags/example_setup_teardown.py                                                            1           0  0.17s           2026-04-28T12:16:58
/home/airflow/.local/lib/python3.8/site-packages/airflow/example_dags/tutorial_objectstorage.py                                                            1           0  0.16s           2026-04-28T12:17:01
/home/airflow/.local/lib/python3.8/site-packages/airflow/example_dags/example_params_trigger_ui.py                                                         1           0  0.16s           2026-04-28T12:16:59
/home/airflow/.local/lib/python3.8/site-packages/airflow/example_dags/example_trigger_target_dag.py                                                        1           0  0.15s           2026-04-28T12:16:59
/home/airflow/.local/lib/python3.8/site-packages/airflow/example_dags/example_bash_operator.py                                                             1           0  0.15s           2026-04-28T12:16:55
/home/airflow/.local/lib/python3.8/site-packages/airflow/example_dags/tutorial_taskflow_api.py                                                             1           0  0.15s           2026-04-28T12:16:59
/home/airflow/.local/lib/python3.8/site-packages/airflow/example_dags/example_xcom.py                                                                      1           0  0.14s           2026-04-28T12:17:05
/home/airflow/.local/lib/python3.8/site-packages/airflow/example_dags/example_datasets.py                                                                  6           0  0.14s           2026-04-28T12:16:51
/home/airflow/.local/lib/python3.8/site-packages/airflow/example_dags/example_sla_dag.py                                                                   1           0  0.14s           2026-04-28T12:16:55
/home/airflow/.local/lib/python3.8/site-packages/airflow/example_dags/example_python_operator.py                                                           1           0  0.13s           2026-04-28T12:16:57
/home/airflow/.local/lib/python3.8/site-packages/airflow/example_dags/example_external_task_marker_dag.py                                                  2           0  0.12s           2026-04-28T12:17:02
/home/airflow/.local/lib/python3.8/site-packages/airflow/example_dags/example_subdag_operator.py                                                           3           0  0.12s           2026-04-28T12:16:56
/home/airflow/.local/lib/python3.8/site-packages/airflow/example_dags/example_nested_branch_dag.py                                                         1           0  0.12s           2026-04-28T12:17:04
/home/airflow/.local/lib/python3.8/site-packages/airflow/example_dags/example_branch_labels.py                                                             1           0  0.12s           2026-04-28T12:17:04
/home/airflow/.local/lib/python3.8/site-packages/airflow/example_dags/example_sensors.py                                                                   1           0  0.11s           2026-04-28T12:16:59
/home/airflow/.local/lib/python3.8/site-packages/airflow/example_dags/example_complex.py                                                                   1           0  0.11s           2026-04-28T12:17:08
/home/airflow/.local/lib/python3.8/site-packages/airflow/example_dags/example_short_circuit_decorator.py                                                   1           0  0.11s           2026-04-28T12:16:52
/home/airflow/.local/lib/python3.8/site-packages/airflow/example_dags/example_branch_python_dop_operator_3.py                                              1           0  0.11s           2026-04-28T12:17:08
/home/airflow/.local/lib/python3.8/site-packages/airflow/example_dags/example_latest_only_with_trigger.py                                                  1           0  0.11s           2026-04-28T12:16:56
/home/airflow/.local/lib/python3.8/site-packages/airflow/example_dags/example_skip_dag.py                                                                  1           0  0.11s           2026-04-28T12:17:00
/home/airflow/.local/lib/python3.8/site-packages/airflow/example_dags/example_branch_day_of_week_operator.py                                               1           0  0.10s           2026-04-28T12:16:57
/home/airflow/.local/lib/python3.8/site-packages/airflow/example_dags/tutorial.py                                                                          1           0  0.10s           2026-04-28T12:16:58
/home/airflow/.local/lib/python3.8/site-packages/airflow/example_dags/example_setup_teardown_taskflow.py                                                   1           0  0.10s           2026-04-28T12:16:51
/home/airflow/.local/lib/python3.8/site-packages/airflow/example_dags/example_short_circuit_operator.py                                                    1           0  0.10s           2026-04-28T12:16:52
/home/airflow/.local/lib/python3.8/site-packages/airflow/example_dags/example_python_decorator.py                                                          1           0  0.10s           2026-04-28T12:16:51
/home/airflow/.local/lib/python3.8/site-packages/airflow/example_dags/example_xcomargs.py                                                                  2           0  0.09s           2026-04-28T12:16:51
/home/airflow/.local/lib/python3.8/site-packages/airflow/example_dags/example_branch_operator.py                                                           1           0  0.09s           2026-04-28T12:16:51
/home/airflow/.local/lib/python3.8/site-packages/airflow/example_dags/tutorial_dag.py                                                                      1           0  0.09s           2026-04-28T12:17:07
/home/airflow/.local/lib/python3.8/site-packages/airflow/example_dags/example_sensor_decorator.py                                                          1           0  0.08s           2026-04-28T12:17:07
/home/airflow/.local/lib/python3.8/site-packages/airflow/example_dags/tutorial_taskflow_api_virtualenv.py                                                  1           0  0.08s           2026-04-28T12:17:03
/home/airflow/.local/lib/python3.8/site-packages/airflow/example_dags/example_branch_datetime_operator.py                                                  3           0  0.08s           2026-04-28T12:16:55
/home/airflow/.local/lib/python3.8/site-packages/airflow/example_dags/example_trigger_controller_dag.py                                                    1           0  0.07s           2026-04-28T12:16:55
/home/airflow/.local/lib/python3.8/site-packages/airflow/example_dags/example_dynamic_task_mapping_with_no_taskflow_operators.py                           1           0  0.07s           2026-04-28T12:16:49
/home/airflow/.local/lib/python3.8/site-packages/airflow/example_dags/example_time_delta_sensor_async.py                                                   1           0  0.06s           2026-04-28T12:16:56
/home/airflow/.local/lib/python3.8/site-packages/airflow/example_dags/subdags/subdag.py                                                                    0           0  0.04s           2026-04-28T12:17:08
/home/airflow/.local/lib/python3.8/site-packages/airflow/example_dags/plugins/event_listener.py                                                            0           0  0.04s           2026-04-28T12:17:09
/home/airflow/.local/lib/python3.8/site-packages/airflow/example_dags/plugins/listener_plugin.py                                                           0           0  0.03s           2026-04-28T12:17:08
================================================================================
[2026-04-28T12:17:48.517+0000] {manager.py:879} INFO - 
================================================================================
DAG File Processing Stats

File Path                                                                                                                         PID    Runtime      # DAGs    # Errors  Last Runtime    Last Run
--------------------------------------------------------------------------------------------------------------------------------  -----  ---------  --------  ----------  --------------  -------------------
/home/airflow/.local/lib/python3.8/site-packages/airflow/example_dags/plugins/workday.py                                                                   0           0  0.36s           2026-04-28T12:17:41
/home/airflow/.local/lib/python3.8/site-packages/airflow/example_dags/example_dag_decorator.py                                                             1           0  0.29s           2026-04-28T12:17:34
/home/airflow/.local/lib/python3.8/site-packages/airflow/example_dags/example_latest_only.py                                                               1           0  0.28s           2026-04-28T12:17:32
/home/airflow/.local/lib/python3.8/site-packages/airflow/example_dags/tutorial_objectstorage.py                                                            1           0  0.21s           2026-04-28T12:17:32
/home/airflow/.local/lib/python3.8/site-packages/airflow/example_dags/example_params_ui_tutorial.py                                                        1           0  0.19s           2026-04-28T12:17:30
/home/airflow/.local/lib/python3.8/site-packages/airflow/example_dags/example_branch_datetime_operator.py                                                  3           0  0.16s           2026-04-28T12:17:25
/home/airflow/.local/lib/python3.8/site-packages/airflow/example_dags/example_params_trigger_ui.py                                                         1           0  0.15s           2026-04-28T12:17:30
/home/airflow/.local/lib/python3.8/site-packages/airflow/example_dags/example_complex.py                                                                   1           0  0.14s           2026-04-28T12:17:38
/home/airflow/.local/lib/python3.8/site-packages/airflow/example_dags/example_branch_python_dop_operator_3.py                                              1           0  0.14s           2026-04-28T12:17:38
/home/airflow/.local/lib/python3.8/site-packages/airflow/example_dags/example_datasets.py                                                                  6           0  0.14s           2026-04-28T12:17:21
/home/airflow/.local/lib/python3.8/site-packages/airflow/example_dags/example_sla_dag.py                                                                   1           0  0.13s           2026-04-28T12:17:25
/home/airflow/.local/lib/python3.8/site-packages/airflow/example_dags/example_branch_operator_decorator.py                                                 1           0  0.13s           2026-04-28T12:17:34
/home/airflow/.local/lib/python3.8/site-packages/airflow/example_dags/example_external_task_marker_dag.py                                                  2           0  0.13s           2026-04-28T12:17:32
/home/airflow/.local/lib/python3.8/site-packages/airflow/example_dags/tutorial_taskflow_api.py                                                             1           0  0.13s           2026-04-28T12:17:30
/home/airflow/.local/lib/python3.8/site-packages/airflow/example_dags/example_skip_dag.py                                                                  1           0  0.13s           2026-04-28T12:17:31
/home/airflow/.local/lib/python3.8/site-packages/airflow/example_dags/example_bash_operator.py                                                             1           0  0.13s           2026-04-28T12:17:25
/home/airflow/.local/lib/python3.8/site-packages/airflow/example_dags/example_subdag_operator.py                                                           3           0  0.12s           2026-04-28T12:17:26
/home/airflow/.local/lib/python3.8/site-packages/airflow/example_dags/example_branch_operator.py                                                           1           0  0.12s           2026-04-28T12:17:22
/home/airflow/.local/lib/python3.8/site-packages/airflow/example_dags/example_sensor_decorator.py                                                          1           0  0.12s           2026-04-28T12:17:37
/home/airflow/.local/lib/python3.8/site-packages/airflow/example_dags/example_task_group_decorator.py                                                      1           0  0.12s           2026-04-28T12:17:36
/home/airflow/.local/lib/python3.8/site-packages/airflow/example_dags/example_passing_params_via_test_command.py                                           1           0  0.11s           2026-04-28T12:17:29
/home/airflow/.local/lib/python3.8/site-packages/airflow/example_dags/example_xcomargs.py                                                                  2           0  0.11s           2026-04-28T12:17:21
/home/airflow/.local/lib/python3.8/site-packages/airflow/example_dags/example_short_circuit_decorator.py                                                   1           0  0.11s           2026-04-28T12:17:23
/home/airflow/.local/lib/python3.8/site-packages/airflow/example_dags/example_nested_branch_dag.py                                                         1           0  0.11s           2026-04-28T12:17:34
/home/airflow/.local/lib/python3.8/site-packages/airflow/example_dags/tutorial_taskflow_api_virtualenv.py                                                  1           0  0.10s           2026-04-28T12:17:33
/home/airflow/.local/lib/python3.8/site-packages/airflow/example_dags/example_short_circuit_operator.py                                                    1           0  0.10s           2026-04-28T12:17:23
/home/airflow/.local/lib/python3.8/site-packages/airflow/example_dags/example_xcom.py                                                                      1           0  0.10s           2026-04-28T12:17:36
/home/airflow/.local/lib/python3.8/site-packages/airflow/example_dags/example_sensors.py                                                                   1           0  0.10s           2026-04-28T12:17:30
/home/airflow/.local/lib/python3.8/site-packages/airflow/example_dags/example_latest_only_with_trigger.py                                                  1           0  0.10s           2026-04-28T12:17:26
/home/airflow/.local/lib/python3.8/site-packages/airflow/example_dags/example_setup_teardown_taskflow.py                                                   1           0  0.10s           2026-04-28T12:17:21
/home/airflow/.local/lib/python3.8/site-packages/airflow/example_dags/example_local_kubernetes_executor.py                                                 1           0  0.10s           2026-04-28T12:17:29
/home/airflow/.local/lib/python3.8/site-packages/airflow/example_dags/example_python_decorator.py                                                          1           0  0.10s           2026-04-28T12:17:21
/home/airflow/.local/lib/python3.8/site-packages/airflow/example_dags/example_setup_teardown.py                                                            1           0  0.10s           2026-04-28T12:17:29
/home/airflow/.local/lib/python3.8/site-packages/airflow/example_dags/example_python_operator.py                                                           1           0  0.09s           2026-04-28T12:17:27
/home/airflow/.local/lib/python3.8/site-packages/airflow/example_dags/example_dynamic_task_mapping.py                                                      1           0  0.09s           2026-04-28T12:17:29
/home/airflow/.local/lib/python3.8/site-packages/airflow/example_dags/tutorial_dag.py                                                                      1           0  0.09s           2026-04-28T12:17:37
/home/airflow/.local/lib/python3.8/site-packages/airflow/example_dags/example_branch_day_of_week_operator.py                                               1           0  0.09s           2026-04-28T12:17:27
/home/airflow/.local/lib/python3.8/site-packages/airflow/example_dags/example_kubernetes_executor.py                                                       1           0  0.08s           2026-04-28T12:17:28
/home/airflow/.local/lib/python3.8/site-packages/airflow/example_dags/example_branch_labels.py                                                             1           0  0.08s           2026-04-28T12:17:35
/home/airflow/.local/lib/python3.8/site-packages/airflow/example_dags/example_trigger_controller_dag.py                                                    1           0  0.08s           2026-04-28T12:17:25
/home/airflow/.local/lib/python3.8/site-packages/airflow/example_dags/example_task_group.py                                                                1           0  0.07s           2026-04-28T12:17:36
/home/airflow/.local/lib/python3.8/site-packages/airflow/example_dags/plugins/listener_plugin.py                                                           0           0  0.07s           2026-04-28T12:17:38
/home/airflow/.local/lib/python3.8/site-packages/airflow/example_dags/tutorial.py                                                                          1           0  0.07s           2026-04-28T12:17:29
/home/airflow/.local/lib/python3.8/site-packages/airflow/example_dags/example_dynamic_task_mapping_with_no_taskflow_operators.py                           1           0  0.07s           2026-04-28T12:17:19
/home/airflow/.local/lib/python3.8/site-packages/airflow/example_dags/subdags/subdag.py                                                                    0           0  0.07s           2026-04-28T12:17:38
/home/airflow/.local/lib/python3.8/site-packages/airflow/example_dags/example_time_delta_sensor_async.py                                                   1           0  0.06s           2026-04-28T12:17:26
/home/airflow/.local/lib/python3.8/site-packages/airflow/example_dags/example_trigger_target_dag.py                                                        1           0  0.06s           2026-04-28T12:17:30
/home/airflow/.local/lib/python3.8/site-packages/airflow/example_dags/plugins/event_listener.py                                                            0           0  0.03s           2026-04-28T12:17:39
================================================================================
[2026-04-28T12:18:19.172+0000] {manager.py:879} INFO - 
================================================================================
DAG File Processing Stats

File Path                                                                                                                         PID    Runtime      # DAGs    # Errors  Last Runtime    Last Run
--------------------------------------------------------------------------------------------------------------------------------  -----  ---------  --------  ----------  --------------  -------------------
/home/airflow/.local/lib/python3.8/site-packages/airflow/example_dags/example_dag_decorator.py                                                             1           0  0.49s           2026-04-28T12:18:05
/home/airflow/.local/lib/python3.8/site-packages/airflow/example_dags/plugins/workday.py                                                                   0           0  0.34s           2026-04-28T12:18:12
/home/airflow/.local/lib/python3.8/site-packages/airflow/example_dags/example_branch_labels.py                                                             1           0  0.27s           2026-04-28T12:18:05
/home/airflow/.local/lib/python3.8/site-packages/airflow/example_dags/example_branch_operator_decorator.py                                                 1           0  0.26s           2026-04-28T12:18:05
/home/airflow/.local/lib/python3.8/site-packages/airflow/example_dags/example_task_group_decorator.py                                                      1           0  0.24s           2026-04-28T12:18:06
/home/airflow/.local/lib/python3.8/site-packages/airflow/example_dags/example_latest_only.py                                                               1           0  0.22s           2026-04-28T12:18:03
/home/airflow/.local/lib/python3.8/site-packages/airflow/example_dags/example_nested_branch_dag.py                                                         1           0  0.21s           2026-04-28T12:18:05
/home/airflow/.local/lib/python3.8/site-packages/airflow/example_dags/tutorial_objectstorage.py                                                            1           0  0.20s           2026-04-28T12:18:03
/home/airflow/.local/lib/python3.8/site-packages/airflow/example_dags/example_xcom.py                                                                      1           0  0.20s           2026-04-28T12:18:06
/home/airflow/.local/lib/python3.8/site-packages/airflow/example_dags/example_bash_operator.py                                                             1           0  0.15s           2026-04-28T12:17:55
/home/airflow/.local/lib/python3.8/site-packages/airflow/example_dags/example_external_task_marker_dag.py                                                  2           0  0.15s           2026-04-28T12:18:03
/home/airflow/.local/lib/python3.8/site-packages/airflow/example_dags/example_datasets.py                                                                  6           0  0.14s           2026-04-28T12:17:52
/home/airflow/.local/lib/python3.8/site-packages/airflow/example_dags/example_params_ui_tutorial.py                                                        1           0  0.13s           2026-04-28T12:18:00
/home/airflow/.local/lib/python3.8/site-packages/airflow/example_dags/example_task_group.py                                                                1           0  0.13s           2026-04-28T12:18:06
/home/airflow/.local/lib/python3.8/site-packages/airflow/example_dags/example_branch_python_dop_operator_3.py                                              1           0  0.12s           2026-04-28T12:18:09
/home/airflow/.local/lib/python3.8/site-packages/airflow/example_dags/example_subdag_operator.py                                                           3           0  0.12s           2026-04-28T12:17:56
/home/airflow/.local/lib/python3.8/site-packages/airflow/example_dags/example_kubernetes_executor.py                                                       1           0  0.11s           2026-04-28T12:17:58
/home/airflow/.local/lib/python3.8/site-packages/airflow/example_dags/example_sla_dag.py                                                                   1           0  0.11s           2026-04-28T12:17:55
/home/airflow/.local/lib/python3.8/site-packages/airflow/example_dags/example_passing_params_via_test_command.py                                           1           0  0.11s           2026-04-28T12:17:59
/home/airflow/.local/lib/python3.8/site-packages/airflow/example_dags/example_complex.py                                                                   1           0  0.11s           2026-04-28T12:18:09
/home/airflow/.local/lib/python3.8/site-packages/airflow/example_dags/example_branch_day_of_week_operator.py                                               1           0  0.11s           2026-04-28T12:17:57
/home/airflow/.local/lib/python3.8/site-packages/airflow/example_dags/example_short_circuit_decorator.py                                                   1           0  0.11s           2026-04-28T12:17:53
/home/airflow/.local/lib/python3.8/site-packages/airflow/example_dags/example_setup_teardown.py                                                            1           0  0.10s           2026-04-28T12:17:59
/home/airflow/.local/lib/python3.8/site-packages/airflow/example_dags/example_short_circuit_operator.py                                                    1           0  0.10s           2026-04-28T12:17:53
/home/airflow/.local/lib/python3.8/site-packages/airflow/example_dags/example_local_kubernetes_executor.py                                                 1           0  0.10s           2026-04-28T12:18:00
/home/airflow/.local/lib/python3.8/site-packages/airflow/example_dags/example_setup_teardown_taskflow.py                                                   1           0  0.10s           2026-04-28T12:17:52
/home/airflow/.local/lib/python3.8/site-packages/airflow/example_dags/example_python_decorator.py                                                          1           0  0.10s           2026-04-28T12:17:51
/home/airflow/.local/lib/python3.8/site-packages/airflow/example_dags/example_trigger_target_dag.py                                                        1           0  0.10s           2026-04-28T12:18:00
/home/airflow/.local/lib/python3.8/site-packages/airflow/example_dags/example_latest_only_with_trigger.py                                                  1           0  0.10s           2026-04-28T12:17:56
/home/airflow/.local/lib/python3.8/site-packages/airflow/example_dags/example_python_operator.py                                                           1           0  0.10s           2026-04-28T12:17:57
/home/airflow/.local/lib/python3.8/site-packages/airflow/example_dags/example_dynamic_task_mapping.py                                                      1           0  0.09s           2026-04-28T12:18:00
/home/airflow/.local/lib/python3.8/site-packages/airflow/example_dags/example_xcomargs.py                                                                  2           0  0.09s           2026-04-28T12:17:52
/home/airflow/.local/lib/python3.8/site-packages/airflow/example_dags/tutorial_taskflow_api_virtualenv.py                                                  1           0  0.09s           2026-04-28T12:18:03
/home/airflow/.local/lib/python3.8/site-packages/airflow/example_dags/example_params_trigger_ui.py                                                         1           0  0.09s           2026-04-28T12:18:00
/home/airflow/.local/lib/python3.8/site-packages/airflow/example_dags/example_branch_operator.py                                                           1           0  0.09s           2026-04-28T12:17:52
/home/airflow/.local/lib/python3.8/site-packages/airflow/example_dags/tutorial_dag.py                                                                      1           0  0.09s           2026-04-28T12:18:07
/home/airflow/.local/lib/python3.8/site-packages/airflow/example_dags/example_sensor_decorator.py                                                          1           0  0.08s           2026-04-28T12:18:07
/home/airflow/.local/lib/python3.8/site-packages/airflow/example_dags/example_branch_datetime_operator.py                                                  3           0  0.08s           2026-04-28T12:17:55
/home/airflow/.local/lib/python3.8/site-packages/airflow/example_dags/example_sensors.py                                                                   1           0  0.07s           2026-04-28T12:18:00
/home/airflow/.local/lib/python3.8/site-packages/airflow/example_dags/example_skip_dag.py                                                                  1           0  0.07s           2026-04-28T12:18:01
/home/airflow/.local/lib/python3.8/site-packages/airflow/example_dags/example_dynamic_task_mapping_with_no_taskflow_operators.py                           1           0  0.07s           2026-04-28T12:17:49
/home/airflow/.local/lib/python3.8/site-packages/airflow/example_dags/example_trigger_controller_dag.py                                                    1           0  0.07s           2026-04-28T12:17:55
/home/airflow/.local/lib/python3.8/site-packages/airflow/example_dags/tutorial.py                                                                          1           0  0.07s           2026-04-28T12:17:59
/home/airflow/.local/lib/python3.8/site-packages/airflow/example_dags/example_time_delta_sensor_async.py                                                   1           0  0.06s           2026-04-28T12:17:56
/home/airflow/.local/lib/python3.8/site-packages/airflow/example_dags/tutorial_taskflow_api.py                                                             1           0  0.06s           2026-04-28T12:18:00
/home/airflow/.local/lib/python3.8/site-packages/airflow/example_dags/subdags/subdag.py                                                                    0           0  0.04s           2026-04-28T12:18:09
/home/airflow/.local/lib/python3.8/site-packages/airflow/example_dags/plugins/listener_plugin.py                                                           0           0  0.04s           2026-04-28T12:18:09
/home/airflow/.local/lib/python3.8/site-packages/airflow/example_dags/plugins/event_listener.py                                                            0           0  0.03s           2026-04-28T12:18:10
================================================================================
[2026-04-28T12:18:49.585+0000] {manager.py:879} INFO - 
================================================================================
DAG File Processing Stats

File Path                                                                                                                         PID    Runtime      # DAGs    # Errors  Last Runtime    Last Run
--------------------------------------------------------------------------------------------------------------------------------  -----  ---------  --------  ----------  --------------  -------------------
/home/airflow/.local/lib/python3.8/site-packages/airflow/example_dags/example_dag_decorator.py                                                             1           0  0.58s           2026-04-28T12:18:36
/home/airflow/.local/lib/python3.8/site-packages/airflow/example_dags/plugins/workday.py                                                                   0           0  0.34s           2026-04-28T12:18:42
/home/airflow/.local/lib/python3.8/site-packages/airflow/example_dags/example_nested_branch_dag.py                                                         1           0  0.32s           2026-04-28T12:18:36
/home/airflow/.local/lib/python3.8/site-packages/airflow/example_dags/example_task_group_decorator.py                                                      1           0  0.31s           2026-04-28T12:18:37
/home/airflow/.local/lib/python3.8/site-packages/airflow/example_dags/example_branch_operator_decorator.py                                                 1           0  0.28s           2026-04-28T12:18:36
/home/airflow/.local/lib/python3.8/site-packages/airflow/example_dags/example_complex.py                                                                   1           0  0.26s           2026-04-28T12:18:39
/home/airflow/.local/lib/python3.8/site-packages/airflow/example_dags/example_xcom.py                                                                      1           0  0.23s           2026-04-28T12:18:37
/home/airflow/.local/lib/python3.8/site-packages/airflow/example_dags/example_python_operator.py                                                           1           0  0.23s           2026-04-28T12:18:28
/home/airflow/.local/lib/python3.8/site-packages/airflow/example_dags/example_task_group.py                                                                1           0  0.20s           2026-04-28T12:18:38
/home/airflow/.local/lib/python3.8/site-packages/airflow/example_dags/tutorial_dag.py                                                                      1           0  0.19s           2026-04-28T12:18:38
/home/airflow/.local/lib/python3.8/site-packages/airflow/example_dags/example_branch_day_of_week_operator.py                                               1           0  0.18s           2026-04-28T12:18:28
/home/airflow/.local/lib/python3.8/site-packages/airflow/example_dags/example_sensor_decorator.py                                                          1           0  0.18s           2026-04-28T12:18:38
/home/airflow/.local/lib/python3.8/site-packages/airflow/example_dags/example_bash_operator.py                                                             1           0  0.15s           2026-04-28T12:18:25
/home/airflow/.local/lib/python3.8/site-packages/airflow/example_dags/example_datasets.py                                                                  6           0  0.14s           2026-04-28T12:18:22
/home/airflow/.local/lib/python3.8/site-packages/airflow/example_dags/example_branch_python_dop_operator_3.py                                              1           0  0.14s           2026-04-28T12:18:39
/home/airflow/.local/lib/python3.8/site-packages/airflow/example_dags/tutorial_taskflow_api_virtualenv.py                                                  1           0  0.14s           2026-04-28T12:18:34
/home/airflow/.local/lib/python3.8/site-packages/airflow/example_dags/example_params_ui_tutorial.py                                                        1           0  0.13s           2026-04-28T12:18:30
/home/airflow/.local/lib/python3.8/site-packages/airflow/example_dags/example_params_trigger_ui.py                                                         1           0  0.13s           2026-04-28T12:18:30
/home/airflow/.local/lib/python3.8/site-packages/airflow/example_dags/example_sla_dag.py                                                                   1           0  0.13s           2026-04-28T12:18:25
/home/airflow/.local/lib/python3.8/site-packages/airflow/example_dags/example_branch_datetime_operator.py                                                  3           0  0.12s           2026-04-28T12:18:25
/home/airflow/.local/lib/python3.8/site-packages/airflow/example_dags/example_subdag_operator.py                                                           3           0  0.12s           2026-04-28T12:18:26
/home/airflow/.local/lib/python3.8/site-packages/airflow/example_dags/example_setup_teardown.py                                                            1           0  0.12s           2026-04-28T12:18:30
/home/airflow/.local/lib/python3.8/site-packages/airflow/example_dags/example_branch_labels.py                                                             1           0  0.11s           2026-04-28T12:18:36
/home/airflow/.local/lib/python3.8/site-packages/airflow/example_dags/example_passing_params_via_test_command.py                                           1           0  0.11s           2026-04-28T12:18:30
/home/airflow/.local/lib/python3.8/site-packages/airflow/example_dags/example_short_circuit_decorator.py                                                   1           0  0.11s           2026-04-28T12:18:23
/home/airflow/.local/lib/python3.8/site-packages/airflow/example_dags/example_short_circuit_operator.py                                                    1           0  0.10s           2026-04-28T12:18:23
/home/airflow/.local/lib/python3.8/site-packages/airflow/example_dags/example_setup_teardown_taskflow.py                                                   1           0  0.10s           2026-04-28T12:18:22
/home/airflow/.local/lib/python3.8/site-packages/airflow/example_dags/example_local_kubernetes_executor.py                                                 1           0  0.10s           2026-04-28T12:18:30
/home/airflow/.local/lib/python3.8/site-packages/airflow/example_dags/example_python_decorator.py                                                          1           0  0.10s           2026-04-28T12:18:22
/home/airflow/.local/lib/python3.8/site-packages/airflow/example_dags/example_latest_only_with_trigger.py                                                  1           0  0.10s           2026-04-28T12:18:26
/home/airflow/.local/lib/python3.8/site-packages/airflow/example_dags/example_sensors.py                                                                   1           0  0.09s           2026-04-28T12:18:30
/home/airflow/.local/lib/python3.8/site-packages/airflow/example_dags/example_xcomargs.py                                                                  2           0  0.09s           2026-04-28T12:18:22
/home/airflow/.local/lib/python3.8/site-packages/airflow/example_dags/subdags/subdag.py                                                                    0           0  0.09s           2026-04-28T12:18:39
/home/airflow/.local/lib/python3.8/site-packages/airflow/example_dags/example_dynamic_task_mapping.py                                                      1           0  0.09s           2026-04-28T12:18:30
/home/airflow/.local/lib/python3.8/site-packages/airflow/example_dags/example_trigger_controller_dag.py                                                    1           0  0.09s           2026-04-28T12:18:25
/home/airflow/.local/lib/python3.8/site-packages/airflow/example_dags/example_branch_operator.py                                                           1           0  0.09s           2026-04-28T12:18:22
/home/airflow/.local/lib/python3.8/site-packages/airflow/example_dags/example_time_delta_sensor_async.py                                                   1           0  0.09s           2026-04-28T12:18:26
/home/airflow/.local/lib/python3.8/site-packages/airflow/example_dags/tutorial_taskflow_api.py                                                             1           0  0.08s           2026-04-28T12:18:30
/home/airflow/.local/lib/python3.8/site-packages/airflow/example_dags/example_kubernetes_executor.py                                                       1           0  0.08s           2026-04-28T12:18:29
/home/airflow/.local/lib/python3.8/site-packages/airflow/example_dags/example_trigger_target_dag.py                                                        1           0  0.08s           2026-04-28T12:18:30
/home/airflow/.local/lib/python3.8/site-packages/airflow/example_dags/example_latest_only.py                                                               1           0  0.08s           2026-04-28T12:18:33
/home/airflow/.local/lib/python3.8/site-packages/airflow/example_dags/example_skip_dag.py                                                                  1           0  0.07s           2026-04-28T12:18:31
/home/airflow/.local/lib/python3.8/site-packages/airflow/example_dags/tutorial.py                                                                          1           0  0.07s           2026-04-28T12:18:30
/home/airflow/.local/lib/python3.8/site-packages/airflow/example_dags/example_dynamic_task_mapping_with_no_taskflow_operators.py                           1           0  0.07s           2026-04-28T12:18:20
/home/airflow/.local/lib/python3.8/site-packages/airflow/example_dags/plugins/listener_plugin.py                                                           0           0  0.07s           2026-04-28T12:18:39
/home/airflow/.local/lib/python3.8/site-packages/airflow/example_dags/tutorial_objectstorage.py                                                            1           0  0.07s           2026-04-28T12:18:33
/home/airflow/.local/lib/python3.8/site-packages/airflow/example_dags/example_external_task_marker_dag.py                                                  2           0  0.06s           2026-04-28T12:18:33
/home/airflow/.local/lib/python3.8/site-packages/airflow/example_dags/plugins/event_listener.py                                                            0           0  0.03s           2026-04-28T12:18:40
================================================================================
[2026-04-28T12:19:19.743+0000] {manager.py:879} INFO - 
================================================================================
DAG File Processing Stats

File Path                                                                                                                         PID    Runtime      # DAGs    # Errors  Last Runtime    Last Run
--------------------------------------------------------------------------------------------------------------------------------  -----  ---------  --------  ----------  --------------  -------------------
/home/airflow/.local/lib/python3.8/site-packages/airflow/example_dags/example_dag_decorator.py                                                             1           0  0.52s           2026-04-28T12:19:07
/home/airflow/.local/lib/python3.8/site-packages/airflow/example_dags/plugins/workday.py                                                                   0           0  0.38s           2026-04-28T12:19:14
/home/airflow/.local/lib/python3.8/site-packages/airflow/example_dags/example_short_circuit_decorator.py                                                   1           0  0.27s           2026-04-28T12:18:54
/home/airflow/.local/lib/python3.8/site-packages/airflow/example_dags/example_bash_operator.py                                                             1           0  0.27s           2026-04-28T12:18:56
/home/airflow/.local/lib/python3.8/site-packages/airflow/example_dags/example_short_circuit_operator.py                                                    1           0  0.25s           2026-04-28T12:18:54
/home/airflow/.local/lib/python3.8/site-packages/airflow/example_dags/example_branch_labels.py                                                             1           0  0.22s           2026-04-28T12:19:07
/home/airflow/.local/lib/python3.8/site-packages/airflow/example_dags/example_sla_dag.py                                                                   1           0  0.21s           2026-04-28T12:18:56
/home/airflow/.local/lib/python3.8/site-packages/airflow/example_dags/example_nested_branch_dag.py                                                         1           0  0.20s           2026-04-28T12:19:07
/home/airflow/.local/lib/python3.8/site-packages/airflow/example_dags/example_sensor_decorator.py                                                          1           0  0.17s           2026-04-28T12:19:08
/home/airflow/.local/lib/python3.8/site-packages/airflow/example_dags/tutorial_dag.py                                                                      1           0  0.17s           2026-04-28T12:19:08
/home/airflow/.local/lib/python3.8/site-packages/airflow/example_dags/example_datasets.py                                                                  6           0  0.15s           2026-04-28T12:18:52
/home/airflow/.local/lib/python3.8/site-packages/airflow/example_dags/example_branch_day_of_week_operator.py                                               1           0  0.14s           2026-04-28T12:18:58
/home/airflow/.local/lib/python3.8/site-packages/airflow/example_dags/example_params_ui_tutorial.py                                                        1           0  0.14s           2026-04-28T12:19:01
/home/airflow/.local/lib/python3.8/site-packages/airflow/example_dags/example_branch_datetime_operator.py                                                  3           0  0.13s           2026-04-28T12:18:56
/home/airflow/.local/lib/python3.8/site-packages/airflow/example_dags/example_params_trigger_ui.py                                                         1           0  0.13s           2026-04-28T12:19:00
/home/airflow/.local/lib/python3.8/site-packages/airflow/example_dags/example_subdag_operator.py                                                           3           0  0.12s           2026-04-28T12:18:57
/home/airflow/.local/lib/python3.8/site-packages/airflow/example_dags/example_setup_teardown_taskflow.py                                                   1           0  0.12s           2026-04-28T12:18:52
/home/airflow/.local/lib/python3.8/site-packages/airflow/example_dags/example_task_group_decorator.py                                                      1           0  0.12s           2026-04-28T12:19:08
/home/airflow/.local/lib/python3.8/site-packages/airflow/example_dags/tutorial_objectstorage.py                                                            1           0  0.11s           2026-04-28T12:19:04
/home/airflow/.local/lib/python3.8/site-packages/airflow/example_dags/example_task_group.py                                                                1           0  0.11s           2026-04-28T12:19:08
/home/airflow/.local/lib/python3.8/site-packages/airflow/example_dags/example_python_operator.py                                                           1           0  0.11s           2026-04-28T12:18:58
/home/airflow/.local/lib/python3.8/site-packages/airflow/example_dags/example_passing_params_via_test_command.py                                           1           0  0.11s           2026-04-28T12:19:00
/home/airflow/.local/lib/python3.8/site-packages/airflow/example_dags/example_xcomargs.py                                                                  2           0  0.10s           2026-04-28T12:18:52
/home/airflow/.local/lib/python3.8/site-packages/airflow/example_dags/example_latest_only.py                                                               1           0  0.10s           2026-04-28T12:19:04
/home/airflow/.local/lib/python3.8/site-packages/airflow/example_dags/example_setup_teardown.py                                                            1           0  0.10s           2026-04-28T12:19:00
/home/airflow/.local/lib/python3.8/site-packages/airflow/example_dags/example_xcom.py                                                                      1           0  0.10s           2026-04-28T12:19:07
/home/airflow/.local/lib/python3.8/site-packages/airflow/example_dags/example_latest_only_with_trigger.py                                                  1           0  0.10s           2026-04-28T12:18:57
/home/airflow/.local/lib/python3.8/site-packages/airflow/example_dags/example_python_decorator.py                                                          1           0  0.10s           2026-04-28T12:18:52
/home/airflow/.local/lib/python3.8/site-packages/airflow/example_dags/example_trigger_controller_dag.py                                                    1           0  0.10s           2026-04-28T12:18:56
/home/airflow/.local/lib/python3.8/site-packages/airflow/example_dags/example_dynamic_task_mapping.py                                                      1           0  0.10s           2026-04-28T12:19:00
/home/airflow/.local/lib/python3.8/site-packages/airflow/example_dags/tutorial.py                                                                          1           0  0.09s           2026-04-28T12:19:00
/home/airflow/.local/lib/python3.8/site-packages/airflow/example_dags/example_sensors.py                                                                   1           0  0.09s           2026-04-28T12:19:00
/home/airflow/.local/lib/python3.8/site-packages/airflow/example_dags/example_kubernetes_executor.py                                                       1           0  0.09s           2026-04-28T12:18:59
/home/airflow/.local/lib/python3.8/site-packages/airflow/example_dags/example_branch_operator_decorator.py                                                 1           0  0.09s           2026-04-28T12:19:06
/home/airflow/.local/lib/python3.8/site-packages/airflow/example_dags/example_branch_operator.py                                                           1           0  0.09s           2026-04-28T12:18:52
/home/airflow/.local/lib/python3.8/site-packages/airflow/example_dags/tutorial_taskflow_api.py                                                             1           0  0.09s           2026-04-28T12:19:01
/home/airflow/.local/lib/python3.8/site-packages/airflow/example_dags/plugins/event_listener.py                                                            0           0  0.08s           2026-04-28T12:19:10
/home/airflow/.local/lib/python3.8/site-packages/airflow/example_dags/example_complex.py                                                                   1           0  0.07s           2026-04-28T12:19:09
/home/airflow/.local/lib/python3.8/site-packages/airflow/example_dags/example_branch_python_dop_operator_3.py                                              1           0  0.07s           2026-04-28T12:19:09
/home/airflow/.local/lib/python3.8/site-packages/airflow/example_dags/example_local_kubernetes_executor.py                                                 1           0  0.07s           2026-04-28T12:19:00
/home/airflow/.local/lib/python3.8/site-packages/airflow/example_dags/example_skip_dag.py                                                                  1           0  0.07s           2026-04-28T12:19:02
/home/airflow/.local/lib/python3.8/site-packages/airflow/example_dags/tutorial_taskflow_api_virtualenv.py                                                  1           0  0.07s           2026-04-28T12:19:05
/home/airflow/.local/lib/python3.8/site-packages/airflow/example_dags/example_dynamic_task_mapping_with_no_taskflow_operators.py                           1           0  0.07s           2026-04-28T12:18:50
/home/airflow/.local/lib/python3.8/site-packages/airflow/example_dags/example_external_task_marker_dag.py                                                  2           0  0.06s           2026-04-28T12:19:04
/home/airflow/.local/lib/python3.8/site-packages/airflow/example_dags/example_time_delta_sensor_async.py                                                   1           0  0.06s           2026-04-28T12:18:57
/home/airflow/.local/lib/python3.8/site-packages/airflow/example_dags/example_trigger_target_dag.py                                                        1           0  0.06s           2026-04-28T12:19:01
/home/airflow/.local/lib/python3.8/site-packages/airflow/example_dags/plugins/listener_plugin.py                                                           0           0  0.04s           2026-04-28T12:19:09
/home/airflow/.local/lib/python3.8/site-packages/airflow/example_dags/subdags/subdag.py                                                                    0           0  0.04s           2026-04-28T12:19:09
================================================================================
[2026-04-28T12:19:50.376+0000] {manager.py:879} INFO - 
================================================================================
DAG File Processing Stats

File Path                                                                                                                         PID    Runtime      # DAGs    # Errors  Last Runtime    Last Run
--------------------------------------------------------------------------------------------------------------------------------  -----  ---------  --------  ----------  --------------  -------------------
/home/airflow/.local/lib/python3.8/site-packages/airflow/example_dags/example_dag_decorator.py                                                             1           0  0.74s           2026-04-28T12:19:39
/home/airflow/.local/lib/python3.8/site-packages/airflow/example_dags/plugins/workday.py                                                                   0           0  0.38s           2026-04-28T12:19:44
/home/airflow/.local/lib/python3.8/site-packages/airflow/example_dags/example_xcom.py                                                                      1           0  0.35s           2026-04-28T12:19:39
/home/airflow/.local/lib/python3.8/site-packages/airflow/example_dags/tutorial_dag.py                                                                      1           0  0.32s           2026-04-28T12:19:39
/home/airflow/.local/lib/python3.8/site-packages/airflow/example_dags/example_task_group.py                                                                1           0  0.31s           2026-04-28T12:19:39
/home/airflow/.local/lib/python3.8/site-packages/airflow/example_dags/example_complex.py                                                                   1           0  0.28s           2026-04-28T12:19:40
/home/airflow/.local/lib/python3.8/site-packages/airflow/example_dags/example_task_group_decorator.py                                                      1           0  0.22s           2026-04-28T12:19:39
/home/airflow/.local/lib/python3.8/site-packages/airflow/example_dags/subdags/subdag.py                                                                    0           0  0.18s           2026-04-28T12:19:40
/home/airflow/.local/lib/python3.8/site-packages/airflow/example_dags/example_params_ui_tutorial.py                                                        1           0  0.17s           2026-04-28T12:19:31
/home/airflow/.local/lib/python3.8/site-packages/airflow/example_dags/example_datasets.py                                                                  6           0  0.16s           2026-04-28T12:19:22
/home/airflow/.local/lib/python3.8/site-packages/airflow/example_dags/example_params_trigger_ui.py                                                         1           0  0.16s           2026-04-28T12:19:31
/home/airflow/.local/lib/python3.8/site-packages/airflow/example_dags/example_setup_teardown_taskflow.py                                                   1           0  0.15s           2026-04-28T12:19:23
/home/airflow/.local/lib/python3.8/site-packages/airflow/example_dags/example_branch_day_of_week_operator.py                                               1           0  0.14s           2026-04-28T12:19:28
/home/airflow/.local/lib/python3.8/site-packages/airflow/example_dags/plugins/event_listener.py                                                            0           0  0.13s           2026-04-28T12:19:41
/home/airflow/.local/lib/python3.8/site-packages/airflow/example_dags/example_branch_python_dop_operator_3.py                                              1           0  0.13s           2026-04-28T12:19:39
/home/airflow/.local/lib/python3.8/site-packages/airflow/example_dags/example_branch_labels.py                                                             1           0  0.12s           2026-04-28T12:19:38
/home/airflow/.local/lib/python3.8/site-packages/airflow/example_dags/example_subdag_operator.py                                                           3           0  0.12s           2026-04-28T12:19:27
/home/airflow/.local/lib/python3.8/site-packages/airflow/example_dags/example_bash_operator.py                                                             1           0  0.12s           2026-04-28T12:19:27
/home/airflow/.local/lib/python3.8/site-packages/airflow/example_dags/example_sla_dag.py                                                                   1           0  0.11s           2026-04-28T12:19:27
/home/airflow/.local/lib/python3.8/site-packages/airflow/example_dags/example_xcomargs.py                                                                  2           0  0.11s           2026-04-28T12:19:23
/home/airflow/.local/lib/python3.8/site-packages/airflow/example_dags/example_python_operator.py                                                           1           0  0.11s           2026-04-28T12:19:28
/home/airflow/.local/lib/python3.8/site-packages/airflow/example_dags/example_branch_datetime_operator.py                                                  3           0  0.11s           2026-04-28T12:19:27
/home/airflow/.local/lib/python3.8/site-packages/airflow/example_dags/example_passing_params_via_test_command.py                                           1           0  0.11s           2026-04-28T12:19:30
/home/airflow/.local/lib/python3.8/site-packages/airflow/example_dags/example_short_circuit_operator.py                                                    1           0  0.10s           2026-04-28T12:19:25
/home/airflow/.local/lib/python3.8/site-packages/airflow/example_dags/example_python_decorator.py                                                          1           0  0.10s           2026-04-28T12:19:22
/home/airflow/.local/lib/python3.8/site-packages/airflow/example_dags/example_skip_dag.py                                                                  1           0  0.10s           2026-04-28T12:19:32
/home/airflow/.local/lib/python3.8/site-packages/airflow/example_dags/example_setup_teardown.py                                                            1           0  0.10s           2026-04-28T12:19:30
/home/airflow/.local/lib/python3.8/site-packages/airflow/example_dags/example_short_circuit_decorator.py                                                   1           0  0.10s           2026-04-28T12:19:25
/home/airflow/.local/lib/python3.8/site-packages/airflow/example_dags/example_latest_only_with_trigger.py                                                  1           0  0.10s           2026-04-28T12:19:27
/home/airflow/.local/lib/python3.8/site-packages/airflow/example_dags/tutorial_taskflow_api.py                                                             1           0  0.10s           2026-04-28T12:19:31
/home/airflow/.local/lib/python3.8/site-packages/airflow/example_dags/example_dynamic_task_mapping.py                                                      1           0  0.10s           2026-04-28T12:19:30
/home/airflow/.local/lib/python3.8/site-packages/airflow/example_dags/tutorial.py                                                                          1           0  0.09s           2026-04-28T12:19:30
/home/airflow/.local/lib/python3.8/site-packages/airflow/example_dags/example_sensor_decorator.py                                                          1           0  0.09s           2026-04-28T12:19:39
/home/airflow/.local/lib/python3.8/site-packages/airflow/example_dags/example_latest_only.py                                                               1           0  0.09s           2026-04-28T12:19:34
/home/airflow/.local/lib/python3.8/site-packages/airflow/example_dags/tutorial_objectstorage.py                                                            1           0  0.09s           2026-04-28T12:19:34
/home/airflow/.local/lib/python3.8/site-packages/airflow/example_dags/example_branch_operator.py                                                           1           0  0.09s           2026-04-28T12:19:23
/home/airflow/.local/lib/python3.8/site-packages/airflow/example_dags/example_branch_operator_decorator.py                                                 1           0  0.09s           2026-04-28T12:19:36
/home/airflow/.local/lib/python3.8/site-packages/airflow/example_dags/example_kubernetes_executor.py                                                       1           0  0.08s           2026-04-28T12:19:29
/home/airflow/.local/lib/python3.8/site-packages/airflow/example_dags/example_trigger_target_dag.py                                                        1           0  0.08s           2026-04-28T12:19:31
/home/airflow/.local/lib/python3.8/site-packages/airflow/example_dags/example_nested_branch_dag.py                                                         1           0  0.07s           2026-04-28T12:19:37
/home/airflow/.local/lib/python3.8/site-packages/airflow/example_dags/example_local_kubernetes_executor.py                                                 1           0  0.07s           2026-04-28T12:19:31
/home/airflow/.local/lib/python3.8/site-packages/airflow/example_dags/tutorial_taskflow_api_virtualenv.py                                                  1           0  0.07s           2026-04-28T12:19:35
/home/airflow/.local/lib/python3.8/site-packages/airflow/example_dags/example_external_task_marker_dag.py                                                  2           0  0.07s           2026-04-28T12:19:34
/home/airflow/.local/lib/python3.8/site-packages/airflow/example_dags/example_dynamic_task_mapping_with_no_taskflow_operators.py                           1           0  0.07s           2026-04-28T12:19:20
/home/airflow/.local/lib/python3.8/site-packages/airflow/example_dags/example_trigger_controller_dag.py                                                    1           0  0.07s           2026-04-28T12:19:27
/home/airflow/.local/lib/python3.8/site-packages/airflow/example_dags/example_sensors.py                                                                   1           0  0.07s           2026-04-28T12:19:31
/home/airflow/.local/lib/python3.8/site-packages/airflow/example_dags/example_time_delta_sensor_async.py                                                   1           0  0.06s           2026-04-28T12:19:27
/home/airflow/.local/lib/python3.8/site-packages/airflow/example_dags/plugins/listener_plugin.py                                                           0           0  0.04s           2026-04-28T12:19:40
================================================================================
[2026-04-28T12:20:20.732+0000] {manager.py:879} INFO - 
================================================================================
DAG File Processing Stats

File Path                                                                                                                         PID    Runtime      # DAGs    # Errors  Last Runtime    Last Run
--------------------------------------------------------------------------------------------------------------------------------  -----  ---------  --------  ----------  --------------  -------------------
/home/airflow/.local/lib/python3.8/site-packages/airflow/example_dags/plugins/workday.py                                                                   0           0  0.61s           2026-04-28T12:20:15
/home/airflow/.local/lib/python3.8/site-packages/airflow/example_dags/example_dag_decorator.py                                                             1           0  0.25s           2026-04-28T12:20:09
/home/airflow/.local/lib/python3.8/site-packages/airflow/example_dags/example_skip_dag.py                                                                  1           0  0.20s           2026-04-28T12:20:03
/home/airflow/.local/lib/python3.8/site-packages/airflow/example_dags/example_dynamic_task_mapping.py                                                      1           0  0.17s           2026-04-28T12:20:01
/home/airflow/.local/lib/python3.8/site-packages/airflow/example_dags/example_kubernetes_executor.py                                                       1           0  0.16s           2026-04-28T12:20:00
/home/airflow/.local/lib/python3.8/site-packages/airflow/example_dags/tutorial.py                                                                          1           0  0.16s           2026-04-28T12:20:01
/home/airflow/.local/lib/python3.8/site-packages/airflow/example_dags/example_bash_operator.py                                                             1           0  0.16s           2026-04-28T12:19:57
/home/airflow/.local/lib/python3.8/site-packages/airflow/example_dags/example_params_ui_tutorial.py                                                        1           0  0.15s           2026-04-28T12:20:01
/home/airflow/.local/lib/python3.8/site-packages/airflow/example_dags/example_branch_datetime_operator.py                                                  3           0  0.15s           2026-04-28T12:19:58
/home/airflow/.local/lib/python3.8/site-packages/airflow/example_dags/example_datasets.py                                                                  6           0  0.15s           2026-04-28T12:19:53
/home/airflow/.local/lib/python3.8/site-packages/airflow/example_dags/example_complex.py                                                                   1           0  0.14s           2026-04-28T12:20:11
/home/airflow/.local/lib/python3.8/site-packages/airflow/example_dags/example_task_group_decorator.py                                                      1           0  0.14s           2026-04-28T12:20:09
/home/airflow/.local/lib/python3.8/site-packages/airflow/example_dags/example_params_trigger_ui.py                                                         1           0  0.14s           2026-04-28T12:20:01
/home/airflow/.local/lib/python3.8/site-packages/airflow/example_dags/example_branch_python_dop_operator_3.py                                              1           0  0.13s           2026-04-28T12:20:10
/home/airflow/.local/lib/python3.8/site-packages/airflow/example_dags/example_trigger_target_dag.py                                                        1           0  0.13s           2026-04-28T12:20:02
/home/airflow/.local/lib/python3.8/site-packages/airflow/example_dags/example_python_decorator.py                                                          1           0  0.12s           2026-04-28T12:19:53
/home/airflow/.local/lib/python3.8/site-packages/airflow/example_dags/example_passing_params_via_test_command.py                                           1           0  0.12s           2026-04-28T12:20:01
/home/airflow/.local/lib/python3.8/site-packages/airflow/example_dags/example_branch_labels.py                                                             1           0  0.12s           2026-04-28T12:20:09
/home/airflow/.local/lib/python3.8/site-packages/airflow/example_dags/example_xcom.py                                                                      1           0  0.11s           2026-04-28T12:20:09
/home/airflow/.local/lib/python3.8/site-packages/airflow/example_dags/example_sla_dag.py                                                                   1           0  0.11s           2026-04-28T12:19:57
/home/airflow/.local/lib/python3.8/site-packages/airflow/example_dags/example_setup_teardown.py                                                            1           0  0.11s           2026-04-28T12:20:01
/home/airflow/.local/lib/python3.8/site-packages/airflow/example_dags/example_short_circuit_decorator.py                                                   1           0  0.11s           2026-04-28T12:19:55
/home/airflow/.local/lib/python3.8/site-packages/airflow/example_dags/example_trigger_controller_dag.py                                                    1           0  0.11s           2026-04-28T12:19:58
/home/airflow/.local/lib/python3.8/site-packages/airflow/example_dags/example_python_operator.py                                                           1           0  0.11s           2026-04-28T12:19:59
/home/airflow/.local/lib/python3.8/site-packages/airflow/example_dags/example_short_circuit_operator.py                                                    1           0  0.10s           2026-04-28T12:19:55
/home/airflow/.local/lib/python3.8/site-packages/airflow/example_dags/example_setup_teardown_taskflow.py                                                   1           0  0.10s           2026-04-28T12:19:53
/home/airflow/.local/lib/python3.8/site-packages/airflow/example_dags/example_branch_day_of_week_operator.py                                               1           0  0.10s           2026-04-28T12:19:59
/home/airflow/.local/lib/python3.8/site-packages/airflow/example_dags/example_sensors.py                                                                   1           0  0.10s           2026-04-28T12:20:01
/home/airflow/.local/lib/python3.8/site-packages/airflow/example_dags/example_task_group.py                                                                1           0  0.10s           2026-04-28T12:20:09
/home/airflow/.local/lib/python3.8/site-packages/airflow/example_dags/example_xcomargs.py                                                                  2           0  0.10s           2026-04-28T12:19:53
/home/airflow/.local/lib/python3.8/site-packages/airflow/example_dags/example_latest_only_with_trigger.py                                                  1           0  0.09s           2026-04-28T12:19:58
/home/airflow/.local/lib/python3.8/site-packages/airflow/example_dags/example_latest_only.py                                                               1           0  0.09s           2026-04-28T12:20:05
/home/airflow/.local/lib/python3.8/site-packages/airflow/example_dags/tutorial_taskflow_api.py                                                             1           0  0.09s           2026-04-28T12:20:01
/home/airflow/.local/lib/python3.8/site-packages/airflow/example_dags/example_branch_operator_decorator.py                                                 1           0  0.09s           2026-04-28T12:20:07
/home/airflow/.local/lib/python3.8/site-packages/airflow/example_dags/tutorial_objectstorage.py                                                            1           0  0.09s           2026-04-28T12:20:05
/home/airflow/.local/lib/python3.8/site-packages/airflow/example_dags/example_subdag_operator.py                                                           3           0  0.09s           2026-04-28T12:19:58
/home/airflow/.local/lib/python3.8/site-packages/airflow/example_dags/example_branch_operator.py                                                           1           0  0.08s           2026-04-28T12:19:53
/home/airflow/.local/lib/python3.8/site-packages/airflow/example_dags/tutorial_dag.py                                                                      1           0  0.08s           2026-04-28T12:20:09
/home/airflow/.local/lib/python3.8/site-packages/airflow/example_dags/example_local_kubernetes_executor.py                                                 1           0  0.08s           2026-04-28T12:20:01
/home/airflow/.local/lib/python3.8/site-packages/airflow/example_dags/example_time_delta_sensor_async.py                                                   1           0  0.08s           2026-04-28T12:19:58
/home/airflow/.local/lib/python3.8/site-packages/airflow/example_dags/example_nested_branch_dag.py                                                         1           0  0.08s           2026-04-28T12:20:08
/home/airflow/.local/lib/python3.8/site-packages/airflow/example_dags/example_dynamic_task_mapping_with_no_taskflow_operators.py                           1           0  0.07s           2026-04-28T12:19:51
/home/airflow/.local/lib/python3.8/site-packages/airflow/example_dags/tutorial_taskflow_api_virtualenv.py                                                  1           0  0.07s           2026-04-28T12:20:06
/home/airflow/.local/lib/python3.8/site-packages/airflow/example_dags/example_external_task_marker_dag.py                                                  2           0  0.06s           2026-04-28T12:20:05
/home/airflow/.local/lib/python3.8/site-packages/airflow/example_dags/example_sensor_decorator.py                                                          1           0  0.06s           2026-04-28T12:20:09
/home/airflow/.local/lib/python3.8/site-packages/airflow/example_dags/subdags/subdag.py                                                                    0           0  0.04s           2026-04-28T12:20:11
/home/airflow/.local/lib/python3.8/site-packages/airflow/example_dags/plugins/listener_plugin.py                                                           0           0  0.04s           2026-04-28T12:20:11
/home/airflow/.local/lib/python3.8/site-packages/airflow/example_dags/plugins/event_listener.py                                                            0           0  0.03s           2026-04-28T12:20:12
================================================================================
[2026-04-28T12:20:51.309+0000] {manager.py:879} INFO - 
================================================================================
DAG File Processing Stats

File Path                                                                                                                         PID    Runtime      # DAGs    # Errors  Last Runtime    Last Run
--------------------------------------------------------------------------------------------------------------------------------  -----  ---------  --------  ----------  --------------  -------------------
/home/airflow/.local/lib/python3.8/site-packages/airflow/example_dags/example_dag_decorator.py                                                             1           0  0.40s           2026-04-28T12:20:41
/home/airflow/.local/lib/python3.8/site-packages/airflow/example_dags/plugins/workday.py                                                                   0           0  0.37s           2026-04-28T12:20:46
/home/airflow/.local/lib/python3.8/site-packages/airflow/example_dags/example_sensor_decorator.py                                                          1           0  0.18s           2026-04-28T12:20:41
/home/airflow/.local/lib/python3.8/site-packages/airflow/example_dags/example_setup_teardown.py                                                            1           0  0.15s           2026-04-28T12:20:31
/home/airflow/.local/lib/python3.8/site-packages/airflow/example_dags/example_branch_day_of_week_operator.py                                               1           0  0.15s           2026-04-28T12:20:29
/home/airflow/.local/lib/python3.8/site-packages/airflow/example_dags/example_kubernetes_executor.py                                                       1           0  0.14s           2026-04-28T12:20:30
/home/airflow/.local/lib/python3.8/site-packages/airflow/example_dags/example_passing_params_via_test_command.py                                           1           0  0.14s           2026-04-28T12:20:31
/home/airflow/.local/lib/python3.8/site-packages/airflow/example_dags/example_datasets.py                                                                  6           0  0.14s           2026-04-28T12:20:23
/home/airflow/.local/lib/python3.8/site-packages/airflow/example_dags/example_params_ui_tutorial.py                                                        1           0  0.14s           2026-04-28T12:20:32
/home/airflow/.local/lib/python3.8/site-packages/airflow/example_dags/example_xcom.py                                                                      1           0  0.13s           2026-04-28T12:20:39
/home/airflow/.local/lib/python3.8/site-packages/airflow/example_dags/example_branch_labels.py                                                             1           0  0.13s           2026-04-28T12:20:39
/home/airflow/.local/lib/python3.8/site-packages/airflow/example_dags/example_python_operator.py                                                           1           0  0.12s           2026-04-28T12:20:29
/home/airflow/.local/lib/python3.8/site-packages/airflow/example_dags/example_subdag_operator.py                                                           3           0  0.12s           2026-04-28T12:20:28
/home/airflow/.local/lib/python3.8/site-packages/airflow/example_dags/example_branch_datetime_operator.py                                                  3           0  0.12s           2026-04-28T12:20:28
/home/airflow/.local/lib/python3.8/site-packages/airflow/example_dags/example_bash_operator.py                                                             1           0  0.11s           2026-04-28T12:20:28
/home/airflow/.local/lib/python3.8/site-packages/airflow/example_dags/example_sla_dag.py                                                                   1           0  0.11s           2026-04-28T12:20:28
/home/airflow/.local/lib/python3.8/site-packages/airflow/example_dags/example_branch_python_dop_operator_3.py                                              1           0  0.11s           2026-04-28T12:20:41
/home/airflow/.local/lib/python3.8/site-packages/airflow/example_dags/example_complex.py                                                                   1           0  0.11s           2026-04-28T12:20:41
/home/airflow/.local/lib/python3.8/site-packages/airflow/example_dags/example_short_circuit_decorator.py                                                   1           0  0.10s           2026-04-28T12:20:26
/home/airflow/.local/lib/python3.8/site-packages/airflow/example_dags/example_local_kubernetes_executor.py                                                 1           0  0.10s           2026-04-28T12:20:31
/home/airflow/.local/lib/python3.8/site-packages/airflow/example_dags/tutorial_dag.py                                                                      1           0  0.10s           2026-04-28T12:20:40
/home/airflow/.local/lib/python3.8/site-packages/airflow/example_dags/example_short_circuit_operator.py                                                    1           0  0.10s           2026-04-28T12:20:26
/home/airflow/.local/lib/python3.8/site-packages/airflow/example_dags/example_trigger_controller_dag.py                                                    1           0  0.10s           2026-04-28T12:20:28
/home/airflow/.local/lib/python3.8/site-packages/airflow/example_dags/example_task_group.py                                                                1           0  0.10s           2026-04-28T12:20:40
/home/airflow/.local/lib/python3.8/site-packages/airflow/example_dags/example_setup_teardown_taskflow.py                                                   1           0  0.10s           2026-04-28T12:20:23
/home/airflow/.local/lib/python3.8/site-packages/airflow/example_dags/example_python_decorator.py                                                          1           0  0.10s           2026-04-28T12:20:23
/home/airflow/.local/lib/python3.8/site-packages/airflow/example_dags/tutorial.py                                                                          1           0  0.09s           2026-04-28T12:20:31
/home/airflow/.local/lib/python3.8/site-packages/airflow/example_dags/example_latest_only_with_trigger.py                                                  1           0  0.09s           2026-04-28T12:20:28
/home/airflow/.local/lib/python3.8/site-packages/airflow/example_dags/example_skip_dag.py                                                                  1           0  0.09s           2026-04-28T12:20:33
/home/airflow/.local/lib/python3.8/site-packages/airflow/example_dags/example_sensors.py                                                                   1           0  0.09s           2026-04-28T12:20:31
/home/airflow/.local/lib/python3.8/site-packages/airflow/example_dags/example_branch_operator_decorator.py                                                 1           0  0.09s           2026-04-28T12:20:37
/home/airflow/.local/lib/python3.8/site-packages/airflow/example_dags/example_dynamic_task_mapping.py                                                      1           0  0.09s           2026-04-28T12:20:31
/home/airflow/.local/lib/python3.8/site-packages/airflow/example_dags/example_params_trigger_ui.py                                                         1           0  0.09s           2026-04-28T12:20:32
/home/airflow/.local/lib/python3.8/site-packages/airflow/example_dags/example_latest_only.py                                                               1           0  0.09s           2026-04-28T12:20:35
/home/airflow/.local/lib/python3.8/site-packages/airflow/example_dags/example_xcomargs.py                                                                  2           0  0.09s           2026-04-28T12:20:23
/home/airflow/.local/lib/python3.8/site-packages/airflow/example_dags/example_branch_operator.py                                                           1           0  0.09s           2026-04-28T12:20:24
/home/airflow/.local/lib/python3.8/site-packages/airflow/example_dags/tutorial_objectstorage.py                                                            1           0  0.09s           2026-04-28T12:20:35
/home/airflow/.local/lib/python3.8/site-packages/airflow/example_dags/tutorial_taskflow_api.py                                                             1           0  0.09s           2026-04-28T12:20:32
/home/airflow/.local/lib/python3.8/site-packages/airflow/example_dags/example_task_group_decorator.py                                                      1           0  0.08s           2026-04-28T12:20:39
/home/airflow/.local/lib/python3.8/site-packages/airflow/example_dags/example_nested_branch_dag.py                                                         1           0  0.07s           2026-04-28T12:20:38
/home/airflow/.local/lib/python3.8/site-packages/airflow/example_dags/example_dynamic_task_mapping_with_no_taskflow_operators.py                           1           0  0.07s           2026-04-28T12:20:21
/home/airflow/.local/lib/python3.8/site-packages/airflow/example_dags/example_trigger_target_dag.py                                                        1           0  0.07s           2026-04-28T12:20:32
/home/airflow/.local/lib/python3.8/site-packages/airflow/example_dags/tutorial_taskflow_api_virtualenv.py                                                  1           0  0.07s           2026-04-28T12:20:36
/home/airflow/.local/lib/python3.8/site-packages/airflow/example_dags/example_external_task_marker_dag.py                                                  2           0  0.07s           2026-04-28T12:20:35
/home/airflow/.local/lib/python3.8/site-packages/airflow/example_dags/example_time_delta_sensor_async.py                                                   1           0  0.06s           2026-04-28T12:20:28
/home/airflow/.local/lib/python3.8/site-packages/airflow/example_dags/plugins/event_listener.py                                                            0           0  0.03s           2026-04-28T12:20:42
/home/airflow/.local/lib/python3.8/site-packages/airflow/example_dags/plugins/listener_plugin.py                                                           0           0  0.03s           2026-04-28T12:20:41
/home/airflow/.local/lib/python3.8/site-packages/airflow/example_dags/subdags/subdag.py                                                                    0           0  0.03s           2026-04-28T12:20:41
================================================================================
[2026-04-28T12:21:21.591+0000] {manager.py:879} INFO - 
================================================================================
DAG File Processing Stats

File Path                                                                                                                         PID    Runtime      # DAGs    # Errors  Last Runtime    Last Run
--------------------------------------------------------------------------------------------------------------------------------  -----  ---------  --------  ----------  --------------  -------------------
/home/airflow/.local/lib/python3.8/site-packages/airflow/example_dags/plugins/workday.py                                                                   0           0  0.59s           2026-04-28T12:21:17
/home/airflow/.local/lib/python3.8/site-packages/airflow/example_dags/example_dag_decorator.py                                                             1           0  0.49s           2026-04-28T12:21:11
/home/airflow/.local/lib/python3.8/site-packages/airflow/example_dags/example_dynamic_task_mapping.py                                                      1           0  0.21s           2026-04-28T12:21:02
/home/airflow/.local/lib/python3.8/site-packages/airflow/example_dags/tutorial.py                                                                          1           0  0.20s           2026-04-28T12:21:02
/home/airflow/.local/lib/python3.8/site-packages/airflow/example_dags/example_passing_params_via_test_command.py                                           1           0  0.20s           2026-04-28T12:21:02
/home/airflow/.local/lib/python3.8/site-packages/airflow/example_dags/example_datasets.py                                                                  6           0  0.14s           2026-04-28T12:20:54
/home/airflow/.local/lib/python3.8/site-packages/airflow/example_dags/example_params_trigger_ui.py                                                         1           0  0.14s           2026-04-28T12:21:02
/home/airflow/.local/lib/python3.8/site-packages/airflow/example_dags/example_subdag_operator.py                                                           3           0  0.14s           2026-04-28T12:20:59
/home/airflow/.local/lib/python3.8/site-packages/airflow/example_dags/example_sensor_decorator.py                                                          1           0  0.14s           2026-04-28T12:21:11
/home/airflow/.local/lib/python3.8/site-packages/airflow/example_dags/example_task_group.py                                                                1           0  0.13s           2026-04-28T12:21:11
/home/airflow/.local/lib/python3.8/site-packages/airflow/example_dags/example_local_kubernetes_executor.py                                                 1           0  0.13s           2026-04-28T12:21:02
/home/airflow/.local/lib/python3.8/site-packages/airflow/example_dags/example_setup_teardown.py                                                            1           0  0.13s           2026-04-28T12:21:02
/home/airflow/.local/lib/python3.8/site-packages/airflow/example_dags/example_sensors.py                                                                   1           0  0.12s           2026-04-28T12:21:02
/home/airflow/.local/lib/python3.8/site-packages/airflow/example_dags/example_branch_python_dop_operator_3.py                                              1           0  0.12s           2026-04-28T12:21:11
/home/airflow/.local/lib/python3.8/site-packages/airflow/example_dags/example_bash_operator.py                                                             1           0  0.11s           2026-04-28T12:20:58
/home/airflow/.local/lib/python3.8/site-packages/airflow/example_dags/example_branch_datetime_operator.py                                                  3           0  0.11s           2026-04-28T12:20:58
/home/airflow/.local/lib/python3.8/site-packages/airflow/example_dags/example_latest_only_with_trigger.py                                                  1           0  0.11s           2026-04-28T12:20:59
/home/airflow/.local/lib/python3.8/site-packages/airflow/example_dags/tutorial_dag.py                                                                      1           0  0.11s           2026-04-28T12:21:11
/home/airflow/.local/lib/python3.8/site-packages/airflow/example_dags/example_short_circuit_decorator.py                                                   1           0  0.11s           2026-04-28T12:20:56
/home/airflow/.local/lib/python3.8/site-packages/airflow/example_dags/example_short_circuit_operator.py                                                    1           0  0.11s           2026-04-28T12:20:56
/home/airflow/.local/lib/python3.8/site-packages/airflow/example_dags/tutorial_objectstorage.py                                                            1           0  0.11s           2026-04-28T12:21:06
/home/airflow/.local/lib/python3.8/site-packages/airflow/example_dags/example_sla_dag.py                                                                   1           0  0.11s           2026-04-28T12:20:58
/home/airflow/.local/lib/python3.8/site-packages/airflow/example_dags/example_xcom.py                                                                      1           0  0.10s           2026-04-28T12:21:10
/home/airflow/.local/lib/python3.8/site-packages/airflow/example_dags/example_complex.py                                                                   1           0  0.10s           2026-04-28T12:21:11
/home/airflow/.local/lib/python3.8/site-packages/airflow/example_dags/example_python_decorator.py                                                          1           0  0.10s           2026-04-28T12:20:54
/home/airflow/.local/lib/python3.8/site-packages/airflow/example_dags/example_latest_only.py                                                               1           0  0.10s           2026-04-28T12:21:06
/home/airflow/.local/lib/python3.8/site-packages/airflow/example_dags/example_branch_labels.py                                                             1           0  0.10s           2026-04-28T12:21:10
/home/airflow/.local/lib/python3.8/site-packages/airflow/example_dags/example_setup_teardown_taskflow.py                                                   1           0  0.10s           2026-04-28T12:20:54
/home/airflow/.local/lib/python3.8/site-packages/airflow/example_dags/example_python_operator.py                                                           1           0  0.10s           2026-04-28T12:21:00
/home/airflow/.local/lib/python3.8/site-packages/airflow/example_dags/example_branch_day_of_week_operator.py                                               1           0  0.10s           2026-04-28T12:21:00
/home/airflow/.local/lib/python3.8/site-packages/airflow/example_dags/example_params_ui_tutorial.py                                                        1           0  0.09s           2026-04-28T12:21:02
/home/airflow/.local/lib/python3.8/site-packages/airflow/example_dags/example_xcomargs.py                                                                  2           0  0.09s           2026-04-28T12:20:54
/home/airflow/.local/lib/python3.8/site-packages/airflow/example_dags/example_trigger_controller_dag.py                                                    1           0  0.09s           2026-04-28T12:20:58
/home/airflow/.local/lib/python3.8/site-packages/airflow/example_dags/example_branch_operator.py                                                           1           0  0.09s           2026-04-28T12:20:54
/home/airflow/.local/lib/python3.8/site-packages/airflow/example_dags/example_branch_operator_decorator.py                                                 1           0  0.09s           2026-04-28T12:21:08
/home/airflow/.local/lib/python3.8/site-packages/airflow/example_dags/tutorial_taskflow_api.py                                                             1           0  0.09s           2026-04-28T12:21:02
/home/airflow/.local/lib/python3.8/site-packages/airflow/example_dags/example_external_task_marker_dag.py                                                  2           0  0.09s           2026-04-28T12:21:06
/home/airflow/.local/lib/python3.8/site-packages/airflow/example_dags/example_skip_dag.py                                                                  1           0  0.09s           2026-04-28T12:21:04
/home/airflow/.local/lib/python3.8/site-packages/airflow/example_dags/example_kubernetes_executor.py                                                       1           0  0.08s           2026-04-28T12:21:01
/home/airflow/.local/lib/python3.8/site-packages/airflow/example_dags/example_task_group_decorator.py                                                      1           0  0.08s           2026-04-28T12:21:10
/home/airflow/.local/lib/python3.8/site-packages/airflow/example_dags/example_nested_branch_dag.py                                                         1           0  0.07s           2026-04-28T12:21:09
/home/airflow/.local/lib/python3.8/site-packages/airflow/example_dags/example_dynamic_task_mapping_with_no_taskflow_operators.py                           1           0  0.07s           2026-04-28T12:20:52
/home/airflow/.local/lib/python3.8/site-packages/airflow/example_dags/tutorial_taskflow_api_virtualenv.py                                                  1           0  0.07s           2026-04-28T12:21:07
/home/airflow/.local/lib/python3.8/site-packages/airflow/example_dags/example_trigger_target_dag.py                                                        1           0  0.06s           2026-04-28T12:21:02
/home/airflow/.local/lib/python3.8/site-packages/airflow/example_dags/example_time_delta_sensor_async.py                                                   1           0  0.06s           2026-04-28T12:20:59
/home/airflow/.local/lib/python3.8/site-packages/airflow/example_dags/subdags/subdag.py                                                                    0           0  0.04s           2026-04-28T12:21:11
/home/airflow/.local/lib/python3.8/site-packages/airflow/example_dags/plugins/listener_plugin.py                                                           0           0  0.03s           2026-04-28T12:21:11
/home/airflow/.local/lib/python3.8/site-packages/airflow/example_dags/plugins/event_listener.py                                                            0           0  0.03s           2026-04-28T12:21:12
================================================================================
[2026-04-28T12:21:45.027+0000] {manager.py:738} INFO - Searching for files in /opt/airflow/dags
[2026-04-28T12:21:45.039+0000] {manager.py:741} INFO - There are 48 files in /opt/airflow/dags
[2026-04-28T12:21:51.634+0000] {manager.py:879} INFO - 
================================================================================
DAG File Processing Stats

File Path                                                                                                                         PID    Runtime      # DAGs    # Errors  Last Runtime    Last Run
--------------------------------------------------------------------------------------------------------------------------------  -----  ---------  --------  ----------  --------------  -------------------
/home/airflow/.local/lib/python3.8/site-packages/airflow/example_dags/plugins/workday.py                                                                   0           0  0.54s           2026-04-28T12:21:48
/home/airflow/.local/lib/python3.8/site-packages/airflow/example_dags/example_dag_decorator.py                                                             1           0  0.46s           2026-04-28T12:21:42
/home/airflow/.local/lib/python3.8/site-packages/airflow/example_dags/example_params_ui_tutorial.py                                                        1           0  0.16s           2026-04-28T12:21:33
/home/airflow/.local/lib/python3.8/site-packages/airflow/example_dags/example_passing_params_via_test_command.py                                           1           0  0.16s           2026-04-28T12:21:32
/home/airflow/.local/lib/python3.8/site-packages/airflow/example_dags/example_datasets.py                                                                  6           0  0.14s           2026-04-28T12:21:24
/home/airflow/.local/lib/python3.8/site-packages/airflow/example_dags/example_params_trigger_ui.py                                                         1           0  0.13s           2026-04-28T12:21:32
/home/airflow/.local/lib/python3.8/site-packages/airflow/example_dags/example_branch_datetime_operator.py                                                  3           0  0.13s           2026-04-28T12:21:29
/home/airflow/.local/lib/python3.8/site-packages/airflow/example_dags/example_subdag_operator.py                                                           3           0  0.12s           2026-04-28T12:21:29
/home/airflow/.local/lib/python3.8/site-packages/airflow/example_dags/example_sensor_decorator.py                                                          1           0  0.12s           2026-04-28T12:21:42
/home/airflow/.local/lib/python3.8/site-packages/airflow/example_dags/example_setup_teardown.py                                                            1           0  0.12s           2026-04-28T12:21:32
/home/airflow/.local/lib/python3.8/site-packages/airflow/example_dags/example_bash_operator.py                                                             1           0  0.12s           2026-04-28T12:21:29
/home/airflow/.local/lib/python3.8/site-packages/airflow/example_dags/example_complex.py                                                                   1           0  0.11s           2026-04-28T12:21:42
/home/airflow/.local/lib/python3.8/site-packages/airflow/example_dags/example_sla_dag.py                                                                   1           0  0.11s           2026-04-28T12:21:29
/home/airflow/.local/lib/python3.8/site-packages/airflow/example_dags/tutorial.py                                                                          1           0  0.11s           2026-04-28T12:21:32
/home/airflow/.local/lib/python3.8/site-packages/airflow/example_dags/example_setup_teardown_taskflow.py                                                   1           0  0.11s           2026-04-28T12:21:24
/home/airflow/.local/lib/python3.8/site-packages/airflow/example_dags/example_short_circuit_decorator.py                                                   1           0  0.11s           2026-04-28T12:21:26
/home/airflow/.local/lib/python3.8/site-packages/airflow/example_dags/example_branch_python_dop_operator_3.py                                              1           0  0.11s           2026-04-28T12:21:42
/home/airflow/.local/lib/python3.8/site-packages/airflow/example_dags/example_latest_only_with_trigger.py                                                  1           0  0.10s           2026-04-28T12:21:29
/home/airflow/.local/lib/python3.8/site-packages/airflow/example_dags/example_latest_only.py                                                               1           0  0.10s           2026-04-28T12:21:36
/home/airflow/.local/lib/python3.8/site-packages/airflow/example_dags/example_branch_day_of_week_operator.py                                               1           0  0.10s           2026-04-28T12:21:30
/home/airflow/.local/lib/python3.8/site-packages/airflow/example_dags/example_python_decorator.py                                                          1           0  0.10s           2026-04-28T12:21:24
/home/airflow/.local/lib/python3.8/site-packages/airflow/example_dags/example_short_circuit_operator.py                                                    1           0  0.10s           2026-04-28T12:21:26
/home/airflow/.local/lib/python3.8/site-packages/airflow/example_dags/example_branch_operator_decorator.py                                                 1           0  0.10s           2026-04-28T12:21:38
/home/airflow/.local/lib/python3.8/site-packages/airflow/example_dags/example_dynamic_task_mapping.py                                                      1           0  0.10s           2026-04-28T12:21:32
/home/airflow/.local/lib/python3.8/site-packages/airflow/example_dags/example_python_operator.py                                                           1           0  0.10s           2026-04-28T12:21:30
/home/airflow/.local/lib/python3.8/site-packages/airflow/example_dags/example_trigger_controller_dag.py                                                    1           0  0.09s           2026-04-28T12:21:29
/home/airflow/.local/lib/python3.8/site-packages/airflow/example_dags/example_xcomargs.py                                                                  2           0  0.09s           2026-04-28T12:21:24
/home/airflow/.local/lib/python3.8/site-packages/airflow/example_dags/example_branch_operator.py                                                           1           0  0.09s           2026-04-28T12:21:24
/home/airflow/.local/lib/python3.8/site-packages/airflow/example_dags/tutorial_dag.py                                                                      1           0  0.09s           2026-04-28T12:21:42
/home/airflow/.local/lib/python3.8/site-packages/airflow/example_dags/example_trigger_target_dag.py                                                        1           0  0.09s           2026-04-28T12:21:33
/home/airflow/.local/lib/python3.8/site-packages/airflow/example_dags/tutorial_objectstorage.py                                                            1           0  0.09s           2026-04-28T12:21:36
/home/airflow/.local/lib/python3.8/site-packages/airflow/example_dags/tutorial_taskflow_api.py                                                             1           0  0.09s           2026-04-28T12:21:32
/home/airflow/.local/lib/python3.8/site-packages/airflow/example_dags/example_nested_branch_dag.py                                                         1           0  0.08s           2026-04-28T12:21:39
/home/airflow/.local/lib/python3.8/site-packages/airflow/example_dags/example_branch_labels.py                                                             1           0  0.08s           2026-04-28T12:21:40
/home/airflow/.local/lib/python3.8/site-packages/airflow/example_dags/example_kubernetes_executor.py                                                       1           0  0.08s           2026-04-28T12:21:31
/home/airflow/.local/lib/python3.8/site-packages/airflow/example_dags/example_external_task_marker_dag.py                                                  2           0  0.08s           2026-04-28T12:21:36
/home/airflow/.local/lib/python3.8/site-packages/airflow/example_dags/example_task_group_decorator.py                                                      1           0  0.08s           2026-04-28T12:21:40
/home/airflow/.local/lib/python3.8/site-packages/airflow/example_dags/example_skip_dag.py                                                                  1           0  0.08s           2026-04-28T12:21:34
/home/airflow/.local/lib/python3.8/site-packages/airflow/example_dags/example_dynamic_task_mapping_with_no_taskflow_operators.py                           1           0  0.07s           2026-04-28T12:21:22
/home/airflow/.local/lib/python3.8/site-packages/airflow/example_dags/example_local_kubernetes_executor.py                                                 1           0  0.07s           2026-04-28T12:21:32
/home/airflow/.local/lib/python3.8/site-packages/airflow/example_dags/example_task_group.py                                                                1           0  0.07s           2026-04-28T12:21:41
/home/airflow/.local/lib/python3.8/site-packages/airflow/example_dags/example_xcom.py                                                                      1           0  0.07s           2026-04-28T12:21:40
/home/airflow/.local/lib/python3.8/site-packages/airflow/example_dags/tutorial_taskflow_api_virtualenv.py                                                  1           0  0.07s           2026-04-28T12:21:37
/home/airflow/.local/lib/python3.8/site-packages/airflow/example_dags/example_sensors.py                                                                   1           0  0.06s           2026-04-28T12:21:32
/home/airflow/.local/lib/python3.8/site-packages/airflow/example_dags/example_time_delta_sensor_async.py                                                   1           0  0.06s           2026-04-28T12:21:29
/home/airflow/.local/lib/python3.8/site-packages/airflow/example_dags/plugins/listener_plugin.py                                                           0           0  0.03s           2026-04-28T12:21:43
/home/airflow/.local/lib/python3.8/site-packages/airflow/example_dags/subdags/subdag.py                                                                    0           0  0.03s           2026-04-28T12:21:42
/home/airflow/.local/lib/python3.8/site-packages/airflow/example_dags/plugins/event_listener.py                                                            0           0  0.03s           2026-04-28T12:21:43
================================================================================
[2026-04-28T12:22:21.908+0000] {manager.py:879} INFO - 
================================================================================
DAG File Processing Stats

File Path                                                                                                                         PID    Runtime      # DAGs    # Errors  Last Runtime    Last Run
--------------------------------------------------------------------------------------------------------------------------------  -----  ---------  --------  ----------  --------------  -------------------
/home/airflow/.local/lib/python3.8/site-packages/airflow/example_dags/example_dag_decorator.py                                                             1           0  0.47s           2026-04-28T12:22:13
/home/airflow/.local/lib/python3.8/site-packages/airflow/example_dags/plugins/workday.py                                                                   0           0  0.35s           2026-04-28T12:22:19
/home/airflow/.local/lib/python3.8/site-packages/airflow/example_dags/example_datasets.py                                                                  6           0  0.19s           2026-04-28T12:21:55
/home/airflow/.local/lib/python3.8/site-packages/airflow/example_dags/example_params_ui_tutorial.py                                                        1           0  0.15s           2026-04-28T12:22:03
/home/airflow/.local/lib/python3.8/site-packages/airflow/example_dags/example_latest_only_with_trigger.py                                                  1           0  0.14s           2026-04-28T12:22:00
/home/airflow/.local/lib/python3.8/site-packages/airflow/example_dags/example_setup_teardown_taskflow.py                                                   1           0  0.14s           2026-04-28T12:21:55
/home/airflow/.local/lib/python3.8/site-packages/airflow/example_dags/example_sensor_decorator.py                                                          1           0  0.14s           2026-04-28T12:22:13
/home/airflow/.local/lib/python3.8/site-packages/airflow/example_dags/example_subdag_operator.py                                                           3           0  0.14s           2026-04-28T12:21:59
/home/airflow/.local/lib/python3.8/site-packages/airflow/example_dags/example_python_operator.py                                                           1           0  0.14s           2026-04-28T12:22:01
/home/airflow/.local/lib/python3.8/site-packages/airflow/example_dags/example_params_trigger_ui.py                                                         1           0  0.13s           2026-04-28T12:22:03
/home/airflow/.local/lib/python3.8/site-packages/airflow/example_dags/example_passing_params_via_test_command.py                                           1           0  0.13s           2026-04-28T12:22:03
/home/airflow/.local/lib/python3.8/site-packages/airflow/example_dags/example_python_decorator.py                                                          1           0  0.13s           2026-04-28T12:21:55
/home/airflow/.local/lib/python3.8/site-packages/airflow/example_dags/example_xcomargs.py                                                                  2           0  0.13s           2026-04-28T12:21:55
/home/airflow/.local/lib/python3.8/site-packages/airflow/example_dags/example_time_delta_sensor_async.py                                                   1           0  0.12s           2026-04-28T12:22:00
/home/airflow/.local/lib/python3.8/site-packages/airflow/example_dags/example_branch_day_of_week_operator.py                                               1           0  0.12s           2026-04-28T12:22:01
/home/airflow/.local/lib/python3.8/site-packages/airflow/example_dags/example_bash_operator.py                                                             1           0  0.11s           2026-04-28T12:21:59
/home/airflow/.local/lib/python3.8/site-packages/airflow/example_dags/example_branch_python_dop_operator_3.py                                              1           0  0.11s           2026-04-28T12:22:13
/home/airflow/.local/lib/python3.8/site-packages/airflow/example_dags/example_complex.py                                                                   1           0  0.11s           2026-04-28T12:22:13
/home/airflow/.local/lib/python3.8/site-packages/airflow/example_dags/example_setup_teardown.py                                                            1           0  0.11s           2026-04-28T12:22:03
/home/airflow/.local/lib/python3.8/site-packages/airflow/example_dags/example_short_circuit_operator.py                                                    1           0  0.11s           2026-04-28T12:21:57
/home/airflow/.local/lib/python3.8/site-packages/airflow/example_dags/example_local_kubernetes_executor.py                                                 1           0  0.11s           2026-04-28T12:22:03
/home/airflow/.local/lib/python3.8/site-packages/airflow/example_dags/example_short_circuit_decorator.py                                                   1           0  0.11s           2026-04-28T12:21:57
/home/airflow/.local/lib/python3.8/site-packages/airflow/example_dags/example_dynamic_task_mapping.py                                                      1           0  0.10s           2026-04-28T12:22:03
/home/airflow/.local/lib/python3.8/site-packages/airflow/example_dags/example_sla_dag.py                                                                   1           0  0.10s           2026-04-28T12:21:59
/home/airflow/.local/lib/python3.8/site-packages/airflow/example_dags/example_nested_branch_dag.py                                                         1           0  0.10s           2026-04-28T12:22:10
/home/airflow/.local/lib/python3.8/site-packages/airflow/example_dags/example_xcom.py                                                                      1           0  0.10s           2026-04-28T12:22:11
/home/airflow/.local/lib/python3.8/site-packages/airflow/example_dags/example_trigger_controller_dag.py                                                    1           0  0.10s           2026-04-28T12:21:59
/home/airflow/.local/lib/python3.8/site-packages/airflow/example_dags/example_branch_labels.py                                                             1           0  0.10s           2026-04-28T12:22:11
/home/airflow/.local/lib/python3.8/site-packages/airflow/example_dags/example_latest_only.py                                                               1           0  0.09s           2026-04-28T12:22:06
/home/airflow/.local/lib/python3.8/site-packages/airflow/example_dags/example_branch_operator.py                                                           1           0  0.09s           2026-04-28T12:21:55
/home/airflow/.local/lib/python3.8/site-packages/airflow/example_dags/example_kubernetes_executor.py                                                       1           0  0.09s           2026-04-28T12:22:02
/home/airflow/.local/lib/python3.8/site-packages/airflow/example_dags/tutorial_objectstorage.py                                                            1           0  0.09s           2026-04-28T12:22:06
/home/airflow/.local/lib/python3.8/site-packages/airflow/example_dags/tutorial_dag.py                                                                      1           0  0.09s           2026-04-28T12:22:13
/home/airflow/.local/lib/python3.8/site-packages/airflow/example_dags/example_trigger_target_dag.py                                                        1           0  0.09s           2026-04-28T12:22:03
/home/airflow/.local/lib/python3.8/site-packages/airflow/example_dags/example_branch_operator_decorator.py                                                 1           0  0.09s           2026-04-28T12:22:09
/home/airflow/.local/lib/python3.8/site-packages/airflow/example_dags/tutorial_taskflow_api.py                                                             1           0  0.08s           2026-04-28T12:22:03
/home/airflow/.local/lib/python3.8/site-packages/airflow/example_dags/example_branch_datetime_operator.py                                                  3           0  0.08s           2026-04-28T12:21:59
/home/airflow/.local/lib/python3.8/site-packages/airflow/example_dags/example_task_group_decorator.py                                                      1           0  0.08s           2026-04-28T12:22:11
/home/airflow/.local/lib/python3.8/site-packages/airflow/example_dags/example_dynamic_task_mapping_with_no_taskflow_operators.py                           1           0  0.08s           2026-04-28T12:21:53
/home/airflow/.local/lib/python3.8/site-packages/airflow/example_dags/example_skip_dag.py                                                                  1           0  0.07s           2026-04-28T12:22:04
/home/airflow/.local/lib/python3.8/site-packages/airflow/example_dags/example_task_group.py                                                                1           0  0.07s           2026-04-28T12:22:12
/home/airflow/.local/lib/python3.8/site-packages/airflow/example_dags/tutorial_taskflow_api_virtualenv.py                                                  1           0  0.07s           2026-04-28T12:22:08
/home/airflow/.local/lib/python3.8/site-packages/airflow/example_dags/example_sensors.py                                                                   1           0  0.07s           2026-04-28T12:22:03
/home/airflow/.local/lib/python3.8/site-packages/airflow/example_dags/tutorial.py                                                                          1           0  0.07s           2026-04-28T12:22:03
/home/airflow/.local/lib/python3.8/site-packages/airflow/example_dags/example_external_task_marker_dag.py                                                  2           0  0.06s           2026-04-28T12:22:07
/home/airflow/.local/lib/python3.8/site-packages/airflow/example_dags/subdags/subdag.py                                                                    0           0  0.04s           2026-04-28T12:22:13
/home/airflow/.local/lib/python3.8/site-packages/airflow/example_dags/plugins/listener_plugin.py                                                           0           0  0.04s           2026-04-28T12:22:13
/home/airflow/.local/lib/python3.8/site-packages/airflow/example_dags/plugins/event_listener.py                                                            0           0  0.03s           2026-04-28T12:22:13
================================================================================
[2026-04-28T12:22:52.081+0000] {manager.py:879} INFO - 
================================================================================
DAG File Processing Stats

File Path                                                                                                                         PID    Runtime      # DAGs    # Errors  Last Runtime    Last Run
--------------------------------------------------------------------------------------------------------------------------------  -----  ---------  --------  ----------  --------------  -------------------
/home/airflow/.local/lib/python3.8/site-packages/airflow/example_dags/example_dag_decorator.py                                                             1           0  0.53s           2026-04-28T12:22:45
/home/airflow/.local/lib/python3.8/site-packages/airflow/example_dags/plugins/workday.py                                                                   0           0  0.44s           2026-04-28T12:22:50
/home/airflow/.local/lib/python3.8/site-packages/airflow/example_dags/example_nested_branch_dag.py                                                         1           0  0.19s           2026-04-28T12:22:40
/home/airflow/.local/lib/python3.8/site-packages/airflow/example_dags/example_params_ui_tutorial.py                                                        1           0  0.16s           2026-04-28T12:22:33
/home/airflow/.local/lib/python3.8/site-packages/airflow/example_dags/example_datasets.py                                                                  6           0  0.15s           2026-04-28T12:22:25
/home/airflow/.local/lib/python3.8/site-packages/airflow/example_dags/tutorial_taskflow_api.py                                                             1           0  0.14s           2026-04-28T12:22:33
/home/airflow/.local/lib/python3.8/site-packages/airflow/example_dags/example_branch_python_dop_operator_3.py                                              1           0  0.14s           2026-04-28T12:22:44
/home/airflow/.local/lib/python3.8/site-packages/airflow/example_dags/example_python_decorator.py                                                          1           0  0.13s           2026-04-28T12:22:25
/home/airflow/.local/lib/python3.8/site-packages/airflow/example_dags/example_latest_only_with_trigger.py                                                  1           0  0.13s           2026-04-28T12:22:30
/home/airflow/.local/lib/python3.8/site-packages/airflow/example_dags/example_bash_operator.py                                                             1           0  0.13s           2026-04-28T12:22:29
/home/airflow/.local/lib/python3.8/site-packages/airflow/example_dags/example_subdag_operator.py                                                           3           0  0.12s           2026-04-28T12:22:30
/home/airflow/.local/lib/python3.8/site-packages/airflow/example_dags/example_branch_datetime_operator.py                                                  3           0  0.12s           2026-04-28T12:22:30
/home/airflow/.local/lib/python3.8/site-packages/airflow/example_dags/example_local_kubernetes_executor.py                                                 1           0  0.11s           2026-04-28T12:22:33
/home/airflow/.local/lib/python3.8/site-packages/airflow/example_dags/example_short_circuit_decorator.py                                                   1           0  0.11s           2026-04-28T12:22:27
/home/airflow/.local/lib/python3.8/site-packages/airflow/example_dags/example_complex.py                                                                   1           0  0.11s           2026-04-28T12:22:44
/home/airflow/.local/lib/python3.8/site-packages/airflow/example_dags/example_sla_dag.py                                                                   1           0  0.11s           2026-04-28T12:22:29
/home/airflow/.local/lib/python3.8/site-packages/airflow/example_dags/example_time_delta_sensor_async.py                                                   1           0  0.11s           2026-04-28T12:22:30
/home/airflow/.local/lib/python3.8/site-packages/airflow/example_dags/example_passing_params_via_test_command.py                                           1           0  0.10s           2026-04-28T12:22:33
/home/airflow/.local/lib/python3.8/site-packages/airflow/example_dags/example_short_circuit_operator.py                                                    1           0  0.10s           2026-04-28T12:22:27
/home/airflow/.local/lib/python3.8/site-packages/airflow/example_dags/example_branch_labels.py                                                             1           0  0.10s           2026-04-28T12:22:41
/home/airflow/.local/lib/python3.8/site-packages/airflow/example_dags/example_branch_day_of_week_operator.py                                               1           0  0.10s           2026-04-28T12:22:31
/home/airflow/.local/lib/python3.8/site-packages/airflow/example_dags/example_dynamic_task_mapping_with_no_taskflow_operators.py                           1           0  0.10s           2026-04-28T12:22:23
/home/airflow/.local/lib/python3.8/site-packages/airflow/example_dags/example_setup_teardown.py                                                            1           0  0.10s           2026-04-28T12:22:33
/home/airflow/.local/lib/python3.8/site-packages/airflow/example_dags/example_params_trigger_ui.py                                                         1           0  0.10s           2026-04-28T12:22:33
/home/airflow/.local/lib/python3.8/site-packages/airflow/example_dags/example_xcom.py                                                                      1           0  0.10s           2026-04-28T12:22:41
/home/airflow/.local/lib/python3.8/site-packages/airflow/example_dags/example_trigger_controller_dag.py                                                    1           0  0.10s           2026-04-28T12:22:30
/home/airflow/.local/lib/python3.8/site-packages/airflow/example_dags/example_dynamic_task_mapping.py                                                      1           0  0.10s           2026-04-28T12:22:33
/home/airflow/.local/lib/python3.8/site-packages/airflow/example_dags/example_sensor_decorator.py                                                          1           0  0.09s           2026-04-28T12:22:44
/home/airflow/.local/lib/python3.8/site-packages/airflow/example_dags/example_latest_only.py                                                               1           0  0.09s           2026-04-28T12:22:37
/home/airflow/.local/lib/python3.8/site-packages/airflow/example_dags/example_python_operator.py                                                           1           0  0.09s           2026-04-28T12:22:31
/home/airflow/.local/lib/python3.8/site-packages/airflow/example_dags/example_branch_operator_decorator.py                                                 1           0  0.09s           2026-04-28T12:22:39
/home/airflow/.local/lib/python3.8/site-packages/airflow/example_dags/tutorial_objectstorage.py                                                            1           0  0.08s           2026-04-28T12:22:37
/home/airflow/.local/lib/python3.8/site-packages/airflow/example_dags/example_branch_operator.py                                                           1           0  0.08s           2026-04-28T12:22:25
/home/airflow/.local/lib/python3.8/site-packages/airflow/example_dags/example_kubernetes_executor.py                                                       1           0  0.08s           2026-04-28T12:22:32
/home/airflow/.local/lib/python3.8/site-packages/airflow/example_dags/example_sensors.py                                                                   1           0  0.08s           2026-04-28T12:22:33
/home/airflow/.local/lib/python3.8/site-packages/airflow/example_dags/plugins/listener_plugin.py                                                           0           0  0.08s           2026-04-28T12:22:44
/home/airflow/.local/lib/python3.8/site-packages/airflow/example_dags/example_task_group_decorator.py                                                      1           0  0.07s           2026-04-28T12:22:41
/home/airflow/.local/lib/python3.8/site-packages/airflow/example_dags/example_task_group.py                                                                1           0  0.07s           2026-04-28T12:22:42
/home/airflow/.local/lib/python3.8/site-packages/airflow/example_dags/example_setup_teardown_taskflow.py                                                   1           0  0.07s           2026-04-28T12:22:25
/home/airflow/.local/lib/python3.8/site-packages/airflow/example_dags/example_skip_dag.py                                                                  1           0  0.07s           2026-04-28T12:22:35
/home/airflow/.local/lib/python3.8/site-packages/airflow/example_dags/example_xcomargs.py                                                                  2           0  0.07s           2026-04-28T12:22:25
/home/airflow/.local/lib/python3.8/site-packages/airflow/example_dags/tutorial.py                                                                          1           0  0.07s           2026-04-28T12:22:33
/home/airflow/.local/lib/python3.8/site-packages/airflow/example_dags/tutorial_taskflow_api_virtualenv.py                                                  1           0  0.07s           2026-04-28T12:22:38
/home/airflow/.local/lib/python3.8/site-packages/airflow/example_dags/example_external_task_marker_dag.py                                                  2           0  0.07s           2026-04-28T12:22:37
/home/airflow/.local/lib/python3.8/site-packages/airflow/example_dags/example_trigger_target_dag.py                                                        1           0  0.07s           2026-04-28T12:22:34
/home/airflow/.local/lib/python3.8/site-packages/airflow/example_dags/tutorial_dag.py                                                                      1           0  0.06s           2026-04-28T12:22:43
/home/airflow/.local/lib/python3.8/site-packages/airflow/example_dags/subdags/subdag.py                                                                    0           0  0.04s           2026-04-28T12:22:44
/home/airflow/.local/lib/python3.8/site-packages/airflow/example_dags/plugins/event_listener.py                                                            0           0  0.04s           2026-04-28T12:22:45
================================================================================
[2026-04-28T12:23:22.404+0000] {manager.py:879} INFO - 
================================================================================
DAG File Processing Stats

File Path                                                                                                                         PID    Runtime      # DAGs    # Errors  Last Runtime    Last Run
--------------------------------------------------------------------------------------------------------------------------------  -----  ---------  --------  ----------  --------------  -------------------
/home/airflow/.local/lib/python3.8/site-packages/airflow/example_dags/example_dag_decorator.py                                                             1           0  0.95s           2026-04-28T12:23:15
/home/airflow/.local/lib/python3.8/site-packages/airflow/example_dags/example_complex.py                                                                   1           0  0.40s           2026-04-28T12:23:15
/home/airflow/.local/lib/python3.8/site-packages/airflow/example_dags/example_datasets.py                                                                  6           0  0.38s           2026-04-28T12:22:55
/home/airflow/.local/lib/python3.8/site-packages/airflow/example_dags/plugins/workday.py                                                                   0           0  0.38s           2026-04-28T12:23:21
/home/airflow/.local/lib/python3.8/site-packages/airflow/example_dags/example_xcomargs.py                                                                  2           0  0.37s           2026-04-28T12:22:56
/home/airflow/.local/lib/python3.8/site-packages/airflow/example_dags/example_branch_operator.py                                                           1           0  0.31s           2026-04-28T12:22:56
/home/airflow/.local/lib/python3.8/site-packages/airflow/example_dags/example_python_decorator.py                                                          1           0  0.26s           2026-04-28T12:22:55
/home/airflow/.local/lib/python3.8/site-packages/airflow/example_dags/example_setup_teardown_taskflow.py                                                   1           0  0.21s           2026-04-28T12:22:56
/home/airflow/.local/lib/python3.8/site-packages/airflow/example_dags/example_subdag_operator.py                                                           3           0  0.19s           2026-04-28T12:23:00
/home/airflow/.local/lib/python3.8/site-packages/airflow/example_dags/subdags/subdag.py                                                                    0           0  0.18s           2026-04-28T12:23:15
/home/airflow/.local/lib/python3.8/site-packages/airflow/example_dags/example_trigger_controller_dag.py                                                    1           0  0.16s           2026-04-28T12:23:00
/home/airflow/.local/lib/python3.8/site-packages/airflow/example_dags/example_params_ui_tutorial.py                                                        1           0  0.16s           2026-04-28T12:23:04
/home/airflow/.local/lib/python3.8/site-packages/airflow/example_dags/example_branch_python_dop_operator_3.py                                              1           0  0.15s           2026-04-28T12:23:15
/home/airflow/.local/lib/python3.8/site-packages/airflow/example_dags/example_params_trigger_ui.py                                                         1           0  0.15s           2026-04-28T12:23:04
/home/airflow/.local/lib/python3.8/site-packages/airflow/example_dags/example_sensor_decorator.py                                                          1           0  0.13s           2026-04-28T12:23:15
/home/airflow/.local/lib/python3.8/site-packages/airflow/example_dags/example_branch_datetime_operator.py                                                  3           0  0.13s           2026-04-28T12:23:00
/home/airflow/.local/lib/python3.8/site-packages/airflow/example_dags/example_bash_operator.py                                                             1           0  0.12s           2026-04-28T12:23:00
/home/airflow/.local/lib/python3.8/site-packages/airflow/example_dags/example_dynamic_task_mapping.py                                                      1           0  0.11s           2026-04-28T12:23:04
/home/airflow/.local/lib/python3.8/site-packages/airflow/example_dags/example_branch_day_of_week_operator.py                                               1           0  0.11s           2026-04-28T12:23:02
/home/airflow/.local/lib/python3.8/site-packages/airflow/example_dags/example_local_kubernetes_executor.py                                                 1           0  0.11s           2026-04-28T12:23:04
/home/airflow/.local/lib/python3.8/site-packages/airflow/example_dags/example_passing_params_via_test_command.py                                           1           0  0.11s           2026-04-28T12:23:04
/home/airflow/.local/lib/python3.8/site-packages/airflow/example_dags/example_short_circuit_decorator.py                                                   1           0  0.11s           2026-04-28T12:22:58
/home/airflow/.local/lib/python3.8/site-packages/airflow/example_dags/example_sla_dag.py                                                                   1           0  0.11s           2026-04-28T12:23:00
/home/airflow/.local/lib/python3.8/site-packages/airflow/example_dags/example_python_operator.py                                                           1           0  0.11s           2026-04-28T12:23:02
/home/airflow/.local/lib/python3.8/site-packages/airflow/example_dags/example_setup_teardown.py                                                            1           0  0.10s           2026-04-28T12:23:04
/home/airflow/.local/lib/python3.8/site-packages/airflow/example_dags/example_short_circuit_operator.py                                                    1           0  0.10s           2026-04-28T12:22:58
/home/airflow/.local/lib/python3.8/site-packages/airflow/example_dags/example_xcom.py                                                                      1           0  0.10s           2026-04-28T12:23:11
/home/airflow/.local/lib/python3.8/site-packages/airflow/example_dags/example_latest_only_with_trigger.py                                                  1           0  0.10s           2026-04-28T12:23:00
/home/airflow/.local/lib/python3.8/site-packages/airflow/example_dags/example_dynamic_task_mapping_with_no_taskflow_operators.py                           1           0  0.10s           2026-04-28T12:22:53
/home/airflow/.local/lib/python3.8/site-packages/airflow/example_dags/tutorial.py                                                                          1           0  0.10s           2026-04-28T12:23:04
/home/airflow/.local/lib/python3.8/site-packages/airflow/example_dags/example_branch_labels.py                                                             1           0  0.10s           2026-04-28T12:23:11
/home/airflow/.local/lib/python3.8/site-packages/airflow/example_dags/example_trigger_target_dag.py                                                        1           0  0.10s           2026-04-28T12:23:04
/home/airflow/.local/lib/python3.8/site-packages/airflow/example_dags/example_sensors.py                                                                   1           0  0.09s           2026-04-28T12:23:04
/home/airflow/.local/lib/python3.8/site-packages/airflow/example_dags/example_latest_only.py                                                               1           0  0.09s           2026-04-28T12:23:07
/home/airflow/.local/lib/python3.8/site-packages/airflow/example_dags/tutorial_objectstorage.py                                                            1           0  0.09s           2026-04-28T12:23:07
/home/airflow/.local/lib/python3.8/site-packages/airflow/example_dags/example_branch_operator_decorator.py                                                 1           0  0.09s           2026-04-28T12:23:09
/home/airflow/.local/lib/python3.8/site-packages/airflow/example_dags/tutorial_taskflow_api.py                                                             1           0  0.09s           2026-04-28T12:23:04
/home/airflow/.local/lib/python3.8/site-packages/airflow/example_dags/example_kubernetes_executor.py                                                       1           0  0.08s           2026-04-28T12:23:03
/home/airflow/.local/lib/python3.8/site-packages/airflow/example_dags/example_task_group_decorator.py                                                      1           0  0.08s           2026-04-28T12:23:12
/home/airflow/.local/lib/python3.8/site-packages/airflow/example_dags/example_time_delta_sensor_async.py                                                   1           0  0.08s           2026-04-28T12:23:00
/home/airflow/.local/lib/python3.8/site-packages/airflow/example_dags/example_nested_branch_dag.py                                                         1           0  0.07s           2026-04-28T12:23:10
/home/airflow/.local/lib/python3.8/site-packages/airflow/example_dags/example_task_group.py                                                                1           0  0.07s           2026-04-28T12:23:13
/home/airflow/.local/lib/python3.8/site-packages/airflow/example_dags/example_skip_dag.py                                                                  1           0  0.07s           2026-04-28T12:23:05
/home/airflow/.local/lib/python3.8/site-packages/airflow/example_dags/tutorial_taskflow_api_virtualenv.py                                                  1           0  0.07s           2026-04-28T12:23:08
/home/airflow/.local/lib/python3.8/site-packages/airflow/example_dags/example_external_task_marker_dag.py                                                  2           0  0.07s           2026-04-28T12:23:07
/home/airflow/.local/lib/python3.8/site-packages/airflow/example_dags/tutorial_dag.py                                                                      1           0  0.06s           2026-04-28T12:23:14
/home/airflow/.local/lib/python3.8/site-packages/airflow/example_dags/plugins/listener_plugin.py                                                           0           0  0.04s           2026-04-28T12:23:15
/home/airflow/.local/lib/python3.8/site-packages/airflow/example_dags/plugins/event_listener.py                                                            0           0  0.03s           2026-04-28T12:23:16
================================================================================
[2026-04-28T12:23:52.798+0000] {manager.py:879} INFO - 
================================================================================
DAG File Processing Stats

File Path                                                                                                                         PID    Runtime      # DAGs    # Errors  Last Runtime    Last Run
--------------------------------------------------------------------------------------------------------------------------------  -----  ---------  --------  ----------  --------------  -------------------
/home/airflow/.local/lib/python3.8/site-packages/airflow/example_dags/plugins/workday.py                                                                   0           0  0.39s           2026-04-28T12:23:52
/home/airflow/.local/lib/python3.8/site-packages/airflow/example_dags/example_dag_decorator.py                                                             1           0  0.39s           2026-04-28T12:23:46
/home/airflow/.local/lib/python3.8/site-packages/airflow/example_dags/example_short_circuit_decorator.py                                                   1           0  0.24s           2026-04-28T12:23:28
/home/airflow/.local/lib/python3.8/site-packages/airflow/example_dags/example_branch_operator.py                                                           1           0  0.20s           2026-04-28T12:23:27
/home/airflow/.local/lib/python3.8/site-packages/airflow/example_dags/example_branch_day_of_week_operator.py                                               1           0  0.18s           2026-04-28T12:23:32
/home/airflow/.local/lib/python3.8/site-packages/airflow/example_dags/tutorial_taskflow_api.py                                                             1           0  0.16s           2026-04-28T12:23:34
/home/airflow/.local/lib/python3.8/site-packages/airflow/example_dags/example_params_ui_tutorial.py                                                        1           0  0.15s           2026-04-28T12:23:34
/home/airflow/.local/lib/python3.8/site-packages/airflow/example_dags/example_local_kubernetes_executor.py                                                 1           0  0.15s           2026-04-28T12:23:34
/home/airflow/.local/lib/python3.8/site-packages/airflow/example_dags/example_datasets.py                                                                  6           0  0.15s           2026-04-28T12:23:26
/home/airflow/.local/lib/python3.8/site-packages/airflow/example_dags/example_subdag_operator.py                                                           3           0  0.15s           2026-04-28T12:23:31
/home/airflow/.local/lib/python3.8/site-packages/airflow/example_dags/example_latest_only_with_trigger.py                                                  1           0  0.14s           2026-04-28T12:23:31
/home/airflow/.local/lib/python3.8/site-packages/airflow/example_dags/example_sensors.py                                                                   1           0  0.14s           2026-04-28T12:23:34
/home/airflow/.local/lib/python3.8/site-packages/airflow/example_dags/example_setup_teardown.py                                                            1           0  0.14s           2026-04-28T12:23:34
/home/airflow/.local/lib/python3.8/site-packages/airflow/example_dags/example_python_operator.py                                                           1           0  0.13s           2026-04-28T12:23:32
/home/airflow/.local/lib/python3.8/site-packages/airflow/example_dags/example_xcomargs.py                                                                  2           0  0.13s           2026-04-28T12:23:27
/home/airflow/.local/lib/python3.8/site-packages/airflow/example_dags/example_passing_params_via_test_command.py                                           1           0  0.13s           2026-04-28T12:23:34
/home/airflow/.local/lib/python3.8/site-packages/airflow/example_dags/example_branch_labels.py                                                             1           0  0.11s           2026-04-28T12:23:42
/home/airflow/.local/lib/python3.8/site-packages/airflow/example_dags/example_short_circuit_operator.py                                                    1           0  0.11s           2026-04-28T12:23:28
/home/airflow/.local/lib/python3.8/site-packages/airflow/example_dags/example_bash_operator.py                                                             1           0  0.11s           2026-04-28T12:23:30
/home/airflow/.local/lib/python3.8/site-packages/airflow/example_dags/example_python_decorator.py                                                          1           0  0.11s           2026-04-28T12:23:26
/home/airflow/.local/lib/python3.8/site-packages/airflow/example_dags/example_complex.py                                                                   1           0  0.11s           2026-04-28T12:23:46
/home/airflow/.local/lib/python3.8/site-packages/airflow/example_dags/example_sla_dag.py                                                                   1           0  0.11s           2026-04-28T12:23:30
/home/airflow/.local/lib/python3.8/site-packages/airflow/example_dags/example_branch_operator_decorator.py                                                 1           0  0.10s           2026-04-28T12:23:40
/home/airflow/.local/lib/python3.8/site-packages/airflow/example_dags/example_xcom.py                                                                      1           0  0.10s           2026-04-28T12:23:42
/home/airflow/.local/lib/python3.8/site-packages/airflow/example_dags/example_dynamic_task_mapping_with_no_taskflow_operators.py                           1           0  0.10s           2026-04-28T12:23:24
/home/airflow/.local/lib/python3.8/site-packages/airflow/example_dags/tutorial.py                                                                          1           0  0.09s           2026-04-28T12:23:34
/home/airflow/.local/lib/python3.8/site-packages/airflow/example_dags/example_dynamic_task_mapping.py                                                      1           0  0.09s           2026-04-28T12:23:34
/home/airflow/.local/lib/python3.8/site-packages/airflow/example_dags/example_latest_only.py                                                               1           0  0.09s           2026-04-28T12:23:37
/home/airflow/.local/lib/python3.8/site-packages/airflow/example_dags/example_branch_datetime_operator.py                                                  3           0  0.09s           2026-04-28T12:23:30
/home/airflow/.local/lib/python3.8/site-packages/airflow/example_dags/example_params_trigger_ui.py                                                         1           0  0.09s           2026-04-28T12:23:34
/home/airflow/.local/lib/python3.8/site-packages/airflow/example_dags/tutorial_objectstorage.py                                                            1           0  0.08s           2026-04-28T12:23:37
/home/airflow/.local/lib/python3.8/site-packages/airflow/example_dags/example_trigger_controller_dag.py                                                    1           0  0.08s           2026-04-28T12:23:30
/home/airflow/.local/lib/python3.8/site-packages/airflow/example_dags/example_kubernetes_executor.py                                                       1           0  0.08s           2026-04-28T12:23:33
/home/airflow/.local/lib/python3.8/site-packages/airflow/example_dags/example_nested_branch_dag.py                                                         1           0  0.08s           2026-04-28T12:23:41
/home/airflow/.local/lib/python3.8/site-packages/airflow/example_dags/example_setup_teardown_taskflow.py                                                   1           0  0.08s           2026-04-28T12:23:26
/home/airflow/.local/lib/python3.8/site-packages/airflow/example_dags/example_task_group_decorator.py                                                      1           0  0.08s           2026-04-28T12:23:42
/home/airflow/.local/lib/python3.8/site-packages/airflow/example_dags/example_task_group.py                                                                1           0  0.08s           2026-04-28T12:23:43
/home/airflow/.local/lib/python3.8/site-packages/airflow/example_dags/example_branch_python_dop_operator_3.py                                              1           0  0.08s           2026-04-28T12:23:45
/home/airflow/.local/lib/python3.8/site-packages/airflow/example_dags/example_skip_dag.py                                                                  1           0  0.07s           2026-04-28T12:23:35
/home/airflow/.local/lib/python3.8/site-packages/airflow/example_dags/tutorial_taskflow_api_virtualenv.py                                                  1           0  0.07s           2026-04-28T12:23:39
/home/airflow/.local/lib/python3.8/site-packages/airflow/example_dags/example_sensor_decorator.py                                                          1           0  0.07s           2026-04-28T12:23:45
/home/airflow/.local/lib/python3.8/site-packages/airflow/example_dags/example_external_task_marker_dag.py                                                  2           0  0.07s           2026-04-28T12:23:38
/home/airflow/.local/lib/python3.8/site-packages/airflow/example_dags/tutorial_dag.py                                                                      1           0  0.06s           2026-04-28T12:23:44
/home/airflow/.local/lib/python3.8/site-packages/airflow/example_dags/example_time_delta_sensor_async.py                                                   1           0  0.06s           2026-04-28T12:23:31
/home/airflow/.local/lib/python3.8/site-packages/airflow/example_dags/example_trigger_target_dag.py                                                        1           0  0.06s           2026-04-28T12:23:34
/home/airflow/.local/lib/python3.8/site-packages/airflow/example_dags/plugins/listener_plugin.py                                                           0           0  0.04s           2026-04-28T12:23:46
/home/airflow/.local/lib/python3.8/site-packages/airflow/example_dags/subdags/subdag.py                                                                    0           0  0.04s           2026-04-28T12:23:46
/home/airflow/.local/lib/python3.8/site-packages/airflow/example_dags/plugins/event_listener.py                                                            0           0  0.04s           2026-04-28T12:23:46
================================================================================
[2026-04-28T12:24:23.503+0000] {manager.py:879} INFO - 
================================================================================
DAG File Processing Stats

File Path                                                                                                                         PID    Runtime      # DAGs    # Errors  Last Runtime    Last Run
--------------------------------------------------------------------------------------------------------------------------------  -----  ---------  --------  ----------  --------------  -------------------
/home/airflow/.local/lib/python3.8/site-packages/airflow/example_dags/example_dag_decorator.py                                                             1           0  0.43s           2026-04-28T12:24:17
/home/airflow/.local/lib/python3.8/site-packages/airflow/example_dags/plugins/workday.py                                                                   0           0  0.38s           2026-04-28T12:24:22
/home/airflow/.local/lib/python3.8/site-packages/airflow/example_dags/example_python_decorator.py                                                          1           0  0.27s           2026-04-28T12:23:57
/home/airflow/.local/lib/python3.8/site-packages/airflow/example_dags/example_trigger_controller_dag.py                                                    1           0  0.27s           2026-04-28T12:24:01
/home/airflow/.local/lib/python3.8/site-packages/airflow/example_dags/example_bash_operator.py                                                             1           0  0.25s           2026-04-28T12:24:01
/home/airflow/.local/lib/python3.8/site-packages/airflow/example_dags/example_datasets.py                                                                  6           0  0.23s           2026-04-28T12:23:57
/home/airflow/.local/lib/python3.8/site-packages/airflow/example_dags/example_subdag_operator.py                                                           3           0  0.20s           2026-04-28T12:24:01
/home/airflow/.local/lib/python3.8/site-packages/airflow/example_dags/example_complex.py                                                                   1           0  0.18s           2026-04-28T12:24:17
/home/airflow/.local/lib/python3.8/site-packages/airflow/example_dags/example_branch_datetime_operator.py                                                  3           0  0.16s           2026-04-28T12:24:01
/home/airflow/.local/lib/python3.8/site-packages/airflow/example_dags/example_sla_dag.py                                                                   1           0  0.16s           2026-04-28T12:24:01
/home/airflow/.local/lib/python3.8/site-packages/airflow/example_dags/example_setup_teardown_taskflow.py                                                   1           0  0.15s           2026-04-28T12:23:57
/home/airflow/.local/lib/python3.8/site-packages/airflow/example_dags/example_latest_only_with_trigger.py                                                  1           0  0.14s           2026-04-28T12:24:02
/home/airflow/.local/lib/python3.8/site-packages/airflow/example_dags/example_params_ui_tutorial.py                                                        1           0  0.14s           2026-04-28T12:24:05
/home/airflow/.local/lib/python3.8/site-packages/airflow/example_dags/example_params_trigger_ui.py                                                         1           0  0.13s           2026-04-28T12:24:05
/home/airflow/.local/lib/python3.8/site-packages/airflow/example_dags/example_branch_operator.py                                                           1           0  0.12s           2026-04-28T12:23:58
/home/airflow/.local/lib/python3.8/site-packages/airflow/example_dags/example_time_delta_sensor_async.py                                                   1           0  0.12s           2026-04-28T12:24:02
/home/airflow/.local/lib/python3.8/site-packages/airflow/example_dags/example_local_kubernetes_executor.py                                                 1           0  0.11s           2026-04-28T12:24:05
/home/airflow/.local/lib/python3.8/site-packages/airflow/example_dags/example_branch_labels.py                                                             1           0  0.11s           2026-04-28T12:24:12
/home/airflow/.local/lib/python3.8/site-packages/airflow/example_dags/example_dynamic_task_mapping.py                                                      1           0  0.11s           2026-04-28T12:24:05
/home/airflow/.local/lib/python3.8/site-packages/airflow/example_dags/example_passing_params_via_test_command.py                                           1           0  0.11s           2026-04-28T12:24:05
/home/airflow/.local/lib/python3.8/site-packages/airflow/example_dags/example_setup_teardown.py                                                            1           0  0.11s           2026-04-28T12:24:05
/home/airflow/.local/lib/python3.8/site-packages/airflow/example_dags/example_xcom.py                                                                      1           0  0.11s           2026-04-28T12:24:12
/home/airflow/.local/lib/python3.8/site-packages/airflow/example_dags/example_branch_day_of_week_operator.py                                               1           0  0.10s           2026-04-28T12:24:03
/home/airflow/.local/lib/python3.8/site-packages/airflow/example_dags/example_short_circuit_decorator.py                                                   1           0  0.10s           2026-04-28T12:23:59
/home/airflow/.local/lib/python3.8/site-packages/airflow/example_dags/example_short_circuit_operator.py                                                    1           0  0.10s           2026-04-28T12:23:59
/home/airflow/.local/lib/python3.8/site-packages/airflow/example_dags/example_branch_python_dop_operator_3.py                                              1           0  0.10s           2026-04-28T12:24:16
/home/airflow/.local/lib/python3.8/site-packages/airflow/example_dags/example_python_operator.py                                                           1           0  0.10s           2026-04-28T12:24:03
/home/airflow/.local/lib/python3.8/site-packages/airflow/example_dags/example_task_group.py                                                                1           0  0.10s           2026-04-28T12:24:14
/home/airflow/.local/lib/python3.8/site-packages/airflow/example_dags/example_xcomargs.py                                                                  2           0  0.09s           2026-04-28T12:23:58
/home/airflow/.local/lib/python3.8/site-packages/airflow/example_dags/example_task_group_decorator.py                                                      1           0  0.09s           2026-04-28T12:24:13
/home/airflow/.local/lib/python3.8/site-packages/airflow/example_dags/example_latest_only.py                                                               1           0  0.09s           2026-04-28T12:24:08
/home/airflow/.local/lib/python3.8/site-packages/airflow/example_dags/tutorial_objectstorage.py                                                            1           0  0.09s           2026-04-28T12:24:08
/home/airflow/.local/lib/python3.8/site-packages/airflow/example_dags/example_branch_operator_decorator.py                                                 1           0  0.09s           2026-04-28T12:24:10
/home/airflow/.local/lib/python3.8/site-packages/airflow/example_dags/example_sensor_decorator.py                                                          1           0  0.08s           2026-04-28T12:24:16
/home/airflow/.local/lib/python3.8/site-packages/airflow/example_dags/tutorial_taskflow_api.py                                                             1           0  0.08s           2026-04-28T12:24:05
/home/airflow/.local/lib/python3.8/site-packages/airflow/example_dags/example_kubernetes_executor.py                                                       1           0  0.08s           2026-04-28T12:24:04
/home/airflow/.local/lib/python3.8/site-packages/airflow/example_dags/example_trigger_target_dag.py                                                        1           0  0.08s           2026-04-28T12:24:05
/home/airflow/.local/lib/python3.8/site-packages/airflow/example_dags/example_nested_branch_dag.py                                                         1           0  0.07s           2026-04-28T12:24:11
/home/airflow/.local/lib/python3.8/site-packages/airflow/example_dags/example_dynamic_task_mapping_with_no_taskflow_operators.py                           1           0  0.07s           2026-04-28T12:23:54
/home/airflow/.local/lib/python3.8/site-packages/airflow/example_dags/example_sensors.py                                                                   1           0  0.07s           2026-04-28T12:24:05
/home/airflow/.local/lib/python3.8/site-packages/airflow/example_dags/example_skip_dag.py                                                                  1           0  0.07s           2026-04-28T12:24:06
/home/airflow/.local/lib/python3.8/site-packages/airflow/example_dags/tutorial_taskflow_api_virtualenv.py                                                  1           0  0.07s           2026-04-28T12:24:09
/home/airflow/.local/lib/python3.8/site-packages/airflow/example_dags/tutorial.py                                                                          1           0  0.07s           2026-04-28T12:24:05
/home/airflow/.local/lib/python3.8/site-packages/airflow/example_dags/example_external_task_marker_dag.py                                                  2           0  0.06s           2026-04-28T12:24:08
/home/airflow/.local/lib/python3.8/site-packages/airflow/example_dags/tutorial_dag.py                                                                      1           0  0.06s           2026-04-28T12:24:15
/home/airflow/.local/lib/python3.8/site-packages/airflow/example_dags/plugins/listener_plugin.py                                                           0           0  0.04s           2026-04-28T12:24:17
/home/airflow/.local/lib/python3.8/site-packages/airflow/example_dags/plugins/event_listener.py                                                            0           0  0.04s           2026-04-28T12:24:17
/home/airflow/.local/lib/python3.8/site-packages/airflow/example_dags/subdags/subdag.py                                                                    0           0  0.04s           2026-04-28T12:24:17
================================================================================
[2026-04-28T12:24:53.805+0000] {manager.py:879} INFO - 
================================================================================
DAG File Processing Stats

File Path                                                                                                                         PID    Runtime      # DAGs    # Errors  Last Runtime    Last Run
--------------------------------------------------------------------------------------------------------------------------------  -----  ---------  --------  ----------  --------------  -------------------
/home/airflow/.local/lib/python3.8/site-packages/airflow/example_dags/plugins/workday.py                                                                   0           0  0.34s           2026-04-28T12:24:53
/home/airflow/.local/lib/python3.8/site-packages/airflow/example_dags/example_dag_decorator.py                                                             1           0  0.29s           2026-04-28T12:24:47
/home/airflow/.local/lib/python3.8/site-packages/airflow/example_dags/example_bash_operator.py                                                             1           0  0.29s           2026-04-28T12:24:32
/home/airflow/.local/lib/python3.8/site-packages/airflow/example_dags/example_branch_datetime_operator.py                                                  3           0  0.29s           2026-04-28T12:24:32
/home/airflow/.local/lib/python3.8/site-packages/airflow/example_dags/example_branch_operator.py                                                           1           0  0.25s           2026-04-28T12:24:28
/home/airflow/.local/lib/python3.8/site-packages/airflow/example_dags/example_sla_dag.py                                                                   1           0  0.24s           2026-04-28T12:24:32
/home/airflow/.local/lib/python3.8/site-packages/airflow/example_dags/example_branch_day_of_week_operator.py                                               1           0  0.24s           2026-04-28T12:24:34
/home/airflow/.local/lib/python3.8/site-packages/airflow/example_dags/example_subdag_operator.py                                                           3           0  0.23s           2026-04-28T12:24:32
/home/airflow/.local/lib/python3.8/site-packages/airflow/example_dags/example_python_operator.py                                                           1           0  0.23s           2026-04-28T12:24:34
/home/airflow/.local/lib/python3.8/site-packages/airflow/example_dags/example_xcomargs.py                                                                  2           0  0.22s           2026-04-28T12:24:28
/home/airflow/.local/lib/python3.8/site-packages/airflow/example_dags/example_latest_only_with_trigger.py                                                  1           0  0.18s           2026-04-28T12:24:32
/home/airflow/.local/lib/python3.8/site-packages/airflow/example_dags/example_passing_params_via_test_command.py                                           1           0  0.17s           2026-04-28T12:24:35
/home/airflow/.local/lib/python3.8/site-packages/airflow/example_dags/example_setup_teardown.py                                                            1           0  0.15s           2026-04-28T12:24:35
/home/airflow/.local/lib/python3.8/site-packages/airflow/example_dags/example_datasets.py                                                                  6           0  0.15s           2026-04-28T12:24:27
/home/airflow/.local/lib/python3.8/site-packages/airflow/example_dags/example_params_ui_tutorial.py                                                        1           0  0.14s           2026-04-28T12:24:35
/home/airflow/.local/lib/python3.8/site-packages/airflow/example_dags/example_params_trigger_ui.py                                                         1           0  0.13s           2026-04-28T12:24:35
/home/airflow/.local/lib/python3.8/site-packages/airflow/example_dags/example_trigger_controller_dag.py                                                    1           0  0.13s           2026-04-28T12:24:32
/home/airflow/.local/lib/python3.8/site-packages/airflow/example_dags/example_kubernetes_executor.py                                                       1           0  0.13s           2026-04-28T12:24:34
/home/airflow/.local/lib/python3.8/site-packages/airflow/example_dags/example_local_kubernetes_executor.py                                                 1           0  0.12s           2026-04-28T12:24:35
/home/airflow/.local/lib/python3.8/site-packages/airflow/example_dags/example_setup_teardown_taskflow.py                                                   1           0  0.12s           2026-04-28T12:24:27
/home/airflow/.local/lib/python3.8/site-packages/airflow/example_dags/example_task_group_decorator.py                                                      1           0  0.12s           2026-04-28T12:24:43
/home/airflow/.local/lib/python3.8/site-packages/airflow/example_dags/tutorial_taskflow_api_virtualenv.py                                                  1           0  0.11s           2026-04-28T12:24:39
/home/airflow/.local/lib/python3.8/site-packages/airflow/example_dags/example_short_circuit_operator.py                                                    1           0  0.11s           2026-04-28T12:24:30
/home/airflow/.local/lib/python3.8/site-packages/airflow/example_dags/example_sensors.py                                                                   1           0  0.11s           2026-04-28T12:24:35
/home/airflow/.local/lib/python3.8/site-packages/airflow/example_dags/example_dynamic_task_mapping.py                                                      1           0  0.11s           2026-04-28T12:24:35
/home/airflow/.local/lib/python3.8/site-packages/airflow/example_dags/example_branch_python_dop_operator_3.py                                              1           0  0.11s           2026-04-28T12:24:46
/home/airflow/.local/lib/python3.8/site-packages/airflow/example_dags/example_short_circuit_decorator.py                                                   1           0  0.10s           2026-04-28T12:24:30
/home/airflow/.local/lib/python3.8/site-packages/airflow/example_dags/example_time_delta_sensor_async.py                                                   1           0  0.10s           2026-04-28T12:24:32
/home/airflow/.local/lib/python3.8/site-packages/airflow/example_dags/example_xcom.py                                                                      1           0  0.10s           2026-04-28T12:24:43
/home/airflow/.local/lib/python3.8/site-packages/airflow/example_dags/example_complex.py                                                                   1           0  0.10s           2026-04-28T12:24:47
/home/airflow/.local/lib/python3.8/site-packages/airflow/example_dags/example_branch_labels.py                                                             1           0  0.10s           2026-04-28T12:24:43
/home/airflow/.local/lib/python3.8/site-packages/airflow/example_dags/example_python_decorator.py                                                          1           0  0.10s           2026-04-28T12:24:27
/home/airflow/.local/lib/python3.8/site-packages/airflow/example_dags/tutorial.py                                                                          1           0  0.10s           2026-04-28T12:24:35
/home/airflow/.local/lib/python3.8/site-packages/airflow/example_dags/example_sensor_decorator.py                                                          1           0  0.09s           2026-04-28T12:24:46
/home/airflow/.local/lib/python3.8/site-packages/airflow/example_dags/example_latest_only.py                                                               1           0  0.09s           2026-04-28T12:24:38
/home/airflow/.local/lib/python3.8/site-packages/airflow/example_dags/tutorial_dag.py                                                                      1           0  0.09s           2026-04-28T12:24:45
/home/airflow/.local/lib/python3.8/site-packages/airflow/example_dags/example_branch_operator_decorator.py                                                 1           0  0.09s           2026-04-28T12:24:41
/home/airflow/.local/lib/python3.8/site-packages/airflow/example_dags/tutorial_objectstorage.py                                                            1           0  0.09s           2026-04-28T12:24:38
/home/airflow/.local/lib/python3.8/site-packages/airflow/example_dags/tutorial_taskflow_api.py                                                             1           0  0.09s           2026-04-28T12:24:35
/home/airflow/.local/lib/python3.8/site-packages/airflow/example_dags/example_skip_dag.py                                                                  1           0  0.08s           2026-04-28T12:24:36
/home/airflow/.local/lib/python3.8/site-packages/airflow/example_dags/example_task_group.py                                                                1           0  0.07s           2026-04-28T12:24:44
/home/airflow/.local/lib/python3.8/site-packages/airflow/example_dags/example_nested_branch_dag.py                                                         1           0  0.07s           2026-04-28T12:24:42
/home/airflow/.local/lib/python3.8/site-packages/airflow/example_dags/example_trigger_target_dag.py                                                        1           0  0.07s           2026-04-28T12:24:35
/home/airflow/.local/lib/python3.8/site-packages/airflow/example_dags/example_dynamic_task_mapping_with_no_taskflow_operators.py                           1           0  0.07s           2026-04-28T12:24:25
/home/airflow/.local/lib/python3.8/site-packages/airflow/example_dags/example_external_task_marker_dag.py                                                  2           0  0.07s           2026-04-28T12:24:38
/home/airflow/.local/lib/python3.8/site-packages/airflow/example_dags/subdags/subdag.py                                                                    0           0  0.04s           2026-04-28T12:24:47
/home/airflow/.local/lib/python3.8/site-packages/airflow/example_dags/plugins/listener_plugin.py                                                           0           0  0.04s           2026-04-28T12:24:47
/home/airflow/.local/lib/python3.8/site-packages/airflow/example_dags/plugins/event_listener.py                                                            0           0  0.03s           2026-04-28T12:24:47
================================================================================
[2026-04-28T12:25:24.151+0000] {manager.py:879} INFO - 
================================================================================
DAG File Processing Stats

File Path                                                                                                                         PID    Runtime      # DAGs    # Errors  Last Runtime    Last Run
--------------------------------------------------------------------------------------------------------------------------------  -----  ---------  --------  ----------  --------------  -------------------
/home/airflow/.local/lib/python3.8/site-packages/airflow/example_dags/example_params_trigger_ui.py                                                         1           0  0.40s           2026-04-28T12:25:06
/home/airflow/.local/lib/python3.8/site-packages/airflow/example_dags/plugins/workday.py                                                                   0           0  0.34s           2026-04-28T12:25:23
/home/airflow/.local/lib/python3.8/site-packages/airflow/example_dags/example_dag_decorator.py                                                             1           0  0.33s           2026-04-28T12:25:18
/home/airflow/.local/lib/python3.8/site-packages/airflow/example_dags/example_branch_day_of_week_operator.py                                               1           0  0.30s           2026-04-28T12:25:05
/home/airflow/.local/lib/python3.8/site-packages/airflow/example_dags/example_short_circuit_decorator.py                                                   1           0  0.23s           2026-04-28T12:25:00
/home/airflow/.local/lib/python3.8/site-packages/airflow/example_dags/example_short_circuit_operator.py                                                    1           0  0.22s           2026-04-28T12:25:00
/home/airflow/.local/lib/python3.8/site-packages/airflow/example_dags/example_python_operator.py                                                           1           0  0.22s           2026-04-28T12:25:05
/home/airflow/.local/lib/python3.8/site-packages/airflow/example_dags/example_setup_teardown.py                                                            1           0  0.21s           2026-04-28T12:25:06
/home/airflow/.local/lib/python3.8/site-packages/airflow/example_dags/example_dynamic_task_mapping.py                                                      1           0  0.21s           2026-04-28T12:25:06
/home/airflow/.local/lib/python3.8/site-packages/airflow/example_dags/example_params_ui_tutorial.py                                                        1           0  0.19s           2026-04-28T12:25:06
/home/airflow/.local/lib/python3.8/site-packages/airflow/example_dags/example_subdag_operator.py                                                           3           0  0.16s           2026-04-28T12:25:03
/home/airflow/.local/lib/python3.8/site-packages/airflow/example_dags/example_passing_params_via_test_command.py                                           1           0  0.16s           2026-04-28T12:25:06
/home/airflow/.local/lib/python3.8/site-packages/airflow/example_dags/example_skip_dag.py                                                                  1           0  0.16s           2026-04-28T12:25:07
/home/airflow/.local/lib/python3.8/site-packages/airflow/example_dags/example_xcom.py                                                                      1           0  0.15s           2026-04-28T12:25:13
/home/airflow/.local/lib/python3.8/site-packages/airflow/example_dags/example_latest_only_with_trigger.py                                                  1           0  0.15s           2026-04-28T12:25:03
/home/airflow/.local/lib/python3.8/site-packages/airflow/example_dags/example_datasets.py                                                                  6           0  0.14s           2026-04-28T12:24:57
/home/airflow/.local/lib/python3.8/site-packages/airflow/example_dags/tutorial.py                                                                          1           0  0.14s           2026-04-28T12:25:06
/home/airflow/.local/lib/python3.8/site-packages/airflow/example_dags/example_local_kubernetes_executor.py                                                 1           0  0.14s           2026-04-28T12:25:06
/home/airflow/.local/lib/python3.8/site-packages/airflow/example_dags/example_kubernetes_executor.py                                                       1           0  0.14s           2026-04-28T12:25:05
/home/airflow/.local/lib/python3.8/site-packages/airflow/example_dags/example_sla_dag.py                                                                   1           0  0.12s           2026-04-28T12:25:02
/home/airflow/.local/lib/python3.8/site-packages/airflow/example_dags/example_trigger_target_dag.py                                                        1           0  0.11s           2026-04-28T12:25:07
/home/airflow/.local/lib/python3.8/site-packages/airflow/example_dags/example_sensors.py                                                                   1           0  0.11s           2026-04-28T12:25:06
/home/airflow/.local/lib/python3.8/site-packages/airflow/example_dags/example_branch_operator.py                                                           1           0  0.11s           2026-04-28T12:24:59
/home/airflow/.local/lib/python3.8/site-packages/airflow/example_dags/example_branch_labels.py                                                             1           0  0.11s           2026-04-28T12:25:13
/home/airflow/.local/lib/python3.8/site-packages/airflow/example_dags/example_python_decorator.py                                                          1           0  0.11s           2026-04-28T12:24:57
/home/airflow/.local/lib/python3.8/site-packages/airflow/example_dags/example_complex.py                                                                   1           0  0.10s           2026-04-28T12:25:17
/home/airflow/.local/lib/python3.8/site-packages/airflow/example_dags/example_task_group_decorator.py                                                      1           0  0.10s           2026-04-28T12:25:13
/home/airflow/.local/lib/python3.8/site-packages/airflow/example_dags/example_xcomargs.py                                                                  2           0  0.10s           2026-04-28T12:24:59
/home/airflow/.local/lib/python3.8/site-packages/airflow/example_dags/example_branch_python_dop_operator_3.py                                              1           0  0.10s           2026-04-28T12:25:16
/home/airflow/.local/lib/python3.8/site-packages/airflow/example_dags/example_latest_only.py                                                               1           0  0.09s           2026-04-28T12:25:09
/home/airflow/.local/lib/python3.8/site-packages/airflow/example_dags/tutorial_taskflow_api.py                                                             1           0  0.09s           2026-04-28T12:25:06
/home/airflow/.local/lib/python3.8/site-packages/airflow/example_dags/example_trigger_controller_dag.py                                                    1           0  0.09s           2026-04-28T12:25:02
/home/airflow/.local/lib/python3.8/site-packages/airflow/example_dags/tutorial_objectstorage.py                                                            1           0  0.09s           2026-04-28T12:25:09
/home/airflow/.local/lib/python3.8/site-packages/airflow/example_dags/example_branch_operator_decorator.py                                                 1           0  0.09s           2026-04-28T12:25:11
/home/airflow/.local/lib/python3.8/site-packages/airflow/example_dags/example_sensor_decorator.py                                                          1           0  0.09s           2026-04-28T12:25:16
/home/airflow/.local/lib/python3.8/site-packages/airflow/example_dags/example_setup_teardown_taskflow.py                                                   1           0  0.09s           2026-04-28T12:24:58
/home/airflow/.local/lib/python3.8/site-packages/airflow/example_dags/example_branch_datetime_operator.py                                                  3           0  0.08s           2026-04-28T12:25:02
/home/airflow/.local/lib/python3.8/site-packages/airflow/example_dags/example_bash_operator.py                                                             1           0  0.08s           2026-04-28T12:25:02
/home/airflow/.local/lib/python3.8/site-packages/airflow/example_dags/example_nested_branch_dag.py                                                         1           0  0.08s           2026-04-28T12:25:12
/home/airflow/.local/lib/python3.8/site-packages/airflow/example_dags/example_task_group.py                                                                1           0  0.07s           2026-04-28T12:25:14
/home/airflow/.local/lib/python3.8/site-packages/airflow/example_dags/example_external_task_marker_dag.py                                                  2           0  0.07s           2026-04-28T12:25:09
/home/airflow/.local/lib/python3.8/site-packages/airflow/example_dags/tutorial_taskflow_api_virtualenv.py                                                  1           0  0.07s           2026-04-28T12:25:10
/home/airflow/.local/lib/python3.8/site-packages/airflow/example_dags/example_dynamic_task_mapping_with_no_taskflow_operators.py                           1           0  0.07s           2026-04-28T12:24:55
/home/airflow/.local/lib/python3.8/site-packages/airflow/example_dags/tutorial_dag.py                                                                      1           0  0.06s           2026-04-28T12:25:15
/home/airflow/.local/lib/python3.8/site-packages/airflow/example_dags/example_time_delta_sensor_async.py                                                   1           0  0.06s           2026-04-28T12:25:03
/home/airflow/.local/lib/python3.8/site-packages/airflow/example_dags/subdags/subdag.py                                                                    0           0  0.05s           2026-04-28T12:25:17
/home/airflow/.local/lib/python3.8/site-packages/airflow/example_dags/plugins/listener_plugin.py                                                           0           0  0.04s           2026-04-28T12:25:17
/home/airflow/.local/lib/python3.8/site-packages/airflow/example_dags/plugins/event_listener.py                                                            0           0  0.03s           2026-04-28T12:25:17
================================================================================
